0,1,2,3,4,5,6,7,8,9,10,11,12,13,14,15,16,17,18,19,20,21,22,23,24,25,26,27,28,29,30,31,32,33,34,35,36,37,38,39,40,41,42,43,44,45,46,47,48,49,50,51,52,53,54,55,56,57,58,59,60,61,62,63,64,65,66,67,68,69,70,71,72,73,74,75,76,77,78,79,80,81,82,83
0.0,0.0,0.0,0.0,0.24244582894581662,-0.12206391874985814,-0.061967576715475835,0.0,0.6532095788461737,-0.5059321254496684,-0.1703457802716774,0.0,1.0176305911456485,-0.6761824356865208,-0.29271386244884734,0.0,1.2350218800113884,-0.7648568771954231,-0.3809090965158982,0.0,1.2724777507970466,-4.211911783017243,-0.08511014479861574,0.0,1.3446959050235359,-4.678995525345502,-0.5112711836311141,0.0,1.2625670476318682,-3.201522064264214,-0.5592920222683647,0.0,1.309261985101093,-2.56020211145122,-0.5540655565772092,0.0,0.8606856750331107,-4.162053786547215,-0.2779678503609372,0.0,0.6928554617973299,-3.6119533195525677,-0.4434557307147601,0.0,1.0028130941892557,-3.0798766593353184,-0.5275772813297621,0.0,1.2772607761516563,-2.7513098847079833,-0.5780234649211724,0.0,0.40854279820763967,-3.230567054689637,-0.4467806780266889,0.0,0.44470623093750233,-3.4567031013669443,-0.5783454355135846,0.0,0.8919309404084353,-3.3082195291513226,-0.6287974858662937,0.0,1.2924762320789385,-3.166383237687628,-0.6621407332217427,0.0,0.08616139595895271,-2.090078302009857,-0.5066161217079868,0.0,0.34279308011533777,-3.731613157485886,-0.8889126459355002,0.0,0.9034486715172136,-4.360534244076483,-1.0189418890926674,0.0,1.4617785385849598,-4.640366115163603,-1.0871985536953228,0.0
0.0,0.0,0.0,0.0,0.27355271202381776,-0.14310125099080134,-0.0647686915155561,0.0,0.7426708692855273,-0.5642872205793286,-0.19330029160997192,0.0,1.168318729319684,-0.803012109705561,-0.3415663664888333,0.0,1.362945802120942,-0.877400529569238,-0.43574035446513615,0.0,1.4986905648509377,-4.2673711211761605,-0.21048530556702913,0.0,1.42953977572441,-4.464115791014053,-0.5866586574548217,0.0,1.3417553989100048,-3.204680376707283,-0.6310238023996371,0.0,1.3796048298713999,-2.5927225813889243,-0.6244648458299368,0.0,1.0385410027690058,-4.183657127611776,-0.40372250504570373,0.0,0.7970957310723611,-3.6037483685360105,-0.5436536143845245,0.0,1.0590870463488955,-3.079775507733415,-0.6347013507196412,0.0,1.3346742148037931,-2.7782703994403857,-0.7008486474011123,0.0,0.47500794879109276,-3.0475870106441914,-0.5130496668011035,0.0,0.5345881750448622,-3.5447381298646623,-0.6882983287761256,0.0,0.9877565710228366,-3.4401850679752775,-0.7735968125856094,0.0,1.399451761204092,-3.2556790539636085,-0.815923019713398,0.0,0.11527714776721655,-1.9199596504932694,-0.5269936102973426,0.0,0.4007548800734433,-3.6627058279899134,-0.9904603725105513,0.0,0.9421296375363422,-4.337298586856111,-1.1691590912881162,0.0,1.4824570034532343,-4.5769726397503,-1.2472374687828567,0.0
0.0,0.0,0.0,0.0,0.3274207701110624,-0.16964066991756924,-0.001301200214718612,0.0,0.7971373089888325,-0.5282171570405005,-0.07562304589717272,0.0,1.1796002528388172,-0.700470369508348,-0.2094735520775739,0.0,1.3674416275424055,-0.7267106692941122,-0.30872412389547105,0.0,1.6483275916646538,-3.9170986120795126,0.1480143557696781,0.0,1.3251829777009403,-3.915888858344065,-0.20403641831419936,0.0,1.4798056154907118,-3.3462815919117475,-0.3888527876855396,0.0,1.6123198584497598,-2.878716607810882,-0.45574030610627086,0.0,1.4665732740597472,-4.466960943067232,-0.18351247923832636,0.0,0.9561138327638657,-3.4007996020722056,-0.32867412415926345,0.0,1.2752275128535409,-3.061136347844961,-0.4587092968987216,0.0,1.6094367423411307,-2.8459934432286715,-0.5525672975375427,0.0,0.8671321288224747,-3.5395206798262806,-0.48193025892181246,0.0,0.7790342593597781,-3.3950484693655825,-0.5223852061033396,0.0,1.2738751167449625,-3.3199926528942796,-0.6162368810527187,0.0,1.6828854962363207,-3.0819287414405983,-0.6605042330431233,0.0,0.39675774521768364,-2.30837531842371,-0.5939156563178677,0.0,0.8237549029013583,-3.850764691662966,-0.9516137670668211,0.0,1.564562975568501,-4.632344323938154,-1.1772411199063604,0.0,2.381385147135277,-5.084152084624249,-1.3625362834876686,0.0
0.0,0.0,0.0,0.0,0.33906262174960033,-0.1586827801582418,-0.006740959781504762,0.0,0.8011545544992815,-0.4860141369216092,-0.06826670993791256,0.0,1.1934234814313665,-0.6693531512513241,-0.18205343618909756,0.0,1.4102617262524464,-0.7493978439264031,-0.27396968863888677,0.0,1.7747377716614177,-3.773677666306845,0.20112172206575502,0.0,1.561759089618396,-4.169091215779612,-0.1606946944285327,0.0,1.5608804810087114,-3.3453067697041714,-0.3412936502560423,0.0,1.6249852201444455,-2.814366532953216,-0.40152008269194556,0.0,1.5967826519238437,-4.369279918766361,-0.10306545095672025,0.0,0.9873897056961799,-3.3722625187892294,-0.287405054359223,0.0,1.2670335201218705,-3.0102340192072368,-0.42330490045039043,0.0,1.6087282376001566,-2.8245877461866917,-0.5240888505448509,0.0,0.9712222466781146,-3.493783893090285,-0.4077398373856228,0.0,0.8199859465910115,-3.3984817306705972,-0.4947464406892172,0.0,1.268591700520149,-3.285652006983838,-0.596251392473094,0.0,1.7134303652261225,-3.133225892851977,-0.6656917350163519,0.0,0.4690585825362582,-2.297586501485346,-0.5355866649580604,0.0,0.9251098790960919,-3.9243425670049064,-0.904664003752336,0.0,1.5428556710442902,-4.3785058733644915,-1.0412186388497602,0.0,2.154545167681747,-4.502115432127506,-1.1280304937500645,0.0
0.0,0.0,0.0,0.0,0.4000669564132699,-0.14990230871042945,0.09534426120596848,0.0,0.8616864579741594,-0.4411358004284405,0.11786193061279193,0.0,1.2613510971442097,-0.6129996718230941,0.03701916028252913,0.0,1.523554724814457,-0.734620788790898,-0.06181899318595259,0.0,1.7103938353750394,-3.12937681533733,0.6765690133059329,0.0,1.784145943876666,-3.8118189957450785,0.42552333909879103,0.0,1.8078169709529,-3.250628314054587,0.17114393643280298,0.0,1.8257579964871506,-2.7850846608629385,0.042705640335618175,0.0,1.8626294089962154,-4.292883835786172,0.31406326798320255,0.0,1.2468448037205297,-3.3607113090304463,0.01592617449832438,0.0,1.4972545245081486,-3.007414418998672,-0.15084077232236567,0.0,1.846744824506576,-2.848502424181674,-0.2588578183523289,0.0,1.2272321770862453,-3.549082554495417,-0.2576189784564959,0.0,1.025066178793793,-3.2754472909003867,-0.31127094328554716,0.0,1.4957508286233911,-3.21606068623912,-0.41632472283457805,0.0,1.959205455532319,-3.065327837674575,-0.4957877683875785,0.0,0.6638498614150611,-2.284853790090987,-0.537286761922159,0.0,1.0839030962279639,-3.4176558095661553,-0.7428894138074169,0.0,1.6003089589322859,-3.661101813862833,-0.821354243057728,0.0,2.1094747556835816,-3.662915762732359,-0.8849085102627569,0.0
0.0,0.0,0.0,0.0,0.4031707207446151,-0.1623180158536959,0.0592804877448011,0.0,0.8641107175661301,-0.45547480562829323,0.04655076890372325,0.0,1.2402693869392176,-0.5995808588096824,-0.05084792904327091,0.0,1.4724526200050094,-0.6786911891796926,-0.1472720479400697,0.0,1.7751064717795273,-3.347914400658618,0.49567593280907385,0.0,1.779296302936193,-3.9483115524014845,0.18013049231056885,0.0,1.8072352160643814,-3.3380911714494665,-0.06425346755462048,0.0,1.8382393430268338,-2.818491507311323,-0.1745531881300577,0.0,1.8074442816710832,-4.309003065169746,0.12471915526965947,0.0,1.186301951256462,-3.3095680433644343,-0.12462102605659844,0.0,1.4351470961580453,-2.9598632264489826,-0.28190585819605707,0.0,1.7678605389926116,-2.782150279935671,-0.39398483061241313,0.0,1.1677566372476789,-3.4865025039538122,-0.3482669495728745,0.0,1.0346274906233255,-3.3521649027307086,-0.4214289947329993,0.0,1.4633704054288519,-3.2019373180688424,-0.5246387464731738,0.0,1.8640961515857122,-2.978124071711283,-0.5940413639261589,0.0,0.6202193160839525,-2.203742205311181,-0.5609073593492588,0.0,1.1669099695511045,-3.6916986344796316,-0.8987524578996166,0.0,1.690410069555508,-3.9218291466054778,-0.9850072304820047,0.0,2.0649491802129796,-3.70058015531431,-0.985805496260415,0.0
0.0,0.0,0.0,0.0,0.39162578735930176,-0.1424195209740208,0.06113059879954181,0.0,0.8561340070798478,-0.43642783313981093,0.0635524592684437,0.0,1.2551218883622135,-0.6014122697558005,-0.017644522089849037,0.0,1.4648491364999487,-0.6456178474389486,-0.0998396810128027,0.0,1.8059039971064612,-3.2788408908508275,0.5752653813631182,0.0,1.9657913473792146,-4.106730061193213,0.3025089660637287,0.0,1.9112631533764857,-3.366929830984486,0.0381275826439426,0.0,1.9039666354181215,-2.827937709593725,-0.07984193499652936,0.0,1.8336019615653922,-4.215624922011864,0.24257002863138322,0.0,1.278701550592202,-3.380718386476538,-0.0437984630876733,0.0,1.5118080639465985,-3.000606600163938,-0.2065039025859895,0.0,1.8464303604401582,-2.8221003431096916,-0.3138908203151229,0.0,1.21915637153241,-3.5189438613367794,-0.2307598345762157,0.0,1.0657183876962233,-3.3066300344936304,-0.3196984782535752,0.0,1.4913348174641383,-3.169041708662684,-0.4284840315483729,0.0,1.9247068157639906,-2.997849283613437,-0.5086194753655668,0.0,0.6902426824776137,-2.3949146872041758,-0.48603495297614724,0.0,1.193605290700333,-3.6671933132790984,-0.7294893845023013,0.0,1.6667202531464005,-3.792110802573469,-0.7940896875663611,0.0,2.108391698650668,-3.7052332731677136,-0.8378858146270248,0.0
0.0,0.0,0.0,0.0,0.38163981636581024,-0.1253783607615148,0.047730283297234936,0.0,0.8383228733854804,-0.405268415051724,0.03567319080381978,0.0,1.231311020212379,-0.5534935748146833,-0.05519370945917312,0.0,1.4518007742571069,-0.6098402962294365,-0.14203008580323417,0.0,1.7735355460419209,-3.2024609548248018,0.5156424255488531,0.0,1.9691074362266419,-4.114181222226502,0.2440160368246395,0.0,1.9085833709001923,-3.3735075134101904,-0.017137843826154554,0.0,1.8887218727757382,-2.8108583915971455,-0.1317398237797345,0.0,1.799489618863952,-4.121816584406272,0.18763160526522574,0.0,1.2639378443702327,-3.328450163815183,-0.08019586387152575,0.0,1.4906931954823726,-2.9408796380591444,-0.2388736508317258,0.0,1.8161393343152816,-2.7451338217604153,-0.34489109542371504,0.0,1.2154062729781858,-3.4799390472788887,-0.2647118028867636,0.0,1.0613620815797655,-3.267073300704635,-0.3484367719248885,0.0,1.4940051710874072,-3.1278086539614662,-0.45721488982429065,0.0,1.9160843885886938,-2.922940396905841,-0.5325732002265777,0.0,0.7005068144122014,-2.3718776126763403,-0.5106137863279187,0.0,1.2387297856282682,-3.7029836149994657,-0.7866701993403165,0.0,1.7337246981189012,-3.8163294215848964,-0.8572902401440096,0.0,2.15742330150911,-3.6447415996255614,-0.8880695261444261,0.0
0.0,0.0,0.0,0.0,0.4252824490414695,-0.1427383797787692,0.09638342511137996,0.0,0.8756564243234712,-0.41564484609212604,0.10774160913922907,0.0,1.2751634600802026,-0.5613973205610764,0.01013482979188332,0.0,1.501664573691788,-0.6198350190347244,-0.09794036521806215,0.0,1.597197568510285,-2.8007073874552955,0.6661229527017887,0.0,1.9601555185823165,-3.8270001931320374,0.4919874442304823,0.0,1.968688865301865,-3.298416363343547,0.19953657390088486,0.0,1.9391536627733084,-2.775451747110074,0.042319349351754416,0.0,1.7224592431206647,-3.874197752198127,0.31701063150016767,0.0,1.3463306164777218,-3.3566954834817926,0.019135871366423186,0.0,1.5687765552763098,-2.971313788609415,-0.16699436614429203,0.0,1.890199561530386,-2.747287678141898,-0.2850055668754136,0.0,1.173475140492546,-3.3309903753418593,-0.24576668771327728,0.0,1.0988359803383074,-3.2376037143142646,-0.3265095691717945,0.0,1.5359982273849793,-3.11266098431779,-0.4416921518534414,0.0,1.9664310186476517,-2.9088320934980203,-0.5305129028724914,0.0,0.6767420935000944,-2.2346876677329,-0.5510204267524776,0.0,1.193480204484018,-3.382133026786198,-0.7815430934620667,0.0,1.61160545792389,-3.4126918940849422,-0.8277193764277232,0.0,1.961214987562726,-3.2193154469035483,-0.8551738768638972,0.0
0.0,0.0,0.0,0.0,0.42324894676798974,-0.14088703216525783,0.08282915991361414,0.0,0.8622313903705118,-0.3936016943857092,0.07669192056863745,0.0,1.247537333815112,-0.5211035246274411,-0.032473448824935795,0.0,1.4896852783491403,-0.5970826596694262,-0.14609324755383882,0.0,1.5989516064250802,-2.7994239385072004,0.6468910025894021,0.0,2.0438845814936633,-3.8841718450894387,0.4769039887200318,0.0,2.0310716958461645,-3.289682069427366,0.17206027731233745,0.0,1.9733129438217223,-2.7246747977694525,0.0152759503312703,0.0,1.6908761268082253,-3.790804377884458,0.307238187088745,0.0,1.3587405923607445,-3.3332543574329967,0.01633643956756324,0.0,1.570894255359182,-2.933758565560966,-0.1728741627700964,0.0,1.8710290341835905,-2.6904602844346526,-0.29012147409520034,0.0,1.1840726103645305,-3.312335594639282,-0.23194236402500668,0.0,1.1202918969323874,-3.240941852653636,-0.3154297725657172,0.0,1.539261324860541,-3.083139026500014,-0.4306934234230099,0.0,1.9383357633070253,-2.854678466381639,-0.5161947947387979,0.0,0.7018481630899712,-2.245505147941417,-0.5391948202252376,0.0,1.2353739718068268,-3.45415599851897,-0.7724232040645591,0.0,1.6467060096354103,-3.4816475989786517,-0.8135889696936547,0.0,1.9847760445098819,-3.283988683623997,-0.8379129081272852,0.0
0.0,0.0,0.0,0.0,0.407430812580401,-0.12884240853590442,0.06486941352581926,0.0,0.8462692205263892,-0.37870967544657147,0.057071034549310735,0.0,1.215095133603683,-0.4921685092201814,-0.03926771794833497,0.0,1.4488561734600096,-0.5595925682137962,-0.13744937921247832,0.0,1.7432536008757369,-3.0143183951796617,0.6215734024685559,0.0,2.0375631907772465,-3.931300221312111,0.4065363428850198,0.0,1.9470628469005582,-3.2695154522753684,0.11621430957250072,0.0,1.8856784840630891,-2.732059634481754,-0.027224490241133326,0.0,1.8316559640681627,-4.005823403186625,0.2937507078393769,0.0,1.4276308252039895,-3.419691800338183,0.00317270394670227,0.0,1.6055434780311078,-2.969208248005698,-0.19013375844225966,0.0,1.8783918616742887,-2.7015066134865218,-0.309865143596849,0.0,1.2476977104181295,-3.423616342957262,-0.213467966771264,0.0,1.1704903184319573,-3.318231335348356,-0.30198219322553355,0.0,1.5612540523074216,-3.1184778006488765,-0.4210644882029913,0.0,1.9291133034002652,-2.860876634306985,-0.5040072264703911,0.0,0.7132383686929362,-2.312854213128452,-0.49637569574808804,0.0,1.2801765677282504,-3.6028230125631455,-0.7376261506084868,0.0,1.676487849202678,-3.608550708389168,-0.7796710899916303,0.0,1.9969166375265892,-3.387478517087888,-0.7983468281138437,0.0
0.0,0.0,0.0,0.0,0.4063055937360145,-0.12824396824892634,0.07111166746936676,0.0,0.8533676800887924,-0.3925878855514331,0.0761234284899934,0.0,1.241158764208923,-0.5242482505584468,-0.01013132656306039,0.0,1.4787871410316422,-0.5946494351085804,-0.1027139874621478,0.0,1.6466016829214138,-2.8798018219552013,0.6326313773714247,0.0,2.11222660912768,-3.9940819596781227,0.4505028102692929,0.0,1.9993963408079534,-3.279522452722955,0.13340772891757757,0.0,1.8972332885577066,-2.6830265984882113,-0.020240396370083603,0.0,1.7106601486688842,-3.83334470080512,0.3124828944629575,0.0,1.4150803873985118,-3.418746439879649,0.011806408951548783,0.0,1.5834882373654233,-2.943821507535746,-0.1919668598806393,0.0,1.8401458806636122,-2.6495850565885877,-0.3133157160194304,0.0,1.1608802078833562,-3.3000962631261443,-0.18893112973198944,0.0,1.1660821578680542,-3.3205901220170526,-0.3081426627940697,0.0,1.5466853052031673,-3.0833652200752333,-0.43506145986355904,0.0,1.8778187692211479,-2.7734461391883456,-0.5124918367220106,0.0,0.6638542311107185,-2.243828023677336,-0.4757338767505385,0.0,1.2720511750935584,-3.5776390933456765,-0.7513660173321615,0.0,1.676788356669262,-3.586158973022591,-0.805646587649137,0.0,1.9623889327953565,-3.3027512077990506,-0.8134456374922755,0.0
0.0,0.0,0.0,0.0,0.3900696208141283,-0.11940767792222655,0.04354213422821101,0.0,0.8465160411981151,-0.389893960957299,0.024718708394970125,0.0,1.2521733365491634,-0.5361660267848825,-0.0734917446979844,0.0,1.4843182350648463,-0.5981142468454622,-0.16537354772298193,0.0,1.757182173230313,-3.047358113046711,0.5432219903063997,0.0,2.1690701707928453,-4.147998400480749,0.3034649786236013,0.0,1.9952063247048613,-3.3004002927958105,0.007952585857335168,0.0,1.8856717763454092,-2.682851510245274,-0.11843169199962351,0.0,1.8011222882052895,-3.9398081163079763,0.2326120073503252,0.0,1.426215628183421,-3.4330718719035853,-0.05554926761566043,0.0,1.5904334493956078,-2.9479472807330813,-0.2389497993373867,0.0,1.8446935489906753,-2.654047005552718,-0.3487648181844615,0.0,1.222592649692636,-3.368783372542788,-0.2208857939267516,0.0,1.1875667022562357,-3.359518436413022,-0.33603095022033447,0.0,1.569626551303226,-3.135251677374011,-0.4469654953349858,0.0,1.92785878997537,-2.8613199095188757,-0.5180929184629226,0.0,0.690815828726481,-2.301103347050988,-0.4769283134975799,0.0,1.3022778136457123,-3.6931287562370696,-0.7624191792818199,0.0,1.7467319424476064,-3.7636928655062594,-0.8188749451333374,0.0,2.0831242202007387,-3.5325179547941463,-0.8299940645342436,0.0
0.0,0.0,0.0,0.0,0.3985476548918467,-0.11891455078746718,0.05411957480720896,0.0,0.8616674740842837,-0.38895692309374874,0.04329557059288524,0.0,1.2695463517114471,-0.5311568760942345,-0.052050683275201994,0.0,1.5028481533113736,-0.5939816209316314,-0.1448551848673381,0.0,1.708801521015233,-2.920905784350707,0.5543792432251684,0.0,2.2894045334751447,-4.2132946322580676,0.340495291395679,0.0,2.112551854276792,-3.3412041468785807,0.027111582933508526,0.0,1.9703084015152417,-2.6706750129085353,-0.10537207238452571,0.0,1.7816260332913527,-3.8478552728855964,0.23906893237407595,0.0,1.4298795030460207,-3.3908589207309823,-0.053033886211952645,0.0,1.6085751025603576,-2.9264232573737443,-0.23263429315664177,0.0,1.8721637483797677,-2.6330944656037136,-0.33860101847433427,0.0,1.2260335391410366,-3.3214717314223243,-0.22885222939221742,0.0,1.1665927791099195,-3.2662478160125215,-0.34011504582320684,0.0,1.5636924737324551,-3.0797613663601964,-0.44935475436482997,0.0,1.9404613588413329,-2.8303940051150747,-0.5202543933805797,0.0,0.7059358579978359,-2.2797395384496624,-0.49392611994737895,0.0,1.2792353872472515,-3.560226569701127,-0.7663260745546134,0.0,1.7233375513698546,-3.637976384073093,-0.824481670430275,0.0,2.0717856898665996,-3.4361420183099542,-0.8396693605342312,0.0
0.0,0.0,0.0,0.0,0.38969174657637445,-0.11086864187904104,0.05839460773786161,0.0,0.8258752775949533,-0.3677504891431786,0.05879707895825492,0.0,1.198272797430693,-0.49830460039674795,-0.021650228132767037,0.0,1.434801062808844,-0.5637789031259702,-0.10418167347072478,0.0,1.781399454022903,-3.057142889193419,0.5958797083105231,0.0,2.099029245341586,-4.083592371351655,0.3592953642020867,0.0,1.9254274826239721,-3.2590930330062475,0.06587220796401874,0.0,1.850635241295934,-2.674361317440835,-0.06048338677744889,0.0,1.891283929191401,-4.083035658779516,0.2839055097268133,0.0,1.4234331280221846,-3.44475988838698,-0.012194132397848724,0.0,1.5646695293718411,-2.928166520576999,-0.1892873777503508,0.0,1.8286798409598308,-2.6487032420445247,-0.2937523395814794,0.0,1.2845794379890916,-3.487707724454282,-0.20610910936755228,0.0,1.1849045225191277,-3.3611817748080375,-0.30631003556028935,0.0,1.5411757626298852,-3.097077227649489,-0.411505960622182,0.0,1.8945675875105152,-2.8213879516072615,-0.4804231449621498,0.0,0.7177865987313171,-2.3573404150169055,-0.47601103316561433,0.0,1.2562678720913296,-3.6181653034921823,-0.7242673475127888,0.0,1.667680434462877,-3.652848851187162,-0.7734780087877482,0.0,2.005426662814264,-3.4395986631902216,-0.788003112090809,0.0
0.0,0.0,0.0,0.0,0.3803896192970308,-0.11748999277405818,0.031619788902773595,0.0,0.8342240694362969,-0.3778006998193752,0.0003914127980919473,0.0,1.229008212931893,-0.5100733511240724,-0.10295834932916416,0.0,1.4648952490943283,-0.5768041586145285,-0.19600561421160428,0.0,1.7815969734430581,-3.090755747041338,0.4641309435310383,0.0,2.2058641884218844,-4.233839676156342,0.19480691723638865,0.0,2.0113025227412753,-3.3202766614785513,-0.07898757685173513,0.0,1.895145241047745,-2.6741585419921092,-0.1862379434401684,0.0,1.8009903992771024,-3.95754427811621,0.15330274080275746,0.0,1.4078492611829547,-3.4072649867422107,-0.11855511289504916,0.0,1.5916715709016496,-2.947745340578786,-0.2884985232960507,0.0,1.8566767748782746,-2.654634893640787,-0.3921142378865956,0.0,1.218861431538328,-3.3811301148635313,-0.2676110061603603,0.0,1.1496026357243452,-3.2841707729432037,-0.3713959228165979,0.0,1.5480587161641466,-3.099086572783288,-0.479229118692451,0.0,1.9348830720630634,-2.8567240210964395,-0.5508477289859935,0.0,0.6918969018047715,-2.3257471636890483,-0.5007577279169753,0.0,1.2932017728484502,-3.6967325969432716,-0.7995735880018413,0.0,1.7695557321513509,-3.801288787586221,-0.869764706875883,0.0,2.1362161648437117,-3.5842993402650074,-0.8847405182857474,0.0
0.0,0.0,0.0,0.0,0.3848961181235158,-0.11672184379496794,0.05118176863482363,0.0,0.83830236069835,-0.3894699621050301,0.03736911368567689,0.0,1.245195797036357,-0.5323232519499672,-0.060774063878330974,0.0,1.4819220520981837,-0.5852440046469105,-0.15446380688249148,0.0,1.7445733446639553,-2.9475915032936633,0.5607622439084885,0.0,2.2783915064940774,-4.211210616022606,0.34548983422823215,0.0,2.068983593035604,-3.317093111644884,0.03230870011858264,0.0,1.93123590693584,-2.659200937235226,-0.09868409917619601,0.0,1.8465103123822189,-3.962302959207138,0.2510808559510549,0.0,1.4213858640669343,-3.3876257035565787,-0.04036845426631598,0.0,1.5725887842253041,-2.901101371063854,-0.2150792916046148,0.0,1.8319052749070739,-2.6205349507031266,-0.31808295881805004,0.0,1.249872273286437,-3.3945147272645473,-0.22363303670320467,0.0,1.1712048441331933,-3.285529622684904,-0.33135883052879805,0.0,1.5582546301542568,-3.083569986369643,-0.4365442912302452,0.0,1.9286808114659113,-2.825921737818363,-0.5036906169632552,0.0,0.7031286110455747,-2.3001946213061695,-0.48694925024187213,0.0,1.3103719433431944,-3.6272996159210593,-0.7745343418429221,0.0,1.7842451744110488,-3.7257364845720238,-0.8371285974138244,0.0,2.1307106463391507,-3.48331343535897,-0.8418029210010519,0.0
0.0,0.0,0.0,0.0,0.40713502075525176,-0.14165926060124148,0.06914357652371501,0.0,0.8557629642226288,-0.39782741123788684,0.0536415431818844,0.0,1.2326827817259778,-0.4993986319455471,-0.0580406372699393,0.0,1.4587857165775462,-0.5452527593750632,-0.16660755769466346,0.0,1.7163926326136203,-2.9437869116689015,0.5991336204549625,0.0,1.973818815000316,-3.8093239358548208,0.35831436429776836,0.0,1.9151705154227991,-3.178371463535865,0.0785800356689761,0.0,1.8663388415735596,-2.6461668873516873,-0.055851654164033954,0.0,1.8348782649785567,-3.9457443715605987,0.2591719246650531,0.0,1.3991405366933571,-3.3423443742035626,-0.030047512365341186,0.0,1.612255378675415,-2.936343525711965,-0.21658504801943268,0.0,1.9026695995827076,-2.6637115690276176,-0.3331950338223147,0.0,1.279659041848641,-3.411280716545847,-0.25732701897328447,0.0,1.20261216391177,-3.30781882236549,-0.3384370379897611,0.0,1.6344460660119353,-3.146110790999017,-0.4537670493551464,0.0,2.0292107527799694,-2.874444502137382,-0.5337015097860008,0.0,0.7387678780282942,-2.2827409208916176,-0.5394768867544842,0.0,1.3411465733827566,-3.604763312829184,-0.8005019778802122,0.0,1.8404321088886824,-3.731592245301395,-0.8653286856603153,0.0,2.2111690765614735,-3.4993334304818453,-0.8833428903870987,0.0
0.0,0.0,0.0,0.0,0.3779014438303739,-0.1177362758706489,0.038591656473131,0.0,0.8381025140494781,-0.38684558299420496,0.005519033539039747,0.0,1.2211835536567497,-0.5013624949464125,-0.10852803596882286,0.0,1.442635742409288,-0.543216610368831,-0.2100549709086473,0.0,1.804553566988579,-3.1125279434172812,0.4702494897446422,0.0,1.919362608157148,-3.87930946394071,0.1625698706343423,0.0,1.8953189137688031,-3.2252113879254396,-0.08689893146779645,0.0,1.908207195215304,-2.7037271238262095,-0.1942317289649091,0.0,1.8760051376182365,-4.023518578439323,0.13571137277489706,0.0,1.3202943261677542,-3.2709182383333917,-0.12545748248338923,0.0,1.5540662400953762,-2.9003912568743946,-0.29150198186523146,0.0,1.8808148652529466,-2.679672769378502,-0.4026457945527852,0.0,1.3184306226968958,-3.4750164240150117,-0.32005390408880263,0.0,1.1529119483703625,-3.2506953484397854,-0.38832233056447446,0.0,1.5991670897637569,-3.11993285784837,-0.4992738163616577,0.0,2.0408696287380654,-2.9103144461828565,-0.5789450365718176,0.0,0.7641327164036056,-2.3328517079722784,-0.5616779323439997,0.0,1.3811990088706163,-3.750887851490991,-0.8646290788672942,0.0,1.9225342280877236,-3.886112586864623,-0.9398331693508168,0.0,2.343587957643905,-3.667372573418869,-0.9597703864837352,0.0
0.0,0.0,0.0,0.0,0.4147198140404376,-0.1439501075407448,0.07162976082053042,0.0,0.8702489264451838,-0.3993782163443572,0.0590648400276535,0.0,1.2361637025358383,-0.5024059308314489,-0.05202841706865702,0.0,1.4580535362162035,-0.5532074421867741,-0.16171299865856487,0.0,1.7446650109916917,-2.985692811030174,0.6060638902839309,0.0,1.8306622417420113,-3.7071167675923355,0.326226254398571,0.0,1.888392424913305,-3.213990104817101,0.061891619469186976,0.0,1.9218123222771621,-2.737771507950054,-0.06902580983064449,0.0,1.8766556363145777,-3.9978144691773942,0.26028819780497114,0.0,1.3201556705081106,-3.2688697359300587,-0.0389737655702393,0.0,1.5912629038555635,-2.9444600092467943,-0.22246076739611492,0.0,1.9232817644216733,-2.7137734030473886,-0.33845708422411475,0.0,1.3406275045715934,-3.484402790910459,-0.2726657163359481,0.0,1.1581635221536075,-3.2470039053087145,-0.33615466130703275,0.0,1.6290112922081512,-3.1508864781464365,-0.44953893473246864,0.0,2.070669619298352,-2.9345664904167768,-0.5281022428858058,0.0,0.785204182166566,-2.299856361856027,-0.5610646120793077,0.0,1.3633642172976213,-3.6350035054266305,-0.8096056106619741,0.0,1.873575855871335,-3.756022160246045,-0.8620724800926058,0.0,2.269267341553676,-3.545351768120091,-0.8751623013089486,0.0
0.0,0.0,0.0,0.0,0.41416374312407894,-0.1467628467112209,0.04373425339540703,0.0,0.865545652217269,-0.3841735542113919,0.002322309113714039,0.0,1.2324243756540492,-0.48778306335578475,-0.12482921831327423,0.0,1.4570117327233085,-0.541764769414173,-0.2368581505576701,0.0,1.7934068923734103,-3.0949392510013274,0.5433198468600287,0.0,1.8617634093165831,-3.7672492612824597,0.2347007822776895,0.0,1.9122210235051555,-3.229929923555604,-0.030732925835594876,0.0,1.9329731608609046,-2.7159420043165095,-0.15320820616025546,0.0,1.836458279062475,-3.9373254094486727,0.21402827884703945,0.0,1.3210505400761,-3.240710648698661,-0.07268612720210835,0.0,1.5855543542682924,-2.914124051527898,-0.2533221121390418,0.0,1.904198868163948,-2.6731632976643818,-0.366506745197289,0.0,1.3407775627628504,-3.4643364991302135,-0.26253669063141466,0.0,1.223908977636588,-3.327778303639504,-0.34585031783539116,0.0,1.6833039096175835,-3.1953832245383413,-0.45206867531613243,0.0,2.1014769854177104,-2.9461198638944364,-0.520552533035588,0.0,0.8252528202681491,-2.351375838299255,-0.5439096091368155,0.0,1.5135351430389874,-3.8949703038460406,-0.8368443733565893,0.0,2.0726409847875478,-4.049423481886889,-0.8900066666135509,0.0,2.438408966694552,-3.7448093534867004,-0.8743568183053568,0.0
0.0,0.0,0.0,0.0,0.39815558135761275,-0.1364388155107662,0.05553001595684541,0.0,0.8322145886738851,-0.3621402594138096,0.03675280603667234,0.0,1.1789399194660846,-0.4513085120092665,-0.06545549585557221,0.0,1.425137898894994,-0.5314671942307871,-0.16511793652072124,0.0,1.8128931171005482,-3.133084364696202,0.5844040643936392,0.0,1.8811765722262674,-3.812609123922102,0.28892095768669734,0.0,1.8907314458463467,-3.2322331553779327,0.022305119937790024,0.0,1.8963696912483312,-2.714552587907235,-0.10109614382356837,0.0,1.9126638287824855,-4.107098423401708,0.25559147898256196,0.0,1.3208510209771465,-3.26667729924626,-0.04528449899694087,0.0,1.56791917356589,-2.9187943606914706,-0.22323191411809865,0.0,1.8804137081917798,-2.684829791965518,-0.33397550416905375,0.0,1.3739863098770546,-3.5868224017308874,-0.24468255733913802,0.0,1.18498270601888,-3.287641787209226,-0.32266374447871327,0.0,1.6237740122026998,-3.145398974366671,-0.433924215919485,0.0,2.0300473410399236,-2.905491406569451,-0.5060560422256841,0.0,0.8220915209753542,-2.4172717462872395,-0.5297995317400338,0.0,1.4316738493706131,-3.798503448285235,-0.7887307432326219,0.0,1.941398587765268,-3.904232548133936,-0.8423702618179104,0.0,2.314738506021788,-3.643808739199154,-0.8434619237866956,0.0
0.0,0.0,0.0,0.0,0.4097138030417779,-0.14000321579652727,0.06275623052726624,0.0,0.8589755849249197,-0.3840159146547356,0.04710349189145268,0.0,1.2189723712328209,-0.4832636675869096,-0.059743636787075144,0.0,1.4528019657087077,-0.5413707343957798,-0.1632184892569068,0.0,1.7728020156908162,-3.0163805886581567,0.5996585208658168,0.0,1.911862600009927,-3.826349323020528,0.3241037973554947,0.0,1.9206449844088318,-3.2412219745964785,0.05216843199237334,0.0,1.9211590632950966,-2.718349348146268,-0.07351958355452805,0.0,1.880570725055083,-3.972295169692504,0.2710419061887785,0.0,1.339057784189997,-3.2552078481270463,-0.030056917104614254,0.0,1.5894494980266443,-2.906845763668589,-0.20450990853316858,0.0,1.921756684501321,-2.687981228728676,-0.3113700434778889,0.0,1.3792040805815764,-3.494580862083174,-0.23577573353870576,0.0,1.2038101155690548,-3.265910882779004,-0.3110774279133621,0.0,1.6429658354279417,-3.1142978191253965,-0.4101193212568443,0.0,2.0484160232177353,-2.8682706303686616,-0.4712985861432455,0.0,0.8470975342975959,-2.349574381361864,-0.5292141227242582,0.0,1.4796408826308156,-3.7892229800159787,-0.7897517484689888,0.0,1.9882302546833888,-3.8832832842748974,-0.8280450782202611,0.0,2.3523089897882588,-3.6097689310936536,-0.8159686869657604,0.0
0.0,0.0,0.0,0.0,0.4546028687908263,-0.15541294093599423,0.1520501473841663,0.0,0.8940134837354836,-0.4000628458106879,0.20551121488626525,0.0,1.242173863430874,-0.47825978903792554,0.1221747822629993,0.0,1.4643361072497032,-0.5112641528322451,0.016447641649053116,0.0,1.5840870933308424,-2.5897375506096814,0.860873272757823,0.0,1.8375635911210764,-3.4354736852105585,0.7046858332967929,0.0,1.908783040190789,-3.0515121159554757,0.42052707538278933,0.0,1.926619737024778,-2.62004502585723,0.2540878109993717,0.0,1.8767581158823954,-3.814164639281424,0.5409104983598413,0.0,1.4291280240355249,-3.2733949423109863,0.18196100891019398,0.0,1.6408570932863007,-2.8798322657598376,-0.014142050811956654,0.0,1.9762629555344817,-2.6738476338279655,-0.1188505998322748,0.0,1.3775062418565933,-3.3500257529466313,-0.1405812805068672,0.0,1.258701031979015,-3.2333248294199968,-0.21499031803204202,0.0,1.6748504645989026,-3.049183817964154,-0.3034395738756167,0.0,2.063774307604415,-2.799300775880865,-0.3616229410361398,0.0,0.815994281180026,-2.138099258578335,-0.5183622460075401,0.0,1.3594988662100007,-3.262797408886972,-0.6988413058383044,0.0,1.7650600429805585,-3.2900618614809396,-0.7118039068468764,0.0,2.075979948027078,-3.0733770401602687,-0.7058682036276935,0.0
0.0,0.0,0.0,0.0,0.4841343870001671,-0.17811808971989565,0.22828709754580698,0.0,0.9250623929383615,-0.43394380516265624,0.32907036640361975,0.0,1.2747164188267848,-0.5110479883872914,0.2573731939624758,0.0,1.532908999538551,-0.5717836371813794,0.1437770230209388,0.0,1.3884725228829204,-2.313333750300827,0.9466723422255887,0.0,1.752560588343416,-3.1043204485547427,0.8644282194735586,0.0,1.9091836363815953,-2.8505931010834957,0.6100179777447332,0.0,1.963433577733448,-2.4953877022062882,0.43714338838399397,0.0,1.6781200761875865,-3.4926236165011586,0.6045771347824263,0.0,1.4855606658117069,-3.275359930146396,0.2650262237323554,0.0,1.770563312324371,-2.9400724569703676,0.055340492999618685,0.0,2.1056124938598186,-2.672841489827925,-0.058456327213818916,0.0,1.2114509105249063,-3.036572248770959,-0.14815937421475825,0.0,1.2335147846499297,-3.103490051181433,-0.2136392779081436,0.0,1.7218767222483846,-2.997147500359397,-0.3111722366369629,0.0,2.1030915712221416,-2.699593914859388,-0.37453527151427807,0.0,0.7259701612723438,-1.935672268187847,-0.5458282598539929,0.0,1.2011334890465195,-2.8319925146245484,-0.6877410658603944,0.0,1.5825994763809146,-2.8565971126371514,-0.707947098710506,0.0,1.855170940169708,-2.6536918530545326,-0.7101005803196762,0.0
0.0,0.0,0.0,0.0,0.48030956772628974,-0.1676594927429959,0.20351932542682122,0.0,0.9372036790932006,-0.4276785425860548,0.28918767980130944,0.0,1.301982295241504,-0.511833069208101,0.21017278615179416,0.0,1.5503803629172277,-0.5672914887802327,0.0939552104911576,0.0,1.455360550304343,-2.4067442230792757,0.9239811228125968,0.0,1.7983666984290652,-3.22222033057747,0.8152253478961101,0.0,1.9478762324586751,-2.918101243788297,0.5571519810957879,0.0,2.0002150885647056,-2.5342923922030227,0.39297990696374374,0.0,1.7199042166249043,-3.5235167780634393,0.5796320438571043,0.0,1.4763101977738882,-3.2448070914804115,0.24558348335512806,0.0,1.7728021509759864,-2.9219407803061723,0.04999316616380779,0.0,2.130257834548238,-2.6819325874203384,-0.05264104726771755,0.0,1.268978372815752,-3.080426555165829,-0.13187990258837354,0.0,1.255327134173209,-3.118932774725108,-0.19169524363304935,0.0,1.76832523461191,-3.041857491042622,-0.27906219715567526,0.0,2.1916514602458936,-2.7806956584190687,-0.33635481774704373,0.0,0.7845732579483633,-1.9941704579975978,-0.525470275846436,0.0,1.279886204419551,-2.9709037814448287,-0.6627715459014383,0.0,1.7018059876916356,-3.0298824806155,-0.6796238335137703,0.0,2.024660362975798,-2.8555936373818502,-0.6822369803862461,0.0
0.0,0.0,0.0,0.0,0.495783441220955,-0.1796741701981652,0.2511672079401861,0.0,0.938531816761224,-0.4416905557887716,0.36854808451878024,0.0,1.2979120688815688,-0.5109959549746098,0.3042741633370446,0.0,1.5507476622466823,-0.5487394206419124,0.18825063801021047,0.0,1.3653642682047997,-2.2861034558822295,0.9077872153992927,0.0,1.7579183342745983,-2.9935273901743518,0.815897823137631,0.0,1.9511067515593612,-2.7743403634664556,0.5866884861636661,0.0,2.0174592167868597,-2.4280991735033126,0.4161769815045985,0.0,1.6320292651185822,-3.3708924496594306,0.515335548923502,0.0,1.6075376921713902,-3.2716923994727902,0.21886818876460298,0.0,1.9025079212659426,-2.9342606255945,0.015209803219683436,0.0,2.1761212167509028,-2.5899593597783026,-0.10160686304455123,0.0,1.2012697004358999,-2.8907291603909466,-0.2287495007321054,0.0,1.3524855260783868,-3.1180070328269163,-0.28958245221910445,0.0,1.8307702943118171,-2.971109207377685,-0.3827920372007659,0.0,2.1365715448718223,-2.587876148303988,-0.43746221930824125,0.0,0.7463924174302355,-1.8287265608552965,-0.6051897497208804,0.0,1.2400582790634702,-2.6791272294076527,-0.7741818267572499,0.0,1.5715367748538216,-2.659205431389733,-0.7902435677505566,0.0,1.7774432256110027,-2.4225725608214335,-0.7824766684699181,0.0
0.0,0.0,0.0,0.0,0.5094987874004919,-0.1862438658876103,0.2509125178752457,0.0,0.9643562700912711,-0.45423570083764286,0.3651216970939852,0.0,1.3480061688193206,-0.5437575809327128,0.29431962889395796,0.0,1.607251143822347,-0.595776323054147,0.1692495296952738,0.0,1.3392607646394707,-2.2507237605929804,0.925653170147227,0.0,1.6844347126474477,-2.938021417891242,0.8222371471371722,0.0,1.9381036827440705,-2.7862469846467146,0.6013101089722714,0.0,2.0436166575228922,-2.4591223727543943,0.430072018074303,0.0,1.5966508677192028,-3.304656548417298,0.5510523555494257,0.0,1.5563466487796875,-3.237312292635736,0.23945496216305936,0.0,1.8998328433118798,-2.958188660286269,0.025001377688941513,0.0,2.189439676244636,-2.607704596558192,-0.09913733026307774,0.0,1.1959366342584457,-2.8786327300473302,-0.19595429292154895,0.0,1.3356544493862426,-3.1148358498545092,-0.2714525874543743,0.0,1.8557713453243387,-3.0032899614333193,-0.3711844209299103,0.0,2.1756374739118547,-2.608370812661911,-0.4248683812267183,0.0,0.7450637313886214,-1.818328140168556,-0.5891348152961127,0.0,1.2600576483490593,-2.6997030076762947,-0.7658227474285093,0.0,1.62347019842113,-2.694796162428838,-0.7847408032107815,0.0,1.8392378621507883,-2.4415944238754483,-0.7713001453098678,0.0
0.0,0.0,0.0,0.0,0.4745975753345732,-0.1847227042021298,0.20748162228817893,0.0,0.9385206977137187,-0.48051529158450557,0.30866200511035174,0.0,1.3441144791059014,-0.5924863744215849,0.24806849299756445,0.0,1.583360017319287,-0.6195017195495532,0.13958672985923232,0.0,1.3654133668886408,-2.566135795544433,0.8653367938450961,0.0,1.8031717159323097,-3.304730679146064,0.7465126392728594,0.0,2.0565028552732025,-3.028117357840895,0.5104708192632373,0.0,2.0955155927563083,-2.563143010699461,0.3351634914763322,0.0,1.4484546123986524,-3.3536815739568344,0.46134307121497226,0.0,1.5498810332554065,-3.2976013651001703,0.20808135941458297,0.0,1.9164461527144425,-2.998228948372676,0.028627470725917314,0.0,2.1991764730495023,-2.637709294666746,-0.07325607294816287,0.0,1.1347535758554048,-2.941405010130633,-0.15586300919732785,0.0,1.405771671832757,-3.256681121371201,-0.21815535003290715,0.0,1.9201100957669541,-3.1137582348241573,-0.28577473480768084,0.0,2.232742039043694,-2.719533091532757,-0.3225646186957492,0.0,0.8089512136668416,-1.9797231074944346,-0.5328846762016594,0.0,1.4995585116330945,-3.159994503442466,-0.7224384879410186,0.0,1.8868610123387102,-3.1347440300412925,-0.7034305227857897,0.0,2.091000959860691,-2.826196191279409,-0.6631461573567032,0.0
0.0,0.0,0.0,0.0,0.47798531256452415,-0.19416055254119471,0.22830373367292736,0.0,0.9568313474050322,-0.49675588867947956,0.3424993765400787,0.0,1.3844158484692048,-0.6225306450849961,0.28603976641753914,0.0,1.6205226469271024,-0.6429300486921663,0.17105647715268735,0.0,1.3566407266852654,-2.538109278242414,0.8883978894093265,0.0,1.8114762202360202,-3.2577061015523308,0.7876447398538424,0.0,2.03757634986585,-2.9561140946579503,0.553587211962724,0.0,2.0644467153107784,-2.503907866619495,0.37912549412304963,0.0,1.4437848583692654,-3.3169583562056255,0.46922851760203993,0.0,1.5656022099389513,-3.2740284300797438,0.2349603606794617,0.0,1.8991234259068182,-2.9538398795622056,0.07091815347703251,0.0,2.174759758455006,-2.6198950551737736,-0.023142041714263654,0.0,1.1007906815980455,-2.8389500134015906,-0.16444644798659439,0.0,1.427476689746047,-3.250840718373309,-0.22345306904781337,0.0,1.9302055011371584,-3.0906070078498877,-0.2765592744302204,0.0,2.231848003365379,-2.6930344874937746,-0.30873082401327645,0.0,0.7809530358637647,-1.9025303276335594,-0.5370302926179751,0.0,1.463290176936229,-3.0252519331601033,-0.7340364731931727,0.0,1.9050146014183378,-3.0721098434138705,-0.7356827311234996,0.0,2.134926370597132,-2.774589057563519,-0.7008171655184614,0.0
0.0,0.0,0.0,0.0,0.49402293890944426,-0.19940265606206192,0.25305535118319494,0.0,0.9852350277848401,-0.5242280481102495,0.3941410576814719,0.0,1.456532233196742,-0.6916109799267012,0.35552535981695915,0.0,1.7015665043788166,-0.7234926529151682,0.23899725966335023,0.0,1.2252399398101232,-2.453916751674031,0.9351299556981584,0.0,1.6887497223752659,-3.094597815131717,0.8594897839225106,0.0,1.992897407244545,-2.877259545757674,0.6501175604053742,0.0,2.064463182872053,-2.464695587054657,0.4712563780645752,0.0,1.3048595820660887,-3.1484324480950407,0.525862824244628,0.0,1.5725053971301135,-3.258432024762132,0.317460604248667,0.0,1.9610331529491964,-2.9614716840516424,0.13980809752806247,0.0,2.238318115586203,-2.598887936635711,0.03298624818307399,0.0,1.0698025585159248,-2.777384033424993,-0.10362330232288047,0.0,1.4965525401991406,-3.306379565702722,-0.15636895784996627,0.0,2.0503694177713627,-3.145949211966761,-0.2152214074738752,0.0,2.317804532554756,-2.6826657272882684,-0.2550072050802747,0.0,0.8053766686697563,-1.8755929670772917,-0.5040867187227771,0.0,1.519048622736872,-3.0058488858003787,-0.6833346455043802,0.0,1.965183782150252,-3.0506478320277854,-0.6810352723886756,0.0,2.1704592847967565,-2.740232101111422,-0.6479823819288868,0.0
0.0,0.0,0.0,0.0,0.4773059070000478,-0.19960938183798632,0.24396267319936937,0.0,0.9678609878813806,-0.5295628742599715,0.37857692952212296,0.0,1.4319636911000002,-0.6936823990517432,0.3416206352909653,0.0,1.6682867229654885,-0.7092328070804851,0.23057298034585524,0.0,1.1729193029950322,-2.4766925917587415,0.8544243697871651,0.0,1.739436483402087,-3.2499645419549816,0.7948387743469987,0.0,2.032171437073628,-2.950992656362074,0.5809921387173573,0.0,2.079692470802628,-2.487436495452936,0.41469893168066685,0.0,1.1960258113484634,-3.037112776573647,0.431880595852425,0.0,1.5439028044470973,-3.2520110810995226,0.25607341215989504,0.0,1.8978088082863982,-2.8940274602185996,0.09949497141724248,0.0,2.177649209376333,-2.5652537292165705,0.012731232591445305,0.0,0.992058584020574,-2.679241418085531,-0.1344516678744902,0.0,1.5127790165461537,-3.34409457678587,-0.17648657069685253,0.0,2.034674720600199,-3.1159289531851186,-0.21595964950227883,0.0,2.2998433809434866,-2.6656172170305124,-0.2453300098922662,0.0,0.8029818230157971,-1.892029725420693,-0.50725539864102,0.0,1.581036092066751,-3.143708177245853,-0.6974054207483462,0.0,2.050783342753708,-3.1847253706971106,-0.6830163982278216,0.0,2.2573741117064667,-2.852564566986244,-0.636814214521159,0.0
0.0,0.0,0.0,0.0,0.4699076558873058,-0.21525970226297733,0.2151068968713635,0.0,1.0075122983075726,-0.5952589755928235,0.34470193176948627,0.0,1.5039384667602007,-0.7780976210898536,0.3108473476796147,0.0,1.665317148601322,-0.7208511039655179,0.2040173045533491,0.0,1.039577908298404,-2.5063418106202655,0.7343991341584216,0.0,1.7778365616834702,-3.4883899323855725,0.7075545455569217,0.0,2.143647864657323,-3.1829548914172032,0.49414689694514236,0.0,2.1651936920208525,-2.6043863397068385,0.32368159425276005,0.0,0.9826111809707857,-2.8351190861800646,0.34349376671411774,0.0,1.51748784724546,-3.2835581993565897,0.2067964497552049,0.0,1.9428848377060683,-2.970446664489633,0.05853325516592281,0.0,2.207616896755607,-2.5787677446492108,-0.027597789208647895,0.0,0.901119286921484,-2.619984770495804,-0.11138576955022506,0.0,1.4941773603473751,-3.3641188426795186,-0.15612364097524772,0.0,2.0365971864118966,-3.151273968682162,-0.20332345181244632,0.0,2.30953386808531,-2.6933437050837745,-0.2352796613601235,0.0,0.8640956172305575,-2.02705012095135,-0.4669208153034402,0.0,1.799279215605494,-3.5923091169259798,-0.6540815891860342,0.0,2.30770660179623,-3.586183087055705,-0.6224849639089024,0.0,2.4897652317450634,-3.1378014850257983,-0.5638661033742833,0.0
0.0,0.0,0.0,0.0,0.4563610434433723,-0.20946411976636037,0.18393456242487488,0.0,1.004915773110745,-0.6035192328608043,0.289509373097539,0.0,1.5221096401051755,-0.8160632377908886,0.2495441490583497,0.0,1.6686479046664833,-0.740068927321673,0.1471722263019699,0.0,1.05390207150706,-2.642576924288573,0.6312855134156355,0.0,1.7541782593015716,-3.5456473404843685,0.5455198984922189,0.0,2.2235452923746877,-3.3052015680701636,0.36297552521072024,0.0,2.280546120754634,-2.6909073429708728,0.21717842396578582,0.0,0.9462888205511696,-2.851168654926378,0.25453093778558006,0.0,1.4874244531496694,-3.267704740658446,0.1250442049226209,0.0,1.968224110029944,-3.009728689534809,-0.0019507129554614175,0.0,2.214175573321171,-2.595651903158599,-0.07791233250294359,0.0,0.8857732535110024,-2.66522544458597,-0.14993183053300374,0.0,1.4768679203073716,-3.3613917518144265,-0.1990631173518089,0.0,2.0642045192313265,-3.201722740407536,-0.24615670057155317,0.0,2.35710870043059,-2.7579603875042102,-0.27422868268318656,0.0,0.8893977531405851,-2.134486986364859,-0.4834539360231302,0.0,1.9021210630316732,-3.8306445698416485,-0.6968596436237083,0.0,2.4384915137311918,-3.7971474140150154,-0.6606253174606396,0.0,2.613135629435007,-3.288864938736534,-0.5918070057757129,0.0
0.0,0.0,0.0,0.0,0.45133040607634417,-0.2104998405799589,0.18394185468871663,0.0,0.968002228912958,-0.5866148339753836,0.2842013361894581,0.0,1.470039427171089,-0.8053116310013264,0.24517916096287196,0.0,1.6525954873363091,-0.7694428843361849,0.1462869098078301,0.0,0.9433582525871319,-2.562280106190513,0.5747254399412358,0.0,1.685115313351697,-3.5532951518460756,0.48481202046018806,0.0,2.268904336716008,-3.4377378909774725,0.30176726420314703,0.0,2.346857642463748,-2.774758030496247,0.1498758736079901,0.0,0.858694478203643,-2.7827705020850004,0.20510818463538305,0.0,1.4177811376806195,-3.2413907800912094,0.07227904737838409,0.0,1.9114776208558115,-3.0060102687816745,-0.05614793715659645,0.0,2.168285382389437,-2.602641916481933,-0.1358953508513496,0.0,0.8423027871578319,-2.6453274156495086,-0.19994536889799003,0.0,1.433909892072122,-3.339461194914018,-0.2578403410542024,0.0,1.9921814453912021,-3.1521195284163737,-0.2996676933716576,0.0,2.2713624354217026,-2.721292404015397,-0.3245154147710243,0.0,0.878516053825926,-2.1192575530005584,-0.5383690052899351,0.0,1.926379044262528,-3.8637100720914477,-0.7879443430643572,0.0,2.351005069955268,-3.6851703245859753,-0.7111867055743278,0.0,2.4519819374929654,-3.1557915243741292,-0.6243140338712628,0.0
0.0,0.0,0.0,0.0,0.4264249178626973,-0.1802393590065282,0.15634836483322043,0.0,0.9263316532369735,-0.5295863082890516,0.2232328102745487,0.0,1.4174227229317888,-0.7424064980074134,0.16491683878746027,0.0,1.6366761083397163,-0.7493059650692137,0.06486831002091527,0.0,0.948035261582429,-2.5909777626604207,0.46646999283369883,0.0,1.7521268094221214,-3.653583301865862,0.350272067885664,0.0,2.3676949649671113,-3.5219773972749855,0.14967913344269326,0.0,2.4108148739980004,-2.7844563331416436,0.007683444209970682,0.0,0.8453016639680411,-2.7799318168457843,0.10668059220381501,0.0,1.3995417416985312,-3.1962915706511983,-0.01847560133657193,0.0,1.8913866050319836,-2.9493164196881643,-0.13844884253498582,0.0,2.146493113258464,-2.544369700282837,-0.2159575753268874,0.0,0.8311500333287618,-2.6631006297352795,-0.27446455627139804,0.0,1.3972632383206687,-3.272748561180633,-0.322612283470393,0.0,1.9589121491811965,-3.1095858673887906,-0.3629936018106773,0.0,2.259974905792358,-2.7144310125836673,-0.3923867278150202,0.0,0.8995508305752238,-2.203706807437981,-0.6065406650612816,0.0,1.9358078625443356,-3.9092261559027355,-0.8673632288083041,0.0,2.3931357796451733,-3.7446931819416993,-0.7891582371703448,0.0,2.5125078716673803,-3.2067107613230235,-0.6964004414992705,0.0
0.0,0.0,0.0,0.0,0.40491344676002167,-0.16460125757288407,0.11033192159289386,0.0,0.8938369342332754,-0.5083642471653002,0.129326605930782,0.0,1.3744137007828385,-0.7177279328267147,0.03711465497162873,0.0,1.6107467841678382,-0.7491317701880467,-0.06871528798209255,0.0,0.8331080155664051,-2.5432091912164805,0.330112001956491,0.0,1.66087437822632,-3.6846381825913017,0.1605874471005645,0.0,2.2978794903250557,-3.545651588849575,-0.062521486821741,0.0,2.338119042606429,-2.7777246763094174,-0.17847636001746298,0.0,0.7164140205417769,-2.6600152691966854,0.021032063439790662,0.0,1.3265502478444644,-3.190717987261535,-0.11946110634407325,0.0,1.8615951202544188,-2.9756016797192704,-0.2465587244008999,0.0,2.092983486773423,-2.5243415322778597,-0.3162874779145414,0.0,0.7437393237844402,-2.6325894624265027,-0.3118855447239798,0.0,1.342113383351538,-3.279010043354508,-0.3796445991238459,0.0,1.9126768454545628,-3.111028374773089,-0.42326371845756744,0.0,2.1999749002883724,-2.691708016366492,-0.44457136279042414,0.0,0.8816009778895498,-2.3187458532653227,-0.6406669025615178,0.0,2.060077132099771,-4.280770827357274,-0.9595783403284147,0.0,2.5200523820347485,-4.028547379598909,-0.8561275270353371,0.0,2.611608819095973,-3.4057070751675944,-0.7412615054034213,0.0
0.0,0.0,0.0,0.0,0.389389874461698,-0.14924254572108625,0.09686686773356762,0.0,0.8859931193233442,-0.47833345377478464,0.11018152722078993,0.0,1.3737713032410492,-0.6873968290417447,0.023491408912051457,0.0,1.6200223076960494,-0.7346339214516042,-0.0739834434414579,0.0,0.9634912942974045,-2.6756566223218705,0.32441422189039093,0.0,1.8846944804865478,-3.92044727013529,0.15589436750857602,0.0,2.4233939665422994,-3.584380096408484,-0.07205107089249439,0.0,2.3739605770032752,-2.7381430540538294,-0.1794293097751559,0.0,0.8037916762996318,-2.760865773368607,0.02034585239343817,0.0,1.388621852741196,-3.234453250995028,-0.11304971674681469,0.0,1.8702926869711014,-2.9740349063007137,-0.22990345043444615,0.0,2.092754778259673,-2.5504163940627773,-0.29708712245469815,0.0,0.7821941781058351,-2.680112867467435,-0.2921541345510239,0.0,1.359656478950595,-3.284452776714464,-0.36265191377545125,0.0,1.9096069867258014,-3.1201042750079906,-0.4038571560219451,0.0,2.2065055157389635,-2.7308258108590686,-0.4252673794745395,0.0,0.8863068877494054,-2.3701179708634386,-0.5990376957805649,0.0,2.038244669155295,-4.256146216872607,-0.9028405608396194,0.0,2.4971737694707543,-4.003004669584577,-0.8088957699474779,0.0,2.593621616264446,-3.379069871114134,-0.6964204755373442,0.0
0.0,0.0,0.0,0.0,0.4080586197504055,-0.1518022108136431,0.1139168926515366,0.0,0.8622252462200032,-0.44691175362070473,0.12622263153918636,0.0,1.3098916007900572,-0.6292429869100228,0.029769160105000473,0.0,1.5708158658557319,-0.6974100329640518,-0.0830152547347506,0.0,0.8767103165961715,-2.593432423424637,0.32728746069339637,0.0,1.5764740731892353,-3.5226341258467984,0.14381637536245684,0.0,2.161562556506552,-3.379949958900203,-0.05242604874861778,0.0,2.286459680299683,-2.7561002382575714,-0.15624478516796103,0.0,0.7489887705897057,-2.688683424686656,0.0061085352107403445,0.0,1.2988204146368894,-3.1192006990355963,-0.12072262139055329,0.0,1.8173167169425535,-2.9161798016527816,-0.23187277504144493,0.0,2.0883844879349516,-2.5389934744154234,-0.29656960043263847,0.0,0.7693421110753725,-2.618234870999901,-0.33443728726472066,0.0,1.3628042616120233,-3.278510088153665,-0.38903656481895454,0.0,1.9110423924026194,-3.0812474415011266,-0.4101401727293709,0.0,2.2127187249572984,-2.7001476459050164,-0.42335120305829393,0.0,0.8777866775461174,-2.201599412838596,-0.649147986140407,0.0,2.1230389547799127,-4.301114476051606,-1.0104267257956625,0.0,2.538006478194301,-3.995325078857048,-0.872120874552234,0.0,2.6091864600092,-3.3738171722590944,-0.7377372593391877,0.0
0.0,0.0,0.0,0.0,0.41508041512402893,-0.17551621963251046,0.1446869838181387,0.0,0.8960447327784898,-0.5088439038230096,0.2053105172747024,0.0,1.3683631870929955,-0.7107826854473218,0.15161344655239348,0.0,1.6123314637401573,-0.7492448760749064,0.06294618262131346,0.0,0.8989408541330516,-2.5977253088201784,0.4595368536981655,0.0,1.790163790559462,-3.78812199295242,0.3691502694935665,0.0,2.3925854424676847,-3.580929479202648,0.16479276794095313,0.0,2.3851147949074183,-2.767408023423244,0.024007838615005644,0.0,0.7837248772320008,-2.7494386215658078,0.12162988540266119,0.0,1.3990045090772247,-3.2547212003372326,0.007753052151886623,0.0,1.8693421583076313,-2.9862206648569325,-0.1080205790117836,0.0,2.1038341940445697,-2.5754726243491857,-0.18109383992840195,0.0,0.7810296082704302,-2.6608789199187104,-0.23218110028627037,0.0,1.3867431699344313,-3.3114963732571585,-0.28351110926717843,0.0,1.9069389640545313,-3.1048831403099038,-0.3194388370525818,0.0,2.1901300529436285,-2.714781218873309,-0.34542433928713495,0.0,0.8824517163360766,-2.274563545943638,-0.5583375961835617,0.0,1.9620166601418956,-4.046100811844052,-0.7986921846245826,0.0,2.3705706792933388,-3.789406345169504,-0.7040483242618352,0.0,2.4750001887726127,-3.228946739834904,-0.6113848083422395,0.0
0.0,0.0,0.0,0.0,0.4141630022856298,-0.15779184999580914,0.15131225872334658,0.0,0.8766653858568136,-0.4755603675463141,0.2101497239362396,0.0,1.3377245380642981,-0.6797865754829894,0.15077961197745401,0.0,1.5733211293936527,-0.7153153125850972,0.05402029782871214,0.0,0.948731601409284,-2.6862209350022397,0.49600536287962455,0.0,1.5840698191426315,-3.5196021496807237,0.3611456380272404,0.0,2.1393252732760546,-3.3873776551805443,0.18763832550803397,0.0,2.2807352612457805,-2.8128325599398485,0.06484803423889327,0.0,0.8165713038635267,-2.821602767122928,0.13461942926011225,0.0,1.344823426213718,-3.205460129971265,0.023698986677721596,0.0,1.8579167523618736,-2.990447321082129,-0.08499892654987753,0.0,2.134621261308442,-2.608852946559696,-0.1550423041989672,0.0,0.7972402294238932,-2.693048876780089,-0.23884715191391181,0.0,1.367203192812823,-3.3094841276472216,-0.2706237613728038,0.0,1.9211510846547595,-3.1372828002204285,-0.2930178622303765,0.0,2.239821556601206,-2.776476218938707,-0.31484939621948854,0.0,0.8715003833482485,-2.2452023142707063,-0.5680668881058129,0.0,1.9278272855039276,-4.014933044402316,-0.7986767579620359,0.0,2.399313956741091,-3.8455304048466825,-0.7054859268399467,0.0,2.5307161888331464,-3.2990876185342204,-0.6063539563305492,0.0
0.0,0.0,0.0,0.0,0.4172394567007199,-0.1686411632858091,0.17485849043935395,0.0,0.8885741506022171,-0.4912346413235705,0.2702570347876239,0.0,1.3509377688264292,-0.69498155079354,0.24408379656310467,0.0,1.5956745068056817,-0.7400579403692107,0.16599885786566754,0.0,0.9502616133334256,-2.614455787712524,0.6141213530923755,0.0,1.7319881108852724,-3.6637771918179034,0.5679647333767056,0.0,2.2731523583539945,-3.453457856239077,0.38133065464968346,0.0,2.3206671342811758,-2.767248539962501,0.2233035840820028,0.0,0.838311783903187,-2.8256706855352323,0.24605479988415593,0.0,1.3974565273863764,-3.2704759254674465,0.14148072020778218,0.0,1.8690539601536815,-2.996244564097568,0.018085009063504184,0.0,2.121451704751744,-2.5994909123707575,-0.06259450677002046,0.0,0.8012846073566642,-2.6847026484575527,-0.14449303027034344,0.0,1.3493289504205674,-3.2795987371067983,-0.17865969142772675,0.0,1.8829208588308133,-3.0968810488162637,-0.22207193754434676,0.0,2.191954927266202,-2.7353321199108254,-0.25790534960046024,0.0,0.859621997821436,-2.235685809552721,-0.48261401001369036,0.0,1.8118913483661303,-3.811735964620777,-0.6541042679766219,0.0,2.234887025053661,-3.612377774846258,-0.5843000189615066,0.0,2.3912900922208213,-3.1255435096737645,-0.5187282920637276,0.0
0.0,0.0,0.0,0.0,0.41259839621472705,-0.1815958543786477,0.1398195515952446,0.0,0.895435935639039,-0.5246302095169197,0.18932725590167646,0.0,1.3646357153158946,-0.73149997311111,0.12062093712257625,0.0,1.597323221625315,-0.7685982155300446,0.02398480984946764,0.0,0.8352015687676293,-2.602707094807515,0.4476015858177261,0.0,1.5590830679697214,-3.592167704636115,0.31585836414961826,0.0,2.144486412480245,-3.4708575962015282,0.11905902535330373,0.0,2.248341260024416,-2.820867586027032,-0.013739629863858805,0.0,0.7396320541017112,-2.772882076126438,0.11202081701792588,0.0,1.276752389683802,-3.185911143513794,-0.019306795897327762,0.0,1.8006108756838684,-2.9833145071419795,-0.14766551561949928,0.0,2.0816826926135645,-2.5893919918649635,-0.22811656018725665,0.0,0.7638333520524597,-2.723612070239896,-0.2513662982364058,0.0,1.3495209310582041,-3.3672117445018066,-0.3053765234612838,0.0,1.9160524284587235,-3.187858059537412,-0.34424993546683397,0.0,2.216728046154972,-2.7766921565487923,-0.37121773183566054,0.0,0.8722214042806026,-2.322121564400378,-0.5889427233774019,0.0,1.9656521313609594,-4.217655079981108,-0.8674479878619606,0.0,2.437640368307204,-4.0532629359613965,-0.7828867417668883,0.0,2.5494260649908576,-3.473440507097248,-0.6820464566835174,0.0
0.0,0.0,0.0,0.0,0.40825834347097373,-0.17261162461315868,0.1448599771367119,0.0,0.8826782580541656,-0.5018772626554885,0.20025035643937766,0.0,1.3399924104314644,-0.7016619493056779,0.14144242317809771,0.0,1.567457850019876,-0.7317534158626529,0.04914946025516696,0.0,0.9197187572738916,-2.700463186098633,0.4420346379271846,0.0,1.6063755324259772,-3.6223509321096223,0.300381077270857,0.0,2.1826615655595147,-3.480127169803425,0.11038016501256699,0.0,2.274543319336496,-2.8201885045940953,-0.016554791402989932,0.0,0.7870768973385434,-2.8337344154945927,0.086739677792827,0.0,1.3285152064641357,-3.2446630562722,-0.036254283719072466,0.0,1.8417055878617334,-3.0177837234528764,-0.15763222844747593,0.0,2.0951893590854938,-2.6037572391735972,-0.2341928946570762,0.0,0.7625606956998419,-2.7020449915824565,-0.2777083263120689,0.0,1.3272746547215177,-3.3396295501952866,-0.32619706382651803,0.0,1.8951852842690273,-3.186229140631155,-0.36755321557645226,0.0,2.1981316713170407,-2.792216393631212,-0.39567814825200276,0.0,0.8329830632237737,-2.2578979881145633,-0.596993257215372,0.0,1.8525084740724052,-4.034526542965481,-0.8513762224498178,0.0,2.290052842676263,-3.839540138729237,-0.7626333845804514,0.0,2.4157558093288807,-3.3002960646068127,-0.6696485827221571,0.0
0.0,0.0,0.0,0.0,0.4107552610352248,-0.17119435522472243,0.14511737019361648,0.0,0.8795349281548285,-0.5046324430306586,0.20484802991176937,0.0,1.3153243838866837,-0.6871711784134339,0.14705736541861322,0.0,1.5476899721153037,-0.7252915219240685,0.058106713337792014,0.0,0.9476444283840401,-2.7099861314683373,0.4829149354246659,0.0,1.5706750268660066,-3.5835255167113402,0.3262880709541841,0.0,2.142617138590553,-3.459095147571103,0.13587022835652693,0.0,2.2711959457458404,-2.835652664151267,0.009149237615015753,0.0,0.8335602956350879,-2.8915468698002176,0.1253478764360567,0.0,1.287481651378856,-3.2097055411087685,-0.010897691196284415,0.0,1.7911251786778237,-2.9856767963896957,-0.1342741980045233,0.0,2.0720369717768987,-2.6017364833506336,-0.20944440924900182,0.0,0.8180182073222985,-2.7810210354173073,-0.25675142760612885,0.0,1.2993639759140767,-3.3059999010264223,-0.2996883998081928,0.0,1.8434299243975125,-3.1360665235475427,-0.3394779786229695,0.0,2.165942234027445,-2.775920804686022,-0.3677792963657084,0.0,0.8897653605424485,-2.317547163149831,-0.5916035593151736,0.0,1.8271907484989853,-4.008756055335326,-0.8305572421412257,0.0,2.285986446783807,-3.855696649164668,-0.7589026786745007,0.0,2.463561820444666,-3.36211065409514,-0.6767352874433462,0.0
0.0,0.0,0.0,0.0,0.40945466619556536,-0.1828545219825153,0.1449576853866756,0.0,0.8745112173414412,-0.5267210573082822,0.2078074388809261,0.0,1.3260477783302833,-0.7349183897425455,0.15602680710861966,0.0,1.5622379518819929,-0.7786357658880789,0.069816536892578,0.0,0.9290656166828315,-2.7300543418314316,0.4747133805951323,0.0,1.5247659484120015,-3.5795995436427797,0.3075390747311024,0.0,2.0702619463019976,-3.439233326938193,0.11885046439941155,0.0,2.2122172144118797,-2.8433674944279876,-0.002154413134769996,0.0,0.8120409622465377,-2.8996652828762994,0.11847675796651393,0.0,1.2906883179070863,-3.265075408932456,-0.018734022429187678,0.0,1.7759018461155904,-3.010357492033575,-0.14066615282208833,0.0,2.037015362300799,-2.605505874651414,-0.21272964189905944,0.0,0.7851758323345797,-2.7539960466796813,-0.2599335870552497,0.0,1.32171448916066,-3.399741505090881,-0.3128196426618408,0.0,1.842130779325839,-3.1816426231636936,-0.34914478602678134,0.0,2.127938400824635,-2.777254988815481,-0.3712991486560527,0.0,0.8341036418225857,-2.247479606964973,-0.5797135303180196,0.0,1.8320564458692437,-4.101066319241791,-0.8523513753754555,0.0,2.256431305246975,-3.9085976642809284,-0.767750286273369,0.0,2.396259065582231,-3.379701586663372,-0.67460868755873,0.0
0.0,0.0,0.0,0.0,0.41816407918644927,-0.2007682953017932,0.2084315090300493,0.0,0.8671873016917775,-0.5539311262892335,0.33728029442499546,0.0,1.2883917063571262,-0.7488416421096616,0.32463037406741074,0.0,1.5092305579199836,-0.7726435721273204,0.24982076421599286,0.0,0.920351265695591,-2.7559670083154635,0.8037981731527236,0.0,1.3986528746740527,-3.4399045451444556,0.7044941667042911,0.0,1.9011903520206033,-3.3493828020850858,0.5550642787667783,0.0,2.1019986134846866,-2.8985028320311983,0.41561046480920777,0.0,0.855870559683617,-3.096883850417512,0.41110404772669634,0.0,1.2597225956472753,-3.3344825623424623,0.26691938878608124,0.0,1.7359643861905723,-3.0961844221386556,0.1283783783511855,0.0,2.0502761560392613,-2.7614361444528632,0.04474139854154013,0.0,0.8083079426211551,-2.9214607583576697,-0.05931008614814118,0.0,1.2625101580080786,-3.4237202766754318,-0.07872328760078628,0.0,1.7934606380754563,-3.2386703353327504,-0.12250573779339255,0.0,2.1311604860155984,-2.9042362230431835,-0.1599952625811508,0.0,0.8256033312471767,-2.330802959830318,-0.44235192795149114,0.0,1.5595626691384117,-3.7360230658771663,-0.5425419437410375,0.0,1.9976328871984654,-3.654969600642212,-0.4896085879809014,0.0,2.2505426469582743,-3.3109210325525362,-0.4489306409611391,0.0
0.0,0.0,0.0,0.0,0.38616959854875793,-0.18233704400180564,0.1383213358852495,0.0,0.8491011153359501,-0.531732003010534,0.19871250197588136,0.0,1.2812777328132174,-0.7228397191749169,0.14257249545997797,0.0,1.5234193130233928,-0.7710025582499124,0.055485468496228894,0.0,0.971599998783442,-2.7804614822283606,0.5589605043936959,0.0,1.6993947262186526,-3.9329691216312317,0.4522386796811033,0.0,2.191091325322547,-3.653824036212003,0.22718649256021362,0.0,2.2318588439358495,-2.921320722831654,0.07773136661776874,0.0,0.8561373047983019,-3.045997953036975,0.20338953054366024,0.0,1.2852455650660626,-3.3755428393731863,0.055995231581009684,0.0,1.7316883526071405,-3.0801541346056474,-0.0828661938915179,0.0,2.011829093418515,-2.703658923425562,-0.16752597350125145,0.0,0.7807066634354471,-2.89868014319656,-0.1865650711040124,0.0,1.1823846078203335,-3.3051533743070602,-0.22512495949974423,0.0,1.697524209382321,-3.1496522784679986,-0.2801546736533537,0.0,2.0536079392781525,-2.8509159243278868,-0.32409026734209695,0.0,0.8013948579214567,-2.4632714212598055,-0.5211276624279031,0.0,1.5643610399434202,-3.9019453917319473,-0.6701012012301124,0.0,2.0116903561186597,-3.7690464049973653,-0.6173236013345231,0.0,2.268729718129205,-3.3932414622257023,-0.5716782139986254,0.0
0.0,0.0,0.0,0.0,0.4204105204248051,-0.22226750711169974,0.1696851277601313,0.0,0.8578174743592709,-0.5591751501905977,0.23421421558814934,0.0,1.2494179267848682,-0.7069734496333364,0.16413373457467387,0.0,1.4625715006620414,-0.7258544944661078,0.0636691727238455,0.0,0.8054276510957353,-2.714200934470349,0.5654580258435495,0.0,1.3255946710980684,-3.5036383981866925,0.42228704975742093,0.0,1.8429647433682588,-3.4073642804000284,0.24834040486638848,0.0,2.0386336908134632,-2.927863335816673,0.12374177648305204,0.0,0.7328734424176971,-2.9782774275072494,0.1888620299074414,0.0,1.1677125982582748,-3.2814364366617528,0.05882828558729754,0.0,1.6824815586917823,-3.1081119959952,-0.06357097393445754,0.0,2.017814785494142,-2.8082067789312135,-0.14424445888153495,0.0,0.7425988543527952,-2.882192851321159,-0.2391230266935003,0.0,1.208367368125228,-3.427811560832082,-0.25257187379042145,0.0,1.7589833496079337,-3.267311299003644,-0.27913342776811273,0.0,2.1075544093622725,-2.9448886316379084,-0.31019943224311813,0.0,0.8213109798266269,-2.3443953851903796,-0.6004716343079207,0.0,1.625217705423097,-3.9833217748655527,-0.7790008759577202,0.0,2.0600304085209236,-3.865785608526719,-0.6902917352591357,0.0,2.272039231247926,-3.4710631431883288,-0.62051152268784,0.0
0.0,0.0,0.0,0.0,0.41434233545632004,-0.20724161454919232,0.17285975558977879,0.0,0.843422305338002,-0.5128545549016046,0.23305722242784682,0.0,1.2393533835251327,-0.668385040232819,0.1595048429909256,0.0,1.487674274312372,-0.7389318624489362,0.05182321069667467,0.0,0.894068158160032,-2.7524893587380777,0.628492357352569,0.0,1.4193942249486606,-3.5565705396740817,0.5088058838723348,0.0,1.9469845464390232,-3.4534389601021,0.33287389368600956,0.0,2.114796552620635,-2.922840472752592,0.1916094493544599,0.0,0.8128901517669566,-3.048591171226053,0.23803891488141782,0.0,1.2204914314758541,-3.3385091327790817,0.11634867251379927,0.0,1.712721134585121,-3.1164761379042067,-0.010913651704041384,0.0,2.014547724467177,-2.7598057111798076,-0.09631970113207962,0.0,0.7667456454092758,-2.878360378120044,-0.20518114290134648,0.0,1.1783268994824987,-3.3571516441261875,-0.20048477708415238,0.0,1.70920058658713,-3.211255165794742,-0.22355582080189207,0.0,2.0628922884683734,-2.9166432435150815,-0.25729068868907795,0.0,0.7952048457983422,-2.3023225888204903,-0.5639109398722915,0.0,1.547439147574351,-3.830691390395886,-0.6964108610490549,0.0,1.9850300517838548,-3.73908334362411,-0.6093217031534249,0.0,2.2211058788216893,-3.390137053423187,-0.5496999888967484,0.0
0.0,0.0,0.0,0.0,0.43716357173524517,-0.21442924213100312,0.2458088955518895,0.0,0.8664638686396774,-0.5459137898616954,0.37666486615497197,0.0,1.2821859262979065,-0.7107988463916631,0.3303127393730362,0.0,1.5437889946024765,-0.7895946683136108,0.2203759256156841,0.0,0.964156765971452,-2.5499146966172335,0.9821576727298743,0.0,1.4118793825877234,-3.305194789307148,0.95545794080368,0.0,1.8151721211261822,-3.1586586147630142,0.7801607360583139,0.0,1.9891287172159071,-2.775493346012553,0.6226987655606807,0.0,0.990020715762696,-3.203735364382292,0.5908684812270294,0.0,1.2639250154273858,-3.3800295172646586,0.42507107778324155,0.0,1.7159478374066237,-3.1366326116304526,0.2591005531555616,0.0,2.0752561148722695,-2.8687489870611684,0.16450977814627973,0.0,0.855336430904838,-2.948063418643569,-0.01211454098713946,0.0,1.1174526350502796,-3.2690881422632234,-0.0005149874126215649,0.0,1.684110510642476,-3.1931689330979394,-0.04528573467209784,0.0,2.0966124192911506,-2.9611974582035816,-0.09427193169717506,0.0,0.7530167605701197,-2.1812288944484606,-0.4445161423564982,0.0,1.2678948060665862,-3.2647596315904357,-0.4701961229747516,0.0,1.7087855763819841,-3.2760760410986425,-0.4259595905850619,0.0,2.0307502158507105,-3.0816852963921666,-0.40970833669406104,0.0
0.0,0.0,0.0,0.0,0.4166815053533621,-0.20940009287931824,0.21658284966435978,0.0,0.8443521213117753,-0.5423673774824525,0.3290269697931515,0.0,1.2392170469000507,-0.7122783585080581,0.2870936202704781,0.0,1.4691734350400896,-0.758525638902763,0.19066403939262486,0.0,0.990440537491976,-2.7603859445272083,0.8466300154560829,0.0,1.4030776055040923,-3.4409867370617304,0.728423370913479,0.0,1.781645769021456,-3.2279354285016755,0.5474922621237575,0.0,1.956546186042307,-2.82260704079041,0.41475996504165064,0.0,0.9448871224676413,-3.2535647650992288,0.42557122664495045,0.0,1.2070430544912394,-3.3308759313318967,0.25148627004095453,0.0,1.6670662158423546,-3.1088432130523023,0.11439592857278584,0.0,2.049953221141779,-2.87996004107682,0.036755245359699595,0.0,0.8173302337683727,-2.9599996683515073,-0.11631168584879896,0.0,1.1115120842983899,-3.29938978830326,-0.11624061440830212,0.0,1.6738642365483034,-3.215263046925816,-0.15764522807177714,0.0,2.08959803153279,-2.9862357742146086,-0.19871681832547813,0.0,0.7484907200355705,-2.2418070138714046,-0.5051785553605882,0.0,1.3097896408087257,-3.4466934843535886,-0.5804661520248331,0.0,1.7786760800001746,-3.484244702348218,-0.5450903830979582,0.0,2.1283434128144543,-3.302966419813885,-0.5272828281468477,0.0
0.0,0.0,0.0,0.0,0.4115094630100547,-0.17965474836387488,0.22011904424189438,0.0,0.8176750118860084,-0.46855471672507115,0.3475523425886059,0.0,1.1890736222413687,-0.5949341895960452,0.3183317937561021,0.0,1.4408472868097535,-0.6612663051206132,0.23735788014376197,0.0,1.2348995748383917,-2.7525684791508263,1.1177548775647042,0.0,1.6060970649682582,-3.4775778889288493,1.0827455941234139,0.0,1.845289723419732,-3.154591658912068,0.8439730719709975,0.0,1.9403727393018975,-2.7409611627188983,0.6738397011794794,0.0,1.3548266180532513,-3.7092428116449967,0.7845511947556415,0.0,1.3182719272877113,-3.413697112162777,0.5009768359283576,0.0,1.6598339090554084,-3.0681583854567873,0.317393079272604,0.0,2.046643621285204,-2.8788234052002983,0.24809294979606403,0.0,1.0681312628321213,-3.3039992517327295,0.11493526448144442,0.0,1.092287040264505,-3.220785670492023,0.08221128157913538,0.0,1.589615100437941,-3.1175213103055848,0.02155805001268286,0.0,2.0313012208057706,-2.970257794252904,-0.019237862268663822,0.0,0.8099622248526297,-2.380535914207219,-0.3395317727513713,0.0,1.2011601280547144,-3.2483414236748365,-0.33907426532811696,0.0,1.6269857622854238,-3.272216077234901,-0.31541771069875296,0.0,2.0282515186508006,-3.190954121703245,-0.3086123436273759,0.0
0.0,0.0,0.0,0.0,0.40335135878239753,-0.19188585193227486,0.17360899975636732,0.0,0.8002113020175154,-0.464818096613307,0.250910053348272,0.0,1.1745243888840435,-0.6022609346179605,0.1938485889493562,0.0,1.4268715008113906,-0.6629932007573295,0.09944936336826968,0.0,1.2945633574696707,-2.8989901075035647,0.9740121652593886,0.0,1.6479099838685907,-3.646235565535703,0.858742124424063,0.0,1.8500120722782294,-3.2541551684004895,0.5920824444179775,0.0,1.9120376305089721,-2.787964940544832,0.4211753672931889,0.0,1.411228580182783,-3.838798181954589,0.640482222858865,0.0,1.3096287751752165,-3.4403476457058035,0.3392859656575733,0.0,1.6716782303728497,-3.1235527405290227,0.15577393168274276,0.0,2.0532499248710314,-2.9027267077790015,0.06396911829106489,0.0,1.1257380399560248,-3.4861857679974015,0.022663921573794557,0.0,1.1261908448486775,-3.3161449214099967,-0.022790702762871803,0.0,1.6238789735727481,-3.2054603474929344,-0.08931309029034717,0.0,2.0527411864356506,-3.0125883944814253,-0.13776812702173735,0.0,0.8232997652457278,-2.5110646559074294,-0.4027297969568305,0.0,1.263325108294668,-3.4966499350405327,-0.4299719332333003,0.0,1.6921862747350584,-3.5351650532739542,-0.39990879390103434,0.0,2.0938107528392504,-3.4621848464872635,-0.39037389926206323,0.0
0.0,0.0,0.0,0.0,0.4432940661662331,-0.19401891666767737,0.25043586333836365,0.0,0.8403049724236535,-0.4748500775357984,0.4068390320745944,0.0,1.1724709943669553,-0.5639619260669779,0.3863784300136233,0.0,1.4004295625778043,-0.6062623568532548,0.31454348346919875,0.0,1.3162443451820252,-2.5773874493702835,1.249547437466581,0.0,1.5665477647841408,-3.237965279776866,1.2127213169891158,0.0,1.6987945554424317,-2.9523150159829346,0.9430251878984546,0.0,1.7523299864584512,-2.614270097106406,0.7480454724403761,0.0,1.6803880496886174,-4.037287261065524,1.046709540339195,0.0,1.3937184367169453,-3.534965282959756,0.6254299751378407,0.0,1.6927003406502334,-3.1610029558928643,0.3947656738258997,0.0,2.0760135208387047,-2.954769657571876,0.3033428807274255,0.0,1.2371098234428364,-3.5174624196592643,0.19304023500640133,0.0,1.0966528771871389,-3.258045688880492,0.11249109194539264,0.0,1.5479766396509371,-3.1334769017695594,0.03579416602719452,0.0,1.950363950928826,-2.9469160810533426,-0.0133134887551414,0.0,0.7573570620920852,-2.2727370005140144,-0.32673675366220917,0.0,1.0593970175556968,-3.0220808456978547,-0.33534664366165146,0.0,1.3806730419471058,-3.02040500873697,-0.32048502526802136,0.0,1.6792465932723595,-2.932642650710684,-0.32106343817845795,0.0
0.0,0.0,0.0,0.0,0.4474776591561876,-0.20352327138010945,0.22453658457856301,0.0,0.8581093317944686,-0.48999730251602525,0.3396672565678626,0.0,1.1917445908112425,-0.5668959568590493,0.2809903153103386,0.0,1.4231310350503594,-0.6092271235880707,0.1825877303945431,0.0,1.3272337586241776,-2.5987908021279016,1.0702843587657243,0.0,1.5911936275495115,-3.342626689034637,0.9754759774778466,0.0,1.7833811515529965,-3.0588867942337843,0.7345110706253,0.0,1.8763144887818153,-2.690147633784732,0.5724831118766337,0.0,1.634416150518605,-3.9149952965540105,0.7822574227972171,0.0,1.3261180427118775,-3.417257940172719,0.40299583815402656,0.0,1.6720128780082997,-3.113456459551877,0.21957456624328742,0.0,2.0943956254765026,-2.946034830281418,0.1455618463505792,0.0,1.2032807752866361,-3.4221462821530024,0.004624031109688091,0.0,1.0580947992035057,-3.161610697481411,-0.0449003500614736,0.0,1.5678908802177804,-3.1219978709218306,-0.10135901445914347,0.0,2.043271760647022,-2.9903269050538825,-0.13615337116932014,0.0,0.7451385581776095,-2.23457834433064,-0.44617160166722597,0.0,1.0844952217951638,-3.0395271403358044,-0.4897681784322667,0.0,1.472102566259747,-3.092418381660543,-0.4783826626422697,0.0,1.832615266895633,-3.02173894459365,-0.4744438998724476,0.0
0.0,0.0,0.0,0.0,0.4322844670516409,-0.1928671704872302,0.23418906900590467,0.0,0.8086061959024613,-0.45401578758712957,0.3631790968388772,0.0,1.1099413188392422,-0.5209942353059374,0.323647394849174,0.0,1.3292981168887537,-0.5498143496182742,0.24369308550512364,0.0,1.3753556409946799,-2.7059913895287195,1.1943719814873959,0.0,1.5504666674672785,-3.2971995566707326,1.0825947250047767,0.0,1.702487020654748,-3.0042633679338353,0.8357700023776379,0.0,1.7970969233644691,-2.6706779865510026,0.6753461575341259,0.0,1.7886580726595822,-4.287674922622037,0.971446008056133,0.0,1.313796640335277,-3.439723577254505,0.5056406928521843,0.0,1.6125034278365478,-3.100626543946935,0.316290361389521,0.0,2.046457345458318,-2.9886148933656607,0.2567543404714101,0.0,1.2878191391295246,-3.66505255074935,0.0969348076756528,0.0,1.0546710094752025,-3.2025464040450022,0.028139091923927932,0.0,1.510777447175819,-3.1036680803240597,-0.02862746763614967,0.0,1.9636610509605974,-2.9814004472689235,-0.059992484657288826,0.0,0.7518128116612,-2.2913137899068854,-0.3973498933831639,0.0,1.052500603093143,-3.0263101154465524,-0.4210858531586139,0.0,1.397524558277271,-3.0425864163060563,-0.402758926872612,0.0,1.7295977624712175,-2.9636095326260214,-0.39457267743797003,0.0
0.0,0.0,0.0,0.0,0.4345314180256978,-0.18847994499510026,0.23413277391691675,0.0,0.8160891032223673,-0.44915290594836077,0.3629327194101024,0.0,1.1311065020631952,-0.5210749519199703,0.3209345482320971,0.0,1.3570558730742472,-0.554084644209148,0.23620974921553828,0.0,1.383147089764931,-2.634024967955201,1.218134633086299,0.0,1.5970927212886397,-3.2621958017366484,1.1387698975411382,0.0,1.7302481631159567,-2.9663625351359375,0.8823081828608796,0.0,1.8061440416186814,-2.636245336565566,0.7127004972853714,0.0,1.7996074197558485,-4.212832749077332,1.0152439934841553,0.0,1.3635684949781366,-3.455095975570032,0.5570966396476039,0.0,1.6473673664516297,-3.100054891089593,0.3574474431075655,0.0,2.068104872175094,-2.9721934609609737,0.2948155010835364,0.0,1.2882242668613026,-3.6235331345060695,0.13545724997646352,0.0,1.0792386815995574,-3.193376492643845,0.06125445511510045,0.0,1.5440532093273622,-3.1104931547846553,0.0058832237312147935,0.0,2.0031909362975795,-2.9900608868825893,-0.024845802729790603,0.0,0.7513544539928603,-2.292432442366479,-0.37258339596262524,0.0,1.0661723965154497,-3.0001398175421303,-0.38987051054030963,0.0,1.4188167912316265,-3.0269116710604504,-0.3715465581364427,0.0,1.7531048764706005,-2.952959309069855,-0.3631464477623525,0.0
0.0,0.0,0.0,0.0,0.4338271073784988,-0.15816274040491743,0.20371223629140692,0.0,0.8141542776744917,-0.38963004842777876,0.3002579706553939,0.0,1.122588171507548,-0.46102699727661,0.24338295648740124,0.0,1.3685685698305547,-0.5384350429186755,0.1563687578057788,0.0,1.459843834265774,-2.6390516554197756,1.147680845279573,0.0,1.635246444507894,-3.3038927044740376,1.0516798163225143,0.0,1.7345841002261262,-2.985167912041582,0.7837966333061044,0.0,1.8022332166713693,-2.6586730078258536,0.6193902685958385,0.0,1.9538435407123325,-4.319700168858206,0.956995447942389,0.0,1.3388101814856181,-3.412851583626579,0.47304811764587823,0.0,1.6097965941766936,-3.0793042264804127,0.2711357023248736,0.0,2.0557144344584297,-3.0079337462345217,0.19832014153844513,0.0,1.4126767974117205,-3.7944162006519506,0.08442679557244345,0.0,1.0550017584259783,-3.1621046469389746,0.01086066470116107,0.0,1.5124845586537028,-3.093163025277513,-0.059096178990944645,0.0,1.9921400276488876,-3.0082224714044252,-0.10649649912056178,0.0,0.7814732959241351,-2.3577438995664513,-0.4112084737529843,0.0,1.0360267663947287,-3.013490218729069,-0.4232073434818241,0.0,1.386724204242607,-3.0526925996750527,-0.41439915712011444,0.0,1.7385838835169056,-3.007780387031565,-0.4196194736849755,0.0
0.0,0.0,0.0,0.0,0.43233088711230777,-0.16754041621123547,0.178384955532197,0.0,0.8119642758722002,-0.40658124287901637,0.24843270239366902,0.0,1.1292785506780447,-0.4783257946672169,0.16930343964691819,0.0,1.348619943979366,-0.5191571406902878,0.06587788475828278,0.0,1.3898787362642027,-2.6480854049251334,1.1077530073459236,0.0,1.5936317576602768,-3.400458166595864,1.025126890487188,0.0,1.7432705307751344,-3.098807993422541,0.7464749325000619,0.0,1.8159198471123017,-2.7256010091839578,0.5681091515951924,0.0,1.7354963386971116,-4.085323806582576,0.8905905586594896,0.0,1.2699554993055744,-3.4033757133967595,0.4633678391285559,0.0,1.578044453803085,-3.098996987409246,0.26192857976406525,0.0,2.0185234086384782,-2.9921711568154183,0.18468678685180895,0.0,1.3138252690101528,-3.7313738831757934,0.10753507462206056,0.0,1.0220025894926978,-3.182550030852316,0.030918610137034598,0.0,1.4912969834775411,-3.10977790025694,-0.03377310606691633,0.0,1.975024059232628,-3.016318178333557,-0.07310010670541822,0.0,0.7851129923569484,-2.41391873225735,-0.3926747950811803,0.0,1.1108110109372644,-3.206316250985165,-0.40774254543146216,0.0,1.466925574399631,-3.1953303937471045,-0.3802360077944412,0.0,1.7990210250093033,-3.0912217064913303,-0.36645102550398434,0.0
0.0,0.0,0.0,0.0,0.4065245557625356,-0.1520110522531468,0.15411555266016996,0.0,0.7766725694418594,-0.38319281185477727,0.2077068257454473,0.0,1.0742428793945031,-0.44241307277993164,0.12670920030805205,0.0,1.2912337346232288,-0.48409098058754496,0.027578917804719535,0.0,1.5038138778628765,-2.9010469034678272,1.0583926659058316,0.0,1.590897667639457,-3.504725881084834,0.8858836276793084,0.0,1.7103123367014375,-3.1430041945799085,0.6107429106049127,0.0,1.804913111793953,-2.777481581256669,0.45265956260102824,0.0,1.917264227012534,-4.471713528794189,0.8321249270287404,0.0,1.2602632814793755,-3.4224838383501965,0.3751212169037853,0.0,1.527987483769103,-3.071065579579084,0.17335364963376418,0.0,1.9641180599855226,-2.987627377346741,0.08645511809202466,0.0,1.4428323948474402,-4.0314298194737495,0.050904308050872614,0.0,1.035417879246456,-3.2577415773359446,-0.007182596238727533,0.0,1.4588718879625944,-3.126942022098731,-0.07881253149594719,0.0,1.9354831076265795,-3.0514037490335153,-0.13015429685471602,0.0,0.8139281528341794,-2.5273182327481725,-0.4222211345361516,0.0,1.0925360749383883,-3.3268678547078236,-0.43156581007487016,0.0,1.42446529203655,-3.3031253413976978,-0.40276006397041697,0.0,1.7791106034148998,-3.253374658464955,-0.39981326774620934,0.0
0.0,0.0,0.0,0.0,0.5189394165719418,-0.5412539592424589,0.07139812522634163,0.0,1.631604235613369,-2.0497025379812785,0.045691844948921236,0.0,2.939360064937013,-3.8032700886501263,-0.19045067814699498,0.0,2.402876344025012,-2.927290617651183,-0.31528224350960793,0.0,0.6037776597995782,-2.636015528892375,-0.039810346803558376,0.0,1.848522459480448,-3.7404684161506485,-0.43734760084342533,0.0,2.205676040786667,-3.1060305691817867,-0.6635824338197079,0.0,2.049803119824177,-2.2183324948653924,-0.6625067989597427,0.0,0.39630306592622006,-2.516522283498611,-0.24939001422181512,0.0,2.4035211300967037,-4.833072381994315,-0.9849020453171454,0.0,2.491317081901129,-3.2458548913827583,-0.9376510811740213,0.0,2.046032793783142,-1.9396434126637285,-0.7329580344084947,0.0,0.23314845463838094,-2.1857202424782405,-0.4738163049417078,0.0,2.932553668041873,-6.146540932831906,-2.036237554410633,0.0,2.952388377673835,-3.8437326930024165,-1.54085061295707,0.0,2.1762283808754885,-2.015325434901595,-0.960809587736086,0.0,0.0951323835869338,-1.4444011112139195,-0.5915998280965492,0.0,1.0170716780760765,-2.6630382284631193,-1.3235684606988827,0.0,2.216286090752983,-3.6089788595047696,-1.9203740305529255,0.0,2.4166039666139323,-2.8712264587633567,-1.632213200404355,0.0
0.0,0.0,0.0,0.0,0.39861773124205213,-0.14762337725960709,0.15108594745323617,0.0,0.7668411280326601,-0.38335064778642786,0.20540630071029725,0.0,1.0736852655652938,-0.4579948400210608,0.1277627204208402,0.0,1.301090088409101,-0.5097150442104932,0.030878484261298966,0.0,1.4670148901468818,-2.8746860677200563,1.046799065448471,0.0,1.5619309933996306,-3.4981525922300993,0.8788183936133348,0.0,1.7015743173541507,-3.15305069998943,0.60722272291924,0.0,1.8064011537881188,-2.786895164002255,0.44945625770408726,0.0,1.8439807392079075,-4.405814783130628,0.8184711850677344,0.0,1.2123100648890468,-3.3903024819172702,0.36252564954882316,0.0,1.5037532878061015,-3.0704718744593436,0.16169841063008164,0.0,1.9669487843094784,-3.0156569727002105,0.07450146417129422,0.0,1.3904482173300674,-4.00423465479141,0.05326828452834825,0.0,0.9854655395216548,-3.215100768217028,-0.01566342814996966,0.0,1.4298464170764045,-3.1159347666142296,-0.09217142263419337,0.0,1.9343565772688656,-3.0655040980404333,-0.14625865857361448,0.0,0.7949802854570494,-2.5395147458839573,-0.4196962576043467,0.0,1.0780235666975477,-3.325398971649738,-0.4411944574646153,0.0,1.4238388528456933,-3.2937608675810965,-0.4200989682569818,0.0,1.790315306724568,-3.2273621130577688,-0.41929306787329085,0.0
0.0,0.0,0.0,0.0,0.5142832763492625,-0.4757325347324777,0.09724887838450767,0.0,1.5936304238966157,-1.869169353589487,0.11514930353521398,0.0,2.743349247585618,-3.163173390691998,-0.06932328228549146,0.0,2.25583363699084,-2.2914100219913194,-0.205187800845681,0.0,0.5099437977963215,-2.5919031508764654,0.03153361109015721,0.0,1.664922013870377,-3.631631889877793,-0.27184432831129335,0.0,2.1197807991690496,-3.17985882168626,-0.5220815221831724,0.0,2.0355619188050995,-2.3375466534881837,-0.5659574673522578,0.0,0.30795788133511176,-2.444264819683986,-0.17979879348815894,0.0,2.145705839417924,-4.609833394526806,-0.7268922259429227,0.0,2.4193087694555477,-3.4352857510269956,-0.8101080965642605,0.0,2.0773904673131405,-2.177657602461033,-0.6872457834273893,0.0,0.19144004365481943,-2.174637784786647,-0.4037680684385302,0.0,2.80184416833641,-6.183198518966768,-1.6839766214862053,0.0,3.037437478598152,-4.269901564950992,-1.4046985571142618,0.0,2.2747108352652576,-2.311607242995962,-0.9065858541291164,0.0,0.12924896723992563,-1.5500234363690086,-0.5635983107712483,0.0,1.176267781320712,-3.07777324706236,-1.2758246308423185,0.0,2.551149103231115,-4.276242808525592,-1.8789239302233582,0.0,2.582880171918537,-3.137047068393887,-1.4953212260536628,0.0
0.0,0.0,0.0,0.0,0.40828210675857635,-0.15652818820103423,0.16834029471688325,0.0,0.7953359144439844,-0.38870655668255916,0.24835876700799359,0.0,1.0912562447265288,-0.44891544683372053,0.18954889370742947,0.0,1.3005703473243044,-0.4972844746184075,0.11058365940896907,0.0,1.4624250876458822,-2.879904174174122,1.165613456586068,0.0,1.5932567668268172,-3.510898854966115,1.0418110671489207,0.0,1.7061276031173978,-3.150897149636565,0.7501672841100491,0.0,1.7899928830651568,-2.794652594626024,0.5832317329010563,0.0,1.8121561642427724,-4.396988578336087,0.9696225051584881,0.0,1.2246247707600533,-3.4255475689928216,0.483127222698838,0.0,1.5049850549702155,-3.0982685609777016,0.2768645949699067,0.0,1.9812830959973162,-3.0817265328901966,0.21071313733735736,0.0,1.3379156471278666,-3.9487819838576295,0.17602544516528165,0.0,0.982747129610587,-3.2147427142480893,0.06699844723399409,0.0,1.418350178150378,-3.1139988850871725,-0.007783245221794716,0.0,1.922810323286954,-3.087895099671955,-0.047786293847224125,0.0,0.7751943363821683,-2.56136623227208,-0.33598877628252316,0.0,1.0312109457054077,-3.2316058578464,-0.34734547269563903,0.0,1.3748969585399948,-3.222951325122627,-0.33116397276012755,0.0,1.753317552840186,-3.1991044454992537,-0.3271685480159219,0.0
0.0,0.0,0.0,0.0,0.5592671988229572,-0.4858939016861548,0.08662182037405235,0.0,1.7489634156201674,-2.1058595652670573,0.1401420694678439,0.0,3.192886704513456,-4.047744580588191,0.0012970878895847554,0.0,2.4133544113785126,-2.8063990407769643,-0.136133697198233,0.0,0.4939160589950538,-2.582065610727951,0.08580550781504896,0.0,1.7018716554482811,-3.679266936414765,-0.1691422606369365,0.0,2.1712103300275465,-3.194350095916303,-0.4163924181171464,0.0,2.0645142575131734,-2.299746421043381,-0.4707087599964536,0.0,0.3112209228032779,-2.435139541715997,-0.10114249593281559,0.0,2.1971384351522296,-4.611050035332406,-0.5294822930869948,0.0,2.481749840500892,-3.438982358275869,-0.6477277603960827,0.0,2.1060033929123785,-2.1473798802364175,-0.5639576541322074,0.0,0.22500546418719722,-2.221447116583054,-0.3090714921305736,0.0,3.201082455816592,-6.772075564007162,-1.5160955941021705,0.0,3.147856811146743,-4.287055274789278,-1.2078741828512614,0.0,2.2939684054257214,-2.2595370601018114,-0.7733204499376118,0.0,0.1874825635236599,-1.648260788690906,-0.4793315141204305,0.0,1.3866147913942395,-3.340291646154177,-1.1747122660506415,0.0,2.774341487356235,-4.448213224149985,-1.6921251185114579,0.0,2.66971987188319,-3.154802673350927,-1.3056359905319153,0.0
0.0,0.0,0.0,0.0,0.36132105145610754,-0.12736491792507743,0.10590880715042696,0.0,0.7223196370833298,-0.3497302459262171,0.13737149263607162,0.0,1.0324511365067717,-0.43642126834318123,0.06684154798359229,0.0,1.259941368851169,-0.48788783070611386,-0.013702147042505976,0.0,1.5742255663796032,-3.1313246632392753,0.9317016395653633,0.0,1.6810489727340767,-3.8081489802776782,0.7253675416988163,0.0,1.7528889588965535,-3.2874061410266187,0.4370194643456736,0.0,1.8268184452562106,-2.8452717706427455,0.29039134274698525,0.0,1.881852349760227,-4.5972719708443135,0.6866180601533052,0.0,1.2024728107203113,-3.4173087951027967,0.2607987393756095,0.0,1.4693788534194432,-3.0406315420964196,0.07474414694155944,0.0,1.9144505348856542,-2.9856940225372406,-0.011644633700303884,0.0,1.3846279832220485,-4.140137966268396,0.017750181459464782,0.0,0.9653828325463093,-3.241754350337799,-0.05617123009501371,0.0,1.3837802397864336,-3.107778185532627,-0.13401281555636546,0.0,1.887441905380775,-3.0879159986563307,-0.18910067671285025,0.0,0.8006178465858269,-2.7532942279289387,-0.40521667970949377,0.0,1.0307890531920363,-3.433260508258764,-0.43682909236079065,0.0,1.3579707644918977,-3.3845142813947118,-0.42497708445533644,0.0,1.767513412936594,-3.4169373701203525,-0.43649764533132845,0.0
0.0,0.0,0.0,0.0,0.47704036220336954,-0.4332906842398361,0.07815616529729948,0.0,1.5379132448776176,-1.8332663351149034,0.07960660898099119,0.0,2.7351843281985557,-3.2594541978256455,-0.1071923596136161,0.0,2.213489680113387,-2.3124649008322904,-0.22209333850710264,0.0,0.5383167457972651,-2.7130670651017312,0.0212499691100004,0.0,1.7090818335544413,-3.886088470942463,-0.30820880011504964,0.0,2.12177669957641,-3.3078669415196003,-0.5582142317087628,0.0,1.9922301440780703,-2.354929593541533,-0.5823387630303045,0.0,0.30669309209035356,-2.516117542752819,-0.18176463303350146,0.0,2.1198700061407147,-4.8247074872460045,-0.748823437425432,0.0,2.3601819661820427,-3.5547070645196106,-0.8210010652644486,0.0,2.0295360390880353,-2.2457661953877275,-0.6933618299996906,0.0,0.17446553638080853,-2.2213327403435366,-0.3922712269342508,0.0,2.669809968202037,-6.27514694896814,-1.6601439665535085,0.0,2.945517821022444,-4.411946473125786,-1.4022741546252806,0.0,2.2301327950379726,-2.4129510467643,-0.9087326121159959,0.0,0.10455339590433196,-1.5706347584922558,-0.5408026370886032,0.0,1.17093689187898,-3.219307365177788,-1.2895278481586223,0.0,2.610459129471635,-4.600672706139599,-1.9527789078782007,0.0,2.6017185454405687,-3.3470120676334787,-1.5284573155485826,0.0
0.0,0.0,0.0,0.0,0.41186306378936444,-0.16600954033799775,0.15193809272824083,0.0,0.7859130735296245,-0.38275515490831225,0.20879486279669954,0.0,1.0497892763008412,-0.40175065099007917,0.13628112755777272,0.0,1.233588157282173,-0.42277398643523006,0.05263335976073821,0.0,1.5332732615697582,-3.082289952843978,1.0472739077502815,0.0,1.5667237640493406,-3.572874070094616,0.8300700557839953,0.0,1.7040545967955654,-3.209717108004862,0.5656184632647521,0.0,1.816270604613461,-2.8429988161396773,0.4178624970270479,0.0,1.8904796209051096,-4.608041976277284,0.7940273570761027,0.0,1.1969558755951508,-3.3726177649282247,0.3289125893135069,0.0,1.4937414298036937,-3.0798697331261415,0.14700530095154454,0.0,1.9607590006874203,-3.048353846683984,0.06940012428235147,0.0,1.3958819820666377,-4.074901702130874,0.033472630684448716,0.0,0.9931566993528153,-3.2352833798908502,-0.034030040179741955,0.0,1.4310200388102465,-3.139473556518464,-0.1064194721168786,0.0,1.9286695478477245,-3.1034867989818125,-0.1547940157248874,0.0,0.7973468715815853,-2.5924263721518925,-0.42214591181403444,0.0,1.025930852341255,-3.2909172379730776,-0.43783360030394175,0.0,1.3626710207778276,-3.296776328937305,-0.419814291015082,0.0,1.7565195187775868,-3.32150906146294,-0.4248860792584449,0.0
0.0,0.0,0.0,0.0,0.49129216713024154,-0.4540315808958057,0.07867692518798555,0.0,1.4923974693921935,-1.8636249994102323,0.07592335938314533,0.0,2.6865990978853436,-3.444375448661499,-0.11160602317764007,0.0,2.229502977889823,-2.5643089142273547,-0.2361062125842987,0.0,0.4806336698664855,-2.65076614438612,-0.035461164466209484,0.0,1.7048731069891268,-3.8825231827722653,-0.4151107381950419,0.0,2.080885439517495,-3.2418132346165804,-0.638460351455096,0.0,1.9522733556788665,-2.3153504705031778,-0.6374654325118457,0.0,0.2775094995415484,-2.484066194976707,-0.2397708274709196,0.0,2.161239089356905,-4.866036041619891,-0.908863617831029,0.0,2.3196315610314504,-3.435984545721996,-0.8934767786376167,0.0,1.9920326763529896,-2.187182424785754,-0.7329928484899051,0.0,0.17625535284165328,-2.199959217808805,-0.4613128951715604,0.0,2.7461235927360077,-6.351504746791616,-1.9355367636007161,0.0,2.889835330720508,-4.27193627996938,-1.5280121363678392,0.0,2.207333177373973,-2.385441596930843,-0.9890317925624924,0.0,0.12748161996323928,-1.5120926321345032,-0.5994359316686894,0.0,1.128393093376303,-3.075712118283288,-1.385382991470801,0.0,2.3792613183408537,-4.2516263949308915,-2.0033854708166445,0.0,2.4969705600926955,-3.317462664209552,-1.6545546093886734,0.0
0.0,0.0,0.0,0.0,0.3895661817369405,-0.14374368329552378,0.1399302404963455,0.0,0.7393066366466885,-0.35491660008669584,0.18364501848632298,0.0,1.0231528792051088,-0.4007959940794506,0.10411360129899776,0.0,1.2225237761931151,-0.4324079759899091,0.012783936212760638,0.0,1.5279363097578282,-3.064739168024178,1.0742463834227722,0.0,1.537440390099155,-3.4995679196323874,0.8515930727941599,0.0,1.669130041098027,-3.1364731785378726,0.5907586154211834,0.0,1.7975961218653758,-2.7962276877158816,0.44691018788391323,0.0,1.8911040355804836,-4.653754088225503,0.8456729589465528,0.0,1.1835467980238756,-3.3648073753221746,0.37027572609868464,0.0,1.4535207470956522,-3.047051775058169,0.18221560885372817,0.0,1.9184989601297142,-3.0329422981982765,0.10560846005829415,0.0,1.3737839319144025,-4.124874177782808,0.06690218724153056,0.0,0.9541904933729058,-3.2290231218847123,0.001493452903562719,0.0,1.38011553407584,-3.128517221827971,-0.06484885914753541,0.0,1.9052818232228925,-3.145067725168425,-0.11116542744621716,0.0,0.7555063182058562,-2.5834659992790603,-0.4051463568328576,0.0,0.9968950612171324,-3.2974430428371955,-0.4184953703310407,0.0,1.3215377963289676,-3.285871362870749,-0.39575213168835627,0.0,1.7224859355016653,-3.323662037941324,-0.4021052995234337,0.0
0.0,0.0,0.0,0.0,0.504597848238243,-0.4462811268464415,0.10622250808110029,0.0,1.6410825577026453,-2.0749219225176687,0.22132673878993564,0.0,3.3910324386770703,-4.479883681467221,0.17462711034666015,0.0,2.50874273086319,-3.013146250237651,-0.017464066611666964,0.0,0.5509967452941243,-2.7352778143092245,0.1894534917763646,0.0,1.7505546131502243,-3.896781302035339,0.011498589885454477,0.0,2.2290180830498825,-3.446355161401517,-0.25099551278289145,0.0,2.105280055273818,-2.501956109698373,-0.3446348736815163,0.0,0.38409839771613613,-2.6233592045119383,-0.021086101658341037,0.0,2.2543798356033573,-4.856685664253789,-0.3117115774329658,0.0,2.517756148235639,-3.6783575592080275,-0.4706243637352474,0.0,2.1340900916454992,-2.3397171852460303,-0.4455359058871161,0.0,0.31308935437187285,-2.4477205280397456,-0.2522924176815972,0.0,3.213796781065615,-6.979678509448861,-1.1617217400080617,0.0,3.0998503543205187,-4.4529186338402305,-0.9508017854960448,0.0,2.3078057032023493,-2.46011275243511,-0.6419690348198852,0.0,0.2799680139446269,-1.848526727801726,-0.4522155426123442,0.0,1.6488874333658268,-3.8989325742853054,-1.1100056586767142,0.0,3.0900054637177816,-5.019692375873723,-1.5369923510631907,0.0,2.7723142918522155,-3.4185134882361243,-1.1359526417490384,0.0
0.0,0.0,0.0,0.0,0.38838616391047287,-0.14713205748534094,0.11064744743232947,0.0,0.7651735515756531,-0.36158534793692987,0.13524532993507193,0.0,1.0580396257548113,-0.41506268930728407,0.05156281214617135,0.0,1.2532894863126312,-0.4569991953398271,-0.0384095940978293,0.0,1.6045828899064363,-3.22864433940196,0.955759522807083,0.0,1.615091070242013,-3.7489819017473014,0.7160221959661751,0.0,1.7198454302202928,-3.3061669410322936,0.4382820564249402,0.0,1.8372006664629255,-2.9322465696566695,0.2986025895352721,0.0,1.918215004596345,-4.687633198143579,0.6986695698687363,0.0,1.1798305916673328,-3.4002945642644655,0.25370991390511477,0.0,1.4765854652219932,-3.114611318281521,0.07291248784506066,0.0,1.9702518628208687,-3.1251736647371744,-0.011848276157319372,0.0,1.4335570257478107,-4.247352178998335,0.0067140090973575465,0.0,0.9502676913013884,-3.2220344286040863,-0.060462266465396174,0.0,1.3789171135204055,-3.1494243726950577,-0.13124145335563842,0.0,1.9279117427580268,-3.2127403268840573,-0.1831814114486951,0.0,0.8197276834010446,-2.7749514866758918,-0.4271537835686974,0.0,1.0315531545308323,-3.436050543803765,-0.44411878164313834,0.0,1.3612521346002886,-3.4085669722414926,-0.4220523152114998,0.0,1.7884355862786407,-3.4842425284924547,-0.43042757394130704,0.0
0.0,0.0,0.0,0.0,0.48941195450364766,-0.45538300474126797,0.10463890155603803,0.0,1.5434188558674746,-1.9916200413594185,0.18444747797317132,0.0,3.04738970515136,-4.098884205357954,0.07846188421635074,0.0,2.400527347732094,-2.8872894019257975,-0.09500920773853112,0.0,0.5463216030433549,-2.753326925697701,0.11869932241968836,0.0,1.6912032276202575,-3.8905133863183505,-0.14812727352142085,0.0,2.156721255410817,-3.395108335344352,-0.41591889773355845,0.0,2.036996524210499,-2.4369369884520236,-0.4724363218599511,0.0,0.36757294180878475,-2.640097544323583,-0.10441732631936021,0.0,2.187997405127709,-4.913766854490475,-0.5479097012334835,0.0,2.4602472313425667,-3.650466837606346,-0.6617796759263973,0.0,2.081894566848265,-2.297700721230432,-0.5735428267513151,0.0,0.28112592469131586,-2.4379344925834405,-0.3483297334208157,0.0,2.7967337556646674,-6.41932361679811,-1.4084518401043986,0.0,3.0154551055802004,-4.447519733870976,-1.1969163685167077,0.0,2.2802142546697493,-2.4597639256006483,-0.7888516989537386,0.0,0.22850953502680232,-1.8117415596200248,-0.5387896076038906,0.0,1.465138588491178,-3.7200599482506536,-1.2704356467852422,0.0,2.8606948560600336,-4.8347607223647575,-1.7529265463935,0.0,2.6661780930630266,-3.364745193588607,-1.3144277325879066,0.0
0.0,0.0,0.0,0.0,0.36848834598662666,-0.13273826311977208,0.10720642940332102,0.0,0.7353894297097101,-0.34565344541638127,0.13777222194413288,0.0,1.0287815547500567,-0.3998870391444627,0.06521414931075194,0.0,1.2311710301316507,-0.44224076744465884,-0.013214469864565174,0.0,1.5890891899184112,-3.2348938080624707,0.9578149383266222,0.0,1.616167403634042,-3.765507682039531,0.7233884877712051,0.0,1.7205404865385567,-3.313614960783751,0.4484926300547369,0.0,1.8412518182732325,-2.9272370126322165,0.30881308636858906,0.0,1.8829272818984617,-4.686145545014218,0.7077809110893263,0.0,1.170709638578433,-3.382243975422539,0.27383472006053283,0.0,1.447349690581441,-3.073547394179159,0.09565798651748116,0.0,1.9224434219132314,-3.0777361992736263,0.012613013651659795,0.0,1.3834112801734884,-4.207683963682987,0.030768582574585146,0.0,0.932428404166323,-3.1993651912159002,-0.04533754049728078,0.0,1.3520947222129684,-3.1095249332302806,-0.12363214690628263,0.0,1.891157989013805,-3.1571398160577955,-0.18196810030655053,0.0,0.7967131215646444,-2.790241378554396,-0.3989347484477225,0.0,1.0207926157991511,-3.423145428681712,-0.42849658707968946,0.0,1.360000615967254,-3.38398242407634,-0.42165324784434455,0.0,1.7967915923569615,-3.434389673198152,-0.43850781890360085,0.0
0.0,0.0,0.0,0.0,0.5139189607811077,-0.47575832421767783,0.13194433853771168,0.0,1.54957184173766,-1.9699387805308917,0.25860951186036646,0.0,2.9134844471163204,-3.8648451839632907,0.2079072541617957,0.0,2.4362733939229084,-2.9767324459229485,0.0017918104154893719,0.0,0.5619249019028135,-2.7254855932274293,0.158397148265784,0.0,1.6549833388710122,-3.7427688607599348,-0.07018278865402237,0.0,2.149007741927286,-3.3438248383184304,-0.33415083265645534,0.0,2.0698166585662627,-2.4582737676248914,-0.4152885495895148,0.0,0.40099534782338236,-2.6540183857096404,-0.08374754202569151,0.0,2.143792443400448,-4.691614624395862,-0.4707467130440972,0.0,2.4243214873306878,-3.5512983927958324,-0.6120565403326022,0.0,2.0988078290002727,-2.281706215835028,-0.5560669228021429,0.0,0.32046806295101704,-2.423445142743034,-0.34705085127630286,0.0,2.8798777571963097,-6.373645773889054,-1.3600497652695633,0.0,2.9847182627905644,-4.318942333048514,-1.146017405134372,0.0,2.2931454425418525,-2.4404898913400817,-0.78304327548497,0.0,0.2623541038137948,-1.7370664033234746,-0.5371338578226278,0.0,1.4849371378931657,-3.5697773602987812,-1.2305586131445727,0.0,2.7265848411073055,-4.510313036734091,-1.6424497029028537,0.0,2.6156451284690077,-3.2752711360682105,-1.2840175133565854,0.0
0.0,0.0,0.0,0.0,0.39433917627097653,-0.1395898286714647,0.15717558041435553,0.0,0.764230845991187,-0.36087952832505965,0.24114199468735575,0.0,1.0367640004675742,-0.39656188903501594,0.19533705765383508,0.0,1.228765118076024,-0.44426574366896604,0.13630791618683696,0.0,1.5447666136432059,-3.130281625215965,1.2039362253460169,0.0,1.5759211455204503,-3.591327905194906,1.0121472739862825,0.0,1.6818273142622615,-3.208440775023517,0.7309398028601992,0.0,1.7953196288271043,-2.866908269861019,0.5787805646536573,0.0,1.9507374746137238,-4.833392001256502,1.0387384004628546,0.0,1.1989780025396073,-3.422336793054217,0.4793550204612031,0.0,1.4753669521212527,-3.122683992014488,0.28155278314102866,0.0,1.98550222613621,-3.181201010795749,0.22535101993759205,0.0,1.4083117918570796,-4.257579102899905,0.2271844564483264,0.0,0.93173455509546,-3.183598814819038,0.08630504988799453,0.0,1.349962833978008,-3.1116308111614313,0.007476418820292703,0.0,1.9022849074694381,-3.201235616252023,-0.03170641324768948,0.0,0.7862154487338373,-2.7285090634622544,-0.29279300957283977,0.0,0.9656639823490776,-3.2334269967208678,-0.3035810669052757,0.0,1.2811843379743386,-3.1999549112042462,-0.3000429046338072,0.0,1.6929630767845942,-3.253536803957836,-0.3077177871893133,0.0
0.0,0.0,0.0,0.0,0.5248144854261435,-0.47942963448087333,0.1308626141779207,0.0,1.594313259785105,-1.989952811535629,0.2625931446879198,0.0,2.984095669033514,-3.860790196784562,0.21091569065369264,0.0,2.454639687178602,-2.9183768354911623,0.003346952801775992,0.0,0.5699746835317386,-2.6994220732303607,0.18555817062730784,0.0,1.6619076080962352,-3.6999602517038834,-0.027924984625319314,0.0,2.165324017264871,-3.3269836322496076,-0.2958700895285404,0.0,2.0812249571894825,-2.4407440498144926,-0.38635372112249533,0.0,0.40510738016655023,-2.6264494770648876,-0.053722823800359656,0.0,2.1973898680153368,-4.720092372205685,-0.43051875117824306,0.0,2.481074662688595,-3.578748223643482,-0.5939703307169392,0.0,2.115648753494693,-2.255719840704493,-0.5390699945933455,0.0,0.32369857753718506,-2.4128162082326825,-0.31640049416705546,0.0,2.965379424340508,-6.45248290574175,-1.3230862180832597,0.0,3.070803247784255,-4.378529843788825,-1.1329906670005065,0.0,2.311946064403991,-2.409063314457973,-0.7589495196634419,0.0,0.26711025024209134,-1.7542655996529655,-0.5176237888554267,0.0,1.4810658842762863,-3.5416322081220253,-1.1873755225257683,0.0,2.745880590094264,-4.515600888560388,-1.6063375177796808,0.0,2.6491260406888077,-3.289313531520747,-1.258046279997325,0.0
0.0,0.0,0.0,0.0,0.3770378201969471,-0.12727945868254892,0.13249029196468842,0.0,0.747917011576141,-0.34865755185736436,0.19519951558874785,0.0,1.0260075545420873,-0.388107347052063,0.14224720266815785,0.0,1.2211097814916452,-0.434884572637141,0.07944325322935092,0.0,1.5643265484980164,-3.2141872078023948,1.0825130000021852,0.0,1.6008127155339926,-3.717455260222698,0.8710703096145165,0.0,1.6912594256879576,-3.2701907714587577,0.5874257034030033,0.0,1.8123432424444492,-2.910817564493948,0.44616404298971973,0.0,1.912577795790324,-4.8012311675933725,0.8697007413024322,0.0,1.1571471501077237,-3.387772059475741,0.3680236425352219,0.0,1.4302781544549812,-3.0785515114045907,0.18324050625820912,0.0,1.9367911256068309,-3.1385830987352414,0.11794125036941018,0.0,1.3679213360319935,-4.222931887556021,0.12909785309646904,0.0,0.9045119389988682,-3.1632866209011405,0.016285232904956416,0.0,1.3208944914931233,-3.0856526901435375,-0.06303636915335008,0.0,1.8725785393603875,-3.1767955311515204,-0.11160939118832255,0.0,0.7657037663175962,-2.7524198912927753,-0.33582491500773165,0.0,0.9603960674512733,-3.3011570499700817,-0.36212118281655914,0.0,1.2965155315288046,-3.2804432141537867,-0.36268003776569735,0.0,1.73855636057447,-3.358940421793725,-0.3782704922429549,0.0
0.0,0.0,0.0,0.0,0.502799473108033,-0.504526298935847,0.14489036318343407,0.0,1.5733180646821472,-2.156225986257327,0.32747979439570907,0.0,3.286745337077245,-4.669421122563818,0.354435522184918,0.0,2.5379817092229313,-3.2951335869444325,0.08968387219395554,0.0,0.44160132332371205,-2.6619069166596336,0.2799058830558988,0.0,1.563763620237728,-3.8501464492978315,0.15736028662234594,0.0,2.163463816028045,-3.5266684757868716,-0.13349437785024848,0.0,2.067791439761416,-2.523801182067041,-0.2643200650674697,0.0,0.3158516493851414,-2.6252350503508226,0.04982969630742156,0.0,2.056965902966203,-4.8837321601606325,-0.16930362077183086,0.0,2.4245049546912285,-3.7688449549320397,-0.40236885299732444,0.0,2.06960483736872,-2.346353180941448,-0.4145782661403858,0.0,0.27776502963888117,-2.510911817162164,-0.2064292500387226,0.0,2.9149910307237112,-6.836860767538738,-0.9416368628204211,0.0,2.988105663688651,-4.504185631461603,-0.8341844250484525,0.0,2.2508717131319638,-2.46728921475354,-0.579901708107571,0.0,0.2807278837210381,-1.9600573144951738,-0.44208700140291873,0.0,1.7973988247361314,-4.339640453027023,-1.0834321377473257,0.0,3.2073160859113345,-5.317020949592523,-1.383739469290491,0.0,2.6919119121745347,-3.3645360315897515,-0.9436199941215103,0.0
0.0,0.0,0.0,0.0,0.354716650062438,-0.11973779333982751,0.1042898807390809,0.0,0.721520327704817,-0.3408022610052273,0.1447374090122994,0.0,1.014596555782616,-0.40882381629902664,0.0865203627526207,0.0,1.204863843040721,-0.45235048989628196,0.020460481648250647,0.0,1.5991096697825873,-3.4341594652815175,1.0036261381152818,0.0,1.585566705884794,-3.883386674822811,0.7533022623050286,0.0,1.667164277627699,-3.365574830617656,0.46913023082043803,0.0,1.7997164241513528,-2.9967174609329152,0.33954241039410904,0.0,1.8603017256276533,-4.907596542688652,0.7597755666618301,0.0,1.1101348227206456,-3.4255376794719514,0.2987666094117006,0.0,1.3828276102666976,-3.1076434266071966,0.12552683750137786,0.0,1.8744318807859166,-3.173482566327383,0.05815875895668452,0.0,1.310614289675747,-4.30598802161717,0.07593936242062103,0.0,0.859167424530032,-3.196377866853658,-0.020495135203612996,0.0,1.2767750222191543,-3.1206796821536282,-0.09409565574345784,0.0,1.8373733456052683,-3.247432604605235,-0.1408621610082307,0.0,0.7287864045388452,-2.8573742513758997,-0.35440095648244574,0.0,0.9066047289809471,-3.3703982676173414,-0.37967183924521547,0.0,1.2583971800986469,-3.3589529094813124,-0.3782164302948057,0.0,1.7350298390541523,-3.4896965325070144,-0.39521416322838704,0.0
0.0,0.0,0.0,0.0,0.48973729806915584,-0.4838208861042819,0.1300320513970345,0.0,1.7336603385497908,-2.239133769337053,0.29636901411195365,0.0,3.438374248200215,-4.303607904417896,0.23407686396764946,0.0,2.408455366951583,-2.6298017833256946,0.005495434043521674,0.0,0.4221384519633159,-2.605949104767857,0.3501659496735997,0.0,1.5553427303356206,-3.8515867520810816,0.32140310557891566,0.0,2.188842858875257,-3.6130043892145127,0.02984338867049762,0.0,2.0987389849676457,-2.6314153535423834,-0.14523371389636786,0.0,0.3096163790496885,-2.5634175262597108,0.1396601238959804,0.0,2.163067537617388,-5.1181748319115385,0.07632080535057313,0.0,2.5838880781000055,-4.031020357257962,-0.23194991214869543,0.0,2.138978685067488,-2.456905499070248,-0.3072687771375553,0.0,0.2987019578580225,-2.5099076965830127,-0.09171741548434353,0.0,3.229515732230612,-7.398211367369839,-0.5604527132072817,0.0,3.240351829594063,-4.8576301696158515,-0.5700285664696126,0.0,2.3522714250270917,-2.593425364899972,-0.41219716298643844,0.0,0.342166932643229,-2.0960612427535037,-0.3399930190607313,0.0,2.2212618658823575,-5.144411045062505,-0.8873974677543964,0.0,4.165884110458701,-6.718843878881044,-1.1728830750244106,0.0,3.011806078146911,-3.7061423163849248,-0.6850378559238898,0.0
0.0,0.0,0.0,0.0,0.37225639337046024,-0.1249433268184007,0.13470735493187141,0.0,0.7448767902108109,-0.3460806803803489,0.19990962924557884,0.0,1.04299557751985,-0.4174585102894514,0.14977791829999557,0.0,1.2486650443437797,-0.4832060611670317,0.0848804486097227,0.0,1.480773945075046,-3.115961819820797,1.126680970675594,0.0,1.5847531121731755,-3.7046465485279247,0.9765526094169781,0.0,1.6709710223707694,-3.243809486220458,0.673681480371458,0.0,1.7704302082399321,-2.869024583743703,0.5189130731846225,0.0,1.7785020202382842,-4.615519605922124,0.9243587399133812,0.0,1.1466301176534044,-3.4385647966623996,0.4417273706612038,0.0,1.418935903478288,-3.1135238242771694,0.24166554095440415,0.0,1.9178804792890651,-3.161789432202719,0.17744656282217944,0.0,1.2894001336574208,-4.132279599568055,0.183261398879393,0.0,0.8576256103908709,-3.1552988076089497,0.05895319554009847,0.0,1.2780993188543932,-3.0793718946066373,-0.022614579407842828,0.0,1.8270911036224469,-3.172330182596166,-0.06889222071908141,0.0,0.7378166180696687,-2.725829751144593,-0.3070001141550037,0.0,0.9281233879754637,-3.2663696801598383,-0.3267787311472481,0.0,1.2548839294547898,-3.221791119022384,-0.32390631073610315,0.0,1.6807445654193687,-3.2852395328290123,-0.3376688691020661,0.0
0.0,0.0,0.0,0.0,0.5133295115123725,-0.4829534377228068,0.14796869535444837,0.0,1.834402800495781,-2.2963156946567214,0.355435533071508,0.0,4.147474239250993,-5.156127467505785,0.38204301659333384,0.0,2.6847580493631886,-2.9471744811575733,0.07162403204754247,0.0,0.47800525311911823,-2.545806709557779,0.3085772912328452,0.0,1.8396289713287357,-3.948060404718888,0.3027684413109803,0.0,2.4367121548745367,-3.554823185839087,0.03513259480709854,0.0,2.2667862087482913,-2.586331381689214,-0.12319446055864414,0.0,0.3895076064024954,-2.516418451601413,0.10081324656377921,0.0,2.5534582127195433,-5.184986352355491,0.09644369375258846,0.0,2.842073505821998,-3.9422145251740695,-0.12809936728179733,0.0,2.3421711999036408,-2.514153236822231,-0.22104098103895595,0.0,0.4121073755920895,-2.5061795255637045,-0.12759460708340944,0.0,4.042534561725067,-7.790612487030345,-0.5853646048105609,0.0,3.5515246622012264,-4.697648819270347,-0.4583625296668123,0.0,2.5928767197686358,-2.6467401657926,-0.33700054983160255,0.0,0.49267349075535916,-2.17590575095675,-0.38261772474581895,0.0,2.9270124977746317,-5.592244050840965,-0.9763877913243977,0.0,4.372177160975557,-5.99674351039749,-0.9807669230825699,0.0,3.0796336627040035,-3.2986253372225156,-0.5447021816887555,0.0
0.0,0.0,0.0,0.0,0.3713927650353302,-0.1282241874607263,0.13332724340975188,0.0,0.7374506535396331,-0.34699132177040026,0.19875821414274178,0.0,1.021690406018748,-0.40588808864259596,0.1508592427224889,0.0,1.203095105933563,-0.44323040632615224,0.0888413609248615,0.0,1.501013684958449,-3.1971799661142772,1.119049079036408,0.0,1.5478011845524116,-3.7515103553885156,0.9415509332995762,0.0,1.6340497805074203,-3.295387857897986,0.6414610084007447,0.0,1.7509863735033442,-2.9423092157931476,0.4925996303066201,0.0,1.7848051654695374,-4.71749722484084,0.9125905437997747,0.0,1.1363729309413322,-3.4668460854161984,0.4250553522851411,0.0,1.3839104788226289,-3.1112402761597395,0.22499969396050823,0.0,1.8449564054269578,-3.1428763391900567,0.15613714459583702,0.0,1.2807995106561303,-4.205110728395133,0.17566077241290903,0.0,0.8571293488053007,-3.1863245373360995,0.051233849203301006,0.0,1.2661789085372808,-3.0920777764880563,-0.0311169908644208,0.0,1.791469647317055,-3.1661407370678614,-0.07997954935442428,0.0,0.731935399306171,-2.7906842767732365,-0.30863036725135373,0.0,0.9268962226162889,-3.319938759345599,-0.3326088145557646,0.0,1.2561206482091118,-3.2599467159127506,-0.33198971289500645,0.0,1.6605404190265844,-3.2743104945081387,-0.3437824857748989,0.0
0.0,0.0,0.0,0.0,0.47543264857633294,-0.4581781716105172,0.1164559352110806,0.0,1.6275110296447564,-2.1658220644921,0.24952983837456583,0.0,3.5489399138014956,-4.805819116508651,0.19529461474375653,0.0,2.537616508071776,-3.0918880032222016,-0.024280044646689654,0.0,0.36985511858626785,-2.555619247550435,0.23076118375630555,0.0,1.6242677007517357,-4.0148786981336375,0.11657734357236055,0.0,2.245690586179102,-3.635790845410405,-0.17797119786797166,0.0,2.106804260702639,-2.584804953457228,-0.29908985127546245,0.0,0.2608110776209369,-2.5002394084904225,0.025129814597693877,0.0,2.177314915729025,-5.147359348208898,-0.19196718941047117,0.0,2.558877756807311,-3.9190025580581263,-0.3873431130690361,0.0,2.1341292003032537,-2.416140566596156,-0.3894836705124102,0.0,0.2707767062394926,-2.476941980919083,-0.20979838947088014,0.0,3.143639663466876,-7.132085073491035,-0.9473732859466476,0.0,3.151863756171039,-4.643722501532605,-0.7581539834082324,0.0,2.34588273416968,-2.5517181559133277,-0.5084591919545468,0.0,0.34742426007216615,-2.093177957149942,-0.46236896081975243,0.0,2.251529008673238,-5.1068755768996015,-1.2037517114838372,0.0,3.8020002812802702,-5.965766968494682,-1.3906218039814804,0.0,2.834731837984312,-3.376342175751625,-0.8216607193013659,0.0
0.0,0.0,0.0,0.0,0.36016280213248447,-0.11211574889527483,0.11014397371278205,0.0,0.7279630987188379,-0.3154552679949303,0.15975891352280974,0.0,1.0177016004287462,-0.3852285255292198,0.1115828318619841,0.0,1.220696898693686,-0.4577146303496061,0.05305386534293903,0.0,1.526438523248301,-3.1952718942094513,1.0184830829845226,0.0,1.6413866233539487,-3.8955863907985675,0.8529861978134136,0.0,1.6779189029745245,-3.3348448411535623,0.5379824128285,0.0,1.7599430328176033,-2.9348412483951893,0.38945959930251123,0.0,1.785983971143059,-4.637222681372375,0.8001533553772772,0.0,1.1803675164319531,-3.5074093695408552,0.3502769298083912,0.0,1.4207241836324482,-3.12119286899941,0.14834672045602373,0.0,1.8684630795100583,-3.1220134489022615,0.06806915369573584,0.0,1.2874645230755075,-4.188057353406627,0.12480783674486147,0.0,0.8636463909222369,-3.1775858147630145,0.0012780685292894324,0.0,1.2608743290182265,-3.0672788710178773,-0.09074428224543626,0.0,1.7733209001942436,-3.127938906190568,-0.15008577277710924,0.0,0.7263404890554398,-2.8323744452111583,-0.322664612791885,0.0,0.901084104815545,-3.3082986132902406,-0.3566390596527001,0.0,1.2231936054005927,-3.2416943758594434,-0.3642200099327105,0.0,1.634764314096529,-3.2808595386134405,-0.38575532142752383,0.0
0.0,0.0,0.0,0.0,0.5523285294530899,-0.46226577892352544,0.10402019202888337,0.0,1.8466767605648797,-2.115733603921175,0.18197947758914973,0.0,3.2715003378979564,-3.695782179152793,0.028981569970006647,0.0,2.4313053030017735,-2.406151655215909,-0.1211684141123808,0.0,0.46025058917598116,-2.5046006259593425,0.17263256492444104,0.0,1.7209843467656172,-3.8276957903104094,0.017791872526278344,0.0,2.2544144200892804,-3.427522366648299,-0.2518184540907179,0.0,2.1365987837826386,-2.529492427474381,-0.35615820571226325,0.0,0.3383434742883682,-2.4243589383716064,-0.026390440594520885,0.0,2.2833965162617815,-4.884535364861782,-0.31881925929492594,0.0,2.6177683529080125,-3.758422322772582,-0.4887237128971068,0.0,2.206789282172482,-2.413270619284208,-0.4681955935565018,0.0,0.33572339911597904,-2.318482003181184,-0.25530554476771616,0.0,3.489566948683346,-7.13785005821575,-1.16719544810062,0.0,3.347225329625297,-4.575378887934808,-0.9291168290044656,0.0,2.465245846554532,-2.5546167364422856,-0.6266327547956704,0.0,0.3968340053192389,-1.841426641045302,-0.480017992870079,0.0,2.1988086507406357,-4.529662086299018,-1.2407335934749364,0.0,3.9526224839440847,-5.8163222236781795,-1.6196797298819432,0.0,3.0459855738421546,-3.472162611784293,-1.025925685616627,0.0
0.0,0.0,0.0,0.0,0.39807237318196426,-0.12285908802838458,0.2192604236825914,0.0,0.7359870095798231,-0.32019381204186403,0.3475604955349421,0.0,1.0000718915049602,-0.3638569001966553,0.323449126366434,0.0,1.2172426032246966,-0.4441443540831377,0.27968134084442037,0.0,1.3575845177105383,-2.8656991438620567,1.4585156626337026,0.0,1.3527036523388052,-3.196542858455299,1.2998524212612852,0.0,1.494067007554156,-2.918167341027902,1.0476804805867799,0.0,1.6360828350266463,-2.6693629983333595,0.9125514002346305,0.0,1.7777368996586735,-4.661821695987531,1.3847007014688473,0.0,1.1669011151341016,-3.414613837836681,0.7734415107298447,0.0,1.4458772130857571,-3.0976201784359456,0.5561635009958102,0.0,1.948847103862102,-3.142805015753324,0.5396366062420439,0.0,1.2183329662539308,-3.944802210934807,0.40453444059326205,0.0,0.8731053096393024,-3.1403448554668287,0.2661733753114516,0.0,1.3226916279413363,-3.091157458009412,0.20176170862740184,0.0,1.8587323257079738,-3.1510150260444973,0.1864809272538789,0.0,0.6750307068227615,-2.4756793615558603,-0.2029382164208629,0.0,0.8326574198905682,-2.92914685424553,-0.18254093648638553,0.0,1.1684024279417653,-2.935944718226274,-0.17928801784285148,0.0,1.5601775064104244,-2.9532455222753167,-0.18115574699374065,0.0
0.0,0.0,0.0,0.0,0.582976536975328,-0.48904716743158244,0.13757272533209072,0.0,1.9668503322488489,-2.174943557506401,0.2620641444347042,0.0,3.3192310083245373,-3.5226809762332647,0.10963011791649195,0.0,2.4450671048164976,-2.265414152851371,-0.07847690707933598,0.0,0.47245540216289295,-2.391536407667066,0.1854788379394653,0.0,1.8105189460235156,-3.670786958921149,0.0753391572622647,0.0,2.4233030256495605,-3.353962661601565,-0.18173533278251416,0.0,2.2755811246797304,-2.472984256268146,-0.30364025152642693,0.0,0.38471464399327654,-2.365075827621442,-0.02637107777587244,0.0,2.488153830827019,-4.804116081771318,-0.26830455755605465,0.0,2.8159002119116128,-3.7137631258219286,-0.43966759074382245,0.0,2.3455491050425903,-2.4088421003745024,-0.4476190133783841,0.0,0.40570837362452383,-2.2930478433549273,-0.27300608526651554,0.0,3.761570347065596,-6.955310957513115,-1.1267436427129047,0.0,3.652096518706718,-4.632370472874203,-0.9101408781225546,0.0,2.682464290221997,-2.631092919468895,-0.6335744960652794,0.0,0.4788463292911119,-1.8393807756444838,-0.5172935579415809,0.0,2.3610858826041383,-4.333618397775835,-1.2473446541829205,0.0,3.8548211174321856,-5.125521983298299,-1.4784373085583857,0.0,3.0412275999169047,-3.169321767918647,-0.9743108712595799,0.0
0.0,0.0,0.0,0.0,0.39153601857951875,-0.127323388497116,0.1707217572302886,0.0,0.7425506485142797,-0.3198343002691385,0.253697551348575,0.0,1.014556227669386,-0.37046496308954646,0.20849468744306524,0.0,1.2331655926739291,-0.45897184019301823,0.14844291943142912,0.0,1.516875647164072,-3.1015838462416734,1.2654852358442694,0.0,1.5091928136964132,-3.4680810873643644,1.0722537544488027,0.0,1.6044252142024573,-3.0907874145384002,0.8024663452236241,0.0,1.7217013098837395,-2.788466860888411,0.6638267758809274,0.0,1.9419559128562032,-4.882609412333707,1.1093915715951803,0.0,1.212922526949774,-3.462179966563635,0.5502428520015991,0.0,1.4671717918750493,-3.1230467137969975,0.35114157337973734,0.0,1.9621603269966303,-3.173741710464287,0.3109815363142417,0.0,1.3361181041116825,-4.15372040789708,0.22930920712619587,0.0,0.9014960773424162,-3.1728785436222284,0.11556969972369292,0.0,1.3203964895278328,-3.106727870796631,0.050283305252231535,0.0,1.8699575800643036,-3.212311343277656,0.02353130144699772,0.0,0.7097603911532501,-2.5846449331856625,-0.2978480248353775,0.0,0.8739139052957207,-3.0805550460049944,-0.2906698996152754,0.0,1.1895988901580847,-3.08401785142601,-0.28027631611949105,0.0,1.6125040745282264,-3.1954507727880226,-0.28826477912537807,0.0
0.0,0.0,0.0,0.0,0.4892063541454881,-0.4049951210861899,0.09547289772394853,0.0,1.6039550923604373,-1.8426979437544124,0.16708622913023546,0.0,3.3608746119570827,-3.924455959500961,0.056814009582691075,0.0,2.559861398656092,-2.704437273665693,-0.09923569895381291,0.0,0.4538567294228002,-2.468754906280618,0.1388557946960148,0.0,1.6690546822008243,-3.7042515079298513,-0.06518811160774075,0.0,2.2388431071372485,-3.3221374279041984,-0.33533511399735766,0.0,2.1357178296465276,-2.3908798808533853,-0.41423337654868764,0.0,0.350326468506206,-2.4202105842458503,-0.052846558448574464,0.0,2.189297355895156,-4.627916760416298,-0.38988492252515233,0.0,2.5369915085711314,-3.525724791549935,-0.5426331064852378,0.0,2.153402751450385,-2.2202990451066076,-0.49756043256227206,0.0,0.3536904169788243,-2.350131732298335,-0.28101758276535727,0.0,3.296783136740223,-6.644744088880701,-1.2330777295284923,0.0,3.172963450794695,-4.193102985558011,-0.9739355972358213,0.0,2.3762357114884476,-2.3201512844897123,-0.6568698910284688,0.0,0.3972642766670781,-1.902684047179234,-0.503940631778002,0.0,2.2832383021552647,-4.5402586283370905,-1.344293176142412,0.0,3.8029979187175864,-5.391981423629723,-1.657711611616281,0.0,2.944258771147042,-3.210408142480772,-1.0618708209333976,0.0
0.0,0.0,0.0,0.0,0.38000069510870144,-0.11883178622536394,0.13794897194725472,0.0,0.7375479486772961,-0.32660930521382325,0.19323208567438432,0.0,1.0316875038072553,-0.39465842096123266,0.13379695759241797,0.0,1.2475004193206072,-0.45997652444933085,0.058586443100681104,0.0,1.5719389770363226,-3.1375979929932343,1.0614483811093436,0.0,1.5976118937634456,-3.6421018987854152,0.8549906034319151,0.0,1.7006344327097886,-3.2290507759569427,0.5820838127592527,0.0,1.8153868882753972,-2.86265405766437,0.4372470632324123,0.0,1.9776868491697994,-4.800229094449297,0.8379599101760941,0.0,1.21229527798727,-3.4234724816368822,0.357895354134613,0.0,1.4769532287720815,-3.0935101969907843,0.17127349614625742,0.0,1.9428926660224646,-3.0793002152382702,0.09688359427229269,0.0,1.4133677507176907,-4.196704744142564,0.06851936273625167,0.0,0.9366522543896728,-3.1793950591352744,-0.008120076337384166,0.0,1.3562247292721592,-3.0882713325821887,-0.08069847927194872,0.0,1.8714310487207106,-3.1041805304927994,-0.12972662955357311,0.0,0.7684517811258431,-2.6531480650566417,-0.38687105929178767,0.0,0.9676740326917755,-3.2464113745967893,-0.39949349593580186,0.0,1.3057145862604487,-3.235892274861079,-0.3896441077143735,0.0,1.7260497986130117,-3.2783080391472432,-0.40151400801468656,0.0
0.0,0.0,0.0,0.0,0.49050678066494785,-0.4160236122193392,0.10180815929338688,0.0,1.6018357118071183,-1.939813708111726,0.20761522100467236,0.0,3.5069282566918614,-4.417142661219025,0.16296450901672244,0.0,2.6040592292414977,-2.9951337315509665,-0.022820132377043254,0.0,0.40755237046442,-2.458010474888178,0.15543840956091734,0.0,1.6137501167552557,-3.7024638016270415,-0.02689091823654198,0.0,2.190240805549904,-3.317327122678902,-0.2876668195301296,0.0,2.1145350587174185,-2.400357134756256,-0.37221286876293863,0.0,0.3145606171685691,-2.4141664300464547,-0.02884327100450155,0.0,2.1619203289485953,-4.667633613154695,-0.3203943197747057,0.0,2.50782479194438,-3.5210689877385986,-0.4701118167637665,0.0,2.1298805230506144,-2.223284113101134,-0.4420313768796492,0.0,0.3310461200207859,-2.3600297373826473,-0.24935103527166963,0.0,3.390835667067633,-6.896655890570744,-1.1667614055007507,0.0,3.0929282943904957,-4.1197966498372764,-0.8825728721023237,0.0,2.3371976213452337,-2.315889301524162,-0.6068783392036526,0.0,0.38323533011355765,-1.9124035727232982,-0.4658788110549543,0.0,2.317765440531592,-4.606981709164513,-1.2812764415803741,0.0,3.647802376651621,-5.1530372711729395,-1.4983244383621843,0.0,2.8258498249683366,-3.0753907481352347,-0.9622392730938716,0.0
0.0,0.0,0.0,0.0,0.37694255754716277,-0.1128389887417801,0.126216697339606,0.0,0.7417548090253607,-0.31981400296814877,0.17611225784725182,0.0,1.03520505508025,-0.382459373542759,0.11513530565431297,0.0,1.2491243262606702,-0.45022828183291086,0.041611941083326255,0.0,1.5793502086997226,-3.1192203907297635,1.0415781906422072,0.0,1.6428797780500966,-3.697910394908852,0.8498100631474312,0.0,1.7144730800564187,-3.2380096281802713,0.5647564752572724,0.0,1.8180238322192046,-2.868031468683882,0.4218190508313047,0.0,1.9572041568266323,-4.711509945648746,0.819466493829112,0.0,1.2259859563480362,-3.4343958206007192,0.3563034982067712,0.0,1.4770561995979954,-3.086636516807042,0.1715880178274094,0.0,1.9329292998529517,-3.0664027256441306,0.10121146817996535,0.0,1.414250943611372,-4.179735872744155,0.07537240950768885,0.0,0.951441700941191,-3.1881990309827732,-0.009372553105092132,0.0,1.3647823442684508,-3.087464407615777,-0.08080183646286988,0.0,1.8789655687910116,-3.10490895227408,-0.12668217682158228,0.0,0.774219459755228,-2.681610812814207,-0.3791785855049598,0.0,0.9723349600592194,-3.2467753990799584,-0.3970636119984293,0.0,1.3036328320351045,-3.2232315291069846,-0.3875769294304415,0.0,1.7234101201221326,-3.2700342474118704,-0.3992294588729458,0.0
0.0,0.0,0.0,0.0,0.5371842729033945,-0.3983231490769265,0.07422548938243063,0.0,1.7775367948862177,-1.7642934958487733,0.09877585520822962,0.0,3.5076916354453087,-3.5702104332345406,-0.06896946586869401,0.0,2.6679972541676444,-2.50730235714172,-0.1863336848272755,0.0,0.6000742603499873,-2.485312779251292,0.10790689657633963,0.0,1.8358484119646261,-3.5612526585226725,-0.11772498683503183,0.0,2.3280603565111475,-3.1258050986445105,-0.36547598164405887,0.0,2.222681474076438,-2.284908800501931,-0.43438231452487247,0.0,0.4541132265690112,-2.3781300477958616,-0.06525493495526097,0.0,2.342742932563162,-4.3600037629544115,-0.40764405015087724,0.0,2.6674388050387394,-3.351809488177862,-0.5567360986007037,0.0,2.270526450471726,-2.134936016948284,-0.5108686291967958,0.0,0.41421101068172467,-2.250196288982486,-0.26432905079954944,0.0,3.598667216316112,-6.485364255954316,-1.2440650100402415,0.0,3.4042124615944376,-4.122175753671688,-1.0127122238545243,0.0,2.503039661853091,-2.2476615866441274,-0.6770091591995545,0.0,0.4058447315163967,-1.7892579730557856,-0.45369628470221507,0.0,2.2899861841083484,-4.146741094252558,-1.262464688779806,0.0,3.973692396254177,-5.079066597289608,-1.675464147257637,0.0,3.0266071688562803,-2.9289200491924565,-1.0611240394271617,0.0
0.0,0.0,0.0,0.0,0.4068309492260605,-0.12416001641475177,0.1726132946566303,0.0,0.7944005814076824,-0.35902623999823624,0.2550121198241965,0.0,1.1168997036043482,-0.4312697243722549,0.19254895436593172,0.0,1.3568493755051574,-0.5180915773145056,0.10749789257973838,0.0,1.4343775705249635,-2.7893947380089616,1.188648402997391,0.0,1.5124576472643556,-3.270766394563111,1.0284159218502227,0.0,1.6730674933640448,-2.993603874000838,0.7828682200544046,0.0,1.8242234778513404,-2.715577162376427,0.6447689275326944,0.0,1.7945094873090517,-4.266635661197554,0.9963800490390111,0.0,1.2383742810043075,-3.334672434705905,0.5162273514789446,0.0,1.5597776162418273,-3.085522398608115,0.31262674100667065,0.0,2.0846938239378674,-3.0957283561149773,0.2462846680596225,0.0,1.3210857607091586,-3.82046423633961,0.19181388076653985,0.0,0.9754922586503888,-3.1344259090076574,0.08646946120835,0.0,1.4690801645627414,-3.113897119827584,0.0010856966511630821,0.0,2.0334649303124044,-3.1099027839614406,-0.05240047346130559,0.0,0.7536265347351673,-2.450709663381513,-0.3260603608394135,0.0,1.0228898909293764,-3.1103604066786716,-0.34096473521641635,0.0,1.3976452953385852,-3.127142749929596,-0.3454409570450962,0.0,1.8238985178584952,-3.119611229399914,-0.36328025042475237,0.0
0.0,0.0,0.0,0.0,0.5379035325931801,-0.3988997131316384,0.09523507017431859,0.0,1.7426557246108714,-1.6717778891044508,0.1251763601288498,0.0,2.858316907610795,-2.6637570995323485,-0.03676204399003875,0.0,2.3291232556954156,-1.9082765710928673,-0.16018027700312915,0.0,0.5686885333411371,-2.4286531871453882,0.06511353922935474,0.0,1.7058074240580396,-3.4401506170189493,-0.1805889053700049,0.0,2.282066426792408,-3.1148955316961926,-0.43825573967668185,0.0,2.19686837300177,-2.2602157694809493,-0.5021639987624085,0.0,0.4161687409029217,-2.3288367950233493,-0.13555838846674867,0.0,2.1486310336145307,-4.202822100315318,-0.5422497227337697,0.0,2.5650487499757566,-3.3155228143261253,-0.6840343485960568,0.0,2.2133671666070573,-2.1205685673739025,-0.6136178016808843,0.0,0.36848029342730415,-2.1655831720998173,-0.3624913872128447,0.0,3.010563843354893,-5.7223283453132785,-1.3878693036863614,0.0,3.2933688167073245,-4.073908660853207,-1.2218982596197907,0.0,2.4598531283396152,-2.2292337792269517,-0.8199111295373006,0.0,0.35266082284146727,-1.6391375826067416,-0.5543625494817265,0.0,1.863462934071918,-3.509357727068576,-1.343084137016715,0.0,3.364281694802191,-4.423319795892914,-1.7999509541881689,0.0,2.850852781303176,-2.8248179019575717,-1.2718430838236985,0.0
0.0,0.0,0.0,0.0,0.4194787941587022,-0.1346771817885567,0.18680058493732268,0.0,0.7982878199658389,-0.3516967738091018,0.2802796897630139,0.0,1.1000050711962048,-0.41119095384114096,0.2283908915805834,0.0,1.3255894804186032,-0.48393640798707743,0.1552884191394825,0.0,1.5234913241741481,-2.902559625045651,1.2765582538694715,0.0,1.5693728267826654,-3.3129115391899857,1.1078089500618862,0.0,1.7095082647848743,-3.0119217186133262,0.8533674705695102,0.0,1.8346859318483906,-2.7139031440732047,0.707493359058465,0.0,1.9138957078206174,-4.469055317265268,1.096190766544776,0.0,1.2843468826215978,-3.360173464933201,0.573306227797797,0.0,1.5749127330732438,-3.071063488021907,0.37610333364490145,0.0,2.086380672858901,-3.083974263819227,0.33211746441673434,0.0,1.3613994322440908,-3.8491043470783275,0.24022169093721243,0.0,1.0215753893720145,-3.1561268687699826,0.13171639674494157,0.0,1.485858410806076,-3.102138569204318,0.06907417317973116,0.0,2.034109856274885,-3.1079312719714345,0.04346650022133541,0.0,0.7778026388956027,-2.4458277171594585,-0.2910230605542029,0.0,1.0686714037748068,-3.1264411138267585,-0.29534333328890705,0.0,1.4305546755651344,-3.1450626223877434,-0.2783584321108995,0.0,1.8458838834062037,-3.148937466394305,-0.27135753245171695,0.0
0.0,0.0,0.0,0.0,0.568692853768573,-0.4057794422825002,0.06241128973821332,0.0,1.9980805732538638,-1.8391494073257588,0.05343539468973267,0.0,3.5483265301132487,-3.2435108435294686,-0.15872362834471757,0.0,2.5633857122494663,-2.1280349093415083,-0.2307107887623501,0.0,0.625904167035188,-2.3880598483953652,0.11069423052649266,0.0,1.8407770365346299,-3.4925855342712966,-0.09436295035376856,0.0,2.405868551577592,-3.150158138113266,-0.3541077790790074,0.0,2.2672989010827216,-2.270845081572297,-0.42957247663474907,0.0,0.5057498678477454,-2.2999272267297064,-0.05843115846766312,0.0,2.3931767270694744,-4.320281353545323,-0.3907009979636365,0.0,2.688442857635367,-3.3414144403592876,-0.5499115199554208,0.0,2.278278831912001,-2.1439501897850364,-0.5114052131917002,0.0,0.5016080364627151,-2.166500034492084,-0.2597244776119327,0.0,4.142537805571812,-6.910859884541099,-1.31015359238394,0.0,3.580938595030252,-4.134909493531582,-0.975263614094645,0.0,2.5693942699779493,-2.2458735959398894,-0.6412393785943231,0.0,0.5271718753949264,-1.633649418175373,-0.44957816978182774,0.0,2.5864878842807713,-3.8684072352465213,-1.236264276045825,0.0,4.255957904511054,-4.767965066883011,-1.5713364091600006,0.0,3.1746550693939852,-2.827668830360704,-0.9891067428378253,0.0
0.0,0.0,0.0,0.0,0.37668874340753244,-0.12803813203720432,0.10751962926469925,0.0,0.7612441366546463,-0.3637486750202932,0.14526014015585942,0.0,1.0853607750927405,-0.4497985982729984,0.07654603513185852,0.0,1.314737760853226,-0.5137167836730577,-0.002193031236489027,0.0,1.5280722540457208,-3.077102809219632,0.948464746432752,0.0,1.6987617540279492,-3.761549335340137,0.7635433223186986,0.0,1.8177267569662179,-3.302334903244951,0.47605284091220773,0.0,1.900938341379707,-2.856885536851833,0.32113868942463686,0.0,1.6947255301703703,-4.214714574892429,0.6800064189283476,0.0,1.218411026649327,-3.354786313502834,0.2908571436291218,0.0,1.5222194679214596,-3.0578921890500035,0.10976295900674249,0.0,1.951848866849629,-2.9521069591764837,0.025913687855099277,0.0,1.2548994321542164,-3.805392563802774,0.06324978769567798,0.0,1.0039234390759224,-3.1816226506419083,-0.040408911210357785,0.0,1.4623993434469102,-3.090274134790579,-0.12650201422034177,0.0,1.9551642271427678,-3.000058775952658,-0.17996318892283503,0.0,0.7760212753127046,-2.6479223650815134,-0.35526109751772766,0.0,1.1837054621775862,-3.5146590271528666,-0.43471050089386465,0.0,1.5819972680934478,-3.4793007205660214,-0.4376542211444877,0.0,2.0095842534037995,-3.412266844050289,-0.4459309210140206,0.0
0.0,0.0,0.0,0.0,0.5284068056341035,-0.42038802706809353,0.06251910649841039,0.0,1.8327505654208334,-1.849229983388082,0.0434618420062,0.0,3.282556445295144,-3.2728471950913898,-0.16989423065142836,0.0,2.482721389478743,-2.2286493699119654,-0.2503421559721027,0.0,0.5605088416625605,-2.4060070040767116,0.026616282762996345,0.0,1.7658325272983628,-3.497721618244979,-0.25675993048347656,0.0,2.3063687834591744,-3.1028472512184084,-0.5065147165927283,0.0,2.1844939196734305,-2.219785172628637,-0.5436450260011619,0.0,0.41860494914505897,-2.298205846112277,-0.14875357851030277,0.0,2.247801731912936,-4.276223346033991,-0.606754067889175,0.0,2.546413223615708,-3.2415417197883682,-0.7018084880468954,0.0,2.183522940027709,-2.0663903054785613,-0.6083908538186577,0.0,0.3761436915579189,-2.1102835565284987,-0.3555485173260137,0.0,3.4618018773363937,-6.2805058286859685,-1.5812097092770039,0.0,3.318886160025969,-4.004641860895309,-1.221381903394518,0.0,2.4415558686377765,-2.172312539170392,-0.792987927357389,0.0,0.353469226732005,-1.5180761888069085,-0.5184252080845511,0.0,1.9652404874676213,-3.3943830122679777,-1.351307398565334,0.0,3.5158989316902938,-4.319263982317103,-1.8042972548821163,0.0,2.8806867992001113,-2.7182625299692664,-1.2246462626053314,0.0
0.0,0.0,0.0,0.0,0.386525194120135,-0.14138727454479924,0.11734124057144837,0.0,0.7775308404177701,-0.3778459644673787,0.15922053948358786,0.0,1.0981676158840914,-0.4497193494125751,0.0877504578355097,0.0,1.3063950549517447,-0.4945598768422467,0.006141100877747165,0.0,1.561429615792091,-3.171940668475684,1.011572893890281,0.0,1.6730106252917996,-3.7523859073319343,0.8136272729218113,0.0,1.7950581843590272,-3.3045519441341806,0.5309309687810453,0.0,1.8969302579110636,-2.8872165969334906,0.38235949798140745,0.0,1.7583420906659042,-4.341978433406667,0.7428004108346229,0.0,1.2462085984439486,-3.4035097505307905,0.3450890075664597,0.0,1.5416227452565079,-3.102179808994956,0.17165249232570629,0.0,1.9733039278280635,-3.0110487786668623,0.10219215827075087,0.0,1.3277967877228094,-3.9156515456559404,0.09529535954239222,0.0,1.0563198512546284,-3.263778353995884,0.00278954907332193,0.0,1.491828056343612,-3.1382791436668946,-0.06416303043154384,0.0,1.9719449804220968,-3.0555779817014463,-0.09955747116640841,0.0,0.8288918037669308,-2.6943629058831324,-0.3462047483419619,0.0,1.2091127206344658,-3.543180640159621,-0.3928422139413411,0.0,1.5777648696439743,-3.4907383972084873,-0.37159837898941483,0.0,1.981147212530297,-3.4309381739166516,-0.36027410473617855,0.0
0.0,0.0,0.0,0.0,0.538103993860945,-0.39143549204517186,0.10126750216952501,0.0,2.152231621903747,-1.9882925603258879,0.24072183240830639,0.0,4.829621523602889,-4.3105143542907385,0.20896340569249935,0.0,2.947782374342203,-2.328903027415866,0.008592670978483234,0.0,0.7028246476860767,-2.2980085720999797,0.24249363756581485,0.0,1.906463541421224,-3.18387478700725,0.1986779064932374,0.0,2.5969662034374643,-3.0142284348808572,0.004522800552761537,0.0,2.5209577407468937,-2.2511356535393143,-0.12431350686614723,0.0,0.6712295876659369,-2.306350337523642,0.08825259673028414,0.0,2.6047966421989788,-3.9635449200067043,0.04649142969317178,0.0,2.9215209368161252,-3.1556132146309537,-0.1489773898707092,0.0,2.5098954556725537,-2.0732127814175936,-0.23076267828341082,0.0,0.7622888642370135,-2.2872975932038098,-0.10128720824158452,0.0,5.566539746836904,-7.574553034648664,-0.5768951545414666,0.0,3.8989848351922647,-3.8354813416909153,-0.458199168486725,0.0,2.776495052357272,-2.096261271914652,-0.3562486150239596,0.0,0.8404171771379507,-1.801285240662177,-0.31064733335894434,0.0,3.7109132520846524,-4.336131208329852,-0.7977104000278874,0.0,4.357469404403541,-3.9329369193216803,-0.744874986754825,0.0,3.167974200464659,-2.2933338460465382,-0.47728214747582787,0.0
0.0,0.0,0.0,0.0,0.38847128432827094,-0.14491177293835236,0.13076381407512472,0.0,0.7595810229254687,-0.3759635183188093,0.17151630502427107,0.0,1.0963042866748844,-0.4737024353845144,0.09528188878465532,0.0,1.3395316551848018,-0.5505311200613627,0.005499690111079908,0.0,1.242023315323429,-2.9251324875145412,0.9859100409993848,0.0,1.5562095146666237,-3.6632192154627705,0.8786169136704042,0.0,1.7861123214614463,-3.297704811236464,0.6172283932670757,0.0,1.8853107464475412,-2.83773442892486,0.4535638837202158,0.0,1.267602495732541,-3.694817673004217,0.6780099922212899,0.0,1.188212198663464,-3.3395278916276587,0.39675952799759934,0.0,1.5314662462564093,-3.0606896987365193,0.23278971502963666,0.0,1.9226859275221315,-2.8923741356704995,0.16326139595642086,0.0,1.0002880454980643,-3.410892961259709,0.11752447478640694,0.0,1.0305866183272718,-3.235416784106356,0.049726676699848954,0.0,1.51356761928784,-3.1175974327051126,-0.006482625319988594,0.0,1.9361989327419926,-2.9270938671503943,-0.038130720890881535,0.0,0.7485482074891426,-2.548388658523677,-0.31042572319358896,0.0,1.3374872383678078,-3.698682219877319,-0.3645571487567042,0.0,1.7696110314798024,-3.6176169483620857,-0.3266834030775707,0.0,2.092905321573322,-3.3625877955619172,-0.2928323903890684,0.0
0.0,0.0,0.0,0.0,0.466319793835998,-0.3626318498739818,0.07121995177775191,0.0,1.8463662539421768,-1.9226997730278734,0.18974534705490642,0.0,5.520946658801706,-5.863915759062609,0.27456402624644205,0.0,3.3343464769758993,-3.403940941271595,0.06419458645364927,0.0,0.7043142777120598,-2.4481579947922016,0.23047735212152567,0.0,1.9657467886876427,-3.523761719264285,0.12748827286413064,0.0,2.477735548039431,-3.0897275796254386,-0.10131905236691678,0.0,2.3155322554267226,-2.223338749284002,-0.20393509767411983,0.0,0.6814286124278369,-2.4715884890971584,0.08604165293153347,0.0,2.5851986563477163,-4.294998850589284,-0.023627373652780857,0.0,2.8038857903265932,-3.248508985397818,-0.219560746267541,0.0,2.3326014833438546,-2.0610063244542607,-0.2685627754592835,0.0,0.7774465904022124,-2.4777963107611343,-0.09962731518030699,0.0,5.025157618441312,-7.597063105817666,-0.7067534784315158,0.0,3.5991129842448464,-3.8505327618049514,-0.5464997315058958,0.0,2.585421226174359,-2.1044316950439677,-0.4041764502712282,0.0,0.817727262299553,-1.9287194639468408,-0.2980900537718605,0.0,3.6597502288821144,-4.896573076595023,-0.9380017880247843,0.0,4.361381677831715,-4.4274452120169006,-0.9366749984223989,0.0,3.0561673767815503,-2.471562972067265,-0.5871807117159639,0.0
0.0,0.0,0.0,0.0,0.3923991779105747,-0.1469416129501042,0.15798154043393703,0.0,0.779269149834305,-0.3921359519723965,0.2310144738455147,0.0,1.1195585860164836,-0.4830881593193899,0.17103786083553707,0.0,1.3408194073772834,-0.5468539417965665,0.087833636645695,0.0,1.3565424551541245,-2.9279943615194046,1.091103885830007,0.0,1.6132271186039069,-3.6309926205028735,0.9827301914037654,0.0,1.772555863431396,-3.2454702582317965,0.6985362762252028,0.0,1.843886249175928,-2.818495104272896,0.5239960561495545,0.0,1.541347294295048,-4.04327167757867,0.8200931190849904,0.0,1.2431517125433194,-3.413215762611563,0.4516913088587008,0.0,1.5577711754481205,-3.1295949266254963,0.2781259130389335,0.0,1.9500292337092253,-2.983969418229193,0.2116629622564479,0.0,1.2294372966840723,-3.736983202561872,0.15129669305192733,0.0,1.0624637205502565,-3.2582635006420904,0.061932868174374676,0.0,1.5183841163352856,-3.1421687441381483,0.01123378224881726,0.0,1.95256314305861,-2.9952672470879285,-0.012454399966925022,0.0,0.8427020461244259,-2.6244133236976603,-0.3286279311616751,0.0,1.283128277471191,-3.5217578388004345,-0.35966030571810814,0.0,1.6678794620315562,-3.4579335605429313,-0.32061426321004355,0.0,1.9905374966967035,-3.25988307540685,-0.2889066955284208,0.0
0.0,0.0,0.0,0.0,0.425147848136338,-0.32415157742416534,0.05649210247408535,0.0,1.7102154163792478,-1.7652287159882145,0.09935085545454779,0.0,5.5028795161124995,-5.927977914111538,0.009370052681616052,0.0,3.5741282896399373,-3.6486955385127815,-0.12292274515912986,0.0,0.8468640403876272,-2.475079197721451,0.06765392347115219,0.0,2.196621138022848,-3.59562488525125,-0.1685992690617244,0.0,2.531406454171098,-2.9913406926655313,-0.37034430812391467,0.0,2.3325205522107946,-2.1595880757505754,-0.40989466388498164,0.0,0.8331099540594804,-2.4893761113284025,-0.10196818831233007,0.0,2.8699580627684362,-4.361206872363099,-0.43899371296759127,0.0,2.781328398777808,-3.0263148089483938,-0.5028975987146019,0.0,2.337185064201012,-1.9694968571462057,-0.45868140879963953,0.0,0.9213659222077919,-2.369453056629383,-0.3168518040192253,0.0,5.409460795619538,-7.411926824223207,-1.4294308790524821,0.0,3.420542696226943,-3.4015070598283055,-0.8053768979085607,0.0,2.557282805847023,-1.9795798139422247,-0.5642121779971604,0.0,0.8687385648751936,-1.603031702936918,-0.46660815256847205,0.0,3.7207856751341035,-4.439778988812411,-1.3939714265296614,0.0,4.506924564831489,-4.264356223192305,-1.3672865728609165,0.0,3.174896355501577,-2.469878699971271,-0.8372510509983031,0.0
0.0,0.0,0.0,0.0,0.3583075326788369,-0.14278212434865034,0.11802196022876928,0.0,0.7269690542660355,-0.3984009939774313,0.16359105735311313,0.0,1.0893058903922823,-0.5272347247396689,0.1025773250586513,0.0,1.3488270109286937,-0.6201382671574339,0.0272273357429611,0.0,1.0078410198240737,-2.8906858995176345,0.8834896701998699,0.0,1.5057091845495247,-3.8775324472939974,0.8413929937737091,0.0,1.779505901749195,-3.4656175370137494,0.5740269251308014,0.0,1.8576949438626267,-2.930654948903592,0.4061331941432111,0.0,0.9500632559359591,-3.393543043121854,0.5781231285391902,0.0,1.1419046367540582,-3.4305069258535794,0.38095117482419644,0.0,1.521940007881403,-3.1634419320808727,0.2285553943040807,0.0,1.8621374799749406,-2.9252348463525726,0.1569388164962559,0.0,0.8497421731688254,-3.317743539692738,0.1287998440147062,0.0,1.0610781434319538,-3.3698699322540393,0.058945173738530546,0.0,1.515245270172107,-3.160512040288017,0.005204855390876691,0.0,1.8774371723033372,-2.9125985456014143,-0.021005476700300358,0.0,0.7984721282194124,-2.766649211065828,-0.27714949075685874,0.0,1.516679831058845,-4.084032224300277,-0.33483374063257837,0.0,1.827317055809614,-3.6931479493163324,-0.26763273203051846,0.0,2.0178248666293928,-3.2609170373506897,-0.21863769103549263,0.0
0.0,0.0,0.0,0.0,0.4817000648959628,-0.40033462402369274,0.09997531611939331,0.0,1.8205792405057848,-1.8684322592005485,0.21402713015597175,0.0,5.516620079731031,-5.6266777542351765,0.2398832826310811,0.0,3.615482037078761,-3.3472728316596485,-0.0076220145054109074,0.0,0.7856219465054695,-2.371136057891791,0.15904536789410845,0.0,2.198204026701441,-3.5240877876051164,0.002985322672188789,0.0,2.676339545269297,-3.031403507412779,-0.2165800969036724,0.0,2.456273999950951,-2.1320255036675544,-0.28464076115663484,0.0,0.8003294312039804,-2.4350496988565156,-0.02157351855785169,0.0,2.7901918883289043,-4.221036302766286,-0.24277339979630094,0.0,2.9168871640458622,-3.0894456898909315,-0.37133950276048067,0.0,2.4418622052753842,-1.9547678917005806,-0.3653927437369451,0.0,0.9435647574249096,-2.429840039760964,-0.2558026001656095,0.0,4.978529250209652,-6.80893880574243,-1.0254668688642883,0.0,3.528957397117484,-3.441171182224585,-0.6734465029963057,0.0,2.620300033001749,-1.9378104966051948,-0.4844468567695122,0.0,0.962515612038701,-1.7845091164204097,-0.4612783356259282,0.0,4.015805584392849,-4.7995707921830375,-1.2679180495351443,0.0,4.690919332741581,-4.386303149382311,-1.1644406039733741,0.0,3.25873286392482,-2.4670110736189153,-0.7019706557840897,0.0
0.0,0.0,0.0,0.0,0.38677965089978933,-0.15408929690936712,0.12881590966551423,0.0,0.7856615055730607,-0.41434229146120904,0.1761921802652629,0.0,1.153172855469214,-0.5404565426175452,0.10455257849587304,0.0,1.3937676686582003,-0.6266378086841305,0.010154801541103377,0.0,1.3010952767344819,-2.9732292674731067,0.9274134607512213,0.0,1.6691350581667128,-3.8481994707304743,0.8299685641226417,0.0,1.7896371343273418,-3.3508690977987334,0.5315163265893424,0.0,1.8121059338521426,-2.854697345775048,0.3587057296432924,0.0,1.340200414117725,-3.8093540284028533,0.6160670889943164,0.0,1.2789727899953791,-3.49575659779215,0.32855105829641573,0.0,1.5857819099862254,-3.1500090040006943,0.14336230371717792,0.0,1.9450249535567812,-2.9483328483321483,0.05817792076925804,0.0,1.04951889120468,-3.5072377977916633,0.060160364586346084,0.0,1.0861087487818,-3.362313534296353,-0.016121481648587746,0.0,1.5204939899674592,-3.1720851062581215,-0.08962456260097941,0.0,1.9273894062598793,-2.983959402848565,-0.13299372907898516,0.0,0.7516850540562462,-2.6083692273517207,-0.3479105179598031,0.0,1.2904959234998477,-3.713928162107581,-0.42028259027409737,0.0,1.686242623116961,-3.627489821176862,-0.39244397797354014,0.0,2.03709539009547,-3.436096086615084,-0.37460881189380013,0.0
0.0,0.0,0.0,0.0,0.42310317882558324,-0.358979597196963,0.09106742357722704,0.0,1.5322006419509273,-1.803451615209135,0.20351167820920077,0.0,4.712151541681838,-5.872957207376344,0.2992548655997832,0.0,3.575597668954266,-4.3305961870034935,0.05861545342066867,0.0,0.7238716249454495,-2.523456668779993,0.1443748579558027,0.0,2.1625636450541097,-3.88759531093117,-0.048215998118283775,0.0,2.540878237588709,-3.222073368380795,-0.27750659639069625,0.0,2.2973826259069097,-2.259533456236104,-0.3326618560414813,0.0,0.7200702352727094,-2.5791916204426752,-0.04450557092704242,0.0,2.690209806509717,-4.5560960848471295,-0.3039532927733952,0.0,2.6969975947320295,-3.1942677673078412,-0.41027508034910887,0.0,2.2569890487654356,-2.033394906873044,-0.38970572747385107,0.0,0.8221870173817099,-2.5257064144051804,-0.2818678841425293,0.0,4.504069868043116,-7.0044735849321835,-1.114215397129252,0.0,3.161832571990732,-3.460019521524694,-0.712281055346848,0.0,2.399402113862524,-2.004098950421876,-0.5144934641768135,0.0,0.8026349797138927,-1.7766594575975723,-0.46292802985512455,0.0,3.551315562127226,-4.999415474945581,-1.358318196187278,0.0,4.24848339248113,-4.622593277724205,-1.2921703630052461,0.0,3.002098380711011,-2.643338549611037,-0.7913467821937094,0.0
0.0,0.0,0.0,0.0,0.37977370432520413,-0.14914918438076663,0.11426283319658805,0.0,0.7453931146452508,-0.39094753542805755,0.15729585348410444,0.0,1.0995268340516078,-0.5163954494082276,0.09434881172395061,0.0,1.3761716166803013,-0.6352906265883514,0.017418654259149097,0.0,1.1173718390581342,-2.874808120608259,0.941366129587046,0.0,1.6680484358232905,-3.9656949607171574,0.9337582166567745,0.0,1.8976272314383296,-3.4958175039426282,0.6293130548561705,0.0,1.9120097404091418,-2.886705859087461,0.4313679370998012,0.0,1.0777595806203464,-3.4590042675508212,0.6581311174662388,0.0,1.2145252553564867,-3.4407300640060567,0.42699148324406716,0.0,1.5825949565625916,-3.1571055653647164,0.2564117450262635,0.0,1.9116978507918883,-2.881668944998639,0.17703859991627247,0.0,0.9171611757530822,-3.3462413907385193,0.19542082928605892,0.0,1.067558586086987,-3.312438410988269,0.0990829042893312,0.0,1.531259479059232,-3.1427054063501823,0.03503560511451221,0.0,1.908391714987088,-2.9013279663384064,0.006089211765533082,0.0,0.8038904166573552,-2.7882462003802506,-0.21420065785848222,0.0,1.4525482453729148,-3.9300191231677917,-0.25950083099909943,0.0,1.8366113261554773,-3.6753813865964036,-0.21897024128507048,0.0,2.0960066810826845,-3.2978709520380125,-0.18137381287952276,0.0
0.0,0.0,0.0,0.0,0.5051441838976425,-0.37209011909160916,0.09472962686401049,0.0,1.6959777512214707,-1.7210500544415892,0.19726239837532264,0.0,5.117335485148863,-5.411850852709111,0.22505640713852182,0.0,3.6148241617824675,-3.611082245766919,-0.007719375476614716,0.0,0.7498153930766586,-2.4778214316379628,0.208931694593453,0.0,2.126890373702229,-3.677779704920287,0.08185335564699639,0.0,2.665327476344048,-3.2423696198062197,-0.17036006086188488,0.0,2.429211282584125,-2.2710116332917494,-0.2646560159291279,0.0,0.7271155164276686,-2.5221092438515416,0.029601450110173715,0.0,2.6020162833929157,-4.3024050757145655,-0.14392654790242324,0.0,2.909317780735916,-3.3285559147927417,-0.3222874242001179,0.0,2.4397787314556845,-2.0995397339999538,-0.3407973196309762,0.0,0.8485078631670258,-2.5676812030180876,-0.19894845590432125,0.0,4.089572869253878,-6.32901724530283,-0.7739453562539864,0.0,3.4268035553333083,-3.7290435977945906,-0.6204900918875773,0.0,2.5902837455904715,-2.130520848555233,-0.4581007595308982,0.0,0.9051941602478168,-2.0027065319163135,-0.4293045288494529,0.0,3.832178873888812,-5.311188993925256,-1.2125886614543084,0.0,4.7751348632584385,-5.057929948536698,-1.1810229455395762,0.0,3.2425422498531042,-2.7452154763103436,-0.6870726893392461,0.0
0.0,0.0,0.0,0.0,0.34431642275539387,-0.13090381142010998,0.07267853122472193,0.0,0.7232382192508141,-0.3885075895289701,0.09136728514780922,0.0,1.0975017395567401,-0.5441535486719321,0.022970395886081685,0.0,1.3627084222852865,-0.6478530890146271,-0.05641312259668072,0.0,1.2933239528584477,-3.0571405522668544,0.7980188571774983,0.0,1.9243611025602394,-4.441258124271334,0.7387361994853179,0.0,1.9412200445791388,-3.596089447785149,0.37728649020808375,0.0,1.8706094892093394,-2.897181640583801,0.20384950140599556,0.0,1.290070306065465,-3.782387577985541,0.5465540781356145,0.0,1.2764097504071683,-3.5471462369124067,0.26229035222256386,0.0,1.5580010315093844,-3.1318702637798292,0.07545746594329436,0.0,1.8716852310013388,-2.8745364716658957,-0.008028937052834379,0.0,1.0318111867118227,-3.5968145753658036,0.10648447693326563,0.0,1.0496233697821638,-3.347831509267806,-0.010711978183104598,0.0,1.4573616879005105,-3.1316944190965175,-0.09550603506503111,0.0,1.8510158736152196,-2.9531015021289235,-0.13803136603314833,0.0,0.7553013989431614,-2.8835334707202436,-0.25523575114926067,0.0,1.258233211631748,-3.875990838108241,-0.3269879740087151,0.0,1.650756880657682,-3.742273524369992,-0.3146011020139856,0.0,2.0256827398720594,-3.577915832287526,-0.30137356336915194,0.0
0.0,0.0,0.0,0.0,0.5172865504117612,-0.40874939521933357,0.1376686908638331,0.0,1.9964079261632255,-2.1212735008966073,0.42463157732983,0.0,8.526214391290765,-9.650394597019977,1.3090605268754407,0.0,4.345486637288195,-4.682193881437487,0.49609335714127134,0.0,0.8463102524852151,-2.4886029168211983,0.40350097916163397,0.0,2.318477432517282,-3.6838436345747776,0.48448771858925876,0.0,2.9224586708048603,-3.2959219156077397,0.24702071232849793,0.0,2.626121726825293,-2.3042888901424985,0.0580613109237456,0.0,0.9033816311967245,-2.619734304671258,0.23714406084871817,0.0,3.0384471019311214,-4.5076441577182855,0.3788285088110445,0.0,3.1548028689585665,-3.3912987673854342,0.09674847806964691,0.0,2.5663033239688877,-2.126006498071599,-0.06816370149506293,0.0,1.121199743056176,-2.788921776768909,0.03109642340780893,0.0,5.7207167115682385,-7.704432005633675,-0.004583858933620037,0.0,3.72845947403499,-3.68133333106499,-0.1516128103247156,0.0,2.706564038909011,-2.0628272515780797,-0.18390479069162044,0.0,1.2679306473209373,-2.3364956856589814,-0.23132179426020127,0.0,5.697159918595055,-6.8135636555220715,-0.5570730464392193,0.0,4.99034074778577,-4.70576147807793,-0.3587985279044137,0.0,3.3253375519802293,-2.5570640358154453,-0.21924094112752418,0.0
0.0,0.0,0.0,0.0,0.37093817646451377,-0.13334032302858423,0.11359868346354662,0.0,0.7346584663652463,-0.3786752952678282,0.16569153034161926,0.0,1.1006371116734948,-0.5280873886574392,0.11624869828858712,0.0,1.3865320007346311,-0.6624440275053374,0.04961274550533929,0.0,1.0137587366807328,-2.742228417972442,0.9618927941242919,0.0,1.7163057432755264,-4.044265164789813,1.0604406406289517,0.0,1.9048207316651027,-3.480720424582917,0.7182542934569717,0.0,1.878597711439094,-2.8479477814307588,0.5007665468975806,0.0,0.9510194780210707,-3.278863764755833,0.6909902340967008,0.0,1.2459666005308825,-3.5153894714389327,0.5111273408429565,0.0,1.6027394846874388,-3.1689455737353587,0.3192610817067564,0.0,1.9036412206501165,-2.8488552883652845,0.2312760968892498,0.0,0.8201465008597839,-3.2284691438595536,0.2555311852682353,0.0,1.0510774398406162,-3.3060048395724606,0.16154181294165829,0.0,1.5077368938435878,-3.120887701807479,0.08606094124367253,0.0,1.8767918786279278,-2.883249412709821,0.05056406367151485,0.0,0.7438989480047667,-2.7819698173466993,-0.14385426726338527,0.0,1.3304624004250982,-3.7861792339697606,-0.16290503944442994,0.0,1.7278559387530563,-3.602503626658722,-0.13331101206820042,0.0,2.042832250092335,-3.3359201104514624,-0.10682910815520018,0.0
0.0,0.0,0.0,0.0,0.5643888563265229,-0.38364513740289036,0.128400489913764,0.0,2.017464263329169,-1.9398069372302542,0.3661675089913669,0.0,8.488756678692962,-8.987836917033006,1.0527417846535283,0.0,4.9086575769613425,-5.087343173931706,0.4214669509147907,0.0,0.8722449644716425,-2.427472340639636,0.36041434167208153,0.0,2.3781528105016956,-3.571335399270499,0.41040958388186266,0.0,2.9589008487835775,-3.1517854014773055,0.17712368899036235,0.0,2.6490050659054596,-2.1955291324468393,0.0072550673275473335,0.0,0.8889447443791565,-2.5074238417837598,0.19077828404539068,0.0,2.981688739002227,-4.2471148616309735,0.2634379147587948,0.0,3.2031524619618175,-3.2240429678462363,0.020165205401963683,0.0,2.6075899511220513,-1.9901182903687464,-0.10942094285886166,0.0,1.0793417313162577,-2.6393799797584996,-0.014138169036619281,0.0,5.172619076899429,-6.7799802943315814,-0.13925229569404418,0.0,3.740492598295536,-3.4976561360861282,-0.2097534300805608,0.0,2.7182424697611847,-1.9249154453642878,-0.20812783463859696,0.0,1.2153166288393111,-2.1889234444075893,-0.27111117712011396,0.0,5.541101067758548,-6.447617420082865,-0.6923661803431701,0.0,5.164211342145268,-4.653455987331054,-0.4719537106793251,0.0,3.3663328781517365,-2.4311548032235506,-0.27132535384811507,0.0
0.0,0.0,0.0,0.0,0.3806379616285136,-0.14275462670350159,0.11415633797192434,0.0,0.7514812428936091,-0.38922275621983415,0.1578504129548543,0.0,1.130589513965398,-0.5642397859704034,0.09652287978072313,0.0,1.4162259812208773,-0.7100505840629848,0.012081582724218902,0.0,1.0703856081203122,-2.8338703433700023,0.9752734541646416,0.0,1.6802672377837167,-3.949870904174779,1.0265673707757055,0.0,1.8621703241186967,-3.4262575519985528,0.698402626757093,0.0,1.8526647276484154,-2.847195928863626,0.4874316959035208,0.0,1.003650931795884,-3.3707646873038066,0.6918067286924982,0.0,1.237027292046666,-3.485561820630925,0.4836658599190866,0.0,1.5883451402562254,-3.150301812331815,0.2829795685522937,0.0,1.9037049967909427,-2.8586209172617005,0.1895679966684914,0.0,0.8506407950429395,-3.2775729723327753,0.23927048635190773,0.0,1.0503334592198232,-3.328690169368767,0.15202889642296025,0.0,1.5212918797571455,-3.158969655517872,0.062434223989548385,0.0,1.9041886931896657,-2.923757092821095,0.012143509104899952,0.0,0.7373314900311486,-2.740953694021147,-0.1662665000716166,0.0,1.32318020702789,-3.8510090796534704,-0.18321657046293716,0.0,1.7467415657671221,-3.723083590007764,-0.16651527354847956,0.0,2.0992242030403605,-3.4863245164133123,-0.15465513586532273,0.0
0.0,0.0,0.0,0.0,0.5427462924558005,-0.39967136121159674,0.14876885459236328,0.0,2.0223047526859417,-1.8910139634720615,0.40305906562623134,0.0,7.851898313715833,-7.660908542316673,1.005444110604756,0.0,4.546627357621542,-4.255213583770129,0.3739658670325588,0.0,0.8814453766054979,-2.351900876293735,0.35988233132417063,0.0,2.263100973473334,-3.272691263739167,0.40714215921530683,0.0,2.9293190423567514,-2.9999300992925018,0.21695715973410795,0.0,2.7144199239459565,-2.1614030035022527,0.04971488470946149,0.0,0.9326445831270969,-2.467304808718028,0.1869954076182654,0.0,3.021399195039004,-4.047989354811695,0.2757364172377468,0.0,3.235070450548393,-3.089703115767878,0.03491515550089765,0.0,2.6465315660450246,-1.907022150193592,-0.10734159471720757,0.0,1.1296332789971912,-2.5884992795332544,-0.03019013271161326,0.0,5.454037893967397,-6.720428501713878,-0.11724823255066803,0.0,3.8636855791208364,-3.406607308435664,-0.1945766328126372,0.0,2.7593879273984645,-1.8218906790837552,-0.20791330936730087,0.0,1.2187061286132292,-2.0680483357909525,-0.29107541809160886,0.0,5.0102741326339135,-5.480628301879923,-0.6305570390637107,0.0,5.060751344643209,-4.282082305921305,-0.4615071495878067,0.0,3.3302818295603323,-2.2317925662015248,-0.2756315665705946,0.0
0.0,0.0,0.0,0.0,0.3713113624617757,-0.1291414630389971,0.08516594078268634,0.0,0.737823086328082,-0.36608959561464005,0.10119056680901804,0.0,1.1401130542281857,-0.5542008694232357,0.018213206726045976,0.0,1.4448605234983463,-0.7293964011936733,-0.08022372921017897,0.0,0.8938194782036782,-2.6369156599088264,0.9250633193636231,0.0,1.7638220485319238,-4.003316961975167,1.1188439408299944,0.0,2.041941610278719,-3.4732283151537877,0.7778880026722566,0.0,2.0023390007826407,-2.809245424614872,0.540422192082656,0.0,0.7740174559602133,-2.930754096212992,0.6662864732247645,0.0,1.2978943154575286,-3.4343444027904075,0.5699597198667613,0.0,1.7046844417264961,-3.1379810219279185,0.36892171916684635,0.0,1.9722068846123295,-2.7720463736919334,0.26213255663356727,0.0,0.7401579398748592,-3.0154103911474897,0.3289760922652297,0.0,1.1265601070986169,-3.3011444460768433,0.27013423722663593,0.0,1.6089880517344504,-3.1112421180604457,0.18097228415149227,0.0,1.980729193855043,-2.8555228584434333,0.12961240581055103,0.0,0.8301449552193507,-2.8844931924817363,-0.030291865690494985,0.0,1.5547030777612951,-4.0672102849473095,-0.001996169553667533,0.0,1.9385722796102611,-3.770575344732589,0.01546359178788816,0.0,2.230804779847042,-3.4232674112225654,0.025889934591087585,0.0
0.0,0.0,0.0,0.0,0.5282093300226288,-0.3881488767412653,0.13774371835954238,0.0,1.9658419505264249,-1.8382454094567364,0.35659468363554275,0.0,7.334287550822231,-7.128311878053796,0.8008289725022779,0.0,4.4565292364856,-4.120353283497998,0.28066670678715233,0.0,0.8790335007969271,-2.354579268398979,0.3233541954565226,0.0,2.251812061595293,-3.2953828480222085,0.3336981510869803,0.0,2.9007385795405085,-3.0137265728430647,0.13550476507990916,0.0,2.689612831617046,-2.1725008680355735,-0.015489617179312088,0.0,0.929069345216436,-2.468296101506852,0.14777738424260697,0.0,3.0042666229264694,-4.0633662691428665,0.17921299454461748,0.0,3.2021761168205836,-3.0831997607956287,-0.04556139596810238,0.0,2.6245022520553998,-1.9058968470822588,-0.15898909288249877,0.0,1.1373381344311246,-2.592415419315046,-0.07794396444649655,0.0,5.488187936093374,-6.78419090780164,-0.2843073763599965,0.0,3.8166548851357116,-3.3884755878422603,-0.28533159203359293,0.0,2.746874098942661,-1.835660165885131,-0.2625617217344081,0.0,1.2169615008373562,-2.032013065783621,-0.33759840493153276,0.0,4.952679335785618,-5.436781855480378,-0.7806366733840797,0.0,5.092834928608447,-4.367129734129215,-0.6066581144022273,0.0,3.369671570458578,-2.3037380495178703,-0.3621451225170854,0.0
0.0,0.0,0.0,0.0,0.4070663309548707,-0.15724898824217576,0.17996813684384844,0.0,0.7972970419142281,-0.4253875768357915,0.2732714818517244,0.0,1.2159457275216101,-0.6317211786215066,0.2388365122400965,0.0,1.5417246397616944,-0.8163420849572162,0.16436528904644004,0.0,0.8010585593287247,-2.4937311789702306,1.0361699451845605,0.0,1.4417953228766982,-3.4752835133718434,1.1817588350403916,0.0,1.8756205922856244,-3.267220083850411,0.9595641086829635,0.0,1.9758150786694064,-2.7587293618993924,0.7403092232205214,0.0,0.7381629265188374,-2.8786910970512722,0.7231151947045182,0.0,1.2243137774915172,-3.3495327237785704,0.6588155471232899,0.0,1.6933607387676988,-3.1322583076528856,0.47442148849647986,0.0,1.98163179182176,-2.7779551095501223,0.35376109416095186,0.0,0.7324528167248364,-2.9187717952847656,0.29446629168099037,0.0,1.1742560561012476,-3.3690790272619893,0.30465168596093484,0.0,1.6792790567464757,-3.1585556255807816,0.22059963357046766,0.0,2.006532942069947,-2.840113040860298,0.14931926923538813,0.0,0.8312160175271034,-2.602781514792034,-0.12881072080831993,0.0,1.6510033683141423,-3.984607055762058,-0.06949282559117488,0.0,2.001788811118139,-3.641645975521995,-0.029670697560617444,0.0,2.1714090879630814,-3.1800169419357758,-0.024859648661914754,0.0
0.0,0.0,0.0,0.0,0.5559812098905623,-0.36377597279135926,0.11887127954050783,0.0,2.0815063059532526,-1.8408681340833688,0.308692023937101,0.0,5.942977986404597,-5.501111569031692,0.5138615676567116,0.0,4.067849968916994,-3.5929351254296837,0.18026015157678532,0.0,0.9443778932626602,-2.327475594398502,0.24775928208076614,0.0,2.456324681606446,-3.375203460132964,0.17144059915164125,0.0,3.0118191073808624,-2.9350282274570825,-0.07769776831408125,0.0,2.6746692903104003,-1.9967041420464788,-0.1982862784993961,0.0,0.9904069424148599,-2.438061738543539,0.06738998592790511,0.0,3.199083482976669,-4.109482394494262,-0.0541760976672794,0.0,3.2426140318931305,-2.9429398962096274,-0.2659642187417432,0.0,2.5934882008880615,-1.7628275838949967,-0.31384620119274015,0.0,1.1910108633543797,-2.5271297123571714,-0.17574092084609433,0.0,5.343583615657709,-6.4318548671959865,-0.7274981169865489,0.0,3.8061517005343113,-3.284686948694133,-0.5705487810789217,0.0,2.749716665928069,-1.778733038220154,-0.44225265603179703,0.0,1.1686502491547495,-1.8477991283569555,-0.41410713074908384,0.0,4.095045568060507,-4.489061792148839,-1.0511136087530484,0.0,5.115456000061459,-4.41909985811602,-1.097468553364722,0.0,3.511186009953576,-2.427380158185645,-0.6867901861229507,0.0
0.0,0.0,0.0,0.0,0.3966710466945182,-0.1536105323870771,0.1434849756215993,0.0,0.8036674215455586,-0.4195275890091969,0.20973451450306999,0.0,1.2157145291716251,-0.6207749196034793,0.16067771739743295,0.0,1.5448855107025476,-0.8159313990102268,0.08274973292607056,0.0,0.8785921908818675,-2.606094660974302,0.9463503532739607,0.0,1.5953941232569964,-3.68125308195153,1.0674024664161028,0.0,2.0485944258530457,-3.433155448276479,0.831055283653735,0.0,2.113589651446905,-2.831058447351041,0.6076766110780015,0.0,0.7726177224263413,-2.9172603496633567,0.6343908330198285,0.0,1.2734683790123265,-3.388470028518314,0.5512839820883502,0.0,1.746756420443195,-3.161674014810119,0.362062759527002,0.0,2.030041550377654,-2.7832996223330495,0.24162502355017842,0.0,0.7328039754847535,-2.929449677030143,0.24008869467057878,0.0,1.1600512652247743,-3.305221322163507,0.2169987956450839,0.0,1.688511361011092,-3.1477906780761846,0.1298638369727818,0.0,2.043644040972407,-2.85398204941369,0.06215020389068504,0.0,0.8308597264340729,-2.7128615539458805,-0.14920320068870138,0.0,1.6060809626864452,-3.951800960963443,-0.1237127133004156,0.0,2.00185689460418,-3.6753488514147166,-0.09219421836994159,0.0,2.242733238072254,-3.273315025356485,-0.08363086053680246,0.0
0.0,0.0,0.0,0.0,0.5825867730967689,-0.3768916603721296,0.11548541708720797,0.0,2.0906496354254513,-1.8081228252169652,0.2955371529868011,0.0,7.076316623586863,-6.697679962984773,0.5850583929037468,0.0,4.567245445926984,-4.305565006752613,0.19391824995532272,0.0,0.9497459055106717,-2.2981151738884584,0.2675752008298408,0.0,2.6279112311443797,-3.4851646254639648,0.21063885957046902,0.0,3.0835315610087313,-2.896541936051697,-0.05159373346547321,0.0,2.6614397031578405,-1.9114234053335162,-0.17036414543257758,0.0,0.9744670379678931,-2.3823585234297435,0.09427297972740599,0.0,3.2915157314303185,-4.124106490112409,-0.0007197490103929816,0.0,3.3046999341300536,-2.9104207039931147,-0.21542739719811574,0.0,2.6149365766291632,-1.716261067703191,-0.26884801539471603,0.0,1.1609849646432522,-2.4758212375992055,-0.13245484406038924,0.0,5.511561174001941,-6.403549483988339,-0.63404327491431,0.0,3.7748368649643704,-3.118357793851256,-0.4908685519977884,0.0,2.725679783209207,-1.6719988758208155,-0.38221858261559755,0.0,1.204929957040153,-1.923884022240351,-0.38129436697330116,0.0,4.634898427711239,-4.907306321914302,-1.0380508177437417,0.0,5.178255827622714,-4.261748859084476,-0.9543192064038785,0.0,3.4769054048251347,-2.279257320959235,-0.5801289799100721,0.0
0.0,0.0,0.0,0.0,0.39178602273637786,-0.14851615686606678,0.10619320018842494,0.0,0.78663964388715,-0.39270868398926784,0.1267135447983723,0.0,1.185906272465301,-0.5804580403967832,0.04028853297673615,0.0,1.4924947160797355,-0.7561729657424395,-0.06513637228049433,0.0,0.8665890343202198,-2.6400008557061145,0.8257546848472914,0.0,1.6153795374390614,-3.7988834384583763,0.9041485240390827,0.0,2.0668478241655883,-3.5039910833337573,0.6543453604222244,0.0,2.1300849373988755,-2.8661617264390844,0.4509039429527501,0.0,0.743928934184124,-2.88133664408659,0.5332683493393089,0.0,1.2512545318895425,-3.3643157252679887,0.43855164296176363,0.0,1.7254855966972658,-3.138857003493836,0.2602489011291698,0.0,2.0124492923808144,-2.757725522774139,0.15096350150323606,0.0,0.7182730667204839,-2.9257829737690817,0.18032504991628573,0.0,1.1606635405782613,-3.321029155616821,0.15449497810242235,0.0,1.677781444246284,-3.144291608441332,0.0751050200157565,0.0,2.043030919801603,-2.860786629058884,0.015071093570394722,0.0,0.8400423996781334,-2.780361030321741,-0.18873322289901873,0.0,1.6657887919024117,-4.143094397264986,-0.18260216924316927,0.0,2.0431955488273323,-3.7965362632580044,-0.1425698793450374,0.0,2.2748407795041774,-3.362504674058292,-0.12713889138308082,0.0
0.0,0.0,0.0,0.0,0.6177404227101518,-0.32796796593783023,0.11116456503279346,0.0,2.16762484420366,-1.5488462063201989,0.2417756745289439,0.0,5.2169980720123945,-3.8086909999017076,0.23784752046784194,0.0,3.807612369746747,-2.5663117023549145,0.009300662768876613,0.0,0.9847870813540976,-2.187601572310617,0.22182502990371591,0.0,2.483663094478929,-3.13399546386913,0.11879681608181172,0.0,3.083266217671752,-2.7372129930163918,-0.13300620506923574,0.0,2.73641493462453,-1.84401407341209,-0.24520490346503127,0.0,0.9860228122009773,-2.247744769436429,0.03916855936590599,0.0,3.065094995284083,-3.689041648797673,-0.1356716071192997,0.0,3.336766584198004,-2.7878440903488286,-0.34415227037811374,0.0,2.7023445254410805,-1.657196368626448,-0.37097467664560857,0.0,1.1425188455609272,-2.289912344369821,-0.20037511941819292,0.0,4.870455136010164,-5.475189485951072,-0.7774812211265337,0.0,3.9395774695370456,-3.0871758552689705,-0.6428753533430077,0.0,2.825004001972931,-1.6102059876484496,-0.47382927959176674,0.0,1.1552700281910864,-1.7171837693919716,-0.4487165966298024,0.0,4.059397704383317,-4.058341876959467,-1.1408950585699928,0.0,5.2164699486012305,-3.9978844439906362,-1.2009120604045156,0.0,3.521149705881401,-2.092742600343465,-0.7272708517359973,0.0
0.0,0.0,0.0,0.0,0.4245876480187734,-0.1469575558570681,0.24193521291735762,0.0,0.7978921334961211,-0.36995137899838526,0.36475608984591606,0.0,1.2075074091998854,-0.5474859792874336,0.3349474787032468,0.0,1.556648013040975,-0.7388974861229112,0.2529523034426466,0.0,0.8580944463367154,-2.294257114610697,1.2613381628535438,0.0,1.4170178724428053,-3.021286218726071,1.425135131875844,0.0,1.8310347046882072,-2.88475398022158,1.2240486530968857,0.0,1.966286052148867,-2.485250695485528,1.007599365028316,0.0,0.8445519449844933,-2.82475797968967,0.9481129913703812,0.0,1.2896748788534809,-3.2384906625224485,0.8902918735322556,0.0,1.7753872148642895,-3.050931050139828,0.6969785011087688,0.0,2.066375571783768,-2.682521412139401,0.5624409066026426,0.0,0.7964018361272651,-2.818526849577217,0.4002435016664896,0.0,1.1927963599311036,-3.2081755944012724,0.43220744058112975,0.0,1.7312587832330322,-3.067114470596074,0.35772624533218705,0.0,2.0812492394715947,-2.7673075294567027,0.28419162995325997,0.0,0.8150114167464168,-2.377940921275631,-0.10218942596931294,0.0,1.5231128744456524,-3.4364231301906627,0.0031642502398243105,0.0,1.9114419711417985,-3.261714244831826,0.04425507442839612,0.0,2.1238643286110603,-2.9175198823632944,0.044439631897626015,0.0
0.0,0.0,0.0,0.0,0.580886237245424,-0.3694455156615264,0.12847525481434208,0.0,2.250852869286709,-1.8768494337828405,0.37199627075087477,0.0,6.935039824977376,-5.964638643116616,0.75791800862438,0.0,4.261089640880896,-3.4802744835463746,0.31759666534868947,0.0,0.9276970970917939,-2.267008878541491,0.33900852803107007,0.0,2.486705551460357,-3.336653164108194,0.3810240572629261,0.0,3.111703562449526,-2.9236671558845297,0.13498730188226374,0.0,2.7211150753291915,-1.9490590378313162,-0.036166143543272446,0.0,0.9656750110375363,-2.3597169111140572,0.18353382817706562,0.0,3.182740554364148,-4.012638048124988,0.24602386742486507,0.0,3.364828180700164,-2.9690539892302263,-0.022127787849307686,0.0,2.632201198139011,-1.7141915173286915,-0.15359970038809692,0.0,1.1720574951308913,-2.484206934360683,-0.015320645216950398,0.0,5.755130533150295,-6.683516967410242,-0.23087576479198205,0.0,3.951729895944114,-3.254634783817698,-0.30368574975531504,0.0,2.7635548643709598,-1.6766726958592544,-0.28062896319262487,0.0,1.251747694945596,-1.9715305414566882,-0.26124507083663756,0.0,4.8277797671635145,-5.096830847574083,-0.6758721678781744,0.0,5.622071550291512,-4.623334431050886,-0.6644518110652634,0.0,3.61721027056712,-2.3747213464163925,-0.4127553878885969,0.0
0.0,0.0,0.0,0.0,0.39035113138363886,-0.15570904759072507,0.1498730061703529,0.0,0.7931802989044203,-0.4409032576574502,0.2200357128041366,0.0,1.2078347338865552,-0.6292151793429611,0.17178831515402232,0.0,1.5130211078200893,-0.7834404189027226,0.09335804613224442,0.0,0.8297823833088872,-2.669946795333046,0.8268373076292888,0.0,1.472921232961674,-3.6076790681044018,0.8380181034760289,0.0,1.914381920735751,-3.372509002808812,0.6379892767006762,0.0,2.02238768598547,-2.8404024575253057,0.4676014056166839,0.0,0.7138626999993346,-2.904322541050195,0.4950991851825179,0.0,1.250626049353387,-3.365950261607626,0.396765533196692,0.0,1.7468312184066292,-3.1489482613989273,0.23771247712816618,0.0,2.0448495887160765,-2.7715967412988256,0.1411135166205872,0.0,0.6821529741847538,-2.8588905195710765,0.11101156854483521,0.0,1.2008120034473873,-3.375639679848483,0.0901449353844136,0.0,1.7425880696579399,-3.1798841474241772,0.0197107932325289,0.0,2.069600248591306,-2.816391699255632,-0.030625671309519188,0.0,0.7760579006082695,-2.5509029798719633,-0.2577900775078836,0.0,1.635394662133821,-4.0259891079927765,-0.28243073432420707,0.0,2.0836048678202737,-3.8046130332220938,-0.2303328086426949,0.0,2.3416214740549823,-3.380633666697147,-0.1992651221006618,0.0
0.0,0.0,0.0,0.0,0.6077502973610558,-0.35332648639205483,0.12083468481176866,0.0,2.193373495392585,-1.7323263601347452,0.2860071281766274,0.0,5.380508722989993,-4.434905030850232,0.35672414735840824,0.0,3.8921410610874703,-3.025229039533647,0.08672918220345754,0.0,0.9586942583751521,-2.222720123659149,0.2101478621680134,0.0,2.478220078408569,-3.203592614566629,0.10356446660448625,0.0,3.03499145263133,-2.778466269663739,-0.13764598203838435,0.0,2.6898817706266662,-1.8732506711210455,-0.24158453653980794,0.0,0.9687712061780424,-2.2929087842211913,0.021204569618324856,0.0,3.182915130186916,-3.889745872823652,-0.17271862127221357,0.0,3.306440625774043,-2.8237572371405304,-0.3690848667465832,0.0,2.633569960098047,-1.6468287627774565,-0.38072723294735344,0.0,1.1176447426273368,-2.3162280682669447,-0.2275419605273381,0.0,5.32489246700361,-6.05227157685694,-0.9407365802927605,0.0,3.8615066446953463,-3.0751056710785165,-0.7021932729771821,0.0,2.7372490081330962,-1.5914006911025644,-0.5100477914553793,0.0,1.1147270671690195,-1.713129023034064,-0.46822196855544534,0.0,3.76110889024325,-3.910184499112238,-1.1598184106229803,0.0,4.801136146597017,-3.84381117718798,-1.2427144076137502,0.0,3.402877874749214,-2.1374654811059126,-0.7980808240376848,0.0
0.0,0.0,0.0,0.0,0.4191928727916424,-0.1623172838103333,0.20655452514618403,0.0,0.8304271765680116,-0.43067462109176236,0.3118311699045206,0.0,1.259323472467914,-0.6205728704262137,0.27788515289599985,0.0,1.5810333313850133,-0.7918256440139425,0.1972895363678268,0.0,0.9056217135614909,-2.5614694721840903,0.9957972825477466,0.0,1.5209921799568884,-3.3944909057622157,1.0700121825022462,0.0,1.9728636443224998,-3.2215908004166964,0.8827335505942648,0.0,2.088871058879591,-2.7251528486768253,0.6797006998795304,0.0,0.8217315469630765,-2.944621548201927,0.6253564539287801,0.0,1.333447010206728,-3.361216046245289,0.5560464567531114,0.0,1.7915724620716473,-3.114025028354335,0.3830761828339693,0.0,2.0683043922389333,-2.7450432359116856,0.26622073884711606,0.0,0.7447995739703036,-2.824299329118293,0.14766137227342488,0.0,1.2212361544483277,-3.3001238334777345,0.157796468583019,0.0,1.7584652796165563,-3.1480067317989513,0.09622944879739347,0.0,2.089594418072916,-2.8301843370233746,0.03381922539039697,0.0,0.7711818129936435,-2.3794952155181552,-0.26783338105783694,0.0,1.5927019354118968,-3.6691988205430985,-0.27687077075780697,0.0,2.0225685294156728,-3.5093579598756577,-0.2266941454281056,0.0,2.226856049113664,-3.105094232137529,-0.20602091717158694,0.0
0.0,0.0,0.0,0.0,0.6145939733359643,-0.37990739811280694,0.12711905804207863,0.0,2.3276330155792557,-1.8238345654908448,0.31542355910537506,0.0,5.729594663551978,-4.505584962018149,0.38976599617176866,0.0,3.6906913148547784,-2.650946200910681,0.08885867576096246,0.0,0.9276778960612247,-2.2098432663347096,0.2839729868733653,0.0,2.349158728466881,-3.1269981308310393,0.24611447085935942,0.0,3.005890739971037,-2.81794441536495,0.006881482522597663,0.0,2.707632008710021,-1.938193986562482,-0.13763654566515704,0.0,0.9477532117563261,-2.290074523159266,0.10746110853179909,0.0,3.1242181102167477,-3.895003307268334,0.04246272366680839,0.0,3.333778971672178,-2.913048606019761,-0.2073059374121039,0.0,2.635199544653559,-1.6926249473506856,-0.2820638103012959,0.0,1.1061760719811442,-2.342702987185578,-0.12373977266670413,0.0,5.742806525055883,-6.571165808651321,-0.6154252243150335,0.0,4.080775554469533,-3.2759822003776136,-0.5174888985044104,0.0,2.793516011839912,-1.6337128241932608,-0.39502519253205653,0.0,1.1280145062317215,-1.7853981741766196,-0.3767668701297276,0.0,4.046796029658436,-4.217619849531467,-0.9195960690577322,0.0,5.229386433273413,-4.174306985196727,-0.9653927927076529,0.0,3.492542715169096,-2.176788531122903,-0.58532624554846,0.0
0.0,0.0,0.0,0.0,0.39556277565631404,-0.1413223455546823,0.14262439212363873,0.0,0.7965676548057733,-0.4061577254619714,0.20501402204031963,0.0,1.2327166747162261,-0.6173873050241198,0.1550523095405816,0.0,1.5706156255017307,-0.8106984824810328,0.07249610358855395,0.0,0.9142019605860062,-2.6412091211475426,0.8277784785742041,0.0,1.6062010620439509,-3.674988092145676,0.8580048477989862,0.0,2.07654475616051,-3.447756484376587,0.6383527994289898,0.0,2.150662791613893,-2.8359826626759395,0.44296734645197683,0.0,0.7874254269892268,-2.912779102824453,0.4953577916860656,0.0,1.2725112058362134,-3.3229634663949827,0.3805920388857145,0.0,1.7489823649511513,-3.099220749854914,0.209575130008498,0.0,2.0423697564352956,-2.7262307140938336,0.104082989128927,0.0,0.7238643228852666,-2.8521884481742097,0.1028966521184016,0.0,1.196784330610442,-3.3000660027463575,0.06472958098462091,0.0,1.7299744747090136,-3.118864621795273,-0.01689757618098462,0.0,2.064723389557623,-2.7791875783173947,-0.07602110723976889,0.0,0.782432067268293,-2.538241086235186,-0.26635265950093584,0.0,1.6526271587222565,-3.951048331919783,-0.32393364867592545,0.0,2.084123916267728,-3.6960545278076453,-0.2863290805072617,0.0,2.3027936401820575,-3.2241982931044606,-0.2598978752053544,0.0
0.0,0.0,0.0,0.0,0.5957519296551568,-0.33412570977756334,0.11588798543574687,0.0,2.196789297922144,-1.67254961482251,0.2756547642618705,0.0,5.386286567566437,-4.1661226276073595,0.3265969287619981,0.0,3.6680405869329937,-2.595911894952235,0.06720018467759387,0.0,0.9453313106396127,-2.235740268719412,0.2565423094225061,0.0,2.392211847148446,-3.1919666036273853,0.20341796837892082,0.0,3.0138603309471637,-2.8428245927132,-0.040625037077837614,0.0,2.687934476526265,-1.9360747198340174,-0.17549561368206346,0.0,0.9461983088601864,-2.2975531953847828,0.080165863553233,0.0,3.125312765467738,-3.9251495121183595,-0.011837332917696,0.0,3.352446471492679,-2.9593585526895994,-0.2425668910056314,0.0,2.64022968234322,-1.7180118729813172,-0.3015273943746384,0.0,1.1016213461508564,-2.357704513778169,-0.14775342843928418,0.0,5.5800163922253505,-6.4604174905390455,-0.6945647850752225,0.0,4.12830911051847,-3.367632149673492,-0.5732046649409673,0.0,2.8221372606934403,-1.684467147877719,-0.4247642735549315,0.0,1.1501037506093081,-1.8337512043892108,-0.4007088155176491,0.0,4.262391795607815,-4.505581091182184,-1.0228576135041196,0.0,5.353396596266347,-4.3281490551102575,-1.0478843059556653,0.0,3.4944751868587995,-2.1989750658324474,-0.6203398839506854,0.0
0.0,0.0,0.0,0.0,0.40886172494983525,-0.17072364933219827,0.1966732296278708,0.0,0.8109484861383255,-0.45747479203782127,0.2915859322157002,0.0,1.2315059415774792,-0.6453127184135851,0.2439447581409172,0.0,1.5408920158157149,-0.7809558917039681,0.14766351288592874,0.0,0.8621900675041894,-2.556191736328679,0.9394696422758936,0.0,1.4952242713515298,-3.437652316283157,0.9942885755149402,0.0,1.985785144201145,-3.279196976269735,0.8173058265063488,0.0,2.1086074362500833,-2.750069651335678,0.6242784875048086,0.0,0.7745627626808733,-2.905769368464612,0.5748589862016471,0.0,1.2975256069429821,-3.3383557195148317,0.49272158798145704,0.0,1.8015091857111734,-3.1203188104609145,0.32889216180975783,0.0,2.0978856471304215,-2.733043236697246,0.22018291391343683,0.0,0.7110489087182238,-2.8088706975512667,0.11841378108457197,0.0,1.1864858099373814,-3.2634402935285802,0.12989583549918107,0.0,1.765952016269862,-3.1450485557992014,0.0696769350227217,0.0,2.12477051984306,-2.826505876663535,0.011311159269316829,0.0,0.7576020955589251,-2.4070638610721637,-0.28673315654957393,0.0,1.5259029031604567,-3.6499771364045355,-0.2688870818068077,0.0,2.016756365804111,-3.5390377428405153,-0.2141342748377286,0.0,2.2977895313443,-3.1724695814030963,-0.19024680747295103,0.0
0.0,0.0,0.0,0.0,0.6066723953823892,-0.33802618003580387,0.1207087802615366,0.0,2.221789679688299,-1.691142856290683,0.3265659053965652,0.0,6.850654614729075,-5.5219155422863,0.6245411171001765,0.0,4.3285356450612715,-3.32594190610201,0.24164347871381353,0.0,0.9433282306610321,-2.223336872911903,0.3256110776370759,0.0,2.5052372740384152,-3.2514545860857,0.35878269591590317,0.0,3.175212081716505,-2.885348333998458,0.1196637616579451,0.0,2.770605654389063,-1.9081465666993447,-0.04911327557200828,0.0,0.9595798169948666,-2.2919138373701458,0.16850890288437037,0.0,3.1868244210665218,-3.893520946557105,0.210572916732133,0.0,3.4569031149531892,-2.9614571921160073,-0.046177934029775825,0.0,2.7054479699770697,-1.7095409389647336,-0.16747979270894076,0.0,1.1587991535930995,-2.41850150122209,-0.025800155221860372,0.0,5.6111409945191815,-6.305432804425031,-0.25741290079475326,0.0,4.08051254106401,-3.228353981850015,-0.31411512080203996,0.0,2.824557976262314,-1.625829828875074,-0.27546209472825617,0.0,1.3206864577338016,-2.049098825347635,-0.2818100124742312,0.0,5.441034955359342,-5.537566842341345,-0.76666410081065,0.0,5.677042008470532,-4.421271460748714,-0.6476131144310397,0.0,3.5489570475710117,-2.151843119939446,-0.3750921102103291,0.0
0.0,0.0,0.0,0.0,0.40882320292506913,-0.18320624547172903,0.17819009058557253,0.0,0.8300325285614547,-0.4898566329565455,0.2639735806159664,0.0,1.252006325543753,-0.6740218004200204,0.2124983376463996,0.0,1.5397781372726442,-0.78558654377634,0.11993629948393418,0.0,0.8592156982992875,-2.6227418259480872,0.8550294882785233,0.0,1.5599212611145528,-3.6169410874178385,0.9062305975068924,0.0,2.074238957730709,-3.442352300728897,0.7252875554517091,0.0,2.1722227551142277,-2.845623812907863,0.5345361414887289,0.0,0.7496042063156062,-2.900818812826872,0.4992307707020153,0.0,1.3139347298526978,-3.3760846598034058,0.4222456772726337,0.0,1.8131725863577484,-3.144088168728503,0.2739369260914634,0.0,2.097596018817774,-2.749852239171444,0.1757910176293812,0.0,0.6920620014903001,-2.8075770035304752,0.08276542804663152,0.0,1.2046562118725646,-3.297142256011488,0.08105803023692376,0.0,1.7761096852841654,-3.1687342622466073,0.028202174306293865,0.0,2.1388594739931825,-2.8555226686725583,-0.020643167551227803,0.0,0.7614904203270002,-2.480668154730428,-0.2967120672873846,0.0,1.5559924332774975,-3.753095998834903,-0.3055497331784452,0.0,2.045804665117345,-3.6314315612163837,-0.2508170476284835,0.0,2.3255075002991608,-3.2610712494867133,-0.22058800241719956,0.0
0.0,0.0,0.0,0.0,0.6922847700437845,-0.3787265051884182,0.13889088406730135,0.0,2.4558747998751165,-1.7321884262567462,0.3368573930311982,0.0,4.5814179845237435,-3.1687451257981456,0.3171861447904883,0.0,3.179658912306556,-1.9475705018938216,0.0827348062245398,0.0,0.8621830264906494,-2.1294067079121213,0.31756451266599023,0.0,2.33093003722267,-3.1037833115450595,0.32809730856213487,0.0,3.133085823751145,-2.8828734378572687,0.08065203953957402,0.0,2.767044463402061,-1.9073175192694436,-0.09634894129420216,0.0,0.8601816529023968,-2.190578010301971,0.14761028888993305,0.0,2.940026940798891,-3.73520021346861,0.12375474393973099,0.0,3.440624317709922,-3.0328181309101088,-0.15181133208273367,0.0,2.7074148854031113,-1.7258036206795024,-0.25763870451814563,0.0,1.0267060971083781,-2.286605742930562,-0.06728399070017567,0.0,5.015146483325931,-5.889207683077564,-0.4340486896736894,0.0,4.2201768947327425,-3.4473211578496095,-0.48731683808741055,0.0,2.849212396765043,-1.6651139050604045,-0.3827221319824122,0.0,1.1537072885215893,-1.8966779962913403,-0.3387147648600468,0.0,4.140130875021081,-4.384455353912385,-0.8383502838912937,0.0,5.412522866675496,-4.366644867296927,-0.9136153861207882,0.0,3.5496315270133407,-2.21477257810011,-0.5617630356679141,0.0
0.0,0.0,0.0,0.0,0.41723000557884654,-0.16715809660159894,0.20618904420528694,0.0,0.8237545633676756,-0.44297441092430856,0.31211768444228055,0.0,1.2287806300805428,-0.6010687587806294,0.272665211157704,0.0,1.5201624603491104,-0.7260189606011461,0.19013524528452344,0.0,0.8708498226885609,-2.5697916396981904,0.9733224090896255,0.0,1.484854753092073,-3.4168874051233655,1.0346022484545878,0.0,1.983394129414722,-3.2792679714200452,0.872769988983917,0.0,2.1175671135322545,-2.7621797651644138,0.6803581284568073,0.0,0.782638282664666,-2.92299752516947,0.6050685353833765,0.0,1.2770576518814853,-3.292164496551939,0.5325433527893902,0.0,1.7716895610778514,-3.0951472479631352,0.3861919745684463,0.0,2.079383662205525,-2.7472854967273297,0.28481381404352246,0.0,0.7194942026669565,-2.8168298637003977,0.14621811161090906,0.0,1.1783973894429376,-3.2367219695686162,0.16007209914041634,0.0,1.7593961944248484,-3.1495168521576216,0.10955081238645502,0.0,2.1338477898529145,-2.861797907187175,0.05458259487418709,0.0,0.7804195203322862,-2.4355885730924016,-0.26030079077892526,0.0,1.5538852040752262,-3.6427858937712148,-0.2446199433808521,0.0,2.0488427348604286,-3.547590023019598,-0.19265164503830268,0.0,2.315328807218768,-3.171481877740377,-0.16912414399926345,0.0
0.0,0.0,0.0,0.0,0.7016039899544466,-0.3548778849602306,0.14396500174250043,0.0,2.4254625584988307,-1.7157987992866988,0.3429474296114937,0.0,4.715541552854138,-3.3189067710900955,0.33679201857149993,0.0,3.269035947116173,-2.017309638166718,0.08169220169365328,0.0,0.8784582896427515,-2.120744816542867,0.285227226437593,0.0,2.3153921212091,-3.0425905951711694,0.259330164447466,0.0,3.0677805602121193,-2.794386673599925,0.01824950848777617,0.0,2.728740074266573,-1.8671754784514738,-0.13658832879858615,0.0,0.8643363403540011,-2.167281522264068,0.10438115044052816,0.0,3.040419516150576,-3.773514474775031,0.025833320370492248,0.0,3.416899407981171,-2.9376868997792394,-0.21768775590095513,0.0,2.6779886215724353,-1.666206075145239,-0.28686479600363024,0.0,0.9894589183060528,-2.189112682124152,-0.12647328222677945,0.0,5.190523018069363,-5.968299631117712,-0.6339639637798279,0.0,4.195938059674009,-3.3511658828062734,-0.5728220315880328,0.0,2.848211452604432,-1.6397833874831707,-0.4208320579083559,0.0,1.031571489144492,-1.6871529381497414,-0.3836984400498164,0.0,3.8524516696643567,-4.018136796258988,-0.9529992745830012,0.0,5.188391351514601,-4.111162751564981,-1.0381141190023075,0.0,3.4871789724230675,-2.132956216238598,-0.6320479387694462,0.0
0.0,0.0,0.0,0.0,0.41972362028758003,-0.16333471547609554,0.2512260841347135,0.0,0.822819996421281,-0.44299855572804425,0.41007069200299096,0.0,1.2285408385737333,-0.6018130744192275,0.4086294175412812,0.0,1.530145338865133,-0.7330868784649649,0.35252441616434693,0.0,0.8913006870950098,-2.461132949487696,1.1577381149190522,0.0,1.4502516783418569,-3.219313905346829,1.2558774836272237,0.0,1.919494063060662,-3.1052198510219475,1.0959659813386353,0.0,2.060659650711272,-2.651722320057995,0.8849125725394461,0.0,0.8550804617172181,-2.9727997328480558,0.7997994048068264,0.0,1.2993774387768848,-3.2900435779524524,0.7067184997458764,0.0,1.781268147528538,-3.0795379518648307,0.5273225333237859,0.0,2.0938531092746624,-2.735459043817319,0.40705723501357644,0.0,0.7699752034228684,-2.8469386296930126,0.26397844491838107,0.0,1.177611844627266,-3.197353040413663,0.27110797337837605,0.0,1.74702707878748,-3.0974863454046533,0.20143687341880573,0.0,2.112322887679071,-2.805583205687152,0.1312301584765533,0.0,0.7802975903331548,-2.373988538474273,-0.18775283457538822,0.0,1.454449044575005,-3.3987572869323315,-0.13962390828357418,0.0,1.921528060443918,-3.3276527697147333,-0.10199393242952642,0.0,2.199059443521814,-3.0119642306750603,-0.09607383055801684,0.0
0.0,0.0,0.0,0.0,0.6491818947625868,-0.33897875272874084,0.11930647100051428,0.0,2.304788747899926,-1.6248536795517015,0.26927235077730155,0.0,4.908013936328115,-3.4304197201467117,0.24353960596808066,0.0,3.4234379088503015,-2.1242899027805886,0.01976640580752684,0.0,0.9171181407413996,-2.1295767986612235,0.2525582869808686,0.0,2.3481258479542952,-3.0502479406755496,0.1882076799369598,0.0,3.088197953994672,-2.781465081406692,-0.06992146153500328,0.0,2.7318177307378138,-1.842379212479424,-0.20669586462095962,0.0,0.9157783340311313,-2.188253541094431,0.07828251906104051,0.0,3.1015094933155165,-3.779345886061345,-0.04671860867187338,0.0,3.4149002359137812,-2.8684013597838143,-0.2896498233027014,0.0,2.6555853731572494,-1.6151618178855414,-0.3338409505482679,0.0,1.0616704897286688,-2.239443498232975,-0.14987808891909649,0.0,5.243555467008315,-5.917862449258958,-0.7478477120620184,0.0,4.155809583723036,-3.2292557229950885,-0.6441791969459604,0.0,2.821588216278186,-1.5715190817436018,-0.46073122174270176,0.0,1.1187018716587487,-1.7609781958989763,-0.4088650257264619,0.0,4.142865969716211,-4.209678273937293,-1.079900267423806,0.0,5.206396661458741,-3.9991347962975428,-1.1168435034020177,0.0,3.4520812073214966,-2.0334813371605027,-0.6680392688477064,0.0
0.0,0.0,0.0,0.0,0.3976790048648466,-0.15565789369076335,0.14165094590296934,0.0,0.822394608057966,-0.45009811333712596,0.20410187365147903,0.0,1.249295324503754,-0.6362736561072675,0.1487959510093429,0.0,1.5421192082964594,-0.7773694242910049,0.06756955345630969,0.0,0.8596864836406389,-2.6765122430021977,0.7505965922404851,0.0,1.5297862266715985,-3.665400114856881,0.7430637227620696,0.0,2.0531417220306336,-3.5063182919389795,0.5619928107947361,0.0,2.178285143168009,-2.928981670431722,0.3987345962876071,0.0,0.726951281079384,-2.8782636607392944,0.41931373818253953,0.0,1.2247675054539016,-3.2794641546622345,0.30689031538443473,0.0,1.7409425898501705,-3.1143180506953456,0.16844030595126494,0.0,2.070309626687527,-2.78551491110907,0.08511167582337777,0.0,0.7042496122191905,-2.8458851737724085,0.05145305422493348,0.0,1.1735513200756613,-3.2699024359249216,0.015959442634019716,0.0,1.751085486936726,-3.1595898617247014,-0.04734097931024849,0.0,2.1336668149494065,-2.864189898579746,-0.09230784004139088,0.0,0.8357004376045026,-2.6124763402721336,-0.31105276163076145,0.0,1.68812921446418,-4.009583221329836,-0.3654595513263941,0.0,2.171881996789551,-3.8049578171913727,-0.3184914166546272,0.0,2.4359233913695797,-3.3484199974689406,-0.2817868412051738,0.0
0.0,0.0,0.0,0.0,0.6644388748930782,-0.3727692155039605,0.12162351323705844,0.0,2.266391046130904,-1.6308186169365964,0.24544713540284951,0.0,4.531411555211169,-3.2038962946140006,0.1617319193185398,0.0,3.3144191646073944,-2.088877878290725,-0.04096101147167336,0.0,0.8884012363316142,-2.1249290310859763,0.20677452343192007,0.0,2.3038234253354215,-3.057105833238105,0.08486832655588844,0.0,3.0217643873719306,-2.767929103490718,-0.18163863834730518,0.0,2.6907026786789716,-1.8362677915723502,-0.2899020713796038,0.0,0.8649318395225207,-2.167706779470137,0.021342725151396128,0.0,2.967912283308475,-3.7193415778628447,-0.18842590456856323,0.0,3.3041667088671307,-2.8313063676167154,-0.405014033596273,0.0,2.6140130898133487,-1.6138622984654096,-0.4098846097403775,0.0,0.9776636948713597,-2.18261739305334,-0.22118290187969872,0.0,4.960592826223112,-5.74217915254176,-0.9868095618284822,0.0,4.022618052635688,-3.1681158271802663,-0.8000049803119552,0.0,2.75472901112443,-1.5381338786651895,-0.5513226396963461,0.0,1.0045819363461506,-1.6774262027917108,-0.4749054160969926,0.0,3.650812274879701,-3.8341459128855155,-1.2075829032912537,0.0,4.794343150113463,-3.7605147591656247,-1.300977022266547,0.0,3.30809044125979,-1.9712273563806442,-0.8042538193912849,0.0
0.0,0.0,0.0,0.0,0.41099967576860263,-0.1531032663358002,0.1412600733260328,0.0,0.8307013485138084,-0.412745002519825,0.18475789887892674,0.0,1.237947570529407,-0.5644142572737255,0.10342962546221719,0.0,1.5223242285113707,-0.7015120251460055,1.8488392228990633e-05,0.0,0.8779221526588243,-2.6086831212003965,0.8217970256179866,0.0,1.5585683163329753,-3.5598978028396044,0.859072556341779,0.0,2.0949711782079143,-3.402404420590057,0.6764739034954246,0.0,2.2190452250836348,-2.8229906980679234,0.4915817322782483,0.0,0.765481282874767,-2.846116711955959,0.4976066422522115,0.0,1.2666667746523697,-3.2315594190895913,0.4116508284955727,0.0,1.7813117878167422,-3.0651713462550325,0.26892366317306504,0.0,2.08557040921314,-2.7117422536990468,0.16949991107628454,0.0,0.7418606295121054,-2.833216345912627,0.12045496548284028,0.0,1.1793780651605283,-3.207094898257514,0.11207450679835358,0.0,1.7708502595318174,-3.1501994817142993,0.059161080112854564,0.0,2.1811442051843186,-2.904923377371607,0.004949649831799421,0.0,0.878324366834458,-2.627453779187467,-0.25830665694096994,0.0,1.746799976926966,-4.000161976196358,-0.26177503962985765,0.0,2.2469823587571156,-3.8424659706371638,-0.2108042020101783,0.0,2.523030646730686,-3.426412520586724,-0.18964506125061847,0.0
0.0,0.0,0.0,0.0,0.6384469915451347,-0.314598167034945,0.09774686065963806,0.0,2.2010460194547123,-1.515845999647533,0.19789773651629272,0.0,4.782841241357108,-3.3078811637614995,0.12164727228091245,0.0,3.4101248947078755,-2.1229822303323753,-0.05080438887981389,0.0,0.8676306255506745,-2.101595140216215,0.20646342016638003,0.0,2.2458789704687048,-3.004447804406367,0.10125708875558076,0.0,3.0405836382536364,-2.7939286453744354,-0.1577872781363017,0.0,2.7196597915469822,-1.8599566359373303,-0.27273170398273505,0.0,0.854867016311973,-2.1409514822284685,0.04355308095232876,0.0,2.911053495555347,-3.622259339425983,-0.13436659621884262,0.0,3.326967803786216,-2.8365585033059024,-0.35530542339503685,0.0,2.6527529927418447,-1.6418827426939318,-0.3740328796233229,0.0,0.9930857474989642,-2.184457733018599,-0.1725585124520638,0.0,5.167723817621427,-5.85636721990275,-0.8580261373066908,0.0,4.115654181745835,-3.189614769570726,-0.6961685233388509,0.0,2.8068537423176885,-1.550774803291101,-0.47987218019915445,0.0,1.0844970880792268,-1.7474964709130276,-0.4238174165912103,0.0,4.384932318093696,-4.415552870270638,-1.2150547236465024,0.0,5.082964924348474,-3.8239631425528438,-1.1494000915204245,0.0,3.322878341874576,-1.8915176751011866,-0.6651184892593492,0.0
0.0,0.0,0.0,0.0,0.3884874947666429,-0.15021031787880215,0.12509295624131303,0.0,0.8003900260815234,-0.4327630720962319,0.15912862470556582,0.0,1.2346002547843613,-0.6255074413388128,0.0769485454983955,0.0,1.5191253777149971,-0.7450781103302129,-0.02733495551556003,0.0,0.7790219553883828,-2.588643753439897,0.693688487551626,0.0,1.5149277752729737,-3.6709868405776995,0.7116923157965354,0.0,2.0951224783421636,-3.5415625758050453,0.537032014746543,0.0,2.226275065032081,-2.9257765473385673,0.3719885281692676,0.0,0.6664915966613508,-2.7772312954389644,0.388304411666866,0.0,1.2314249359320164,-3.2770016703250335,0.3017212260143309,0.0,1.7834955929010805,-3.1357824582426495,0.1723481711415906,0.0,2.0870903132410716,-2.7627575136943214,0.08624654511599233,0.0,0.6839109568413613,-2.8170454800960436,0.04694148207876969,0.0,1.1607468105310457,-3.231840129819159,0.02439041790368479,0.0,1.746748016785686,-3.1379977873755247,-0.02746672602603966,0.0,2.1415072922314957,-2.8643805891140417,-0.07205479791219054,0.0,0.8757931844512848,-2.6899665839312337,-0.31621387958225644,0.0,1.7498118893171324,-4.080803497897137,-0.3479670669804165,0.0,2.189559807607658,-3.772165813379346,-0.2855934115155148,0.0,2.419627749525764,-3.288118806136754,-0.2503807953507661,0.0
0.0,0.0,0.0,0.0,0.6376044390455718,-0.31576068144409836,0.10003865680430397,0.0,2.17757460705723,-1.5268888488963295,0.19864819882866488,0.0,4.627394235856531,-3.268380067172326,0.11574299784432075,0.0,3.359180429083316,-2.133531790182167,-0.058398113035516445,0.0,0.8617776707531374,-2.1163355729468716,0.19276784817084167,0.0,2.2329688373048486,-3.027664187217997,0.06917989828557966,0.0,2.9968504066029533,-2.800423005141554,-0.19606276426155286,0.0,2.680524369189789,-1.8686806494160304,-0.3037709097211811,0.0,0.8467331793882088,-2.157325932536776,0.021873197084067868,0.0,2.9173246483311717,-3.6836357438443055,-0.19576723554711856,0.0,3.2986700454438758,-2.8508613661922717,-0.4114745166853933,0.0,2.6160394829466833,-1.6374910874164224,-0.40947495188325417,0.0,0.974029423467443,-2.1843054310334353,-0.20612540197029397,0.0,5.052205238626601,-5.841486205970235,-0.964058803654625,0.0,4.076365850877569,-3.2218509302359553,-0.7639380080553465,0.0,2.7895835466526364,-1.5755122150967908,-0.5184167487139555,0.0,1.0298400435035746,-1.701115331997838,-0.45570574279065007,0.0,4.044929487579473,-4.209666451232709,-1.253798781009809,0.0,5.066067903484226,-3.9586989798006034,-1.2720950330678267,0.0,3.3615588468481437,-1.9992389597353288,-0.7436921301864533,0.0
0.0,0.0,0.0,0.0,0.36983931592301866,-0.14557906633448958,0.049072500912112675,0.0,0.7709900001632655,-0.387398513988846,-0.0009921568452580987,0.0,1.1675186668407764,-0.5447523242246888,-0.14135717530386488,0.0,1.4503923568912154,-0.681283434637714,-0.2760362755241524,0.0,0.8619273560573987,-2.764692173174738,0.47815577885747107,0.0,1.6319526666139434,-3.8565994734383056,0.38968000650959933,0.0,2.138026164085252,-3.5526331656443135,0.17948920315045805,0.0,2.226203918781391,-2.8794303066720404,0.04858995187511921,0.0,0.7035605320761426,-2.818308068940786,0.22693256561975708,0.0,1.272435495770271,-3.2816451860835207,0.12295152218580972,0.0,1.7841772735916412,-3.082022830611846,-0.003043044109923621,0.0,2.073435359966786,-2.7014771516164284,-0.08047643568596197,0.0,0.6950898652382091,-2.8269399422724284,-0.04760955604537726,0.0,1.1803591029102334,-3.239777019300987,-0.07302983020086587,0.0,1.7359071498646554,-3.1386074225279197,-0.10925053119324471,0.0,2.1531229143784385,-2.9100579111848397,-0.14605110834120097,0.0,0.8695829806136885,-2.763763671162167,-0.36392975445641845,0.0,1.8811149901041926,-4.4461935739896115,-0.4537690942292148,0.0,2.3371089818077637,-4.1240378994383455,-0.37682881450051375,0.0,2.6105437998150562,-3.656713318321978,-0.33253510329360936,0.0
0.0,0.0,0.0,0.0,0.6530973520366598,-0.30675741187994504,0.10090417854963009,0.0,2.249925835024639,-1.5285676603483502,0.21508988248462013,0.0,4.848675972724176,-3.3422996073721216,0.1578759719998486,0.0,3.406049388859236,-2.101714121104206,-0.024269630893107186,0.0,0.8790126383736809,-2.1038576396920408,0.2203679887792841,0.0,2.2483911108700534,-2.99138239849189,0.1288945799562308,0.0,3.049100254963024,-2.7938273039123582,-0.12425385866111144,0.0,2.733717523431533,-1.8725745247780405,-0.24751949908744197,0.0,0.868171277265539,-2.1438182291760848,0.05688014469173381,0.0,2.952045738273054,-3.645991855276235,-0.10262025086746197,0.0,3.3679477988235655,-2.8554272227546638,-0.326477292217353,0.0,2.6691736930642316,-1.6451462002689838,-0.3533903197979855,0.0,1.0105047560532503,-2.1866183551842195,-0.15929883971384917,0.0,5.2554992713546405,-5.915819542204633,-0.8070725842075097,0.0,4.176468492834342,-3.2261814784863296,-0.6611927573761127,0.0,2.8341109709725725,-1.5678555044154465,-0.45799538206394974,0.0,1.1017507415880161,-1.746222286934533,-0.41203067054026354,0.0,4.435078621388918,-4.43725843468719,-1.166718948771775,0.0,5.207250265381723,-3.91486933340273,-1.1113857441740844,0.0,3.3864218215506305,-1.938118155133374,-0.6406505242194067,0.0
0.0,0.0,0.0,0.0,0.3853860408737123,-0.14960536133202734,0.08749563448944306,0.0,0.787050998886958,-0.3993285541754553,0.07430650933324014,0.0,1.1853062507606171,-0.5640486407876747,-0.04416910879750475,0.0,1.4698683225021358,-0.6988792851036073,-0.17077905630797943,0.0,0.8759874454205795,-2.7455967506207624,0.628055664192678,0.0,1.5790292043319674,-3.7360112607581333,0.5837031087793608,0.0,2.110251983319772,-3.5244168700454646,0.3827361654986106,0.0,2.2281880385009876,-2.9020593752554364,0.22690229675211665,0.0,0.7285680470746302,-2.8665786092126213,0.33477240108810813,0.0,1.265049301820326,-3.2818195059554007,0.233855103278625,0.0,1.7871511005336584,-3.108339941771871,0.09627812147602786,0.0,2.087864188132195,-2.7331549533421904,0.006623204322856986,0.0,0.712155676266145,-2.867467075434141,0.012651626485115615,0.0,1.167489568430103,-3.23662051783019,-0.005545630920539205,0.0,1.7378090071906727,-3.1552414174951826,-0.05252129482647891,0.0,2.15562523328983,-2.9189793979895833,-0.0986202805476815,0.0,0.8655065001524693,-2.7256416206030085,-0.33427316107883115,0.0,1.7994742538590784,-4.262447472220372,-0.38399127543845357,0.0,2.2558035556194613,-3.981481592696525,-0.31730692668003735,0.0,2.5207450674394414,-3.524094854935158,-0.28299683278962956,0.0
0.0,0.0,0.0,0.0,0.6087678731943892,-0.34910517571716965,0.10992227851115163,0.0,2.1081705726823685,-1.6200062315317487,0.21619755384087894,0.0,4.505427092560827,-3.4247635050027583,0.13343160886367272,0.0,3.273669437061199,-2.2049238059324696,-0.055321816666867654,0.0,0.8115409868590049,-2.133663693318482,0.17125190294262332,0.0,2.2336858323127045,-3.1497713161327865,0.016434653158492324,0.0,2.9752002125900594,-2.8818210605848646,-0.25559939288982914,0.0,2.6426088072885086,-1.8954664584906393,-0.34256880050066063,0.0,0.8045162038715257,-2.1859168835337166,-0.011456909980143867,0.0,2.8486455269553193,-3.7801232961973947,-0.25854436485026855,0.0,3.19693269008467,-2.913973341264966,-0.4437436180176915,0.0,2.569833168070539,-1.6964943029068211,-0.42731628809889566,0.0,0.9314225450420638,-2.211574744247256,-0.25704449674406754,0.0,4.856254798899172,-5.868239146452572,-1.083363762017556,0.0,3.8726554005034575,-3.198651154938214,-0.8103289800129291,0.0,2.7036436106586974,-1.5975740028180159,-0.5515251785773662,0.0,0.9742090251145619,-1.6985416529949737,-0.5088093662534597,0.0,3.693904842140357,-4.044216357012515,-1.3124802706289782,0.0,4.74507708981121,-3.8945908101913314,-1.349995496659592,0.0,3.2406602149056893,-2.0265212358655145,-0.8104332688648593,0.0
0.0,0.0,0.0,0.0,0.3803032052833961,-0.14945065582843597,0.1160943225439572,0.0,0.7913363620656425,-0.4061070781779201,0.14261842546518363,0.0,1.1898014113707638,-0.5630744483880984,0.06355394538965474,0.0,1.4738110578629973,-0.6816738719567027,-0.03245885165367997,0.0,0.9184677428845787,-2.759975895436897,0.6550570987023707,0.0,1.6662534711607009,-3.8364197802362985,0.6211255136198158,0.0,2.162064711623075,-3.5639675694993023,0.4080445413517906,0.0,2.207509183835904,-2.8668120223701843,0.24071715798282756,0.0,0.7566332636073887,-2.9112307287749415,0.3344621416307234,0.0,1.2791988682792232,-3.3027587230511406,0.22246944085433945,0.0,1.7706710367122338,-3.0856806798571017,0.08698613943801714,0.0,2.062118335447894,-2.7134008430678387,0.000543756173938139,0.0,0.6916826866878918,-2.8282225771006537,-0.007874533354289106,0.0,1.1475653576058933,-3.1968825681483666,-0.04402199486742378,0.0,1.7119164199894341,-3.1219020389465713,-0.09898656108278345,0.0,2.1218701984855133,-2.8857072523219958,-0.14521223320447946,0.0,0.7839616579358184,-2.6230871567469354,-0.34145330600239066,0.0,1.6534559838407663,-3.993531025520181,-0.41393563565992775,0.0,2.1633946594856135,-3.8567789488915363,-0.3684340958203012,0.0,2.475781834027454,-3.483486927568899,-0.3378194863035448,0.0
0.0,0.0,0.0,0.0,0.5793408618279032,-0.36110323499587865,0.1232127726693337,0.0,2.0963627042363244,-1.7303490855507944,0.27651539144528864,0.0,4.767946764352873,-3.7933235694401066,0.27350358524841906,0.0,3.310132439407213,-2.273091002512313,0.03543243314142326,0.0,0.8248095056455967,-2.1914289383582344,0.23386884989691925,0.0,2.2662030305141703,-3.241826844568524,0.15129563980108465,0.0,2.9832367576675387,-2.9676935088253713,-0.10675910933569005,0.0,2.663924957759077,-1.9799307495685865,-0.22813825292129022,0.0,0.8447314690687491,-2.272226826676852,0.050811954880138774,0.0,2.900396080536833,-3.934636447470647,-0.10638137876536025,0.0,3.238704733316866,-3.074635561578776,-0.32495694568016587,0.0,2.614839072974078,-1.8227798211418273,-0.3548717384940105,0.0,1.009756144376224,-2.33404289555952,-0.19359315926909634,0.0,4.916012105147397,-6.081477850945697,-0.8192336071747586,0.0,3.8758409410876187,-3.3673843352033224,-0.6562470450400529,0.0,2.7537323549025663,-1.7576448155187538,-0.473354195821278,0.0,1.0737672787468682,-1.8094506514634732,-0.4534302313979678,0.0,4.167204674103908,-4.551390116881606,-1.1882717648249703,0.0,4.933677913193575,-4.16654080595972,-1.1274923326640403,0.0,3.360423035847518,-2.245108687660755,-0.6765714728184554,0.0
0.0,0.0,0.0,0.0,0.39687834485595463,-0.14626867916584949,0.17573159425287038,0.0,0.811621935914255,-0.4250452527454472,0.26806861996735626,0.0,1.2301532326870033,-0.5979049306541371,0.2313506701960722,0.0,1.5303577618867807,-0.7400635304868729,0.1583658721075397,0.0,0.838829231250872,-2.57274113989741,0.914674243633843,0.0,1.5178117902333998,-3.5531325423930404,1.0053524400868883,0.0,2.02942665346983,-3.382869511408332,0.828831693715676,0.0,2.134490862470961,-2.801222568669925,0.6275705919208864,0.0,0.7466261827355876,-2.8705690769311425,0.5787270608265986,0.0,1.2503481195316664,-3.2831621344814046,0.505902359665673,0.0,1.7693649710625805,-3.109467893615328,0.36224720073476535,0.0,2.0815465368954715,-2.754136548790374,0.2605960953646257,0.0,0.729009193344739,-2.8520348845576367,0.17815548278459944,0.0,1.164522848942097,-3.221698649416082,0.17442598316405106,0.0,1.735202600023794,-3.13041457366098,0.11570645401637754,0.0,2.1288463170761296,-2.8734120246060475,0.05887855991958819,0.0,0.861259725034372,-2.615410638996173,-0.20764820929762706,0.0,1.6252372786880098,-3.8194401876052484,-0.1738124095989448,0.0,2.0896400697659856,-3.6557901206171777,-0.12561747783535687,0.0,2.384609234465638,-3.3059926877887222,-0.11098234871905824,0.0
0.0,0.0,0.0,0.0,0.614636396638446,-0.4047693288532352,0.13030962603288962,0.0,2.1169614768778895,-1.7643792893020256,0.25438844864951493,0.0,4.147410498416103,-3.2975611963701463,0.15669873229020612,0.0,3.0196000568336827,-2.0669388695449022,-0.045002410880979074,0.0,0.8080722263460988,-2.2083462375909955,0.19243217773281387,0.0,2.2239479528072716,-3.2577703284973505,0.04765033801383438,0.0,2.9460144424721317,-2.9840462093625355,-0.23225770298249726,0.0,2.620090636280265,-1.962665320835703,-0.33079640197418586,0.0,0.800703447509226,-2.277561779538022,-0.0097372970657613,0.0,2.7499002607910183,-3.893336288460839,-0.2659039538742725,0.0,3.1554765282645136,-3.105157490342527,-0.4810533324919249,0.0,2.584223441666843,-1.8463652273274962,-0.47108860736552277,0.0,0.9232099613284943,-2.2907609958003765,-0.27867991058206576,0.0,4.227002215581509,-5.587568337182372,-1.032729795960106,0.0,3.795956820204744,-3.4970141317671315,-0.8748193944178444,0.0,2.7377942071262678,-1.8374036310655137,-0.6122587400007709,0.0,0.9334465902084433,-1.6870013756776099,-0.5300175870251267,0.0,3.296152923434235,-3.8538361014872584,-1.275840580744973,0.0,4.560656832219332,-4.095166025139784,-1.4128528681165888,0.0,3.294055214269917,-2.322867936438569,-0.8936291626846556,0.0
0.0,0.0,0.0,0.0,0.42494711799491197,-0.17892705117842436,0.19670961972580858,0.0,0.8571141669385955,-0.4627746497270491,0.29659427089529883,0.0,1.294226005587273,-0.640769212465828,0.25054698491091415,0.0,1.6009404693069191,-0.7933497689685663,0.16370149515901625,0.0,0.8567220634766151,-2.4907532288312555,0.9725769114712424,0.0,1.4845462878318012,-3.403319866498007,1.0529291345607672,0.0,2.0140466646643045,-3.300887072345012,0.8858160431068351,0.0,2.151456919062061,-2.772153748876679,0.6834727798492477,0.0,0.7777174913652665,-2.8453426838480746,0.6298172637470483,0.0,1.2664094315386905,-3.2772262112785544,0.5463970059859745,0.0,1.8137561668244793,-3.1421183068696577,0.3923160446842131,0.0,2.129426734479656,-2.7723337546429567,0.27951445314518536,0.0,0.7452837076149814,-2.8169876975537433,0.18995884554264766,0.0,1.1836764119830139,-3.232049274150158,0.184437022123506,0.0,1.7850640993490303,-3.1668082133868687,0.12495290491938153,0.0,2.176987678014202,-2.8814659167187577,0.065285708454919,0.0,0.843756981142612,-2.506749956679531,-0.22415391676978713,0.0,1.6359012587577029,-3.747858508113976,-0.20432054946735892,0.0,2.1029645526498495,-3.599663217521765,-0.15780242217845677,0.0,2.364824437939401,-3.2187454096847437,-0.1422308545521119,0.0
0.0,0.0,0.0,0.0,0.6004501610818608,-0.3461118155368228,0.1139670583091132,0.0,2.2555723361815114,-1.7573628149390026,0.27297338752489475,0.0,5.6729877527777735,-4.442894357305602,0.31803020519728126,0.0,3.6706680129324085,-2.557597041503564,0.05195279045569745,0.0,0.9432862748686587,-2.2235686760537847,0.2412452865669552,0.0,2.3744811885372794,-3.1506900382081255,0.16309889038084874,0.0,3.065336759987473,-2.852960521857543,-0.07320196469929814,0.0,2.750949067367449,-1.9211976382459668,-0.19463398686019548,0.0,0.9577080504816791,-2.293778071218646,0.06882547880540789,0.0,3.0941062465959495,-3.853655791930381,-0.048299318536317,0.0,3.3786763908590927,-2.9698102831168685,-0.25858208174075636,0.0,2.7115640266912724,-1.7566942047926102,-0.30700859931844,0.0,1.133612788452035,-2.3714299815351265,-0.15939245009924674,0.0,5.434389556299791,-6.21232782315618,-0.7220031578539532,0.0,4.132208133638569,-3.347866298723724,-0.5914578143220822,0.0,2.878011751147882,-1.7182896493479316,-0.4345400492243328,0.0,1.208165239589032,-1.885987638154521,-0.4161710129007551,0.0,4.642876870826187,-4.746396668654917,-1.1092315389830343,0.0,5.254558359349765,-4.127403910221443,-1.0238779712600488,0.0,3.479077957124177,-2.1367395577800985,-0.6081396271693708,0.0
0.0,0.0,0.0,0.0,0.4112325045911865,-0.15557330730389266,0.2015833412612407,0.0,0.8039370471806027,-0.41371865002093583,0.2930643102000638,0.0,1.2251838939609383,-0.5950037976757475,0.23663196700613018,0.0,1.5302339835501475,-0.7424744527072512,0.1333477298163314,0.0,0.8622109390016618,-2.4972029555836217,1.0580712702695436,0.0,1.4177788109641576,-3.29401185366004,1.1249333146738751,0.0,1.9056355408602474,-3.187745579831415,0.9643674787939998,0.0,2.0804119131086307,-2.7454882636642424,0.7834953518243357,0.0,0.8095379301303554,-2.933879390712474,0.7148103141386326,0.0,1.2225511709564996,-3.2308572154882356,0.61315077812689,0.0,1.741139430848363,-3.095104107773141,0.4652332215095414,0.0,2.0822748444716916,-2.782250319383513,0.3672443385428632,0.0,0.7742082028131553,-2.909298157120844,0.2298371584628869,0.0,1.1290591208442524,-3.1782498368288166,0.23432989843126384,0.0,1.7246545757221925,-3.133797781443111,0.1870296076654113,0.0,2.1486520061461665,-2.9006431407913285,0.13789585418750533,0.0,0.8386184667645487,-2.494120814000671,-0.2195651673877222,0.0,1.5382666206197915,-3.6257275206131943,-0.15707496946623592,0.0,2.0205421830469756,-3.540268133238123,-0.09844617072588399,0.0,2.347916500918149,-3.2466875973357188,-0.07650329236720324,0.0
0.0,0.0,0.0,0.0,0.6148460033978829,-0.3759601200207467,0.13587058916262076,0.0,2.1186871013856576,-1.654244419814048,0.28980599917078176,0.0,4.536542695462868,-3.4554261286652292,0.25865421834058566,0.0,3.3613742162024502,-2.3103846306286044,0.020576601451252837,0.0,0.8562645078269937,-2.1786947911180703,0.2427336566975704,0.0,2.163277704298605,-3.048793106220839,0.14592996339190625,0.0,2.9826833622734528,-2.9027375447846238,-0.10223012131983085,0.0,2.7374385881890304,-1.9943418344558435,-0.2329538746463108,0.0,0.876939323137295,-2.2748989607633616,0.04879155837338735,0.0,2.8127745264523396,-3.7211203204195216,-0.11406258497010544,0.0,3.279963358412631,-2.999490837037166,-0.3447123405538539,0.0,2.6582219543934373,-1.7622807568414696,-0.37835716096388067,0.0,1.0476025017521247,-2.366080857188988,-0.2152435984524262,0.0,4.779494413073837,-5.807499913005977,-0.8398344285845747,0.0,3.9948769019507786,-3.359741126668327,-0.7159894088228641,0.0,2.7786525269468068,-1.6856366781433394,-0.5127992125562687,0.0,1.1097154544446952,-1.8438070191824605,-0.5004791099863106,0.0,3.717186125520291,-4.0499675925718135,-1.1650462345260735,0.0,4.640520361639917,-3.837863760255596,-1.1842171467332956,0.0,3.2609051529837667,-2.0781331897702757,-0.7453095329761643,0.0
0.0,0.0,0.0,0.0,0.41312350344660015,-0.1694926356366847,0.21018291921094406,0.0,0.8091041836128515,-0.43409474684929,0.3071118848708853,0.0,1.2278509970070834,-0.6074832000033025,0.25057672161130606,0.0,1.5375363837207285,-0.7611393669402055,0.14911648938650268,0.0,0.8554607192444267,-2.5070958461602504,1.0703318128633215,0.0,1.4024674583164212,-3.2878286551363574,1.138249931992618,0.0,1.8921530681275154,-3.1876474981471317,0.9865572971914809,0.0,2.070414210362783,-2.752864564049484,0.8098686482233568,0.0,0.8021498402392246,-2.9481171491154217,0.7205259761777987,0.0,1.2239203754653185,-3.2471746273185778,0.6248869650614929,0.0,1.7435296893304433,-3.1142158942998344,0.48633651380884446,0.0,2.0805565689086283,-2.8016973692922136,0.3934026150994833,0.0,0.7619932176213806,-2.904146588597077,0.22603149245872342,0.0,1.130416336458507,-3.188796540105776,0.23396870411300055,0.0,1.7321769981188966,-3.1518073475398136,0.1987440444307691,0.0,2.155256777214115,-2.917424745397783,0.15887052738933485,0.0,0.8232324969009605,-2.4680049609808803,-0.22500614353740336,0.0,1.5321294986407636,-3.602082447483212,-0.16355831983164654,0.0,2.0247177197065294,-3.534659328349266,-0.095830929519032,0.0,2.349963852156684,-3.2409583816179026,-0.06494185401956785,0.0
0.0,0.0,0.0,0.0,0.6369030896684114,-0.390165158997411,0.11308642413937642,0.0,2.175438939010038,-1.8329368147646157,0.2502324167676927,0.0,5.256973066850268,-4.670781270898686,0.25282034075544446,0.0,3.7477765199347814,-3.122528426115143,0.00954804568203957,0.0,0.8663834156645629,-2.2358410652013387,0.18114505202351142,0.0,2.3068088477033446,-3.1907953774169964,0.027636700671989447,0.0,2.96578763728205,-2.8250961303255675,-0.23327348030871467,0.0,2.6274384189633,-1.860840791575551,-0.32046258517367443,0.0,0.8444087543594216,-2.284972694135163,0.0016117930056104434,0.0,2.9773121165424974,-3.8938760573616276,-0.24575524191517464,0.0,3.240057039629039,-2.910825690732089,-0.4311735021768917,0.0,2.577561176101685,-1.6723908199078241,-0.41529243093313123,0.0,0.9554168957678852,-2.315461565256677,-0.23881657792477867,0.0,5.116836545838126,-6.2588643056931135,-1.0843553127453853,0.0,3.9131095945130765,-3.2892168116302445,-0.8150157536760758,0.0,2.706374704131723,-1.6279178869023168,-0.5588309019019112,0.0,0.9663801884283717,-1.7739757457405503,-0.4821365101537822,0.0,3.519326331684619,-4.031216254895812,-1.2291788255935294,0.0,4.665248775801558,-4.033724354308013,-1.3496300061986088,0.0,3.274068808629463,-2.172814430630994,-0.8450210862908293,0.0
0.0,0.0,0.0,0.0,0.3922364109020799,-0.1531297517987369,0.11457196472116736,0.0,0.7999684081975462,-0.42052815884369105,0.13590380201222801,0.0,1.2021637945962924,-0.5724934075884699,0.04103210542896425,0.0,1.476443293344782,-0.687596425924303,-0.0673063546727312,0.0,0.8440751713793985,-2.643443120926656,0.7164206285734886,0.0,1.5721086131946345,-3.722262619079435,0.72277315517123,0.0,2.1559005659879205,-3.600288856547102,0.5400627664408301,0.0,2.2809533595786458,-2.981402810022607,0.3694356653167124,0.0,0.7240344772980123,-2.8615250240410965,0.413483998248905,0.0,1.2015209815749726,-3.224835996028266,0.30081758313418633,0.0,1.7536685559322946,-3.1229382014946734,0.16833146502404212,0.0,2.102016249326834,-2.808308015984797,0.08120561895145964,0.0,0.7304724199404588,-2.9151906759880037,0.06759445834748277,0.0,1.1045432038689011,-3.148141608269641,0.03283538971954808,0.0,1.707135272484608,-3.1293144519226264,-0.02926717119926723,0.0,2.1657532358961697,-2.9379088671250373,-0.08152287828491694,0.0,0.9163321923525141,-2.823255358608499,-0.3036494946325223,0.0,1.6718169875590643,-3.9839356471317315,-0.3165285156675382,0.0,2.1526545102540617,-3.7787611068521363,-0.2746252845090309,0.0,2.475036218829444,-3.400603303042653,-0.25395914533983777,0.0
0.0,0.0,0.0,0.0,0.6016148495756232,-0.3827145369378793,0.10596390650163796,0.0,2.0173582994790427,-1.751311331613361,0.20986866926516953,0.0,4.8439881374262495,-4.378355710606418,0.15541786168902078,0.0,3.6311047031482606,-3.1105557605497602,-0.06382725857947458,0.0,0.843710646425275,-2.2360707307520546,0.13775688767925967,0.0,2.275674759259617,-3.1946802642628818,-0.0594552371332053,0.0,2.9095342924070375,-2.8083715022023426,-0.3284285652949906,0.0,2.5824747376871366,-1.8438962476693503,-0.3955463123572914,0.0,0.8119386458769743,-2.28056432507874,-0.04721931275880736,0.0,2.9098196852083578,-3.8688657655946086,-0.3681889387874768,0.0,3.1529137113758816,-2.853606944654765,-0.5405471243285626,0.0,2.5292132095631854,-1.6432961004745674,-0.49460153951253516,0.0,0.8979158165843195,-2.2920691294096964,-0.2934894425426884,0.0,4.825229187559155,-6.052140969363433,-1.2587226550510162,0.0,3.774794501150032,-3.2101747507646667,-0.9348592950190344,0.0,2.6378432843425594,-1.5899929998184248,-0.6341987102321717,0.0,0.8877584926062335,-1.7375033095657917,-0.5286265688240526,0.0,3.2539156511074006,-3.878962769502165,-1.3429920477874802,0.0,4.4298600827823185,-3.9220168864573397,-1.5038445426095897,0.0,3.132853088347499,-2.0901367326896927,-0.9415669244689856,0.0
0.0,0.0,0.0,0.0,0.38163762500179615,-0.13373478193335817,0.09122327909214567,0.0,0.797799828096704,-0.3957679466180764,0.0947471111162769,0.0,1.19005015375571,-0.531701806096241,-0.002681211448609134,0.0,1.46266619972035,-0.6463070974428675,-0.10668701975464044,0.0,0.8960690056401407,-2.7093734182998115,0.5811885500324869,0.0,1.6607261303789203,-3.8505091827686417,0.5341264573563719,0.0,2.210996038874954,-3.6250708434293855,0.3345840710909724,0.0,2.301351204791056,-2.9418852089442233,0.18666750962698014,0.0,0.7588543908177602,-2.8722479054191843,0.2933883159241241,0.0,1.2089541849347742,-3.183977135899242,0.17502450287434393,0.0,1.7225710846054745,-3.022204574204404,0.05183879748409907,0.0,2.0742936936308247,-2.7331778236186928,-0.023842929912879087,0.0,0.7487926513790967,-2.875955601515357,-0.021097496298242167,0.0,1.1078956615638555,-3.1179091001767087,-0.04848573968258421,0.0,1.6950873112874878,-3.0962778760936867,-0.10074180043356094,0.0,2.159162070029865,-2.9410444115669927,-0.14669956299958972,0.0,0.9261075565258142,-2.777018176930833,-0.3592016278641513,0.0,1.7264810510742141,-4.075302380268484,-0.40341594181655915,0.0,2.239085868501098,-3.898750603518291,-0.3536297863047051,0.0,2.5885982868746225,-3.5394708564921684,-0.32368682358440015,0.0
0.0,0.0,0.0,0.0,0.5935196324730875,-0.3743574894306329,0.13763771946877507,0.0,1.9869869838552652,-1.5877136799010771,0.26087837425710214,0.0,3.964003457774804,-3.0385575282827437,0.1773120215546528,0.0,3.1111232263229476,-2.1113425358998477,-0.03845544931324694,0.0,0.8579416348988577,-2.2049754185140156,0.1654750570183131,0.0,2.2398958862509564,-3.118240907177332,0.0005365811361993559,0.0,2.9844259609284345,-2.851834478182938,-0.2660050691995571,0.0,2.6776507571944745,-1.8869225642583167,-0.35424479298549116,0.0,0.8097058348471031,-2.2420346679007115,-0.04474815261213316,0.0,2.8011915218354186,-3.7174129734348043,-0.3208876638939456,0.0,3.1927223960323237,-2.88605340848317,-0.5144047643506662,0.0,2.6115002788002637,-1.6993891410508506,-0.49307475053028,0.0,0.8672776240410758,-2.2223298845668378,-0.30798316869347636,0.0,4.192151634965534,-5.298778198593659,-1.0980103816766749,0.0,3.770727400948449,-3.2201164437715164,-0.9225772970781695,0.0,2.7057904575891483,-1.6435961498978433,-0.6452148626951211,0.0,0.8372626031270742,-1.6835607228193152,-0.552254515723984,0.0,3.049262774113231,-3.715834793593671,-1.3128383308424696,0.0,4.397387231769495,-3.9078144815297144,-1.5140109693147068,0.0,3.1538039492353724,-2.0783347177743297,-0.9531093976418847,0.0
0.0,0.0,0.0,0.0,0.3914037187103636,-0.13341628129734975,0.14807641949672493,0.0,0.7991044303842474,-0.3909985650602348,0.2019377471857735,0.0,1.2075584056242603,-0.5437355070541703,0.1287062596011386,0.0,1.488445005320004,-0.6550975218684143,0.027255468640388598,0.0,0.9726977188956878,-2.6656288456542345,0.8886483477477874,0.0,1.5906430462742087,-3.537280099277567,0.9161245187379582,0.0,2.0855602041650454,-3.3717594010110012,0.7430870254056033,0.0,2.226622463957151,-2.85392209642381,0.5690340013183497,0.0,0.8912501583061113,-3.0111782457988396,0.5552770548457798,0.0,1.2753335376814166,-3.21149521160296,0.4345332981258252,0.0,1.781648960781656,-3.0533213692862766,0.29709731471777656,0.0,2.1356599058038617,-2.765412552172799,0.21170284603290088,0.0,0.8585632914599686,-2.9992736382756573,0.14029200932793356,0.0,1.1656677796279111,-3.1388253424539276,0.12770332039226504,0.0,1.752656190601664,-3.1089189109786783,0.07843882178972664,0.0,2.2119723252473533,-2.940085230503678,0.030647319663139175,0.0,0.9660769856896305,-2.729287682366313,-0.2641025112518763,0.0,1.65819532204886,-3.792501813717599,-0.2277118333498994,0.0,2.1544612297774233,-3.6869882276676744,-0.17840609330168225,0.0,2.5218841964654133,-3.4121842974336367,-0.1607308760375529,0.0
0.0,0.0,0.0,0.0,0.6122524636875414,-0.4055959142268628,0.14193090395081903,0.0,2.146977791029302,-1.7544456620822289,0.2895313739374749,0.0,4.539432716976077,-3.5743635965734715,0.2297191542830948,0.0,3.2797385542854594,-2.286570082131868,-0.014367114874745818,0.0,0.9157028901808063,-2.2481191357524346,0.21056480334089106,0.0,2.3147713585088217,-3.169755927193378,0.08326144321549507,0.0,3.0064368566641164,-2.858260836178115,-0.17318881316249146,0.0,2.6720689625531997,-1.891968094714389,-0.27691763340319475,0.0,0.8795474312788619,-2.294624665048073,0.004053185563865258,0.0,2.969308392192589,-3.8952990908135545,-0.2075319955019287,0.0,3.313263603305022,-3.005640144827507,-0.40838613895379977,0.0,2.6342352022742395,-1.7290864922232003,-0.40878977977058006,0.0,0.956680110091414,-2.2850080075372334,-0.2563063497323856,0.0,4.652703765133222,-5.7536046038693325,-0.9814890617985762,0.0,4.00029645154732,-3.4148420105490223,-0.8093310375102287,0.0,2.783274716185428,-1.7141524819185305,-0.5591790208377466,0.0,0.9372449637997584,-1.7303040293815133,-0.5069396912095472,0.0,3.373183142578296,-3.8679708693684542,-1.2055169653969637,0.0,4.672279879200063,-4.001188254417025,-1.3315717211289608,0.0,3.300284148412413,-2.1643216031991486,-0.8258160535798268,0.0
0.0,0.0,0.0,0.0,0.3835643773464369,-0.14813110643690955,0.1262681342738208,0.0,0.7979695808447484,-0.4216112287840746,0.16270002390466548,0.0,1.2221925869575814,-0.5954670519321306,0.08100436060897771,0.0,1.5134053702553998,-0.7210631569147102,-0.021572431241584852,0.0,0.8732891177933928,-2.6515684425530863,0.7631237099026006,0.0,1.5661524271150613,-3.6538663499444155,0.7644920970696102,0.0,2.101581123070801,-3.4964419946385936,0.5811220612750672,0.0,2.231978376637034,-2.9204936258433474,0.4138823204997041,0.0,0.7659297672978059,-2.8985259506178465,0.4493664124482093,0.0,1.2233655438230286,-3.2178265483107276,0.32962828564896196,0.0,1.7441888561614516,-3.0744423770375966,0.1940694395716999,0.0,2.085671761467036,-2.759751520405716,0.10993017136194014,0.0,0.7635664652556149,-2.930876261981702,0.08312816650993825,0.0,1.1570523863964208,-3.191699622130358,0.05211045074865621,0.0,1.7486353095624734,-3.1446521421359224,-0.0010182726485276144,0.0,2.1878583433245353,-2.926595330170188,-0.04521328162029059,0.0,0.9158004224448202,-2.756046763539029,-0.295729868417687,0.0,1.6985399033111581,-3.9951147247902066,-0.30948409371914865,0.0,2.219680264704321,-3.883563130531713,-0.26036228449188215,0.0,2.5765272659828695,-3.5456957911342237,-0.23134754798377677,0.0
0.0,0.0,0.0,0.0,0.6325860316089911,-0.3730807292475031,0.12064299251348823,0.0,2.3449144020530643,-1.7677999504764959,0.2827977174042257,0.0,6.058504936760773,-4.562646171895886,0.31696353300181745,0.0,3.8580770003676115,-2.6497263380289073,0.03537910087948887,0.0,0.9284442098927879,-2.1516891331934023,0.2474326420467706,0.0,2.372394766457218,-3.028408614516294,0.1856191984915029,0.0,3.135652622505917,-2.746994460709495,-0.05293694693124144,0.0,2.815375593361281,-1.8223188769127323,-0.18260342154820178,0.0,0.9669317604152807,-2.2428022120333697,0.08428207857288418,0.0,3.0386440349353525,-3.6496591728359937,-0.0042395972889877785,0.0,3.437646681158008,-2.8372835091450677,-0.2311607342941267,0.0,2.765990130854049,-1.637444504088073,-0.29854573101929627,0.0,1.1786501693809122,-2.3775960153008775,-0.1352145408968833,0.0,5.381933588349299,-5.927095385642468,-0.5911156795407646,0.0,4.2250385590902955,-3.2357611309072114,-0.5466077079121867,0.0,2.9222202803815485,-1.5997556387725402,-0.4225755737600572,0.0,1.3141082820647505,-1.9890510414309608,-0.40753968787306133,0.0,5.069485053845678,-4.990822625016582,-1.082475945517092,0.0,5.2434697143013995,-3.8723068881865492,-0.9320962852683786,0.0,3.304352685908615,-1.820209524357771,-0.5407176179590509,0.0
0.0,0.0,0.0,0.0,0.3658328878271986,-0.1223732713149653,0.08625999349480665,0.0,0.7808720207015251,-0.38876801532231653,0.0886213104240557,0.0,1.2035180627902986,-0.56820306261938,-0.006745352705809769,0.0,1.5034889081506784,-0.7123286579249476,-0.11131503874092882,0.0,0.9226455763179937,-2.7842333126885714,0.5469304591689086,0.0,1.5843425455861628,-3.7596068253212525,0.43832122673797996,0.0,2.1299955125550545,-3.5623349825526214,0.247390258868276,0.0,2.2769080565645816,-2.948713359055464,0.1196286991778655,0.0,0.7592224549694524,-2.8979743053670632,0.25108268119444405,0.0,1.204509637857857,-3.1917597269300035,0.12538040130694117,0.0,1.7124896646872867,-3.0253512181653393,0.0029466824925155613,0.0,2.0475171287752385,-2.7234988924078416,-0.07115183044039522,0.0,0.7076529386094552,-2.8340825549975266,-0.06500460681939536,0.0,1.1080640898964687,-3.142438107905562,-0.10357800437198816,0.0,1.7233331733190103,-3.1399271822969306,-0.1578459937406481,0.0,2.185619558374795,-2.9544664996372108,-0.20057619143765196,0.0,0.819243653515923,-2.6611064924539383,-0.3872227083693843,0.0,1.663385688879861,-4.029754917450304,-0.47591456550109795,0.0,2.258602564379531,-3.9646623028815564,-0.4384707104044048,0.0,2.6457804470610053,-3.61608739731874,-0.40367383058576983,0.0
0.0,0.0,0.0,0.0,0.5715740340240262,-0.3678491864960663,0.13246709902383552,0.0,2.065404445711217,-1.6826463397262235,0.3119416858190272,0.0,6.300258432537807,-5.106143196127264,0.4776452831849531,0.0,4.196477542002023,-3.170045954963104,0.12383083894912753,0.0,0.8874125385686005,-2.1691029570818623,0.27084192858158923,0.0,2.3013346338278464,-3.0538174855952462,0.2286464350918018,0.0,3.106535188676026,-2.789831208003032,0.0012950609852912106,0.0,2.7729883086042957,-1.8221391072272042,-0.13339294458554024,0.0,0.9168382070132126,-2.2566216286431544,0.10417419087915807,0.0,2.937906899129285,-3.6501513792642193,0.04971010734743185,0.0,3.379441683599178,-2.8405033717915598,-0.17130706509638371,0.0,2.6905665744237535,-1.6051009653853734,-0.2479775449414422,0.0,1.0918198954445044,-2.381484297905248,-0.11085041483572748,0.0,5.008746508331183,-5.710110163771287,-0.479578192223201,0.0,3.9805234703860335,-3.083360674781835,-0.4597860749839244,0.0,2.7638482943883487,-1.5051178394900722,-0.36368631214773484,0.0,1.2241264061741215,-2.0384366805969707,-0.37980260265223387,0.0,5.135071986702975,-5.275442189544064,-1.0392225240222976,0.0,4.954014297455277,-3.724628276585454,-0.814049632959896,0.0,3.1181566051258356,-1.7223787365438388,-0.46653733076895826,0.0
0.0,0.0,0.0,0.0,0.3783736284618712,-0.13258701211054127,0.10010226637132025,0.0,0.7976455277319393,-0.38972510444403496,0.11739080819859053,0.0,1.2070733702156338,-0.5459089284206741,0.031690055674350064,0.0,1.4984510891845404,-0.6872308108535494,-0.06723029501799502,0.0,0.9672676734561617,-2.7751669239629404,0.6654842061562374,0.0,1.6838019105365902,-3.8255063225668886,0.6201791353514653,0.0,2.183440762365292,-3.5936452417211897,0.409005047679531,0.0,2.2827378495405224,-2.965495969407967,0.24895698555870704,0.0,0.8155333438415201,-2.964164138135138,0.35426959242237943,0.0,1.2427475534843264,-3.237880774981936,0.22039816228494638,0.0,1.729801619001931,-3.0558779763958976,0.07850837888578584,0.0,2.0758767284097357,-2.765974369666536,-0.007886582240756107,0.0,0.7487987726165718,-2.899950765623752,0.008159660846754372,0.0,1.1211287956359204,-3.148304336856988,-0.035808908938197194,0.0,1.7080699970388495,-3.1180170387440413,-0.10110915363239735,0.0,2.17201219361661,-2.9416847516625544,-0.15387520006221772,0.0,0.8387532038135199,-2.6896863500910566,-0.3346739083195878,0.0,1.6197004644296937,-3.9299033619005175,-0.394606665310464,0.0,2.162901387108119,-3.837884524506253,-0.36389741869463627,0.0,2.546337069253502,-3.524720386292016,-0.3437091088369683,0.0
0.0,0.0,0.0,0.0,0.5838605248692736,-0.3283397076083428,0.10931943566301881,0.0,2.055463284531538,-1.5114689608519691,0.2113424460583165,0.0,4.6698768629438865,-3.353200339850367,0.13267057646597316,0.0,3.5079359368634555,-2.3104356138583837,-0.0662936058236264,0.0,0.8835118583636461,-2.13599859081309,0.18897698252229303,0.0,2.3013504662743194,-3.047768788244306,0.056968431825309175,0.0,3.092181904096458,-2.796370612663233,-0.21325774740949027,0.0,2.7494857317367387,-1.8235971409461402,-0.31566663892122004,0.0,0.8781660183407424,-2.1969141103295127,0.01158654987679266,0.0,2.8803357655205426,-3.6006567319407603,-0.1940474668351808,0.0,3.3398593219951387,-2.821607612048653,-0.4179793771078762,0.0,2.6673286157855727,-1.5996211774826994,-0.4238762572664643,0.0,1.0195604903446795,-2.28038746042339,-0.22291001360854212,0.0,4.549156816618619,-5.314416159888247,-0.8647761896124796,0.0,3.972982662633329,-3.1272557620170622,-0.7634244420176065,0.0,2.7674087433047254,-1.52741740750589,-0.5419881573163859,0.0,1.106416983126507,-1.8809969541469131,-0.49319934914796615,0.0,4.162719758067494,-4.437586613281063,-1.311530158779223,0.0,4.923420287664878,-3.8303968702665236,-1.276614393561832,0.0,3.1846225945959676,-1.815459552718928,-0.740304465141205,0.0
0.0,0.0,0.0,0.0,0.39124853989664704,-0.14393615012664657,0.10424459197224104,0.0,0.8149838856492096,-0.4132018207966976,0.11799313702663819,0.0,1.2442707422857182,-0.5882112312920872,0.02006810167784797,0.0,1.5280349955745163,-0.7218372491550282,-0.09134218097010603,0.0,0.8734998871548684,-2.66036453816714,0.6464247599663852,0.0,1.559424292453356,-3.646523937093306,0.5877541488120298,0.0,2.1255879081833435,-3.5255159110362913,0.40820061331897983,0.0,2.288255929193492,-2.960222444809289,0.2641108264257293,0.0,0.7299633185950266,-2.8183823975105247,0.33658844109767955,0.0,1.2131325693758386,-3.20699683785623,0.2159313501830342,0.0,1.7586246397216498,-3.0838940869458678,0.0841048298785288,0.0,2.0969992826132215,-2.75203727955181,0.005008420608740658,0.0,0.7065004471193992,-2.8017988665483085,-0.00824324022902149,0.0,1.1381520912075518,-3.1634774358519264,-0.0455160931065002,0.0,1.7588754577650367,-3.1428492412358757,-0.09848733465275157,0.0,2.2118072754583986,-2.9239752890439212,-0.13779088815952947,0.0,0.8420666982963869,-2.603463262041721,-0.3646262543196401,0.0,1.6690081824358773,-3.959203706453147,-0.4294710089496786,0.0,2.21682047517751,-3.8544540078045335,-0.38284241333336705,0.0,2.5886479787658736,-3.5134922662527286,-0.3480136232250655,0.0
0.0,0.0,0.0,0.0,0.6115097217725038,-0.37276033393683056,0.10037059108498,0.0,1.9763216327998916,-1.5383336219368582,0.13306441946227734,0.0,3.699485289853058,-2.695983634339552,-0.05755518241333698,0.0,2.9023017528177895,-1.8325011592988851,-0.20023840939261217,0.0,0.8411553557751098,-2.1905315893316715,0.08959142347770789,0.0,2.195443592994176,-3.1537701925388757,-0.1739176677290963,0.0,2.955270870668579,-2.8977973288474557,-0.4858985079796125,0.0,2.6121942563122325,-1.8742448123376572,-0.5267800766066147,0.0,0.8006786018263181,-2.228429344770155,-0.11513394667535007,0.0,2.608759077384726,-3.6275074114525965,-0.510162396370383,0.0,3.077508846727001,-2.897988799772651,-0.7096322800384944,0.0,2.549471008034388,-1.697073621673914,-0.6317766235203821,0.0,0.8514416939907407,-2.168684287710504,-0.3823033697923309,0.0,3.7880950472288846,-5.016694187507385,-1.2903935135144302,0.0,3.7332797561737467,-3.3327640539995524,-1.1333033510968253,0.0,2.7156996403373466,-1.7114936559537475,-0.7721688337734841,0.0,0.7909235619084884,-1.5555701931008727,-0.6008764204297844,0.0,2.958189429152049,-3.666305762521067,-1.50148004362861,0.0,4.565112173176165,-4.193743427383744,-1.8395307563908623,0.0,3.2837679855940585,-2.285620849343202,-1.1463244510095756,0.0
0.0,0.0,0.0,0.0,0.3916987996107707,-0.12309090264555876,0.11456753142149524,0.0,0.7995979906926649,-0.37641413967365356,0.13561616182095115,0.0,1.2251534631890884,-0.5502168825048799,0.04701607769961878,0.0,1.5228911275961972,-0.6946711038982509,-0.06030423109967149,0.0,0.9148605879643482,-2.6928292748742955,0.6638918776567069,0.0,1.6444406233374866,-3.7165539503302125,0.6345894370530153,0.0,2.2246851043358418,-3.5673624665444272,0.4503942981537469,0.0,2.3308143748772765,-2.928887098744582,0.2862960546402607,0.0,0.7722816491996957,-2.871554927251935,0.34348962757594653,0.0,1.2415929370728898,-3.1830969980571244,0.23007489956154856,0.0,1.763877452150737,-3.0354332210651322,0.09760263091520277,0.0,2.1055679077574916,-2.7367030122261626,0.00978820898910623,0.0,0.7353681791287354,-2.829597022548991,-0.005428235740498684,0.0,1.117441314583371,-3.101032698423518,-0.027532397623758795,0.0,1.7340131841861663,-3.109895186652205,-0.08393730422655853,0.0,2.213450733792446,-2.9493058023139147,-0.1381059226243155,0.0,0.8606459589466898,-2.6306933331204787,-0.35664495655808964,0.0,1.627980119172346,-3.8656028875543123,-0.3889742598921221,0.0,2.180206127212563,-3.8046116179712497,-0.3480973367261879,0.0,2.589130115125502,-3.536557530161629,-0.3325747854844159,0.0
0.0,0.0,0.0,0.0,0.6125386811116744,-0.3404497027611698,0.13271671161852375,0.0,2.170563265940447,-1.6497163486765878,0.31339945772110633,0.0,5.5242808801539764,-4.150221489786764,0.38822211354056135,0.0,3.583966818332547,-2.3608545452528085,0.08519327282941681,0.0,0.9369128753724847,-2.186637288729021,0.3070936006813473,0.0,2.3639391481912093,-3.109202892646157,0.2780912927879408,0.0,3.2286520011940527,-2.9258537251945795,0.03835209324017898,0.0,2.8407857904813927,-1.9038867813147784,-0.12016759388530894,0.0,0.927166729993083,-2.24484463631892,0.12767997247687993,0.0,3.034265204230673,-3.742729460393783,0.06505113646464089,0.0,3.4668522600993463,-2.9658439187205015,-0.17046771999712274,0.0,2.7491195174103695,-1.6992255599933452,-0.24802655361998296,0.0,1.056813962860474,-2.316707273858403,-0.09662928933149652,0.0,4.927726996121739,-5.645545663907167,-0.5035312588784854,0.0,4.103157181658975,-3.2580499011504167,-0.4842381750981125,0.0,2.85758445674598,-1.6290549011086055,-0.3660920318317989,0.0,1.1697729057062694,-1.9895318012629375,-0.37254786815012547,0.0,4.749534694482198,-4.976920314248239,-1.030602472910248,0.0,5.08061917682908,-3.9236333927525777,-0.8921746888945877,0.0,3.304940614488753,-1.92603343522575,-0.5166796102372917,0.0
0.0,0.0,0.0,0.0,0.3904859023764174,-0.14304064703550307,0.14506852592054476,0.0,0.7941459438116121,-0.3999565623935463,0.20050726413822245,0.0,1.1883367687592572,-0.5434507059162386,0.13590975301787311,0.0,1.4890153204379326,-0.6923304863503403,0.04882756410450129,0.0,0.8856770503570177,-2.6815693789431876,0.8184401821309292,0.0,1.5477603778196585,-3.632692807524016,0.8328601126455656,0.0,2.080045074938755,-3.4951863996182295,0.6553333782926406,0.0,2.2151463037700956,-2.9344807899358303,0.47993042456303675,0.0,0.7706531485802796,-2.9499776430937357,0.4836131101901919,0.0,1.2361330121097354,-3.2644769918178587,0.3709880248334411,0.0,1.7720115694888356,-3.1277476801924324,0.231171158921849,0.0,2.130526113365672,-2.8218095215302794,0.14097909574819484,0.0,0.7290529502553867,-2.914557390384167,0.09397630822744966,0.0,1.1133775100032282,-3.1535750462709293,0.07327751940092127,0.0,1.700435551820259,-3.11980446476883,0.01717854818587459,0.0,2.164409442629002,-2.9392649906617843,-0.03266584544305787,0.0,0.8439789811630702,-2.6835404768040276,-0.2853677660146407,0.0,1.5352209371682441,-3.7712194584829977,-0.2777578310032546,0.0,2.04213324399172,-3.679204448879043,-0.23728201249874156,0.0,2.420443479364876,-3.3980287706650607,-0.2210581522928543,0.0
0.0,0.0,0.0,0.0,0.577832772679009,-0.3261946563687661,0.11864782530285212,0.0,2.0088136191750587,-1.572740942226153,0.2731055527624878,0.0,5.502518378907308,-4.370168757015456,0.3638979473906125,0.0,3.986322871287726,-2.941145988658552,0.08855623718943866,0.0,0.9099594806027681,-2.2059121508469484,0.262908670771562,0.0,2.2826639701591827,-3.115975578495124,0.18757249416748187,0.0,3.1389277588522737,-2.9155256743257723,-0.0625522610534699,0.0,2.7821460411782573,-1.8953988726998194,-0.1932529195714204,0.0,0.9210702385336629,-2.280913435401384,0.09147131094995353,0.0,2.8808557784344138,-3.680810500486974,-0.01627516652492068,0.0,3.3449025959090037,-2.914807313149866,-0.24535337328986573,0.0,2.673596103545598,-1.665607246920702,-0.2998257107015444,0.0,1.0749699959237302,-2.378142624360341,-0.13116587522007364,0.0,4.708942628370709,-5.552934448177867,-0.5821665490423409,0.0,3.930033307606339,-3.168315305321247,-0.5490426413519465,0.0,2.7651214629987724,-1.5818868568073303,-0.415578420030272,0.0,1.1895870326031588,-2.0177145106893937,-0.4010097287459509,0.0,4.94371008673935,-5.299157673733241,-1.1541838342812425,0.0,5.0592959200028895,-3.9975335379717287,-0.9746920549537563,0.0,3.2297020933185294,-1.9098406631584175,-0.5620222812078435,0.0
0.0,0.0,0.0,0.0,0.4047123706098138,-0.15975357501874926,0.15897435766606882,0.0,0.8171105990252993,-0.42721842078646427,0.22565033090132625,0.0,1.2043299981807785,-0.5542792253842072,0.1618735169624932,0.0,1.4831199696902924,-0.6823649194063952,0.07410724687387081,0.0,0.8868221523696593,-2.663144889407782,0.8385364583160918,0.0,1.5288190963714507,-3.5797799256350684,0.8486535477571083,0.0,2.0654507614181985,-3.471916715849526,0.6744335859657687,0.0,2.2116950037442207,-2.937891999874346,0.49647166751974103,0.0,0.7727759470854647,-2.9559969379428845,0.4913248884454833,0.0,1.2299951166852086,-3.263804638536366,0.3699534506350057,0.0,1.762507992518122,-3.1326170868810608,0.22116872873707027,0.0,2.127550703278623,-2.8422259097069515,0.12547499495741737,0.0,0.7193609377254945,-2.8987430370047664,0.08116657851107233,0.0,1.1061624704309594,-3.1589595574322296,0.056567053687487864,0.0,1.698962407072543,-3.132561336217928,-0.008706279357833793,0.0,2.1556520738154745,-2.9444813462561945,-0.06564982184564176,0.0,0.8097930117184589,-2.60705949721702,-0.3064106715863772,0.0,1.513281759536921,-3.727012292701821,-0.3157631600491561,0.0,2.0137929905004035,-3.6413318955721463,-0.28140402349149557,0.0,2.3708198920286074,-3.3458919862847134,-0.26786355978745846,0.0
0.0,0.0,0.0,0.0,0.5876426912183232,-0.3249812882498751,0.11568749476037866,0.0,2.057642041191178,-1.4693494628976005,0.2179874791564754,0.0,4.377054159872607,-2.9903445215383284,0.12507020812541889,0.0,3.28689558737783,-1.9933267519120057,-0.06608941608584044,0.0,0.9292102302581088,-2.162353625326373,0.19435578513631183,0.0,2.327293355806599,-3.0715047119668526,0.06943019210357063,0.0,3.167285860548188,-2.8720954351712598,-0.19727600335327297,0.0,2.8313704935476696,-1.8974660293422783,-0.3070018244066682,0.0,0.9228867762990761,-2.2231329151656642,0.005869414096033171,0.0,2.8796936377341558,-3.6030155580232863,-0.1957475648150713,0.0,3.3405492601362536,-2.8748499512526275,-0.40942898867291316,0.0,2.7405615723142063,-1.6951672847593973,-0.4272566703043068,0.0,1.0593617722007347,-2.2797981659667683,-0.24057146889191205,0.0,4.400424173015412,-5.152142849145699,-0.8417144411361815,0.0,3.964363127039836,-3.182378420514178,-0.74875167322558,0.0,2.8437356308983115,-1.622890061028515,-0.5436981273707133,0.0,1.1187383868393486,-1.8239896009631957,-0.5086251094121385,0.0,4.296919229591333,-4.534796253448623,-1.3529054629860724,0.0,5.016924952775804,-3.9078674354876277,-1.2813812560962607,0.0,3.279307513027295,-1.8988355072889334,-0.7484841421439338,0.0
0.0,0.0,0.0,0.0,0.3848548102123812,-0.1446481693967819,0.13757253737545322,0.0,0.7936922247220399,-0.4164409837013024,0.17929909673576472,0.0,1.2217053211773974,-0.6007753976713669,0.103921193836892,0.0,1.5205874058174766,-0.7535930224859844,0.004424320321265529,0.0,0.7013339173955173,-2.553185383934823,0.6798093958349409,0.0,1.4156975970942465,-3.564749100144174,0.6870982142387339,0.0,2.0192087697077636,-3.499977954405963,0.5339900962080042,0.0,2.1829600428874882,-2.9472738825697755,0.3772488015526611,0.0,0.5914122274244348,-2.7324044031597934,0.36243163968763487,0.0,1.160982416068113,-3.221893377754642,0.2830651934355101,0.0,1.7297862421637984,-3.113001709803077,0.15796607867686732,0.0,2.0643949062585722,-2.7838347630693017,0.07089739613402508,0.0,0.6179344317418841,-2.7654384268129455,0.014104543214512962,0.0,1.1056402913132246,-3.191357389696319,0.0037006914532731897,0.0,1.719785561210965,-3.1536028688328344,-0.04288710033890623,0.0,2.1508884515803817,-2.9247654734060085,-0.08890147559687758,0.0,0.8126449019514626,-2.5941110723501635,-0.3526435776827654,0.0,1.6789535335015828,-4.0118124859609825,-0.3856379796548372,0.0,2.177179593925097,-3.828819279562378,-0.32021639431035215,0.0,2.4859300109567104,-3.444297275581612,-0.2872821171515261,0.0
0.0,0.0,0.0,0.0,0.6146177709791724,-0.34723183929248785,0.1299333797762575,0.0,2.108188494930772,-1.5258621080988788,0.25468321459557003,0.0,4.36745314745698,-3.044352881521068,0.17821266206405006,0.0,3.2172349423290227,-1.98556351456593,-0.03197377830398631,0.0,0.9556269295891292,-2.19450216367361,0.22740472672058823,0.0,2.3327138681954205,-3.1073263912423457,0.10817483138370003,0.0,3.1669694792246097,-2.904489225411943,-0.16969364840063123,0.0,2.8004858833315738,-1.8891570371487727,-0.28952913233665034,0.0,0.9456584218342365,-2.262815508640986,0.02998629170318399,0.0,2.9133346389115884,-3.703176974387462,-0.15634110041812355,0.0,3.394060133387526,-2.9690831454088324,-0.3807094912131636,0.0,2.7214415605129365,-1.7061806243002788,-0.4037106335220961,0.0,1.067414255241745,-2.310576416383499,-0.22725265599958508,0.0,4.44152073798143,-5.265129303062285,-0.8423614041384521,0.0,4.058122966246235,-3.3111011816969844,-0.756306655361371,0.0,2.8669702878218106,-1.6665474603612251,-0.5417520177721348,0.0,1.0854816109239138,-1.8225419679927135,-0.4982340868003324,0.0,3.9950944306819096,-4.272983565956388,-1.2795177423028428,0.0,4.893775683833449,-3.9084270765427305,-1.2718438747253054,0.0,3.3562107455552086,-2.0469620691091452,-0.7817671372325418,0.0
0.0,0.0,0.0,0.0,0.3672477661697855,-0.13551490006754435,0.11662449653323123,0.0,0.7697557593968858,-0.39482479289238004,0.13736574080081446,0.0,1.1930890254418556,-0.5669833205967907,0.05066838051914905,0.0,1.496976690397627,-0.7133872025012424,-0.053159634099594344,0.0,0.7827738244369946,-2.6552824288560974,0.6049483078949609,0.0,1.4447746398938253,-3.5830458047804585,0.5424469939429698,0.0,2.074029940877512,-3.539752055582459,0.3759626814177539,0.0,2.239404794532385,-2.97196571015293,0.22677944603435268,0.0,0.6713994598893217,-2.8225087693517534,0.29730035467548666,0.0,1.196964514104611,-3.1993204964766506,0.19937587565444748,0.0,1.7425322469675288,-3.070608995704372,0.07187343050581264,0.0,2.0830944611593556,-2.772120166312921,-0.019752227896537876,0.0,0.6834805878034372,-2.8411364445534026,-0.04146724478441391,0.0,1.1602542719115811,-3.223918178800469,-0.05188537826751648,0.0,1.7440194775455535,-3.1451543858259616,-0.09998690479354272,0.0,2.1562380909566334,-2.9110709076671792,-0.15197299400166,0.0,0.8547178255299718,-2.6873652756789057,-0.39923437947025464,0.0,1.754003507291334,-4.124650138297449,-0.457317616326918,0.0,2.231351860917083,-3.9222012139877354,-0.39461997255418774,0.0,2.5357693500589056,-3.544476482793046,-0.3676236036390869,0.0
0.0,0.0,0.0,0.0,0.5995435394415463,-0.3131546902818522,0.11381352697124542,0.0,2.095466415862916,-1.5331990470075594,0.2492516763909619,0.0,5.434144259026846,-4.081097504258505,0.2832365211275731,0.0,3.8582852991605256,-2.6393087822440613,0.0388054444741573,0.0,0.8982535787782121,-2.148788599084944,0.2145300181053881,0.0,2.36525648126985,-3.0830770791327047,0.13035797327873333,0.0,3.1529010154083648,-2.822037338639751,-0.10932879778246324,0.0,2.8135676502846905,-1.8438482650130168,-0.22229192212094823,0.0,0.8994877529083901,-2.2045782816354778,0.05092920413658166,0.0,2.936387568956502,-3.6324733952756603,-0.08201796797544522,0.0,3.4166730157287235,-2.8846236705143147,-0.28638379145373366,0.0,2.734985487798855,-1.6396420414255732,-0.31995286819673147,0.0,1.0767083976575655,-2.3075191439104707,-0.16477282461424744,0.0,4.941054752970779,-5.589182338672266,-0.6972544240353448,0.0,4.028715227474115,-3.1090938221663906,-0.60331117170362,0.0,2.798034830248058,-1.5191226959073245,-0.43708724098416546,0.0,1.208944741182515,-1.919573343097997,-0.425472226489607,0.0,4.9970459592663135,-5.060288553837106,-1.2166817849402638,0.0,5.1983836519139395,-3.9452004915027805,-1.0405082560007204,0.0,3.351834130525951,-1.9314495344637248,-0.6032830920487628,0.0
0.0,0.0,0.0,0.0,0.3574261421968201,-0.13766140507448296,0.08969900744343239,0.0,0.7723644463177959,-0.43481962005171493,0.0904795485941969,0.0,1.2096647664458853,-0.6294906574161159,-0.008870843033149752,0.0,1.486754651374231,-0.7424684259969008,-0.11365656460382119,0.0,0.6141463414316972,-2.5398903304558393,0.44602029388337694,0.0,1.3786429426527258,-3.697392386075185,0.36981754205030876,0.0,2.058372683889254,-3.658911600183063,0.18687100021312059,0.0,2.2081579178123896,-2.9927586552826613,0.053279982648486636,0.0,0.5124739148461854,-2.6468049989441553,0.1844515766570788,0.0,1.1185776598455313,-3.2214153479564698,0.09198611831064941,0.0,1.6840235667436947,-3.09065415859157,-0.02432863994513814,0.0,1.9983029297511625,-2.7366967750002167,-0.10409733637944979,0.0,0.5762613001557629,-2.741109464368981,-0.10298340466715308,0.0,1.1114780747495852,-3.2434654396278666,-0.12991972371975002,0.0,1.7015077708115804,-3.1568578537075287,-0.1687759458268627,0.0,2.1072059941176207,-2.9037473295285556,-0.20919095357707645,0.0,0.8357251847785164,-2.7603539427009056,-0.444602088486113,0.0,1.8037125395103195,-4.34802560868661,-0.5428588267890557,0.0,2.2786825084929054,-4.041570166103374,-0.45787750522048065,0.0,2.530695921208551,-3.566961876069702,-0.40764617707762074,0.0
0.0,0.0,0.0,0.0,0.5927203338783423,-0.31892942150065284,0.1146418154326822,0.0,2.093451528458378,-1.5044113157718884,0.2458646650320143,0.0,4.98312421856213,-3.5281895056519468,0.23007116925041304,0.0,3.645102475890081,-2.375616052867874,0.007585136216982071,0.0,0.9264217642536136,-2.154197548210945,0.2387719179978698,0.0,2.2888108078437748,-3.007847766684696,0.15008825400805317,0.0,3.1240213281219034,-2.8078845632410694,-0.09965482725509003,0.0,2.83371401007759,-1.8730938953707996,-0.22645459335019788,0.0,0.9384702223071177,-2.2262062483105636,0.06803553715029106,0.0,2.8890572930864202,-3.5775733694953535,-0.060826366293462254,0.0,3.395453595935607,-2.8706634718211377,-0.29349664702201855,0.0,2.7586640392386825,-1.6677879959516329,-0.34566944667486227,0.0,1.115501718651005,-2.336869211569801,-0.15674038802541337,0.0,4.874337853354099,-5.518624746047538,-0.652278906451525,0.0,4.134479305110592,-3.204778194029128,-0.610180722544156,0.0,2.8842421030298637,-1.5829479295848428,-0.4570043223014804,0.0,1.252714256577036,-1.9785592326086965,-0.43383812489859735,0.0,5.126445068332832,-5.198130836051732,-1.2337776605768225,0.0,5.181824042791931,-3.8925265597260426,-1.027618965498048,0.0,3.2655957105933067,-1.8159053849654545,-0.5848952077735159,0.0
0.0,0.0,0.0,0.0,0.3625165449131854,-0.14848969580192417,0.08887937546062159,0.0,0.7693641924814366,-0.43212794105963837,0.08841282519633921,0.0,1.198985816199803,-0.6192307866169877,-0.012039555643265918,0.0,1.473914700207748,-0.7218024773105416,-0.1182803413910139,0.0,0.6670816804166498,-2.5949018822507717,0.48372552890951087,0.0,1.3702378778683557,-3.614982403642548,0.3980834990598312,0.0,2.0635112239770352,-3.637710031837021,0.22044649816847392,0.0,2.2275707416788912,-3.022738861396547,0.07917824365617179,0.0,0.5670493495435965,-2.711554255775241,0.22133752598219558,0.0,1.1528122544830397,-3.2169075509572025,0.12460095429575292,0.0,1.7203417064836373,-3.0985420768177865,-0.005944786560324503,0.0,2.0501036301592825,-2.765703403348632,-0.09680367872754396,0.0,0.6281267461135812,-2.808188625116991,-0.06819670483734087,0.0,1.1534186608897634,-3.2913143655874744,-0.09156579060309178,0.0,1.746613974755814,-3.1924945240419182,-0.1406445186356059,0.0,2.1341050566095654,-2.902945817040291,-0.18508596150172427,0.0,0.8774444103801607,-2.809992545876682,-0.4109210256171546,0.0,1.8815275444485102,-4.447091413473801,-0.499207469730111,0.0,2.3085996988732163,-4.032375138267873,-0.41393691642572483,0.0,2.495363773091429,-3.460590576423562,-0.36074216613493626,0.0
0.0,0.0,0.0,0.0,0.5431036930427202,-0.33492792035258306,0.0805747198720082,0.0,1.8945488447770074,-1.51154890991053,0.12097173923757736,0.0,5.800389471916205,-4.719645870879269,-0.0394566374970364,0.0,4.084161835645085,-3.0606913259499273,-0.20738015349140457,0.0,0.8656988573653537,-2.1377617682254786,0.10222845670152549,0.0,2.430968933468645,-3.170531707936307,-0.11372801770075386,0.0,3.0248873665892475,-2.7152625559471386,-0.3690777722959466,0.0,2.660328576505005,-1.756476674470115,-0.4133125394906479,0.0,0.8827329205089378,-2.203015411826854,-0.06297841157586598,0.0,3.037009392397826,-3.737658861406749,-0.3732753694425046,0.0,3.2386298280558257,-2.7229619766051716,-0.5079204151638959,0.0,2.6100964504988435,-1.5797299858645555,-0.4618363527993042,0.0,1.0493830411894398,-2.265947434508186,-0.29908550454243715,0.0,5.131985358156068,-5.776851212839737,-1.201007273282607,0.0,3.8087925121429516,-2.931870215201385,-0.8305120127401749,0.0,2.7115605310618944,-1.4815469486149864,-0.5704522185494638,0.0,1.1118249160860745,-1.7607273665810448,-0.5405538765669431,0.0,4.516591777670913,-4.6053960479425164,-1.560710925235298,0.0,5.077004442264193,-3.939205312805171,-1.4333353389234549,0.0,3.3935420774181653,-2.0342543991574615,-0.8433609173445555,0.0
0.0,0.0,0.0,0.0,0.3998001154465483,-0.18133602972191523,0.12220269088735541,0.0,0.8589911947456244,-0.5165958080830901,0.14880708651765084,0.0,1.30477513847416,-0.6992729907628672,0.05652627697891841,0.0,1.5530494449417531,-0.77545272876621,-0.050373135403247976,0.0,0.7045710415937145,-2.606578694829927,0.465442886408175,0.0,1.3556633529351738,-3.5276643624154866,0.35032811267048275,0.0,2.0723953421956325,-3.6046873773255017,0.1831793727312227,0.0,2.2779460546117245,-3.0146893603108484,0.048691148993534876,0.0,0.5718310458480814,-2.6930324867724966,0.15618400846397884,0.0,1.1519603429537448,-3.1986475376117505,0.052322659404086,0.0,1.747236617101083,-3.110721743232345,-0.07575633452155509,0.0,2.1013841672538662,-2.7807410128767343,-0.16739592957551858,0.0,0.5863990318841937,-2.6679689165263887,-0.16853965005063287,0.0,1.1530825568571097,-3.2934425712962963,-0.19438550699533272,0.0,1.7993542760993881,-3.2569564840151477,-0.24195692003173558,0.0,2.204731165661842,-2.9500435587027334,-0.28667936306709957,0.0,0.7521624265268614,-2.4642073304293843,-0.5061404087877478,0.0,1.7529329717798061,-4.210649268161453,-0.678013064373902,0.0,2.274811517941787,-4.004515420997948,-0.6057238942813017,0.0,2.4797443208408763,-3.459642612640418,-0.5409233471637135,0.0
0.0,0.0,0.0,0.0,0.5801348165012583,-0.365770719261289,0.09042173278683754,0.0,2.0200114055971303,-1.5386284435626285,0.11131789918610002,0.0,4.396723037855832,-3.193092722435835,-0.10351849122836282,0.0,3.3286672980326184,-2.1705191478789354,-0.24926807648823474,0.0,0.8865317114837029,-2.1143763506826754,0.05533067215737894,0.0,2.3461729232765847,-3.0454672863283263,-0.21746693548301782,0.0,2.9826692188153374,-2.6631554155519934,-0.4936945726587247,0.0,2.654876956633662,-1.7356425551789159,-0.5253626278517933,0.0,0.8886851250501514,-2.1779002070015587,-0.1408994048025181,0.0,2.9665396444500622,-3.646133105296863,-0.5685038265806758,0.0,3.1936963512614795,-2.667595407817264,-0.7022562350410675,0.0,2.602576843959455,-1.5492942891453374,-0.6173373730021853,0.0,1.0016314153375876,-2.157843205312276,-0.41300841016533474,0.0,4.636313171881419,-5.336539821643186,-1.483426693697929,0.0,3.8775881737361746,-3.0543820382051035,-1.1172380073518835,0.0,2.784281097732122,-1.5577951091752713,-0.7610213038566633,0.0,0.9571283084145035,-1.52015110507176,-0.6331247124384468,0.0,3.404002166944654,-3.566801020283859,-1.5932494448180927,0.0,4.657994834820748,-3.6983474653819908,-1.7708411239878765,0.0,3.3167946176352214,-2.001607658523792,-1.1055143664563762,0.0
0.0,0.0,0.0,0.0,0.39561085205411156,-0.18584621857826453,0.12931454494307337,0.0,0.8253303357127033,-0.5094467037569922,0.16603238582862712,0.0,1.2834245173702563,-0.7326304540846756,0.08963206505297953,0.0,1.5610171976780032,-0.8409750528329565,-0.01137366831318905,0.0,0.651690930073829,-2.593098098632561,0.5039160339648769,0.0,1.304522865932711,-3.5398430014024957,0.4131248582487508,0.0,2.0008887899042804,-3.6123619099897613,0.24452410529625615,0.0,2.202532685519593,-3.041841628427988,0.10051972831289169,0.0,0.5495053252336277,-2.70372442845259,0.1999418218976997,0.0,1.1738836204404655,-3.3014782973016548,0.10915680147914318,0.0,1.7379903516595998,-3.167223755682448,-0.02768739085272585,0.0,2.0393251667502956,-2.8079642672021166,-0.1273945503338389,0.0,0.5935143107075632,-2.7203450173481154,-0.12924520094297873,0.0,1.209313507910307,-3.4232084373736686,-0.15142261622766318,0.0,1.7713313454328254,-3.2540439920270052,-0.2002419462173066,0.0,2.1095386649794,-2.91936397017151,-0.2506645747595516,0.0,0.7901466800630664,-2.5328378919267847,-0.47623939866157305,0.0,1.8475531068038253,-4.3938696478235135,-0.615630580891926,0.0,2.2669604287501115,-4.027792113208426,-0.513736609674296,0.0,2.4331704176130637,-3.4699352393782723,-0.454577841856876,0.0
0.0,0.0,0.0,0.0,0.5160552027807873,-0.3981800435044708,0.04687191323667059,0.0,1.8022595835118798,-1.7596048031894602,-0.01730722304958784,0.0,4.426844761425304,-4.554123441898945,-0.3725702110023642,0.0,3.4389148974783463,-3.3607128314983195,-0.482419238233039,0.0,0.9282028869758479,-2.309713795048817,-0.11977567431051969,0.0,2.3152875637965273,-3.218477400596062,-0.5484590842603955,0.0,2.6825540770420075,-2.565534635190751,-0.7574531035321291,0.0,2.390561529436377,-1.6604489821587458,-0.7047333777159367,0.0,0.9172433710517681,-2.3479475074443714,-0.3222117750878055,0.0,2.9576045101717123,-3.931023706937722,-0.9555570632114881,0.0,2.9064251050467553,-2.6072643795218635,-0.9038998063813868,0.0,2.3867145295720014,-1.527048368305195,-0.7298306082102148,0.0,0.9430453509350447,-2.1382396310099536,-0.5770781111383044,0.0,4.820730330251308,-5.989380693937328,-2.167647253268026,0.0,3.5466351496468,-2.9849848177613345,-1.3241906690612637,0.0,2.5629849112372134,-1.5374992659765108,-0.8596391698536602,0.0,0.7712741948115064,-1.2958949073104107,-0.673468277437534,0.0,2.7867884232912026,-3.1844534106452627,-1.726136773032039,0.0,4.433312198402656,-3.9261044093091515,-2.17962013964386,0.0,3.335706010535223,-2.324767003916062,-1.3998674157737443,0.0
0.0,0.0,0.0,0.0,0.39543783646719805,-0.17635468124138595,0.07861883791292121,0.0,0.8748137604777858,-0.5136844660612898,0.06739643843342347,0.0,1.3570395852477999,-0.7488190513165359,-0.04229526214774641,0.0,1.6218559226336235,-0.8656504896491951,-0.14953586690389828,0.0,0.7149793191881825,-2.7061880465284087,0.35301446686064925,0.0,1.3712763173568954,-3.5621625095777762,0.19473770281207264,0.0,2.0858387686908952,-3.634122233640808,0.004081824612958562,0.0,2.2993407505714436,-3.07482242962604,-0.11424873967635808,0.0,0.5569495077242136,-2.681257374945657,0.09274114106810215,0.0,1.1788623231854618,-3.2358932362593396,-0.02406976132272545,0.0,1.7754063249825331,-3.147283603482525,-0.15715065343553292,0.0,2.1214304216439377,-2.8134017861990195,-0.24299497698213215,0.0,0.5761015392547656,-2.6529285553165636,-0.17776781115864035,0.0,1.2199304168614742,-3.4057265552987146,-0.2425315380585956,0.0,1.8534645257433402,-3.3223017238209063,-0.2903630652658954,0.0,2.222638486221055,-2.97183361799102,-0.31919705546214666,0.0,0.7651790718092556,-2.4933207773362467,-0.4787811865474017,0.0,2.0468899835735277,-4.762320100135663,-0.7535802627459346,0.0,2.537642013944997,-4.384185035901181,-0.6453239000650434,0.0,2.6521287114557217,-3.6728603168928564,-0.5364602555612408,0.0
0.0,0.0,0.0,0.0,0.46830209916786186,-0.39537284398389694,0.06459181555349501,0.0,1.642167015877041,-1.68636580421844,0.06727975456629647,0.0,5.088081363146566,-5.550940529842765,-0.19260692521278164,0.0,4.147935999126468,-4.282406857350259,-0.3840154542165271,0.0,1.0016393233733263,-2.339804468378717,0.02544600350789966,0.0,2.2695888022285873,-3.133629266513605,-0.29612936331111944,0.0,2.7546004369705663,-2.6081207581662045,-0.5474503408281118,0.0,2.4787165633629566,-1.692099753649836,-0.5515306698962923,0.0,1.060739228793622,-2.4638423507834233,-0.17158448758035313,0.0,3.110782091350164,-3.9798190660755854,-0.632599624463164,0.0,3.070169535852502,-2.6590618162335855,-0.689905405204952,0.0,2.4657516329516223,-1.5234871351657702,-0.5804113503666529,0.0,1.2157646162149573,-2.474812210433445,-0.45503684474528905,0.0,5.379055418819995,-6.35348611612997,-1.6827977231444782,0.0,3.601746006444417,-2.9061673417739895,-1.0034215262143706,0.0,2.5743120462562334,-1.4661081269616298,-0.6693592165352781,0.0,1.118626419160084,-1.7008140533470533,-0.653037033807126,0.0,4.036501470289067,-4.3351061108988835,-1.7665832550360114,0.0,4.7345027363866485,-3.8869791280526713,-1.6903828311767128,0.0,3.1745755541854432,-1.9641217666213082,-0.9859472436185708,0.0
0.0,0.0,0.0,0.0,0.41732640230353807,-0.21242713486921264,0.11462778922419377,0.0,0.9150527777757376,-0.5855825643633163,0.1260709828125745,0.0,1.4181947538390693,-0.8239114532750784,0.01647522686360721,0.0,1.6363734467489623,-0.8690238068093707,-0.10025706317309858,0.0,0.714944404546709,-2.6591242363077323,0.39262214969480597,0.0,1.3117109376078233,-3.4377527975482756,0.23409160336903306,0.0,2.06799725868967,-3.593187303286951,0.05467711174960838,0.0,2.301823254183987,-3.0399401993606703,-0.07593636417562304,0.0,0.5852276804201466,-2.7025594673598756,0.08430327025626466,0.0,1.19937898500525,-3.2427402870841138,-0.0316801501539967,0.0,1.8020476117948325,-3.1635763110103765,-0.16788954192785294,0.0,2.122441606141901,-2.8073645430749123,-0.26087483666188854,0.0,0.6004739708874116,-2.6392051104035716,-0.24243970483666993,0.0,1.273849059395916,-3.4705801032551085,-0.2919308231427287,0.0,1.8948869532251849,-3.3639135976148142,-0.3273725717065369,0.0,2.2334797113808063,-2.9765450339534425,-0.357992901599254,0.0,0.7512096331145236,-2.3272731198218923,-0.5697285154936826,0.0,1.9783262734198828,-4.574339367628658,-0.8606560257690519,0.0,2.487220764407188,-4.373825685884626,-0.7440523443657818,0.0,2.614729188812223,-3.742155738153339,-0.6371959678565867,0.0
0.0,0.0,0.0,0.0,0.438176312168702,-0.3772576469981953,0.05835747141851027,0.0,1.4959225591435017,-1.5828545750758247,0.01703761983770132,0.0,3.935451063440742,-4.3358837802719545,-0.2989132291947045,0.0,3.3776250088388644,-3.5500680856115148,-0.4710255666393751,0.0,0.9879993492953696,-2.48223696776659,-0.1364246964657833,0.0,2.133792224672622,-3.2386869156805025,-0.551513029588114,0.0,2.5304197413113467,-2.6346400740680798,-0.7625249612757715,0.0,2.3093378342110342,-1.739250020320104,-0.712846113978567,0.0,0.9165836590361582,-2.4678283135854366,-0.36816290670767365,0.0,2.652203390360562,-3.8857183721815463,-0.9504735610349355,0.0,2.7614950025427953,-2.67823605629071,-0.9341394368502418,0.0,2.298063584257486,-1.5708111131142268,-0.7516229715147893,0.0,0.8764077318272425,-2.1663059045488935,-0.6244367606201181,0.0,3.786394306903443,-5.34346155690348,-1.8647733645349522,0.0,3.275011388933687,-3.0605429180414334,-1.298011454256255,0.0,2.4441735599051393,-1.6025176420431526,-0.8560474909227886,0.0,0.7093193108628736,-1.3289269986537993,-0.7183970251812357,0.0,2.728268958030014,-3.6484507243882973,-1.84997374090276,0.0,4.549249897739459,-4.604843492854829,-2.3775481632441875,0.0,3.3053563661696654,-2.556702944699014,-1.4553598363619207,0.0
0.0,0.0,0.0,0.0,0.4199771747752705,-0.22205619203524063,0.10918617827739238,0.0,0.9221001191043491,-0.6011372658996759,0.11677497216104568,0.0,1.4322056064958342,-0.8554922757574257,0.0018181095650670826,0.0,1.6516922481641096,-0.9086622885354829,-0.11673131673321135,0.0,0.6978564856807394,-2.633336771199442,0.4260781901958248,0.0,1.2994706155586973,-3.4620433955148333,0.2723316199424231,0.0,2.05013782356068,-3.629540147275472,0.08973968541993808,0.0,2.3046312762198595,-3.1003029244940783,-0.046859866297648975,0.0,0.5662043783902145,-2.6786098841723356,0.12364736574715944,0.0,1.1814773370908824,-3.2709395391547873,-0.0034580699557236506,0.0,1.801078801990505,-3.2242613682419408,-0.14910519804735825,0.0,2.1273156980840184,-2.8550824109510757,-0.2442767205409695,0.0,0.5926260693165539,-2.655621450685568,-0.2041296056873783,0.0,1.2440843905313521,-3.4560594719107804,-0.26480707658183045,0.0,1.8689329209051018,-3.362483249635235,-0.30682884612571926,0.0,2.2170990676367603,-2.9781351680098935,-0.33596952370013367,0.0,0.7600444939302817,-2.381981211089639,-0.5439372793511488,0.0,1.9668654189452586,-4.583732514457954,-0.8135929340729016,0.0,2.4720470873823888,-4.349983682372694,-0.7000576213502046,0.0,2.6156224467174445,-3.723561276648735,-0.598189616491585,0.0
0.0,0.0,0.0,0.0,0.29665166749327354,0.030679020487800607,-0.08415659337185524,0.0,0.7906546277056292,-0.11931729579971871,-0.23583672531518715,0.0,1.296053506019098,-0.2581828032225876,-0.4146685873904735,0.0,1.6379215912828042,-0.4278660550755844,-0.5747594367012154,0.0,1.1517108034996448,-2.665963599004048,-0.3515899544312897,0.0,1.9117657380597493,-3.138431348875904,-0.6896019578849846,0.0,2.214461080014867,-2.596906900116911,-0.8450343771728548,0.0,2.176800926066585,-1.897447600747643,-0.8169222827042987,0.0,0.8564644229154863,-2.372530501105927,-0.3687041417281536,0.0,1.859587238833212,-3.14789304269466,-0.6917900291277663,0.0,2.2789142430363034,-2.6733451499384135,-0.8030877728512847,0.0,2.2573997924614586,-1.933879224192997,-0.7760130111162491,0.0,0.7868111692179136,-2.2307640261728685,-0.45491900229184185,0.0,2.080158417147695,-3.482755435418061,-0.8457284296332538,0.0,2.5532574114036812,-2.968662433534838,-0.8554580033525787,0.0,2.5048895880740183,-2.144118582114694,-0.7581167328524141,0.0,0.8266828917763023,-2.0273237392860417,-0.5899675394983268,0.0,2.8930804860056876,-4.682652547031358,-1.3309750218926795,0.0,3.734843583576733,-4.55977679690644,-1.3077640638802748,0.0,3.4885385782130416,-3.326828346881374,-1.0399985433632641,0.0
0.0,0.0,0.0,0.0,0.38495875280286806,-0.15949731590026064,0.015024724952193518,0.0,0.9338368695172089,-0.4964191092968958,-0.06455820947010119,0.0,1.4426188696208835,-0.7113570536752164,-0.2172414648096712,0.0,1.593093912576258,-0.7259456063667952,-0.30852633366047544,0.0,0.7952044403026318,-2.7245553854527262,0.23367854596634888,0.0,1.4016806468764826,-3.466007281411378,0.028948218131055053,0.0,2.142783679381536,-3.5295593411655486,-0.18996917322158116,0.0,2.3934371572234836,-2.9971284010837995,-0.3035003661600109,0.0,0.5837133550216663,-2.569300591440492,0.040472943102576,0.0,1.2212516347833133,-3.190665862605095,-0.10028698684383604,0.0,1.8803429432194072,-3.184383201740654,-0.2549288668813808,0.0,2.2224856805793394,-2.8236445729782678,-0.34523364693017605,0.0,0.5831040860467,-2.516889335506482,-0.16654690798821503,0.0,1.2574684541486778,-3.3535359855047653,-0.2628372589484533,0.0,1.9240146730977088,-3.3347572292088477,-0.3186089237714691,0.0,2.3009308607397116,-2.985179019515199,-0.34265807540383386,0.0,0.7726015912320309,-2.398534139313417,-0.41959877324740275,0.0,2.3098201854516383,-5.123996100590803,-0.7552344883652206,0.0,2.855790783540667,-4.769326544181468,-0.6454702460759731,0.0,2.9536511484698287,-3.9781529074531217,-0.522979491830701,0.0
0.0,0.0,0.0,0.0,0.24111797729836365,0.05465596559201152,-0.14500530743299486,0.0,0.6264972014814745,-0.02943721210980838,-0.34122328645883965,0.0,1.0288943201859893,-0.08080995136961586,-0.5164723359646496,0.0,1.3127003828229489,-0.2044999104849935,-0.6780976160860364,0.0,1.2246269124481983,-2.7759989181036344,-0.8320665429251372,0.0,1.9035674741646207,-3.394705763735006,-1.2246240875353769,0.0,1.989617346466833,-2.5251065131420276,-1.1786001352864053,0.0,1.9518003891255327,-1.8216308903132452,-1.0629197838093987,0.0,0.8774424447483449,-2.470794632539396,-0.6762040441112248,0.0,1.6286799425456593,-3.0955190047367447,-0.9844886785889603,0.0,1.9163139217130312,-2.506397037083112,-0.9924114663617067,0.0,1.9850940363352745,-1.8951959760721928,-0.9505585815246755,0.0,0.7448462640224586,-2.2678385024303203,-0.6405612524613252,0.0,1.6350598927820539,-3.220758335054133,-0.9594781758975555,0.0,2.0291030419921525,-2.7592767041629997,-0.9379949988599177,0.0,2.149060059421666,-2.1630347112769375,-0.8737326892356213,0.0,0.6939726343419342,-2.0407800537829055,-0.6632189371882549,0.0,1.81688917432629,-3.7321994980320388,-1.1418481642010208,0.0,2.3504871790308988,-3.624146132713014,-1.1117517133941524,0.0,2.6119232445316984,-3.1346554419607484,-1.036613482497875,0.0
0.0,0.0,0.0,0.0,0.3645444993345545,-0.11831548812106167,0.025073621569945376,0.0,0.8683634614931117,-0.40350638389246896,-0.03844373714121489,0.0,1.299368815366826,-0.5417273307540081,-0.16952694860532014,0.0,1.492736512607212,-0.6084147635218516,-0.2648338768292822,0.0,0.6770499820134576,-2.5936036451796385,0.322199292642702,0.0,1.3091166671035877,-3.3864098419225694,0.17647765544503735,0.0,2.0365230325747423,-3.4865118093182654,-0.006431655225735191,0.0,2.3595692356948605,-3.0381952905436265,-0.12072937099639834,0.0,0.519150962552043,-2.4992364025150833,0.1343261656925165,0.0,1.1782923007194783,-3.145223138387881,0.0327696954834241,0.0,1.8189321499459683,-3.1432732206450247,-0.10736139506650733,0.0,2.219644548922829,-2.8525479346977183,-0.20241404150319242,0.0,0.5660869343015937,-2.534461802697923,-0.0636692391948987,0.0,1.2164163662487286,-3.259410226078121,-0.11093901491747041,0.0,1.8542250911675289,-3.225325186637804,-0.16139494173838406,0.0,2.2966078601333355,-2.976728518110745,-0.1998253323890966,0.0,0.8516672306365818,-2.6031052995616966,-0.32436653143786565,0.0,2.262196630798215,-4.938811045295261,-0.46258310543803366,0.0,2.666083539054402,-4.367131883040136,-0.3436059891085977,0.0,2.8510779853405444,-3.7281764640820283,-0.2671019281384365,0.0
0.0,0.0,0.0,0.0,0.2724520208687855,-0.0027013458668231623,-0.083153663755157,0.0,0.6929599282633963,-0.1285066902164546,-0.25312525772278777,0.0,1.1123448691841922,-0.19243864964481547,-0.4298106738862704,0.0,1.4069689496303501,-0.32445365089264727,-0.5996267668570269,0.0,1.1265892849203312,-2.827609229985043,-0.5986560145004558,0.0,1.7048248083036517,-3.202396808366164,-0.92068000127821,0.0,1.9238708205981756,-2.541681952822893,-0.9934451619951621,0.0,1.9384093435830805,-1.877625600475185,-0.9311299469579227,0.0,0.8045564681956179,-2.5137049553714172,-0.6049166488784344,0.0,1.546686923956379,-3.056278077719887,-0.8782765923646026,0.0,1.9199350232252415,-2.545195857342728,-0.9366040324335778,0.0,2.0057226419323846,-1.920676558888262,-0.9102982984687152,0.0,0.6383557966258072,-2.219439345281773,-0.6622328421687557,0.0,1.5557852348626922,-3.283262664702975,-0.9944207665059723,0.0,2.074901652236781,-2.907001536816842,-0.9865594934836175,0.0,2.2071626031591234,-2.24832891003561,-0.9010281746576303,0.0,0.5379447214577953,-1.8056327104324026,-0.7265117722628185,0.0,1.7758444153323123,-3.923656778548521,-1.3723035296670625,0.0,2.6383085042039207,-4.25730666916393,-1.4198576204110942,0.0,2.940811494918224,-3.6826869188447917,-1.2822085089542101,0.0
0.0,0.0,0.0,0.0,0.37836544931978544,-0.12403644041896386,0.027827490784927317,0.0,0.8886960634632717,-0.39497606553297654,-0.04665473083969484,0.0,1.3197853002396913,-0.5149927259142296,-0.18890256424353852,0.0,1.5149497894580835,-0.5821699946279495,-0.2926623121119777,0.0,0.6637370019587027,-2.485684561155771,0.2336132744471777,0.0,1.3507395066216232,-3.330668583047627,0.07951460227992604,0.0,2.105571908682335,-3.452891698178,-0.10685661744953226,0.0,2.426272825643548,-3.0025247288837194,-0.2158241626029004,0.0,0.5360951394657546,-2.4353983102490577,0.044994535981523476,0.0,1.2037718757946196,-3.080819400888245,-0.052635812430333453,0.0,1.8598972659376267,-3.106149368329146,-0.18203000174406112,0.0,2.2963135059139,-2.8514465141468444,-0.27506471426740786,0.0,0.6119727078890083,-2.4964444734100386,-0.16591553881284402,0.0,1.2935292604899935,-3.2535691131876225,-0.20255350317945242,0.0,1.9364254878220422,-3.2194155575977206,-0.2309252106425246,0.0,2.376559175107041,-2.9568789921286243,-0.2577663774229069,0.0,0.923913863313273,-2.5616644286155283,-0.4533604963029447,0.0,2.352037728126999,-4.890408562112935,-0.6438647817144945,0.0,2.718179527045489,-4.288458653039465,-0.48385496528976724,0.0,2.841430327848576,-3.6114797793762063,-0.3832446837774571,0.0
0.0,0.0,0.0,0.0,0.298525525884011,0.021226193003083794,-0.09980666357454314,0.0,0.7016336822843515,-0.07479038784186838,-0.2641771785379864,0.0,1.0501171424561546,-0.09233083401709365,-0.4122986954883378,0.0,1.2906459043409746,-0.2011027725371888,-0.5589182543264487,0.0,0.9539247160738265,-2.5888594271343868,-0.5198114046443009,0.0,1.6060426573644846,-3.181042527360535,-0.8862286319032207,0.0,1.825435754621986,-2.5126218309289783,-0.9592984461325643,0.0,1.8667334437569896,-1.8799400448793167,-0.9105890346890914,0.0,0.680932258897403,-2.312583117504135,-0.5246662994909534,0.0,1.404422403589953,-2.9833150346608264,-0.8213168772030556,0.0,1.742615019607906,-2.4610896370293256,-0.8921518822018737,0.0,1.8785646435806955,-1.9115296129886974,-0.8938751889552374,0.0,0.5794236978576838,-2.0817834865721796,-0.5886507678758528,0.0,1.3769811204069826,-3.168248941648919,-0.8890938550120623,0.0,1.8358936163215922,-2.7961788381566244,-0.9029551793502439,0.0,2.0078762546973343,-2.2486170090450424,-0.8516014841098233,0.0,0.5434215443069276,-1.7521000938456193,-0.6701414798969627,0.0,1.6074812859066665,-3.82285653388597,-1.2846801701804442,0.0,2.281675908684357,-4.07827722866087,-1.3348223771662882,0.0,2.5218332833073065,-3.559150889484296,-1.2049384802914693,0.0
0.0,0.0,0.0,0.0,0.39151612750784137,-0.12225734491607516,0.03462356957709676,0.0,0.8733632667082636,-0.39652026652257344,-0.030778901262207593,0.0,1.300178131084739,-0.5616504831299951,-0.17432746900030432,0.0,1.533865938272441,-0.6519700649186689,-0.29141936141277164,0.0,0.7039043110779364,-2.574938645443715,0.20235219168551452,0.0,1.3318834395517816,-3.2970555831848958,0.017379949305031478,0.0,2.0747590741301507,-3.391067098184341,-0.18233837773245073,0.0,2.3570261356385114,-2.8887887398970937,-0.2843470329437133,0.0,0.5485866126720045,-2.477713888008365,-1.0682690919241676e-06,0.0,1.2257480132296235,-3.0869487753702995,-0.11433143919431854,0.0,1.8498699599262258,-3.0222195527870515,-0.2477871801272185,0.0,2.192971816032397,-2.687835780539498,-0.33214858663001834,0.0,0.5956291731646792,-2.482901939940935,-0.22191693518637925,0.0,1.3000677826563147,-3.268688878486657,-0.2787867335853655,0.0,1.9334739016141949,-3.174474836648203,-0.31570552012057324,0.0,2.3221777599815674,-2.85941441633991,-0.3435131329040068,0.0,0.8673953246853415,-2.460877819166528,-0.509775708618137,0.0,2.4289275141182545,-5.033288446689953,-0.808679210885787,0.0,2.83789612648731,-4.433608136182973,-0.642558229587681,0.0,2.917992902251999,-3.65807662158375,-0.5200433511721037,0.0
0.0,0.0,0.0,0.0,0.2806263727688994,0.012162366051972427,-0.07165684716542532,0.0,0.6770628705208177,-0.13809760845751487,-0.21086807127206064,0.0,1.0208067932772555,-0.1693671938955362,-0.3483302401449292,0.0,1.2671577418268856,-0.28039441476275245,-0.4798671744658512,0.0,0.6067607073313096,-2.3398999776357914,-0.33356446510475923,0.0,1.2497407630414012,-3.1248831635066487,-0.6831536769089164,0.0,1.6179493559555842,-2.6452077669966125,-0.8070231667194661,0.0,1.7695136056458851,-2.0861637121845713,-0.8010956455707632,0.0,0.42536626824507867,-2.156642191668086,-0.39349542516063585,0.0,1.151053516076153,-2.99068869523531,-0.6875794700220342,0.0,1.6200533897728038,-2.5882174536503846,-0.7935152524757447,0.0,1.8114019133071004,-2.0516861495768137,-0.8013122747570738,0.0,0.4191567216486499,-2.0515494147197906,-0.5104526873013725,0.0,1.2115740607912338,-3.2322080612109665,-0.7991976573889464,0.0,1.700446051047386,-2.8336708462539497,-0.8030200411251913,0.0,1.88474033931464,-2.278958646614613,-0.743895286748089,0.0,0.5239183421393391,-1.8669512560640467,-0.6669303647772928,0.0,1.7574752245952272,-4.413025190350112,-1.3495462349171272,0.0,2.297650861875043,-4.193263375658446,-1.2479046261267035,0.0,2.406987602250583,-3.4346091731171646,-1.049149532609581,0.0
0.0,0.0,0.0,0.0,0.3864409669895494,-0.13277511491800892,0.04821129928501896,0.0,0.8767207530728081,-0.4010966616425524,-0.00417357733658259,0.0,1.3168291472860325,-0.5760697360378003,-0.13842113419396648,0.0,1.5431167696906678,-0.6588519885417238,-0.25077560714195285,0.0,0.7201456730297325,-2.5991706158038794,0.2634442041396773,0.0,1.3161093511133493,-3.2600696675815746,0.11277645285913063,0.0,2.0306961670745913,-3.3600063911185596,-0.057242492888379834,0.0,2.3179500211737016,-2.914804414546208,-0.1629213315047566,0.0,0.5841149745683023,-2.523580952281579,0.04602412685487443,0.0,1.247335448673825,-3.1131730237338666,-0.047949686716230996,0.0,1.847626825698379,-3.0368742377075777,-0.17526950772585728,0.0,2.1958138775139164,-2.711163154417005,-0.2618771103247713,0.0,0.635854474251123,-2.5215987656763543,-0.18536967000325705,0.0,1.3843232369947642,-3.3817144195986875,-0.21657676320974123,0.0,1.9902183195309264,-3.2323572467621067,-0.23679293162454498,0.0,2.3169246608688185,-2.8472086340494753,-0.2560227573952136,0.0,0.9016975879473454,-2.4405654764863405,-0.47388119755543334,0.0,2.600039524976925,-5.2439091632825034,-0.7193046737011112,0.0,2.9189952705386926,-4.50221708910149,-0.5117249634802501,0.0,2.9202491794401886,-3.674451860270851,-0.3867131139236452,0.0
0.0,0.0,0.0,0.0,0.243825997528151,0.024503042145571502,-0.031171936351860434,0.0,0.6601662952228979,-0.1949062363004899,-0.13154097982703586,0.0,1.0675597690385352,-0.34242075549431084,-0.2737027984518711,0.0,1.3579592049021998,-0.498900577974034,-0.39486408845987686,0.0,0.5038585464248043,-2.3613997865772594,-0.031831097988569854,0.0,1.109641616534308,-3.1387825641352705,-0.30715797343252016,0.0,1.6498493443282518,-2.92889966338424,-0.5043900352436909,0.0,1.915609957964265,-2.473254865272729,-0.5657972488481942,0.0,0.3693334359509904,-2.2730270450429146,-0.15476940391963806,0.0,1.0246143416185338,-3.010613674059176,-0.3424452420007754,0.0,1.5982707542311396,-2.818220227979575,-0.4647788017043846,0.0,1.8961633698950418,-2.400917245819906,-0.5102192905855751,0.0,0.40086867302933643,-2.2822060728505864,-0.3246810169154494,0.0,1.1573124263424783,-3.2900096943474706,-0.48320202537589446,0.0,1.700652896952258,-2.9806141420939616,-0.48155138779385986,0.0,1.971923663264661,-2.49903712165413,-0.4512119900242005,0.0,0.620795221637942,-2.2794875676270676,-0.5735087398605401,0.0,2.0372130469637115,-4.876651772148573,-1.0289509468388558,0.0,2.365282911140294,-4.064571597070188,-0.7953395378411031,0.0,2.47305278222744,-3.3151490175360045,-0.6399012273255382,0.0
0.0,0.0,0.0,0.0,0.41071327233983784,-0.1460028478661606,0.08943803464940275,0.0,0.9207036722695393,-0.44598738259179793,0.07864669287277758,0.0,1.3798827735538146,-0.6315193203748128,-0.03613120723863316,0.0,1.6014967431117106,-0.6876721268333483,-0.1463865826669925,0.0,0.7380889393858119,-2.5198608186214937,0.3523347168613473,0.0,1.4112577479548387,-3.270859123675886,0.22219760951374262,0.0,2.2048714079940583,-3.4316350222875553,0.06432620272215997,0.0,2.45906004117239,-2.9068215958471586,-0.0477469986831077,0.0,0.6109288461214734,-2.4970387720766047,0.09319891701223623,0.0,1.2993749734948903,-3.0836962546336775,0.005008251824598304,0.0,1.8987938984916812,-2.9834226232033965,-0.11220961304186394,0.0,2.238955367503053,-2.6550165625076665,-0.19151472936480818,0.0,0.6604486453678249,-2.481509432219204,-0.17809993263122537,0.0,1.4082441690156289,-3.2975690291077857,-0.21250911399948272,0.0,2.0455561572270984,-3.165072402500903,-0.23516336125726037,0.0,2.402019845985885,-2.7963078057091986,-0.2536244159033143,0.0,0.9022147916662134,-2.3316750928952215,-0.4910918612369814,0.0,2.472367817922528,-4.752278640062448,-0.7412914548564878,0.0,2.8818598951840797,-4.199768623000463,-0.5686113618039982,0.0,2.9080302536619294,-3.411044825096705,-0.4417946836501364,0.0
0.0,0.0,0.0,0.0,0.3911150941861771,-0.14787477978316305,0.06428747251075641,0.0,0.8807428294978601,-0.4241181201150966,0.03336137208727466,0.0,1.3366652430782902,-0.6211584768847909,-0.08328546457822875,0.0,1.5708766940238301,-0.70592914577664,-0.18680247536320851,0.0,0.7215694118655821,-2.6242785792172802,0.28926213385416033,0.0,1.333238496600784,-3.2660141905133164,0.14967329438283278,0.0,2.0709617631836092,-3.3898970527699803,-0.004054268243154601,0.0,2.3450561417281444,-2.9279270849862375,-0.10493291783483984,0.0,0.5861022861680762,-2.5425214514730294,0.06250828996803612,0.0,1.2650886573669045,-3.1219726085378823,-0.03441841169773501,0.0,1.8588425539609894,-3.0304250256455054,-0.15540969569204166,0.0,2.195904994488125,-2.704518896229864,-0.23569899936505442,0.0,0.6255842460266317,-2.5056181109920335,-0.17183570987356422,0.0,1.4043815979761418,-3.403691181878742,-0.21389867489201356,0.0,2.0250222478107425,-3.2559014748111026,-0.23506510258108854,0.0,2.355775074910942,-2.860578133045377,-0.24941669706804476,0.0,0.8721079178671508,-2.369340190099279,-0.4501468777313248,0.0,2.604011873886556,-5.215041887231017,-0.7022359741351328,0.0,2.881945705965861,-4.401253418667101,-0.4905801949004584,0.0,2.8480017865467344,-3.545640980608301,-0.3626286294404068,0.0
0.0,0.0,0.0,0.0,0.4270409954158636,-0.14638462515518352,0.08853593318031323,0.0,0.991961647941902,-0.46747324260958567,0.08477371154158768,0.0,1.443357450060048,-0.6268061249068996,-0.01851440998150981,0.0,1.6397204744521976,-0.6669382588742325,-0.1178655208138862,0.0,0.8109314655885588,-2.5627102888830677,0.2557800792925084,0.0,1.4774775284987465,-3.168913188645401,0.08499451286500176,0.0,2.279125201048507,-3.291474212514145,-0.09585804002478442,0.0,2.5131505404388084,-2.7476523015694143,-0.19702079052404142,0.0,0.6347637685475777,-2.453360278623413,0.004861728973085203,0.0,1.3460754914043083,-3.005083195549195,-0.11231868159483162,0.0,1.9991851950968638,-2.9343708457508395,-0.2428130818866841,0.0,2.3412268513741843,-2.5723355650961297,-0.32171623829155,0.0,0.6515416852339123,-2.379713738840145,-0.24821270059704023,0.0,1.4856926145899254,-3.2810611524236126,-0.339462672382048,0.0,2.2179915781032626,-3.2025123277372454,-0.38924434909841876,0.0,2.5172357870090036,-2.7104858766559667,-0.3932321555887497,0.0,0.8591844980333102,-2.2087477696976023,-0.5371137113392953,0.0,2.5472144469442557,-4.699854196905666,-0.9256823874471618,0.0,3.1730788602522475,-4.361520110202456,-0.8014723016514028,0.0,3.0494529430274966,-3.3412530708805908,-0.610900620066161,0.0
0.0,0.0,0.0,0.0,0.41794040461819404,-0.14286858726689086,0.058832923008636094,0.0,0.9481808453961476,-0.42049299173674193,0.018145586657850533,0.0,1.3866473847285303,-0.571448272262475,-0.10675802411007888,0.0,1.5945285289395597,-0.6257444902200183,-0.21026000682489682,0.0,0.76492907509439,-2.5281274630842585,0.19209917635612295,0.0,1.362108299121826,-3.088303623393911,0.017320994541834348,0.0,2.1351919291509547,-3.2290808875406567,-0.1661763479582191,0.0,2.4459006687837253,-2.7990637420646167,-0.26970990672520545,0.0,0.6094734236346238,-2.4191270800454077,-0.024126770422730176,0.0,1.3247760997018232,-2.992591876656471,-0.15766664881025128,0.0,2.002285762303117,-2.9493529169862955,-0.30700973306445023,0.0,2.35956702496256,-2.595915380606571,-0.3961574973040523,0.0,0.6509369866493637,-2.3875653133484316,-0.2507194832231606,0.0,1.4540016342147768,-3.257475900074385,-0.3312362851357218,0.0,2.176576392804368,-3.195148114164348,-0.37772626179531227,0.0,2.5209082300183234,-2.7629511979180945,-0.38827997402499836,0.0,0.9089150657388223,-2.283061604395729,-0.5328592151061154,0.0,2.76947168167658,-5.0941790640512705,-0.9080475693323127,0.0,3.197512332007964,-4.426822413192148,-0.7093871599963975,0.0,3.0825813949507963,-3.4276998012275772,-0.5357022701252804,0.0
0.0,0.0,0.0,0.0,0.43212173508238494,-0.15087764490658287,0.06924093412315728,0.0,0.9818451580233635,-0.4489508532795159,0.04146267690460312,0.0,1.4229132362027668,-0.6053160800932401,-0.07681140601593475,0.0,1.61304474884153,-0.6414258336734473,-0.17584524627263812,0.0,0.7745079533363924,-2.524572406092187,0.23606368077921752,0.0,1.3809106769297703,-3.111999356445216,0.06659458748949602,0.0,2.1712682103458723,-3.2648288777786294,-0.11342987178454149,0.0,2.472924742929669,-2.8144731366586573,-0.22063615952861718,0.0,0.6188799970734974,-2.428543493461326,0.0068624418812852144,0.0,1.335952420298184,-3.01747131801431,-0.12360748058123666,0.0,2.0177976018677772,-2.974947801566581,-0.2739943491697842,0.0,2.381726663402878,-2.618248713127833,-0.36653049771188295,0.0,0.6596186520773177,-2.4006619892698993,-0.2304479027709122,0.0,1.454994841713972,-3.2645508354167134,-0.30504490728434586,0.0,2.18514304127195,-3.2104718918638766,-0.35459017588736413,0.0,2.529449106792739,-2.7716311530691167,-0.36848309387294004,0.0,0.9139410139207875,-2.2975382172558168,-0.5214004822085514,0.0,2.6974216792473165,-4.981825628353243,-0.8652399369367805,0.0,3.1796318281568974,-4.419323526541734,-0.6920706732572816,0.0,3.0944771267581572,-3.446525886944158,-0.5293684128209944,0.0
0.0,0.0,0.0,0.0,0.31040902121682784,-0.008403315314576106,0.012047811210087328,0.0,0.7242513000709733,-0.23234692657727452,-0.04470016698085276,0.0,1.0924134121756561,-0.32761608078946247,-0.15811851271781024,0.0,1.39618676599543,-0.4786490612140832,-0.2656468194048348,0.0,0.4309718666503606,-2.2068112657835197,0.005533169957934474,0.0,1.1431861164495558,-2.9706924532824455,-0.24440779599896545,0.0,1.7420186054863769,-2.8310308564074735,-0.4045607010697437,0.0,2.0180831308114127,-2.35698156813631,-0.442061704101168,0.0,0.29357204850363816,-2.107913472044261,-0.1505157863707347,0.0,1.050867780817053,-2.8158682883918744,-0.3680531807931593,0.0,1.7468974716484817,-2.7435147761300347,-0.4898350534136621,0.0,2.082017443757027,-2.276977835364775,-0.4999528195547568,0.0,0.3576799839749624,-2.1381088314520027,-0.3520739545349832,0.0,1.2654757744709393,-3.168167374835668,-0.5651410074239149,0.0,1.9712898524494242,-2.9598157885422127,-0.5814880173887109,0.0,2.232642722045571,-2.357029334203429,-0.5096030566647171,0.0,0.6232479448556824,-2.08475832719834,-0.6382677410860585,0.0,2.0677330772450055,-4.416248900443244,-1.1295443125817821,0.0,2.6380657863580734,-3.9772071318605318,-0.9664425796803434,0.0,2.7982343821204414,-3.2258677644660985,-0.7839322205348856,0.0
0.0,0.0,0.0,0.0,0.4469577867852731,-0.19143513178415045,0.11643119056331658,0.0,1.0045269425646128,-0.5245276841338141,0.1369221898927406,0.0,1.4495817874444528,-0.6725230209635501,0.042729335154920736,0.0,1.6797470934084928,-0.7448271791627883,-0.0559626385712695,0.0,0.7827135708058163,-2.5097832868757366,0.3401846452293862,0.0,1.4526645549349966,-3.189039066053097,0.18216787994558634,0.0,2.268826090803394,-3.334303008458072,0.010685523392783957,0.0,2.4977920506829103,-2.7693595042107777,-0.1007711781088431,0.0,0.6288072730240206,-2.457915446768831,0.0639011295923336,0.0,1.3485107573328305,-3.0372130131756343,-0.05177860333541577,0.0,2.0039460145542023,-2.9580860112004115,-0.1934295113452037,0.0,2.343287834979617,-2.5848418283943477,-0.2830120206282811,0.0,0.64370998468235,-2.385626781820413,-0.2122624740725615,0.0,1.4530668523016126,-3.264799638359609,-0.2809766245365484,0.0,2.1947303581436333,-3.1970070919920124,-0.33597097448804825,0.0,2.498191829995576,-2.702316631596315,-0.3503292511831294,0.0,0.8399538103770573,-2.187021682794175,-0.5138175314179672,0.0,2.433642151016728,-4.562291415647114,-0.8258848010606299,0.0,3.091152664644368,-4.282302244146174,-0.712445020375801,0.0,3.027690348486246,-3.320765042743546,-0.5510078515480491,0.0
0.0,0.0,0.0,0.0,0.44592673419751966,-0.19259656120519375,0.11647354577704895,0.0,1.0075734775004985,-0.5322202993991164,0.14297721851144346,0.0,1.471259167052606,-0.716087002179475,0.0575113350819827,0.0,1.681920079553292,-0.760838406472888,-0.03402874393201462,0.0,0.7754034308187252,-2.5308752102109584,0.3562102990647272,0.0,1.3648046648389893,-3.0922953022987714,0.20243792727536303,0.0,2.1890005594061552,-3.2970588492852264,0.049861166038633144,0.0,2.4937908811779317,-2.833298139915291,-0.06367628442121054,0.0,0.6459488272328848,-2.4966244057118194,0.08521934827269875,0.0,1.3540093734121676,-3.0507324327567935,-0.0346372593326706,0.0,2.0651255024572213,-3.0149974381532867,-0.19032619076352741,0.0,2.4025935663403106,-2.6151837647548417,-0.2881299056765859,0.0,0.6814191743042152,-2.4554295261855765,-0.1891459498707073,0.0,1.4958021544959599,-3.3313195606392134,-0.2528703789529721,0.0,2.24973828138885,-3.2584491576472097,-0.3094523540607637,0.0,2.543699424019335,-2.7470283587408795,-0.32574850138309347,0.0,0.9051597689998028,-2.292024311020263,-0.4965688141475249,0.0,2.479358967677647,-4.654990174633481,-0.7605138962804688,0.0,3.098236050692232,-4.315395872313127,-0.6375176651400428,0.0,3.045557596353104,-3.370732158364878,-0.4914298610950495,0.0
0.0,0.0,0.0,0.0,0.5961858016712434,-0.21893208658016206,0.11390467416168593,0.0,2.0638313230945506,-1.0075921023074261,0.16776217198439297,0.0,5.163652660263368,-2.2741041066501584,0.02344537460050795,0.0,4.231525307661262,-1.5948032099906768,-0.18627131208741365,0.0,1.031595545476211,-1.7197605639920612,0.06150836032212246,0.0,2.855517168633561,-2.446148822999286,-0.13161932206416643,0.0,3.514753326659381,-1.9298894196447753,-0.36594982799395925,0.0,2.9385861341122905,-1.0671524235697591,-0.3934330153783204,0.0,1.0270862826791929,-1.741937819033421,-0.10684842371927751,0.0,3.3785046336098787,-2.7218842767531917,-0.4124814058772348,0.0,3.591824765499208,-1.792384534671608,-0.5221954226880844,0.0,2.787870489209016,-0.8513964196285947,-0.4552388964645724,0.0,1.1693121872447694,-1.7199791588065976,-0.33759051404098,0.0,5.250848778352824,-3.819025601126852,-1.1656426294915279,0.0,4.012920651933152,-1.7626009713460613,-0.8214265049813521,0.0,2.7843076355808236,-0.7111201610375683,-0.5561945561171417,0.0,1.2289422913203312,-1.2431128254968646,-0.5826601310643547,0.0,4.865206859312852,-2.8319299218476464,-1.5859087376300183,0.0,4.610854696870302,-1.8115633655946755,-1.2145440719000555,0.0,3.1507294112252198,-0.8090598647739572,-0.7320919068970124,0.0
0.0,0.0,0.0,0.0,0.43691178919551493,-0.189319447711975,0.0868599741745727,0.0,0.9990934423959543,-0.5054777230203836,0.07810122094897813,0.0,1.4208657609307056,-0.629817966659087,-0.028179429488379166,0.0,1.6432157089574857,-0.7135701263287584,-0.1262687454378987,0.0,0.795799687544563,-2.579135056079508,0.26356979228513494,0.0,1.376346750197615,-3.13448602799818,0.08452661851980905,0.0,2.2284060298417785,-3.355511577222428,-0.09610851261505672,0.0,2.495594807404522,-2.8269512272397654,-0.20220056830778474,0.0,0.633318434959846,-2.49791182898966,0.015999298139617833,0.0,1.3014200717498294,-3.000856101973566,-0.11015105965115216,0.0,2.013897795364423,-3.001012678421702,-0.2618623400855573,0.0,2.3631542965857855,-2.628536753086007,-0.3529247522080043,0.0,0.6407869950242364,-2.4255430891538423,-0.23412383436676737,0.0,1.381948421857417,-3.2196516818354564,-0.30875080473589706,0.0,2.172119996944267,-3.2355619680117553,-0.3792042827033367,0.0,2.5073471837054164,-2.7445865914884955,-0.3936969499177669,0.0,0.8488460924839207,-2.2650342724115644,-0.5220032451641734,0.0,2.4545853352110787,-4.735857059667191,-0.8655979300139264,0.0,3.1545007116597232,-4.4237076043056875,-0.7646054950418107,0.0,3.0116694988520174,-3.294988089042961,-0.5801140753094888,0.0
0.0,0.0,0.0,0.0,0.5151423713792496,-0.2787627395316674,0.09206421495195187,0.0,2.0698022408239916,-1.1973677773992253,0.11098741058546638,0.0,6.158939679207054,-2.9523650265168624,-0.11707154429367947,0.0,4.644101729841461,-1.8845116852983401,-0.2967450329353299,0.0,1.0800913773988678,-1.7016482206388375,-0.005400467773975716,0.0,2.888658473715812,-2.3308347865541696,-0.2613975854680256,0.0,3.413148446382867,-1.7636832282951689,-0.4714214276229941,0.0,2.886856386362199,-0.9659650665871086,-0.46606474817491494,0.0,1.1105494550152195,-1.736362623405775,-0.17495239997645004,0.0,3.5840045289372213,-2.6685677247561164,-0.5681811362680955,0.0,3.5740202047922813,-1.6324779933469316,-0.6095042693713675,0.0,2.739386162514423,-0.7374859651019776,-0.495749779138715,0.0,1.259488656365431,-1.6884058793964691,-0.4173774546863134,0.0,6.120655047862904,-4.0413755406346565,-1.5211940700107098,0.0,4.0098266469800565,-1.5638439816531882,-0.8884305703372335,0.0,2.712470716239296,-0.5736753544111551,-0.5706305288306096,0.0,1.2259268400840233,-1.1045098342442072,-0.6343709262866064,0.0,4.480919540667825,-2.323996266906633,-1.590812190727081,0.0,4.3110081990004945,-1.4431976602822836,-1.2359374672853576,0.0,2.9747343126886086,-0.5870771209747889,-0.7475944867315046,0.0
0.0,0.0,0.0,0.0,0.4316781806216674,-0.20430998376034276,0.08558551661015383,0.0,1.0272212492313673,-0.5801907368726733,0.07663047571147477,0.0,1.519770609834228,-0.789453781631767,-0.036849937933105134,0.0,1.7339901357396894,-0.8524884526101449,-0.14477919312534523,0.0,0.7360605545930725,-2.5406008351886955,0.18509268185647978,0.0,1.3234714259717506,-3.0554971769589008,-0.014227069001031373,0.0,2.1138333953066475,-3.2148502678880115,-0.21286002536693388,0.0,2.4215391038042497,-2.7550987317889635,-0.3168492544913499,0.0,0.5804619565509803,-2.4299783867283806,-0.053946540947792054,0.0,1.340161364656197,-3.0377096037477256,-0.20907674194912013,0.0,2.060573598786194,-3.001633951927027,-0.3824989618231892,0.0,2.363389007202727,-2.5669041385825397,-0.47119724465057305,0.0,0.6124475330682564,-2.3669156015140134,-0.30179433321014537,0.0,1.5186908852834102,-3.3932711581715633,-0.43339068410587445,0.0,2.3198793885208606,-3.3234946676843995,-0.5120172329315293,0.0,2.5587986603154285,-2.706846006166177,-0.5040754790854346,0.0,0.8062205714353683,-2.1807103638654195,-0.5817220684751176,0.0,2.594562560975165,-4.950996415301142,-1.062150695871332,0.0,3.2285171512738478,-4.542814952386448,-0.9296435628395732,0.0,3.0669018570090656,-3.4294740138688753,-0.7178054499399208,0.0
0.0,0.0,0.0,0.0,0.47967799863536564,-0.31138396970255905,0.0978260616764163,0.0,2.0270428103904474,-1.2715777164264221,0.12587349692495026,0.0,6.123950267153666,-3.0588905135596227,-0.08638083794836512,0.0,4.334009461174277,-1.7271820133007538,-0.26246108425430625,0.0,1.1497010615432202,-1.75029060021208,0.004452371843515864,0.0,2.925827150496276,-2.375634952276396,-0.24678972401153845,0.0,3.4903699529965304,-1.819495918495746,-0.46476018651788925,0.0,2.924254689814409,-0.9863739001693826,-0.46183005416127815,0.0,1.1946099011134623,-1.7995674898338168,-0.18157349473548864,0.0,3.6360898610259063,-2.729882896442308,-0.5625298462655802,0.0,3.599849951988779,-1.6739409519868,-0.6090214437026346,0.0,2.7406166716621034,-0.758927696264811,-0.500017169061,0.0,1.3424945896023395,-1.7467451534278293,-0.4433307295801558,0.0,5.880153900980718,-3.988201379048887,-1.470038576279262,0.0,4.021154100201655,-1.630838607131449,-0.9076112844177451,0.0,2.7180195339417192,-0.6037452486897374,-0.5911565938061243,0.0,1.2560600782153217,-1.128247301232893,-0.658938496901698,0.0,4.581898495838638,-2.5742920607881308,-1.6710960114991855,0.0,4.482175141896143,-1.643341343869368,-1.3390620451019926,0.0,3.017681174314391,-0.6568524107272203,-0.8030270815396153,0.0
0.0,0.0,0.0,0.0,0.4199079710236435,-0.1980458265975233,0.08286054886085242,0.0,1.0129721424589708,-0.5660815196427208,0.06765999204354359,0.0,1.5016411272746921,-0.7698035348433929,-0.05176880577888201,0.0,1.7298821579094767,-0.8511675773626016,-0.1664261027314041,0.0,0.7454469759064879,-2.5524858532504733,0.17975309512557247,0.0,1.3231881758207016,-3.0609956529516493,-0.019271639167755223,0.0,2.0840378588561483,-3.1910053132215865,-0.21552275950185848,0.0,2.3808861273829827,-2.736545978696373,-0.317460005941957,0.0,0.5922356209998686,-2.4452626946681857,-0.06218405328859462,0.0,1.3456323845959017,-3.0548942980660967,-0.21837913077174212,0.0,2.043339665659074,-2.9865006112823127,-0.3892327328070627,0.0,2.3354288141273845,-2.544281053547095,-0.4765055286477765,0.0,0.6181856378399448,-2.3740444193446733,-0.31272669157317295,0.0,1.527088803137952,-3.410456362829711,-0.4474428946923997,0.0,2.318427065093241,-3.32185627935815,-0.5221624550096419,0.0,2.550949481788976,-2.70593676863067,-0.5124747767764641,0.0,0.8066994448335273,-2.1860600796174903,-0.594483030051851,0.0,2.60058156939059,-4.954995382182373,-1.080219865678209,0.0,3.229074771921309,-4.5424098404516275,-0.9403595123115276,0.0,3.084305547163603,-3.4587306078817277,-0.7299252481662476,0.0
0.0,0.0,0.0,0.0,0.5194130385105324,-0.3228220878119535,0.10173963223081857,0.0,2.068536709778375,-1.3324906576731592,0.16411160375425093,0.0,7.335325255666303,-3.995682954285209,0.04303602609563332,0.0,5.2948451835888966,-2.484375355966529,-0.19460145521035313,0.0,1.1096027725743645,-1.7456774506561394,0.06905096828052532,0.0,2.975993066786747,-2.440072279180173,-0.13645566578343077,0.0,3.512834168446704,-1.825404040056062,-0.3599501069784074,0.0,2.8876186377710313,-0.9605790201903056,-0.37341594063553385,0.0,1.1867826207986798,-1.8097153955649594,-0.10058882866373435,0.0,3.6771926985948107,-2.8023814194677352,-0.40956286861463537,0.0,3.6539666438718106,-1.7325856519269136,-0.4868611618469135,0.0,2.762850474630928,-0.7863082400388327,-0.4074239088755825,0.0,1.4165765257756127,-1.8124697609566687,-0.3521779170058356,0.0,6.530642638110385,-4.391910834912022,-1.2731291537583533,0.0,4.123566777567963,-1.6944706781926349,-0.7258598431488207,0.0,2.774973006926261,-0.6514992337873284,-0.467488126057498,0.0,1.4346852904549188,-1.22324240277856,-0.6009749946172407,0.0,5.357251375419801,-2.877812463353331,-1.521261864373722,0.0,4.7451853582136865,-1.7424890420360037,-1.056787373923729,0.0,3.1695668678509685,-0.7427598901290606,-0.6055900636256697,0.0
0.0,0.0,0.0,0.0,0.37786211297068056,-0.21015692934507607,0.057701903946321687,0.0,0.9627801689057698,-0.5895835970930885,0.015018983486361503,0.0,1.4328879068424112,-0.7753582731962188,-0.11999937730328009,0.0,1.655595091204077,-0.8447921480253596,-0.23793612532319938,0.0,0.6853439040165267,-2.593266440014539,0.09462751531065011,0.0,1.2500368868092282,-3.0851457376159703,-0.12755920204679527,0.0,1.9505797230286808,-3.152219388976746,-0.33558352280493936,0.0,2.2455314257770214,-2.705306603753225,-0.4263561733959464,0.0,0.544976027520375,-2.474195552621584,-0.1242835605333169,0.0,1.2826720873801616,-3.0868614775001966,-0.2994647371587929,0.0,1.9358596152978234,-2.9851736980863963,-0.465671783474263,0.0,2.2213723485070673,-2.551971596783784,-0.5401948184366104,0.0,0.5738778316436483,-2.3925404975517055,-0.36028754258503,0.0,1.4743183987199053,-3.4721956502604896,-0.5187371408831775,0.0,2.2133346595029377,-3.3425010549059126,-0.5822101487308005,0.0,2.4488182570952985,-2.7503074962799623,-0.5581691651133528,0.0,0.7467348841185516,-2.150293238335112,-0.6207279282700608,0.0,2.713317177487814,-5.409269339864636,-1.2402510442117023,0.0,3.2232015820959963,-4.742411427017829,-1.0196680214304494,0.0,3.0259086184281263,-3.5684136712188543,-0.7681730744638439,0.0
0.0,0.0,0.0,0.0,0.5139993288479255,-0.32544372349483774,0.07945439287387786,0.0,2.050874467173901,-1.255856400564676,0.05253817358372572,0.0,6.165462567262431,-3.0285179931487094,-0.3045036112021254,0.0,4.424440587355647,-1.7645493285682539,-0.43213933548873745,0.0,1.1198483259800762,-1.7035158353082864,-0.042204587868607396,0.0,2.911905274913312,-2.3265660292206483,-0.370535792361483,0.0,3.4177687541272483,-1.7231358162775172,-0.6011988833887502,0.0,2.8234470786322943,-0.8966648190648085,-0.5599541238584577,0.0,1.1705985573929976,-1.746437835845652,-0.23240612558885,0.0,3.622408477870934,-2.685274197081625,-0.7304857217596404,0.0,3.5595360691259748,-1.6103307752735054,-0.7546842660291954,0.0,2.6897705403474133,-0.7022901614382643,-0.5908656451799561,0.0,1.3104658665349895,-1.6505991159821114,-0.5059481471091283,0.0,6.1764597453358485,-4.079324493018722,-1.8292659611003763,0.0,4.062836026278291,-1.599078059547438,-1.054280086129433,0.0,2.714665824629952,-0.5749663507757762,-0.6566732452073812,0.0,1.189484039909044,-0.9719181782360995,-0.701037499079204,0.0,4.289002357662507,-2.267780301307566,-1.753973626713546,0.0,4.699004762947694,-1.7017482998503937,-1.546711108224155,0.0,3.19854917233552,-0.731018192729882,-0.9178618119804581,0.0
0.0,0.0,0.0,0.0,0.4023889606193766,-0.21657969231511484,0.06678421616924127,0.0,1.005290436137696,-0.6430184302536606,0.04064766686584176,0.0,1.509741085265158,-0.8732744199674822,-0.08663793282288529,0.0,1.7019236788031338,-0.9108784478902303,-0.2008068009331698,0.0,0.7045900947377889,-2.600957370498664,0.11087806852321029,0.0,1.265124435370408,-3.1092075404862882,-0.11334994496239496,0.0,1.9910178931139646,-3.200460229442271,-0.32872022921084104,0.0,2.292172182361991,-2.7486779179087364,-0.4256514093794967,0.0,0.5593570989246679,-2.482195298244836,-0.11554562057271094,0.0,1.2864859805226705,-3.1025975036956193,-0.2873822165978591,0.0,1.969051411648921,-3.0292198204571945,-0.46090721718371264,0.0,2.269159383050433,-2.5961140356543835,-0.5426727855219692,0.0,0.6007283019142556,-2.4167192588847457,-0.359320730620011,0.0,1.4688697256940262,-3.4717462041410028,-0.5103035082239913,0.0,2.2199436675725064,-3.349713823331283,-0.5882037115222923,0.0,2.4613760032884393,-2.755535127500921,-0.575012519894802,0.0,0.7976096913754064,-2.2194059132442794,-0.6330738370168969,0.0,2.6186179965568708,-5.24911265595852,-1.2016884328711848,0.0,3.1531082733306572,-4.6704431306885485,-1.0241549822979883,0.0,3.015178919185423,-3.5631330618693964,-0.8001772242210635,0.0
0.0,0.0,0.0,0.0,0.46563598901040665,-0.4133868798518508,0.08921399295978295,0.0,1.9524622564348237,-1.421081811937003,0.09838768899746447,0.0,7.908422661765641,-4.386491989703443,-0.21158609504532777,0.0,5.227209576441052,-2.2788261211201415,-0.3718450570465884,0.0,1.133338327283311,-1.6965799637178525,0.02415604657824452,0.0,3.025725958277693,-2.3211815513833076,-0.21724222281830624,0.0,3.4351036469824425,-1.6774071169300242,-0.41705636993348316,0.0,2.8528309305899877,-0.8971113050195656,-0.4136977821594684,0.0,1.2508341874483775,-1.770618489617485,-0.1577674829389186,0.0,3.931338411652718,-2.7364892774613443,-0.5299305320071623,0.0,3.635017387200105,-1.5668488861025012,-0.5418894825050288,0.0,2.7575874331270955,-0.7091575452204008,-0.4435906046870566,0.0,1.483951658520689,-1.7217138397158784,-0.4337471245598727,0.0,7.608330846232551,-4.5430019116319835,-1.6675690055897334,0.0,4.097981884508789,-1.484650878352738,-0.781314513413521,0.0,2.772025340854104,-0.5594316933072233,-0.49866397570378823,0.0,1.3829505961067372,-1.010484016089077,-0.6508625385428112,0.0,4.535389318772869,-2.0445901774112176,-1.4329260677332933,0.0,4.306414844327063,-1.2952105980621031,-1.0519816391078805,0.0,3.058120875550604,-0.5604467323601681,-0.635791637684199,0.0
0.0,0.0,0.0,0.0,0.37727892912076433,-0.20549170838810588,0.05619544321128509,0.0,0.9669016012022892,-0.6248210911565815,0.020766540005203216,0.0,1.485741312782692,-0.8917698669983656,-0.10837009905496355,0.0,1.697197365208887,-0.9538832090503359,-0.2226621117978487,0.0,0.6603950107581423,-2.640536048616358,0.0745784077097231,0.0,1.2640183051105736,-3.163568856388178,-0.14200622870573693,0.0,1.960737329594664,-3.2304974869390586,-0.3476810269343793,0.0,2.2576202940585874,-2.7945827704605635,-0.4401234532835418,0.0,0.5265370325212478,-2.5194754602442844,-0.14210396510935724,0.0,1.2746297776565516,-3.127165739353595,-0.3087089258780401,0.0,1.901008674278619,-3.0203312359493353,-0.4652883249884243,0.0,2.183598161746942,-2.616814062338765,-0.5374019962227361,0.0,0.5715430114015834,-2.4342186951245113,-0.3784803532421869,0.0,1.46247262417012,-3.51510607694147,-0.5374130063126027,0.0,2.182173097720549,-3.3815399425113437,-0.5995681431717336,0.0,2.4147214857308894,-2.807295401500823,-0.5752809777889232,0.0,0.7493108377564649,-2.1273501177112517,-0.6279236281025073,0.0,2.7884563977498305,-5.6261563123545235,-1.307495973535603,0.0,3.2298508438473412,-4.855769913175149,-1.0536341361234502,0.0,2.9964931472995793,-3.6423946113332515,-0.7867566201181447,0.0
0.0,0.0,0.0,0.0,0.47827879494392966,-0.3987234847117972,0.09533123325971112,0.0,2.003452922398703,-1.4271859207058097,0.12261121069336156,0.0,7.636734196030564,-4.325454749304059,-0.12036800204498273,0.0,5.170545223560674,-2.3313476447716304,-0.3129215392408103,0.0,1.152378310578154,-1.6921009213250187,0.04533840405523517,0.0,3.006135760086475,-2.3069842640114198,-0.17647236998863847,0.0,3.505200449423417,-1.7078273070316923,-0.3890161143793254,0.0,2.9076524123801892,-0.9025477165376417,-0.39417327326666957,0.0,1.2833407661369802,-1.771798184644269,-0.13940350400043836,0.0,3.9468160040004117,-2.7147834494400858,-0.4753408552876726,0.0,3.6216374348135987,-1.545535256831171,-0.5024266534486761,0.0,2.7405259217367908,-0.6894603383259323,-0.4169801874763419,0.0,1.5226330988838697,-1.7155003486746592,-0.41869424627408186,0.0,7.9014824823126375,-4.634520569778376,-1.6158637733317962,0.0,4.049947736953914,-1.4261418477440646,-0.7352167689414211,0.0,2.721887311658856,-0.5149577290379614,-0.4734034909524624,0.0,1.3871983224800066,-0.9922966610908261,-0.6328464427982757,0.0,4.599967128056398,-2.078441734021149,-1.4037875417504788,0.0,4.350690109527444,-1.302031157935743,-1.0364937635502143,0.0,3.0335509435981294,-0.5292588926912227,-0.6202339412686898,0.0
0.0,0.0,0.0,0.0,0.3906311382692365,-0.19700655838000045,0.05535733714610025,0.0,0.9913615749279624,-0.6384375396573693,0.019480680771706182,0.0,1.5372881067400304,-0.9388981130215722,-0.11463321273847302,0.0,1.7129261329369927,-0.9696261226663571,-0.2319587022347517,0.0,0.7065086132385452,-2.687586106726163,0.0709636945067677,0.0,1.2492803890091737,-3.124482373818944,-0.14897274130389587,0.0,1.9797331196435182,-3.234361637901642,-0.3704654056463109,0.0,2.3054419925384635,-2.829861645241564,-0.47948249739529614,0.0,0.5543131208680927,-2.544032123942421,-0.14623578006951754,0.0,1.2532103900243186,-3.0899765273061015,-0.3155631589859593,0.0,1.9471106504302802,-3.049147200926223,-0.49832749364363876,0.0,2.2702548443236803,-2.6563897955253695,-0.5925169039190961,0.0,0.5906230836797217,-2.4603238113927324,-0.3801971737840575,0.0,1.4054143607779876,-3.4304358777684194,-0.5263446778655457,0.0,2.171955536027934,-3.366005736898629,-0.6177639115741345,0.0,2.4619444542179574,-2.8440392119136697,-0.6198984239760481,0.0,0.7645621249240442,-2.2043814793168477,-0.6333742468841631,0.0,2.641920252101022,-5.435553043997153,-1.2699509389758232,0.0,3.1716260476468787,-4.82113871132962,-1.092212274641273,0.0,3.015148337358081,-3.6895650102518336,-0.8601272220818192,0.0
0.0,0.0,0.0,0.0,0.4822986130136517,-0.393026105270018,0.09701600764062107,0.0,2.0486638284250662,-1.3685829568836445,0.11667796492662015,0.0,6.698559331295596,-3.284363447844646,-0.14489229700474135,0.0,4.460129328208285,-1.7282938183045375,-0.3001433712392339,0.0,1.0690029916682606,-1.659942644749914,0.002313712412179525,0.0,2.864064394606337,-2.2778654630240345,-0.2569159694203918,0.0,3.3500023290333574,-1.676194867221889,-0.45777270774004947,0.0,2.7935582161380723,-0.9061251761089211,-0.4422462363218638,0.0,1.1469388490689583,-1.7077167741283639,-0.18635849986052433,0.0,3.7837175334425703,-2.7030846551136034,-0.5949026164838009,0.0,3.6000404690278365,-1.556003429530341,-0.5986806696720033,0.0,2.7247161125348667,-0.7075841650795639,-0.4817543615220756,0.0,1.3128242432066248,-1.6135438513284015,-0.4586693425956863,0.0,7.241221980079252,-4.401326624121715,-1.8066029549799352,0.0,4.110598939958543,-1.4798579747859015,-0.8744478994173399,0.0,2.770381563776916,-0.552683197174375,-0.551848136630927,0.0,1.2244336132996967,-0.9504334786540939,-0.6702239958131312,0.0,4.170211481237188,-1.9236996843510297,-1.5007779267959613,0.0,4.18075364888485,-1.260450546563715,-1.1627448776040976,0.0,3.0009463257426994,-0.5463687982471964,-0.7137429999186444,0.0
0.0,0.0,0.0,0.0,0.41655365768499075,-0.2058860741396527,0.07466202790749432,0.0,0.9832623992747357,-0.6095358063098165,0.06178081386446547,0.0,1.4653998109239634,-0.8679732474089196,-0.04567989705376392,0.0,1.6898587321554217,-0.967932547885064,-0.14797512314447295,0.0,0.6071971781557948,-2.6104908222864016,0.13177561271947458,0.0,1.236747774399305,-3.2130772901571256,-0.061657705439926706,0.0,1.9451376753594907,-3.327566899518975,-0.25217082884131126,0.0,2.264754126791747,-2.9354753475729054,-0.35339732681988123,0.0,0.4885868214246697,-2.5222272120758458,-0.0957613622327505,0.0,1.2321149589953668,-3.1371280359173355,-0.2505480658405982,0.0,1.8848813962633975,-3.08585079757889,-0.4088751621315029,0.0,2.2197790001163917,-2.7298747540681103,-0.49707040427328997,0.0,0.5666733741969486,-2.5022514599453864,-0.343674112910697,0.0,1.4215841149959105,-3.5119490045477937,-0.4755450385021056,0.0,2.141232326225392,-3.4147361092014044,-0.5412865265994574,0.0,2.4358638737517424,-2.914215878011597,-0.5426075873877583,0.0,0.8083520464134437,-2.2860023292788223,-0.6235684224901695,0.0,2.655150489299951,-5.454310822499249,-1.1794366426556688,0.0,3.084021824551455,-4.741999344976638,-0.9635342584474825,0.0,2.944002521699509,-3.6437637511400727,-0.7449716748676373,0.0
0.0,0.0,0.0,0.0,0.41577311393949684,-0.4121574970701479,0.07473584318592436,0.0,1.8441787795772224,-1.433382704533097,0.06720785894221096,0.0,7.998477695171622,-4.520488565920567,-0.28926801872453717,0.0,5.034208916513938,-2.1545822310767972,-0.3919757415732022,0.0,1.1054665440861766,-1.6880983514107923,0.013396904591269016,0.0,2.909451312517663,-2.3203239895795518,-0.23116095831357159,0.0,3.3839845804455795,-1.7422068896985616,-0.43268525932591695,0.0,2.856847243443346,-0.9694710099737308,-0.4294794123572886,0.0,1.2364982460636609,-1.7631704486457844,-0.16313147410452364,0.0,3.862584687432185,-2.727585583842278,-0.5360458584981873,0.0,3.5478631946115295,-1.562598075737049,-0.548061119485064,0.0,2.7077338188361706,-0.7223910734073576,-0.45044577909634204,0.0,1.4801035108130518,-1.7145830833316387,-0.4317184909027111,0.0,7.921827274574046,-4.72535639845152,-1.7362703712236878,0.0,3.9670791836572037,-1.420690333949863,-0.7764288169734802,0.0,2.688195096102586,-0.5296675188514831,-0.5046023575527692,0.0,1.3977284855181076,-1.0333518717912922,-0.6454071187925063,0.0,4.624519681814108,-2.096297331969437,-1.469512160085577,0.0,4.048938353569548,-1.1758613778345979,-1.033510957518079,0.0,2.8648827255389677,-0.46986873132982837,-0.6392123641332466,0.0
0.0,0.0,0.0,0.0,0.38932186212367786,-0.19345488482185338,0.058146330489186084,0.0,0.9209593485270875,-0.5517541611363902,0.022895830132502508,0.0,1.3641814432159365,-0.7461744662063464,-0.09810095901689986,0.0,1.5898447110316374,-0.8471697201312995,-0.2093548449028676,0.0,0.6330890354704896,-2.666988896835527,0.12136136107445776,0.0,1.1686913213961003,-3.1614587390642868,-0.07982450066992029,0.0,1.8883356180087432,-3.3114690959732767,-0.28405607746181405,0.0,2.227218071347657,-2.935936128775729,-0.39123562629624964,0.0,0.4960970445631257,-2.5570107565768185,-0.09551844439660659,0.0,1.1523024275122289,-3.0699140263612867,-0.23750046552827664,0.0,1.8045603562158359,-3.0468393190061596,-0.40199393856960886,0.0,2.188020475589896,-2.7393914713060785,-0.508216385545876,0.0,0.5538118294553352,-2.5364447252625033,-0.3315081369414598,0.0,1.333496906023547,-3.4419451530235894,-0.4442568739567151,0.0,2.0594600742426468,-3.3778051329326786,-0.5257071477301791,0.0,2.393340004618772,-2.9119944677814282,-0.5458749222842932,0.0,0.7887932417767385,-2.3991497151823324,-0.6115265807320616,0.0,2.544687984155252,-5.436277527795439,-1.1286293956844984,0.0,3.0008936842099057,-4.713443401436362,-0.9471065145918078,0.0,2.874176596595219,-3.6012684668170434,-0.744101203357349,0.0
0.0,0.0,0.0,0.0,0.4143760776721827,-0.38179227831608825,0.06981346134241807,0.0,1.8617325921107408,-1.3628074401399268,0.04110788496257459,0.0,7.934938442510447,-4.183372486534876,-0.40708206994297375,0.0,4.677734205953317,-1.8458854898282975,-0.4381884650743438,0.0,1.0780379440057664,-1.6800875436158447,-0.017327254731395056,0.0,2.9004006031043668,-2.321581920974156,-0.2957251084102747,0.0,3.3582959872160174,-1.721664099198047,-0.49832525419606194,0.0,2.8135464806096575,-0.9405048847320852,-0.47759948478550507,0.0,1.1818093231283961,-1.742648675336791,-0.19737860222879527,0.0,3.737571832172011,-2.69761868388389,-0.607289135906126,0.0,3.537799925388033,-1.5941514607626024,-0.6114414031272616,0.0,2.7146438346256896,-0.7444079184782084,-0.49488649594011336,0.0,1.4046074253628817,-1.688977002246187,-0.470574298357922,0.0,7.364149730209749,-4.536738538170084,-1.8036231075227007,0.0,4.057735696813108,-1.5071357849746183,-0.8555113466663844,0.0,2.7316747702507396,-0.5679523440368596,-0.5411408277772581,0.0,1.341266569134845,-1.0174525514434622,-0.6877414845587475,0.0,4.546433618232738,-2.103603212166278,-1.5728660610192904,0.0,4.14710488906796,-1.242436393070449,-1.1268679107469712,0.0,2.9247726177618345,-0.5096646164310431,-0.6858240526285349,0.0
0.0,0.0,0.0,0.0,0.39339418755362326,-0.20015902190709356,0.056054017126431405,0.0,0.9423575302910073,-0.5620864432949031,0.02076874314130756,0.0,1.39842542825308,-0.770174709075138,-0.09971291929657025,0.0,1.6291715999223517,-0.89787736794049,-0.21368946254688712,0.0,0.6372538700014794,-2.650780788535159,0.11477783313345283,0.0,1.1696778029320096,-3.140193848352374,-0.09102406711716579,0.0,1.89823451843904,-3.2954994606704733,-0.3027651013623064,0.0,2.2341196544103052,-2.9094450666791976,-0.4115974045704373,0.0,0.5012384330828913,-2.531350007382448,-0.09742649154539394,0.0,1.1653355679167325,-3.071756767284513,-0.24597063045426126,0.0,1.8268194967209466,-3.044303238153564,-0.419336374048954,0.0,2.1881067336486906,-2.703614278439207,-0.5255826986462677,0.0,0.5563421636686287,-2.4998254257626558,-0.328123231133899,0.0,1.3566308932814557,-3.4635111910331684,-0.4546459444696174,0.0,2.0869970392404356,-3.3830007811160483,-0.5433086250130981,0.0,2.397685440224867,-2.8796358009394485,-0.5612617561747071,0.0,0.7875336144889702,-2.358974314270881,-0.6010634343068203,0.0,2.61325422936449,-5.526601673316433,-1.1474399994575426,0.0,3.043719560403332,-4.738258884760675,-0.9586506736065301,0.0,2.8822975423542574,-3.5791357504297596,-0.7498769706470501,0.0
0.0,0.0,0.0,0.0,0.4676646993450922,-0.3466913825756913,0.08835031323452863,0.0,1.9677607332459197,-1.2619335322399172,0.09302215284521456,0.0,6.2729446204144885,-2.9786643015841827,-0.19112132750818517,0.0,4.392977676847834,-1.6411090756434714,-0.33581888595995285,0.0,1.0557896778268474,-1.692779680938749,-0.007174514793286734,0.0,2.820038120171803,-2.331381911887281,-0.2721011719618241,0.0,3.3400591673135143,-1.7513850307515233,-0.4798576126772042,0.0,2.8132088268252757,-0.9527509675301018,-0.4667766014739798,0.0,1.1213205149257737,-1.740456681533033,-0.18786690813982515,0.0,3.5642199200880214,-2.6929559619625807,-0.5724016893452486,0.0,3.5358222996147313,-1.6525518262848438,-0.6064995747212802,0.0,2.729761128851383,-0.7794806755585907,-0.5002064388046685,0.0,1.3079715523550308,-1.687459996990452,-0.4518498896516564,0.0,6.439425653678337,-4.222584984745357,-1.6132790549115348,0.0,4.086468872230774,-1.6329532946564562,-0.8906366961246966,0.0,2.782575597352597,-0.6411293118213609,-0.5741870510196091,0.0,1.2807622310287607,-1.0665791293609375,-0.6772293475739188,0.0,4.549729269168417,-2.3256661352247625,-1.6269389491838973,0.0,4.413592898674585,-1.5055704010810091,-1.2425360001050585,0.0,3.05176983984975,-0.6438921768497212,-0.7422509996540781,0.0
0.0,0.0,0.0,0.0,0.3891143952937777,-0.20674874820111616,0.07447561730445486,0.0,0.9379045524776101,-0.5926165371363366,0.04901886446962853,0.0,1.3861143781165255,-0.7904533731353821,-0.0721171496400967,0.0,1.6734840724871665,-0.963020575188694,-0.1948012202783561,0.0,0.6177192168697212,-2.6576379465397726,0.11163266459678882,0.0,1.191344918585518,-3.1479614942854757,-0.0913839181483112,0.0,1.8818383500794864,-3.2610527227590893,-0.2861580781512383,0.0,2.237431750044862,-2.9163969687744906,-0.3884071783406025,0.0,0.4887098193801327,-2.5539229684536147,-0.12761484546612759,0.0,1.2120145834183194,-3.1139364726885184,-0.2761156636039497,0.0,1.8415022088754869,-3.0358490939488045,-0.42703735059424247,0.0,2.2093754145482,-2.7151072404001737,-0.5195703392260408,0.0,0.539543191467755,-2.4905650951359823,-0.3842026372320492,0.0,1.4171284416542973,-3.513659092887411,-0.5159363652339093,0.0,2.1258243916263395,-3.408670841129639,-0.5610959876145079,0.0,2.4551684486398444,-2.9545746774034116,-0.5570041483116489,0.0,0.747633362713895,-2.2350704755769435,-0.6634169178244054,0.0,2.5201736234234167,-5.282771576826466,-1.2392771072878832,0.0,3.0446361904607726,-4.768415602514059,-1.0349574352770339,0.0,2.9966246971596764,-3.796479490657879,-0.8097090466103604,0.0
0.0,0.0,0.0,0.0,0.3903301611778067,-0.3985093505855196,0.06047377531655618,0.0,1.7655367729161728,-1.4492698159328343,0.030439491895331624,0.0,6.589901643022763,-4.0208688646272615,-0.3267777928348021,0.0,4.937182430350352,-2.349384518569976,-0.44940580789555207,0.0,1.0768874572537912,-1.72043236906435,-0.047824530803843565,0.0,2.936618280317666,-2.405217140111465,-0.3568859138794034,0.0,3.314850728780822,-1.7622767754059532,-0.5397764635401728,0.0,2.7872132655738335,-0.9818934285541611,-0.5048419499654189,0.0,1.2019374594184318,-1.790430211694651,-0.22798775593215515,0.0,3.756933088681384,-2.7793763795620507,-0.676205752788123,0.0,3.4439406771258305,-1.6199321952759174,-0.6472778781049388,0.0,2.669371952054758,-0.7795981531751183,-0.5222469965108154,0.0,1.4286703776155638,-1.7093831417248768,-0.5005027650616742,0.0,7.464338460265723,-4.7264642145379225,-1.9749526708318172,0.0,3.908819774283819,-1.5220133533179492,-0.9235214438656187,0.0,2.670453799608846,-0.5931233555613705,-0.5988685174322377,0.0,1.314139707026809,-0.9763275767188153,-0.677199645215244,0.0,4.438846560968616,-2.1486059627532024,-1.621793817246971,0.0,4.0517179159685215,-1.3181011116623569,-1.2232885907921986,0.0,2.8892556444069273,-0.5728981232905493,-0.7726053713360854,0.0
0.0,0.0,0.0,0.0,0.3759385683414378,-0.200974999046879,0.053020880836126515,0.0,0.9179187382166153,-0.5476282245369523,0.0056253257896763924,0.0,1.347964573030253,-0.7164624232102171,-0.12297763897741801,0.0,1.6392207784817627,-0.9199740773919745,-0.25311899300282975,0.0,0.6134778239928262,-2.6448605485389276,0.10838265533688929,0.0,1.1573246943560798,-3.158175476321219,-0.08954657889978686,0.0,1.873629279475514,-3.3059885349479523,-0.3003491640032099,0.0,2.2074668406551483,-2.899450932999234,-0.4079561680955146,0.0,0.496804897803385,-2.5597671804050153,-0.10589398930527824,0.0,1.1620315239782053,-3.0834646228777927,-0.24808846056073192,0.0,1.7871014424201401,-3.021800776040731,-0.42027622828029865,0.0,2.1487140989419014,-2.6864161809578655,-0.5301016365627981,0.0,0.558116116300363,-2.5413043060046254,-0.3405719438278864,0.0,1.363943263631015,-3.5038283131776997,-0.4554944736951112,0.0,2.0595395409576804,-3.3775410394154126,-0.5283924894109379,0.0,2.3602334024521103,-2.8662502764617845,-0.5436678767325882,0.0,0.7960144169865698,-2.390655335111441,-0.6194408901800935,0.0,2.674266559763558,-5.679756662864683,-1.1695742603665822,0.0,3.1344359235673225,-4.91602778783424,-0.9641357300843022,0.0,2.9425442277422302,-3.680710554240733,-0.7359719736747712,0.0
0.0,0.0,0.0,0.0,0.45482428072398684,-0.37174462693325694,0.06326305651070936,0.0,1.718726147594621,-1.2665617672733884,-0.041435595812888255,0.0,3.8307001855930687,-2.2144433419150986,-0.40584259229957104,0.0,3.5192475697063355,-1.6411875273016427,-0.5822581978568189,0.0,1.0428786079460877,-1.7575760323162777,-0.26887079988304846,0.0,2.6455922723492282,-2.3075151844618995,-0.7701204908036275,0.0,2.983885453753953,-1.7032904897463355,-0.9361824491628677,0.0,2.5788971004320844,-0.9794689452504832,-0.8256782051450212,0.0,0.9864897142166243,-1.730260541850429,-0.5105944982170354,0.0,3.2445463466117332,-2.709062584346978,-1.3023045821045411,0.0,3.1904548411500695,-1.6503447621362084,-1.167343319063886,0.0,2.5160635548151835,-0.7974733941222616,-0.8829645133231137,0.0,0.9270479625562107,-1.4016464332407046,-0.786865543572748,0.0,4.834918204066467,-3.6676456025039506,-2.651006572101976,0.0,3.695249728860215,-1.6525500467588212,-1.6381405673214797,0.0,2.530657458451427,-0.6328417844723064,-0.9953687222272759,0.0,0.6876753629632948,-0.6284245670629967,-0.8364058878490119,0.0,2.46645908631145,-1.4346772535750971,-1.8390164691558422,0.0,3.501461972905383,-1.413721885809293,-2.026407085837009,0.0,2.7959368019519726,-0.7439675626145535,-1.3786743239581665,0.0
0.0,0.0,0.0,0.0,0.3529608360261515,-0.1900627475631375,0.04735616242643844,0.0,0.8564386830570411,-0.5201643686726085,-0.006130823025290162,0.0,1.276309931494567,-0.6709680303827952,-0.13800917893726225,0.0,1.5870837043111632,-0.8725373077860399,-0.27242992980742914,0.0,0.6027433743822709,-2.6461927407028183,0.10975490057839345,0.0,1.1984884098814244,-3.2163606604392156,-0.0884961301672317,0.0,1.8599720088525382,-3.263864735199543,-0.28998737819368314,0.0,2.1649400258407536,-2.86131124849018,-0.3912249955493815,0.0,0.4816169854884445,-2.5569419173111623,-0.09672746478434333,0.0,1.161356397584483,-3.0792805108293217,-0.24192715324355354,0.0,1.7601566818390295,-2.9924266088706086,-0.4065789420970144,0.0,2.1521753526532055,-2.7158792817762802,-0.5219315727720656,0.0,0.5242355901565724,-2.5207553591192102,-0.3199463999739869,0.0,1.347920727255853,-3.470951176702675,-0.4358957596866267,0.0,1.975687673373445,-3.282203192006382,-0.49466953211985065,0.0,2.3135353950664626,-2.871032743797817,-0.5202554959332141,0.0,0.7377033229936356,-2.364037892064188,-0.5823325406940505,0.0,2.6511548907848663,-5.68889550074182,-1.1425169464056895,0.0,3.008507120636931,-4.781037123807984,-0.915166352483539,0.0,2.910781335990772,-3.717512541733281,-0.7195451366959799,0.0
0.0,0.0,0.0,0.0,0.36780307098021114,-0.4549864658472327,0.06976572532630333,0.0,1.6916175962662041,-1.571482797542707,0.014657958684236024,0.0,5.022351807256445,-3.3213828671015966,-0.34142671493370236,0.0,3.9134382444027884,-1.8988165801558816,-0.4546541454826508,0.0,1.0798741788327006,-1.8092575657891357,-0.13765576773261531,0.0,2.7830366471383363,-2.454942763994453,-0.5060205955295405,0.0,3.160131177725661,-1.8562986568961075,-0.6738893441264514,0.0,2.7266303793826876,-1.1074500190475567,-0.6201022240835651,0.0,1.1512038708076862,-1.8539534321742686,-0.35764153729404247,0.0,3.753135284626158,-3.020119245683691,-0.9900973959500764,0.0,3.4155413925001823,-1.7605458256146087,-0.8716597178283151,0.0,2.6322223719686444,-0.8700526489012296,-0.6731110992021616,0.0,1.2421273377753062,-1.6444402139337333,-0.6428799228054436,0.0,6.714641417832055,-4.741418084059945,-2.454348678862017,0.0,3.8161457243837313,-1.6769648171499831,-1.187275159285389,0.0,2.6221659969028117,-0.695129260523362,-0.752053669175198,0.0,1.0116520378324096,-0.8443350644796452,-0.7429289532546547,0.0,3.4955722328701073,-1.905224888411734,-1.705544893660198,0.0,3.9097111246372998,-1.517139707699844,-1.5391732713305741,0.0,2.951253085781668,-0.7978824823228681,-1.0191660893651837,0.0
0.0,0.0,0.0,0.0,0.3636005064669868,-0.21433074135133637,0.06124208403850449,0.0,0.8692634632268695,-0.5772743062883801,0.01764234830771398,0.0,1.311899098120518,-0.7479172574169612,-0.11685653270828487,0.0,1.6303737255333735,-0.9424474240808663,-0.2540888797017052,0.0,0.6090229600223375,-2.648318415768742,0.14489791060320495,0.0,1.2061575145520802,-3.2370715633458564,-0.05204794217781969,0.0,1.8939941077446163,-3.336535321238099,-0.25658234601305,0.0,2.1979424352143404,-2.9494663543686754,-0.368149059964699,0.0,0.49346664026627174,-2.5884766288424594,-0.08189375200159536,0.0,1.1599293040361627,-3.106380737045289,-0.2285320266783927,0.0,1.7865464111302858,-3.0646929338694995,-0.3987639427597031,0.0,2.161401531873155,-2.765059011681716,-0.5121813150115366,0.0,0.5527156736084342,-2.5767427763555144,-0.3303652406451529,0.0,1.3615582577101784,-3.4934654983410476,-0.4381050235995813,0.0,1.9964026529024268,-3.320501630986139,-0.5014893710669597,0.0,2.292048971198916,-2.8662222735601266,-0.5228740992937025,0.0,0.762090980313515,-2.375138366644199,-0.6101637448207478,0.0,2.7050507886842183,-5.764237422727641,-1.2155955718586906,0.0,2.9791049405987837,-4.754431796180693,-0.9628711426180835,0.0,2.790311677389962,-3.6271910989791447,-0.7480974682755718,0.0
0.0,0.0,0.0,0.0,0.4277281412799232,-0.430968912845573,0.08512929998489031,0.0,1.764738085029243,-1.5341163134859048,0.05250723767918098,0.0,5.002366398661795,-3.4451112913415627,-0.2778734843425514,0.0,4.087614093838319,-2.2983414467544634,-0.4447932467350247,0.0,1.0465371843625626,-1.8449174071318584,-0.09466366369297852,0.0,2.7067443227634183,-2.51431044091358,-0.46219274278648464,0.0,3.137490675173002,-1.9393968062848619,-0.6663688462812889,0.0,2.7205915729150587,-1.161846149668641,-0.6238256112894384,0.0,1.0938740678574355,-1.895455690019164,-0.3133002466812232,0.0,3.50660434569633,-3.041343979012636,-0.9017886169912526,0.0,3.3633247425155446,-1.8707044294772872,-0.8477499521994724,0.0,2.6085285153756326,-0.9333235495907197,-0.6564909145280922,0.0,1.1847522655184552,-1.7279143975469364,-0.6074008697645112,0.0,6.095087364006389,-4.700385645091519,-2.2323749223036087,0.0,3.82277074552747,-1.8295431904283546,-1.1736858886492214,0.0,2.5975800599416434,-0.7476062131658806,-0.7236124372021802,0.0,0.9958388100971288,-0.9405155551230727,-0.7436268364484551,0.0,3.404577268906906,-2.083787780591436,-1.6914409439881053,0.0,3.9097527322400443,-1.6757671969139416,-1.5288548793685706,0.0,2.8770710756346043,-0.8287959805089756,-0.9631031786575659,0.0
0.0,0.0,0.0,0.0,0.37246150881804096,-0.2126155322089799,0.06505873128467705,0.0,0.8834833674668956,-0.5650441578503553,0.021918505725716023,0.0,1.3103055864806794,-0.7236957440065492,-0.11111367597906459,0.0,1.5806530628469178,-0.8665472417101129,-0.2424443389319518,0.0,0.6251987310869513,-2.695001169380985,0.11010932855361297,0.0,1.1665499703784197,-3.1756006626292077,-0.09034061030563144,0.0,1.8592351175649078,-3.31044101802981,-0.29518449616118664,0.0,2.203549131953739,-2.961116726869739,-0.40685447816339343,0.0,0.4966956026801293,-2.6070175925989725,-0.12121922611635551,0.0,1.1628657952554733,-3.098591184171444,-0.25531329089472027,0.0,1.7769927850442249,-3.0456721324692495,-0.41384370035955803,0.0,2.1526481492726575,-2.755716126116107,-0.5228522702514162,0.0,0.5527904609064577,-2.5778701552098697,-0.371861094531427,0.0,1.3784207040529897,-3.523616096520337,-0.47277306881238446,0.0,2.037427397260084,-3.370034172246897,-0.5266476389812943,0.0,2.33203696677342,-2.8868872674339023,-0.5393991472342464,0.0,0.7610548627128283,-2.365548917249947,-0.6527904376967312,0.0,2.6215252824388613,-5.646477353811854,-1.2430357909941234,0.0,3.0172041264164235,-4.860776193517987,-1.0069944649262965,0.0,2.837002909195965,-3.701350443506948,-0.7717092992992622,0.0
0.0,0.0,0.0,0.0,0.3306026023586024,-0.4289751069532515,0.0799064413154266,0.0,1.5264987008746125,-1.4782999193639037,0.0533567986688593,0.0,5.381394259948655,-3.735628786332196,-0.2709876300424837,0.0,4.443119482118591,-2.27420828035409,-0.4464939190739527,0.0,1.0784096284083315,-1.831764724906346,-0.10996153914946066,0.0,2.770341424636041,-2.4766485300103267,-0.4331234783882798,0.0,3.072801184481357,-1.848001187751659,-0.5730425606915629,0.0,2.7028630492689922,-1.1404895437457638,-0.5370934389982247,0.0,1.1671971108497452,-1.883198276917801,-0.32266645269069943,0.0,3.6506694246383984,-2.990906182440894,-0.834017024830158,0.0,3.358053433281541,-1.798800718693069,-0.7398386226233472,0.0,2.6724228849874616,-0.940301234095551,-0.5940514256190527,0.0,1.304973738211291,-1.7096230674357622,-0.6031236760472393,0.0,6.568914400014475,-4.701966566089191,-2.0753846468007375,0.0,3.8303843456071958,-1.742273471713616,-1.0236921558698664,0.0,2.67650635001874,-0.7460059968929341,-0.6643925830734668,0.0,1.1270039943832355,-0.9305129735476021,-0.7255451802772089,0.0,4.158825241571125,-2.275758777107975,-1.723319170879882,0.0,4.033369956626175,-1.557866738127384,-1.3187568163679941,0.0,2.9139324476890094,-0.7574074658877561,-0.8309401985946899,0.0
0.0,0.0,0.0,0.0,0.3677633586971893,-0.21308599455131036,0.060708205729870485,0.0,0.8811987275171713,-0.6137633096538023,0.017489414956001315,0.0,1.3655271160725035,-0.8367739144891307,-0.12246197697726767,0.0,1.655041424547734,-0.9779281480982492,-0.2574675646034382,0.0,0.5545708096766033,-2.588735259092116,0.11118837468002371,0.0,1.1886256821983379,-3.2491286382883193,-0.10001441152172975,0.0,1.9054962483038238,-3.357804161447026,-0.3219514964730917,0.0,2.2195268659661607,-2.955319353697909,-0.4361604804206279,0.0,0.43894399555363056,-2.5097080667813034,-0.10936888227361351,0.0,1.1470263708461064,-3.121885512646652,-0.2672225802122789,0.0,1.7955241231958752,-3.0836884172611736,-0.43948730542813824,0.0,2.1700998277865904,-2.7803445750102878,-0.5537088151310529,0.0,0.5032572475806285,-2.493547300084104,-0.3533797342922098,0.0,1.3447434931664002,-3.512206296477102,-0.4885276582437091,0.0,1.9863794944995,-3.322973362304301,-0.5464574232634339,0.0,2.2936594064487945,-2.884312248332204,-0.5660035943899276,0.0,0.7270989924228815,-2.300353858685951,-0.629800229411414,0.0,2.6549186682318635,-5.688590516390535,-1.2694212498490938,0.0,2.8715039943605514,-4.5767257757142445,-0.9753082562336377,0.0,2.709633315758578,-3.5119111447326743,-0.7591162292357968,0.0
0.0,0.0,0.0,0.0,0.3164564343680108,-0.4562700129646836,0.09618896619558759,0.0,1.4075714826620565,-1.5058417915664541,0.09394545996062591,0.0,4.071869842491288,-3.3436175150819527,-0.12429627918594448,0.0,4.6453560039378825,-2.9298104841338337,-0.3993953598592239,0.0,1.123453715156435,-1.8662198986701102,-0.07275081958172652,0.0,2.8039240730673716,-2.4869005717586075,-0.398171485525735,0.0,3.073982141877962,-1.8245475251619137,-0.5511511280649058,0.0,2.6973498887166554,-1.087980266179473,-0.5184188504573923,0.0,1.2273972544388156,-1.9386869328054714,-0.2972761548225177,0.0,3.7106513101752,-3.0446211576168283,-0.7879440981715155,0.0,3.3653291964175542,-1.7897552568205661,-0.698951895965024,0.0,2.6306613354642883,-0.8889194014449486,-0.5493281276693485,0.0,1.379989941475658,-1.7789273967308676,-0.5978928746887928,0.0,6.755245694785009,-4.831720717095318,-2.0425491950617625,0.0,3.7523730453613493,-1.6770595615025943,-0.9553784087534093,0.0,2.578770483769197,-0.6776339981120383,-0.6034026116108927,0.0,1.1853821149888,-0.9551336317522736,-0.7328933383598141,0.0,4.046695630640649,-2.1886398444821134,-1.627164249249668,0.0,3.7234378102573227,-1.3524207979867295,-1.163824865292533,0.0,2.67344128565253,-0.5875163891483867,-0.7147014187605764,0.0
0.0,0.0,0.0,0.0,0.36024790738685813,-0.22379930516173896,0.05845969020752775,0.0,0.8789638096031065,-0.6238345709937967,0.0026651606231629494,0.0,1.3430404207484707,-0.8193606821044422,-0.1499767626788093,0.0,1.601780338290097,-0.9255692737555942,-0.29181787403943826,0.0,0.5824531914638781,-2.683705402757234,0.07349226930782526,0.0,1.1336219465150517,-3.1833358744078497,-0.14669343238597893,0.0,1.7980270325187298,-3.265265573325383,-0.3667288074366451,0.0,2.148314557604286,-2.916688949131439,-0.48243367507872736,0.0,0.45479777445690456,-2.5759133948793926,-0.1548436085026464,0.0,1.1571414313115456,-3.154486672209316,-0.30944377827897734,0.0,1.7546092228059615,-3.0500940940441725,-0.47293917563128635,0.0,2.105991712720134,-2.7298877496547567,-0.5802453553365543,0.0,0.5055251713081883,-2.5131854409971974,-0.4039608802942113,0.0,1.3621293753016792,-3.575794866500987,-0.5283599462466047,0.0,2.011725978054606,-3.3897566483650157,-0.571391517255869,0.0,2.3113767168472834,-2.9125841466047024,-0.5782842606452289,0.0,0.6977086435745826,-2.246332032425263,-0.6717353949500644,0.0,2.592834745297309,-5.7599504963762715,-1.3321978548010494,0.0,3.0040824182711283,-4.9741247409674605,-1.0594198423031522,0.0,2.8674253100811535,-3.847961536034127,-0.8121912340188863,0.0
0.0,0.0,0.0,0.0,0.3262809671788965,-0.4823906278789522,0.08696001055450617,0.0,1.46167220828199,-1.5136303312208255,0.07040417125457464,0.0,5.608940974233079,-4.058401933292567,-0.25439134585729917,0.0,4.9752565243551015,-2.5924464393804563,-0.49804130309552075,0.0,1.1222263534421912,-1.8793273782714548,-0.07266905828941686,0.0,2.76523838187767,-2.459309463580816,-0.36644776947861407,0.0,3.1026240030400674,-1.8291732132378664,-0.5215721821336075,0.0,2.7137328776576255,-1.1076060946278101,-0.49729237797052944,0.0,1.2029948615764035,-1.939474788043655,-0.28437715340998904,0.0,3.7414864332625015,-3.0340305525524918,-0.753755929467113,0.0,3.370409737641509,-1.7617130924660958,-0.6749958656312963,0.0,2.6491830430352485,-0.8992673362196499,-0.5457364315051437,0.0,1.3392666694347348,-1.7936551338341462,-0.5681307835822776,0.0,6.819978947302539,-4.934386294967032,-1.9515156868540744,0.0,3.9018213869151013,-1.8208939368173214,-0.9573085948674726,0.0,2.7297377271590655,-0.8053520173797584,-0.6301948227813612,0.0,1.1509155902330972,-1.017062869409178,-0.7100267814189138,0.0,4.501702270210695,-2.6351347872707356,-1.7397451774971298,0.0,4.354174540135162,-1.8171231092919116,-1.3109690879292888,0.0,3.0385839353414763,-0.8700727647381766,-0.7902479606900259,0.0
0.0,0.0,0.0,0.0,0.3656462313982584,-0.2331733425281852,0.0636974909311022,0.0,0.9150301664689755,-0.6933078774405029,0.023234070805981614,0.0,1.4242156926222003,-0.9376668159425645,-0.12079721711281614,0.0,1.7099956230691682,-1.0737262241380583,-0.25934455915351723,0.0,0.5712416341302434,-2.633716399324302,0.10453532978875371,0.0,1.2196585737160253,-3.298809358946821,-0.12144655190974758,0.0,1.8933164670775993,-3.3416629878309276,-0.34766900321108823,0.0,2.207406019232355,-2.9611179693310463,-0.4625152726141662,0.0,0.4547149079131661,-2.548705013228626,-0.12337770271251831,0.0,1.184238076385084,-3.1850120189382998,-0.28952795932018105,0.0,1.7817961861028377,-3.083613659860091,-0.4565578598481874,0.0,2.1555037485174955,-2.8018356516096645,-0.5695251389996108,0.0,0.5156875572261893,-2.503325977775112,-0.3731999854137254,0.0,1.4056393448267648,-3.6438581536664243,-0.5196310704275452,0.0,2.003569012810581,-3.389723179416637,-0.5571321869039855,0.0,2.311589769675025,-2.9619523399977563,-0.5690669211635082,0.0,0.7248727484858796,-2.2525233294925404,-0.6438776707359319,0.0,2.751948319545762,-5.933295613931092,-1.3483993552799687,0.0,2.948745692217618,-4.8010550799116425,-1.0166180560451048,0.0,2.7684349112977924,-3.684762983061217,-0.7737060547714626,0.0
0.0,0.0,0.0,0.0,0.3460923796033744,-0.46537070780856143,0.09944452881732228,0.0,1.4321473559355036,-1.562574789043447,0.10876473134353133,0.0,3.977286477895579,-3.5147350117945804,-0.08624243230976368,0.0,4.6279023204488245,-3.298055987559268,-0.3698424763517817,0.0,1.093680252707495,-1.9164774536883118,-0.04844578564763748,0.0,2.7357846579367036,-2.5303295905050693,-0.34206860591640575,0.0,3.029393916926948,-1.883372580100669,-0.49946923271821664,0.0,2.6762983679844345,-1.1495560673997942,-0.479730557149096,0.0,1.189331550729057,-1.9979833522737789,-0.26008241548175703,0.0,3.686788374421086,-3.12029241389335,-0.7113283140988801,0.0,3.303775865759699,-1.8085723910829932,-0.6395076418824573,0.0,2.5771273167303104,-0.8959687142898299,-0.5070595161993702,0.0,1.3406049759429428,-1.8747662783320707,-0.5475940359360383,0.0,6.695313185343082,-5.04447630127949,-1.87690828486764,0.0,3.7261302913474514,-1.7713010276411745,-0.8911391707497229,0.0,2.565282125705121,-0.733391681551229,-0.5687904837170054,0.0,1.1472319104717823,-1.053652401915191,-0.6887609382249108,0.0,4.027655913816751,-2.3789753816847776,-1.5381633610595158,0.0,3.8025240769299016,-1.53337965716416,-1.1191046814341241,0.0,2.72162581275151,-0.6971940502866207,-0.6810803112276564,0.0
0.0,0.0,0.0,0.0,0.3735487587460862,-0.2396471983811483,0.05953882010847056,0.0,0.9199189773128468,-0.6853857753396005,0.006922505950424686,0.0,1.3979397519777195,-0.8890927284696581,-0.14564667873617743,0.0,1.641059296815544,-0.9657898159435758,-0.2840279508836179,0.0,0.6289036439057687,-2.717244079686834,0.05744329768261168,0.0,1.1699315291674734,-3.1798874337502796,-0.17311582557621216,0.0,1.8397079597481165,-3.2564899751372907,-0.40089115772392925,0.0,2.183706197036272,-2.903497749731082,-0.519508792242071,0.0,0.4890695254907524,-2.5952512851738936,-0.173862768181318,0.0,1.200691911994671,-3.1806336283860195,-0.34440205626637427,0.0,1.8103666261195974,-3.0751421807445496,-0.5152589956262716,0.0,2.1346417052897024,-2.7228570001016026,-0.6157803907769223,0.0,0.5289290223341573,-2.4958696092675443,-0.42497739477215113,0.0,1.4073813300082767,-3.631889845128225,-0.5808522593822555,0.0,2.0399984396189583,-3.4102792225847884,-0.6270445177080879,0.0,2.29691649693662,-2.8951899733403685,-0.6238275453674835,0.0,0.693653646110607,-2.1592844476851,-0.678250120462652,0.0,2.651653665348728,-5.842729770036786,-1.4532274206595208,0.0,3.0035663966798682,-5.0036681423516045,-1.1620795843794252,0.0,2.7721191956340365,-3.7899873295263964,-0.875915736600874,0.0
0.0,0.0,0.0,0.0,0.3354578231317557,-0.5161201650269357,0.11039801428701508,0.0,1.3605193585680513,-1.599753001090414,0.14461074884541264,0.0,3.5753689778980653,-3.2848797523527606,0.015773315115163854,0.0,4.613228433581558,-3.314269630562734,-0.24298002373712557,0.0,1.105918850173098,-1.8713025128574579,0.025906169274741677,0.0,2.8040877667480752,-2.482625708117809,-0.20106745291574593,0.0,3.132090576243406,-1.8534764621108972,-0.3668636220523181,0.0,2.747662435233289,-1.1125173538639606,-0.37124314363771355,0.0,1.2642409477876118,-1.9895646013006343,-0.17309520446899737,0.0,3.9819925257906053,-3.1158778537202547,-0.5324005946626761,0.0,3.394834368267925,-1.7091971751321373,-0.49461341601495723,0.0,2.6023902863125405,-0.8135601488451406,-0.4031785011999701,0.0,1.4879028326233144,-1.9274273222318041,-0.45898573998617204,0.0,7.798256139216747,-5.263934680030866,-1.661282780530228,0.0,3.6941307251878617,-1.568480679203661,-0.6979383319518527,0.0,2.5597065467919804,-0.6423654922667055,-0.46190734530381017,0.0,1.315926253965598,-1.1307860040479367,-0.6368153476796294,0.0,4.182329310452815,-2.176726551718166,-1.2739235107698317,0.0,3.605360793808755,-1.2532810669665562,-0.8487018469758415,0.0,2.6391498344800417,-0.557205118353925,-0.5292331788408536,0.0
0.0,0.0,0.0,0.0,0.3764874061831932,-0.2394918012129446,0.061647926121029616,0.0,0.9219730333561047,-0.6763165009702415,0.011208418828559738,0.0,1.4008535700842184,-0.8755354808651077,-0.1405236531926152,0.0,1.6428386876706227,-0.9605780149899207,-0.27888301179753355,0.0,0.6165103781489218,-2.6771278504223983,0.08286114045348968,0.0,1.1395405610188034,-3.147513417661381,-0.14846836193449453,0.0,1.8445833593855332,-3.292022498995171,-0.3864117049526865,0.0,2.229102045176626,-2.9705354441053493,-0.5188642959890887,0.0,0.4902670098028359,-2.58808418755354,-0.15278080054954044,0.0,1.1749054024596133,-3.154245537171316,-0.3255946481822713,0.0,1.8134042380571684,-3.0933617566003675,-0.5118745186323922,0.0,2.1671985349797724,-2.7554268163600915,-0.625967473252072,0.0,0.5415221588084712,-2.521231357642021,-0.41233457834534576,0.0,1.3811213364231347,-3.5954313768968746,-0.5571731248878165,0.0,2.0300848373637606,-3.408753867549991,-0.6159391281993837,0.0,2.3167487297818217,-2.9143621914275863,-0.6240417472926217,0.0,0.7232847558285975,-2.219832279662677,-0.6824971953581642,0.0,2.613762435280268,-5.751446015692301,-1.4010700277860473,0.0,2.9162875268710136,-4.835702213963286,-1.1064543525978856,0.0,2.7200704980465447,-3.6806875586403622,-0.8438454826534634,0.0
0.0,0.0,0.0,0.0,0.3274922067883001,-0.4689336868768877,0.08030286700959773,0.0,1.4336943494965355,-1.4807539292536611,0.06303071319130536,0.0,5.135474778297311,-3.762520882473833,-0.229276210757913,0.0,5.400670416842534,-2.9423677151995538,-0.5195428935000448,0.0,1.0941084370361172,-1.7993996689601206,-0.06699711766206778,0.0,2.8354789642104614,-2.396911079603466,-0.3792259802704952,0.0,3.1246430700832697,-1.7046089850034172,-0.530540234674399,0.0,2.7014508725150046,-0.9870755053459747,-0.4983519116824335,0.0,1.210290011003629,-1.8734463289557681,-0.26474846601419383,0.0,3.7547587040664783,-2.874470662868583,-0.7304969120537855,0.0,3.350572857554485,-1.6139099595495447,-0.6517451803506237,0.0,2.6468711966795433,-0.8068206154646774,-0.5288333338970423,0.0,1.3996137839046767,-1.7793202901906229,-0.5432633147687863,0.0,7.011941213095912,-4.674075727386512,-1.9114110882448516,0.0,3.864850223793948,-1.6078430190985984,-0.9104670586470457,0.0,2.7220249147372386,-0.6827656064393399,-0.6023230668969083,0.0,1.2810597936018548,-1.059032455479989,-0.7142683692549823,0.0,4.7301739543403585,-2.450018799338139,-1.7120837018194117,0.0,3.984569902787568,-1.3829740086323261,-1.1382978618906023,0.0,2.836800015580005,-0.6104143536208784,-0.7013120040168355,0.0
0.0,0.0,0.0,0.0,0.38940646965887815,-0.24093601261783082,0.07983132433250704,0.0,0.9639737525190029,-0.7311041192716909,0.059063427417020475,0.0,1.5095217083350883,-1.0269419297342925,-0.07554760105738785,0.0,1.779446166414368,-1.1471329678394426,-0.21007499196298254,0.0,0.5632318098892143,-2.593858070059984,0.12365433405791433,0.0,1.2033116949122487,-3.2204734168943907,-0.09263424384707104,0.0,1.9207415176983162,-3.3335721295470044,-0.3188642343604816,0.0,2.27811138903495,-2.9913961681956858,-0.4463151893993228,0.0,0.44745771131075557,-2.5190423918949705,-0.11920766132681002,0.0,1.184660992568428,-3.126699968423776,-0.2785665529324854,0.0,1.8280681060073105,-3.07057735077535,-0.45854149271992084,0.0,2.215006761832487,-2.7954345243576664,-0.5845673985045546,0.0,0.5145628028493305,-2.4724195435562906,-0.3824487722987084,0.0,1.387141173270212,-3.5620933315551886,-0.5183406547897166,0.0,2.0497488212624053,-3.3851630538289403,-0.5782759907928352,0.0,2.3776448128517775,-2.9648608174114317,-0.6053271792592104,0.0,0.717547477219733,-2.171307941174234,-0.6553704101709125,0.0,2.630155142586898,-5.638261633475803,-1.3449170788124345,0.0,3.0430791471592786,-4.880744601994253,-1.101257012284185,0.0,2.903143198921273,-3.787143671984142,-0.8663469755867839,0.0
0.0,0.0,0.0,0.0,0.3049031003133854,-0.460024014918303,0.08424422877687267,0.0,1.2668316466004077,-1.433897548634624,0.06448250026402527,0.0,3.594184423060647,-3.0922634889059557,-0.15722913485097986,0.0,4.8999205631216665,-3.2221153622842573,-0.47856525766086655,0.0,1.1189688016717756,-1.8157800341354153,-0.07234736852720706,0.0,2.8552289425811934,-2.4016292127220877,-0.3983899836818121,0.0,3.1428079703595193,-1.725188317409698,-0.558959891897797,0.0,2.730437162088182,-0.9953083192783845,-0.525010444498011,0.0,1.2467969052836643,-1.898745129999399,-0.2782209885304093,0.0,3.8499874278034403,-2.9121253643991305,-0.7692995762216684,0.0,3.3478820133733156,-1.588437752061653,-0.6673820840760479,0.0,2.586484830845225,-0.7358450589348065,-0.5226903949309757,0.0,1.4251907249968427,-1.7894894447598726,-0.5639500929212542,0.0,7.312514626695432,-4.735706726958902,-2.0108605823338377,0.0,3.676693176896714,-1.4579665367891887,-0.8699835782800838,0.0,2.5552481832946783,-0.5667063252576319,-0.5628565816590372,0.0,1.2722677090658485,-1.0341391706908911,-0.7240229532988208,0.0,4.4700496986899365,-2.2158532158788242,-1.6357131096436848,0.0,3.727228717000173,-1.2134835439626885,-1.071564582729005,0.0,2.6770845732181834,-0.5101811964856999,-0.6615067270154107,0.0
0.0,0.0,0.0,0.0,0.38847556819833995,-0.24430746366512426,0.08600479146808991,0.0,0.9654442364415676,-0.7540812205599624,0.07327360134580241,0.0,1.5177294502029324,-1.0535260915770364,-0.05908593421326223,0.0,1.7408171040326352,-1.0901647693005083,-0.18686087937253146,0.0,0.6064531513891651,-2.654019879632033,0.1368591907637714,0.0,1.2016155991346915,-3.2206663068996817,-0.08306878206338787,0.0,1.9398193915570165,-3.3877905009918483,-0.30985998742602044,0.0,2.339358950175038,-3.064371119471334,-0.4439111681348043,0.0,0.4811450256002844,-2.5787981356242256,-0.11731402683723405,0.0,1.2189517746757486,-3.186981856586618,-0.2824330656667299,0.0,1.881467574140204,-3.142559758424455,-0.4618389119696953,0.0,2.244885691712033,-2.812023562066896,-0.5748510583512846,0.0,0.541236134654673,-2.5194514461389907,-0.3909704157712746,0.0,1.3844585752792575,-3.5530777008147996,-0.5180584417782863,0.0,2.0635453189822557,-3.412781479464219,-0.5776113219785833,0.0,2.3753074279675896,-2.952216308408273,-0.5929885972473836,0.0,0.7275204011216343,-2.1987771587045297,-0.6686327229131181,0.0,2.5175507420002137,-5.434810490018567,-1.297691275374276,0.0,2.8944554148326973,-4.70108648309158,-1.0526176740025306,0.0,2.773453083385886,-3.6713703552065637,-0.8276048820591808,0.0
0.0,0.0,0.0,0.0,0.3495891105138435,-0.3865192777912066,0.0788985766533285,0.0,1.6050174903595398,-1.3075352442921617,0.04051658440298703,0.0,6.035441378989026,-3.329784651789052,-0.3873821481855426,0.0,4.27999189754207,-1.6988445074271465,-0.500175956229631,0.0,1.0201181728343653,-1.745902415212777,-0.07206168758537548,0.0,2.814065682308713,-2.4185879311906695,-0.3901874630701526,0.0,3.3049703288289196,-1.8340448497985515,-0.5849953826645996,0.0,2.814864489719654,-1.0474002327073004,-0.5490246946372193,0.0,1.084625602133889,-1.793265330394303,-0.27250464738680935,0.0,3.463334945564743,-2.7433896768523414,-0.7440987812079414,0.0,3.3679974603890517,-1.6862622238570346,-0.7358484652514002,0.0,2.6804152135720933,-0.8360019415339804,-0.6034787585550491,0.0,1.240123562321463,-1.7048486896307906,-0.5514900871845748,0.0,5.561508769762122,-3.985048309162945,-1.664827966172237,0.0,3.8523998862918867,-1.7285362662386656,-0.9896344522254626,0.0,2.7515713193246936,-0.7580329633820617,-0.661023326020758,0.0,1.1779483948402776,-1.0606487068774901,-0.7497430517533419,0.0,4.870171763183807,-2.7803863641505813,-1.9704689080338424,0.0,4.4657974259593605,-1.7611302068355033,-1.418638118969795,0.0,3.070948337871021,-0.8101462267010462,-0.8459121541591608,0.0
0.0,0.0,0.0,0.0,0.38200826690611694,-0.26690718571799005,0.08670696237956332,0.0,0.9409538570307204,-0.7433631489833616,0.06804834207240153,0.0,1.4986129549045808,-1.0121454445976392,-0.0693285297794858,0.0,1.7726681098689547,-1.1091359948941641,-0.2061571232491619,0.0,0.5958126812330334,-2.5868252640191653,0.18303856558930007,0.0,1.358872608780484,-3.4682363836653805,-0.029651525973609694,0.0,2.06774799705994,-3.486540474662568,-0.2660567632841853,0.0,2.2641471465911516,-2.916001122987004,-0.3780105541668377,0.0,0.46884953222706943,-2.5468358770267527,-0.0730718224961561,0.0,1.2360711031965383,-3.222539924700497,-0.24607418939858317,0.0,1.8501077081967563,-3.1036954475431755,-0.4255395269569793,0.0,2.171058436812257,-2.7296822196502513,-0.5336397508491679,0.0,0.5082511796480755,-2.488526848452566,-0.34387224748227124,0.0,1.3546716591956345,-3.5332565008861696,-0.4829122031902741,0.0,2.01259687525459,-3.3687641674440316,-0.5490772993490324,0.0,2.313949406556191,-2.9019647416748917,-0.5675289515329562,0.0,0.6661972302113792,-2.1710643120277933,-0.6187601766054376,0.0,2.3575174191280914,-5.221131212925206,-1.2143083065031228,0.0,2.8504834898563156,-4.675521312311035,-1.0373827544040792,0.0,2.7772774355470107,-3.677276389121865,-0.8296268915031461,0.0
0.0,0.0,0.0,0.0,0.3489019361471813,-0.3334168769425514,0.06358205424621372,0.0,1.5727889263226418,-1.2132765577447808,-0.01906566517346942,0.0,4.825678922863778,-2.622715859521343,-0.4472970281964672,0.0,3.822564914718025,-1.5175611955977266,-0.5539900887194701,0.0,1.1444557048164201,-1.779843676947858,-0.19463126881398987,0.0,2.7687729862178934,-2.325133592805516,-0.6116971547828725,0.0,3.1399284481470957,-1.7384256537266467,-0.7903772005744815,0.0,2.733996230330329,-1.0139531709105374,-0.7236096504011191,0.0,1.1705150856532032,-1.8023852936059541,-0.4292435145532615,0.0,3.3529102989255404,-2.6545035501635152,-1.023555655327723,0.0,3.27609014883088,-1.6381042422987766,-0.9564467214163538,0.0,2.625101282147286,-0.8177148640308796,-0.7608211398087462,0.0,1.1909195362935778,-1.559511636810902,-0.7176622535838639,0.0,5.210747188947482,-3.774514054549722,-2.1693763714510426,0.0,3.7873298387920045,-1.6879800298043204,-1.3335650150574954,0.0,2.669415347367957,-0.7114771100450517,-0.8627256830242688,0.0,0.9356006850474404,-0.7684795231518612,-0.805611882139613,0.0,3.430705648852549,-1.912952322062215,-1.929957525155538,0.0,4.098315461180937,-1.592236331544904,-1.8420623878043738,0.0,3.018863895708055,-0.7892838752485919,-1.1871682438846274,0.0
0.0,0.0,0.0,0.0,0.3836845792814287,-0.24306656195618018,0.09897861661011154,0.0,0.9225938946708586,-0.6990540108847996,0.09309900452200606,0.0,1.4839725606163596,-0.9928809708504528,-0.034181745079646754,0.0,1.7475623986444382,-1.0713791735072922,-0.1671787777354124,0.0,0.5884401543764988,-2.5997958802157637,0.1937714337914956,0.0,1.3030256233386424,-3.3599237242772975,-0.005097850851743534,0.0,2.0440384822146926,-3.4663792852696687,-0.22363470942049019,0.0,2.335001779519729,-2.9786116943241607,-0.34145159443699863,0.0,0.46289324679084703,-2.551129463400658,-0.07191555278139579,0.0,1.2506866523928575,-3.2212845182707253,-0.22432178156060392,0.0,1.8764252503646255,-3.1148715492396213,-0.3880538752290854,0.0,2.207472786794386,-2.7361413142918245,-0.4893623142785945,0.0,0.5115402291750273,-2.489743243082981,-0.3507578006085337,0.0,1.3825211362257002,-3.534266241629922,-0.4661665723195609,0.0,2.060598527393158,-3.398693518826804,-0.5162610122253632,0.0,2.364371195022951,-2.917224860347278,-0.5268274570362075,0.0,0.6838147263386207,-2.167572574077761,-0.6336403192223362,0.0,2.3168155812837847,-5.065234758582261,-1.1473437993527142,0.0,2.7920927552547274,-4.559791609421482,-0.9486471831368665,0.0,2.7471442629838614,-3.6298380556819856,-0.7489297544434736,0.0
0.0,0.0,0.0,0.0,0.5138007293154102,-0.3472890385653211,0.11717435632148744,0.0,1.8606469569022202,-1.3906696273773498,0.14207944357020577,0.0,4.280556851914063,-2.805515300272251,-0.06935076209461866,0.0,3.641787809424356,-2.1001677460776844,-0.2767272504823299,0.0,1.0448609388947285,-1.9922779245422855,-0.04664789890646694,0.0,2.492552049470206,-2.627507381331322,-0.3530435608154607,0.0,3.0401845282271163,-2.1735899974563715,-0.5623639985429854,0.0,2.7282529906630355,-1.3981043652569043,-0.5541024894746405,0.0,0.9991956146071836,-2.0002269917169833,-0.2774803453021566,0.0,3.0450226647105145,-3.08963225248466,-0.7624497915518982,0.0,3.246501686760338,-2.15569496018295,-0.8106707634059405,0.0,2.6202752207592073,-1.1654666465295076,-0.6569389355657732,0.0,0.967437958534079,-1.7684329698094783,-0.5489177358094519,0.0,4.333896396783445,-4.174379900144595,-1.6579914622845817,0.0,3.737234266995111,-2.2873033150962354,-1.202730547904981,0.0,2.640978577563397,-1.0375239080885226,-0.7724431138824258,0.0,0.7615236785765631,-1.0058832800537325,-0.6769969657104186,0.0,3.055320023541814,-2.5481330970414477,-1.6635482458564292,0.0,4.125350122394697,-2.438774986668987,-1.7443165857808656,0.0,3.016274867511505,-1.258341616542828,-1.0966178454890219,0.0
0.0,0.0,0.0,0.0,0.3981932453528505,-0.2514983694362617,0.10334104964805693,0.0,0.9462398808220474,-0.7110972665896687,0.10845098641895307,0.0,1.5173226309709218,-1.0114144999943429,-0.009980661051951946,0.0,1.7954119636375119,-1.115522025209837,-0.1368658189941438,0.0,0.6441326071207902,-2.608484166056161,0.2631366414717596,0.0,1.3685968866690792,-3.4535927364823906,0.06666863855356489,0.0,2.112930103986841,-3.52163950359355,-0.15613955731891105,0.0,2.352017241948215,-2.9596109688370125,-0.27673368317346786,0.0,0.5042164321030909,-2.572376570647679,-0.009824080949071902,0.0,1.2427118297154318,-3.227266107115997,-0.1690161420238793,0.0,1.8894573065500375,-3.1438407488628166,-0.3399558807636854,0.0,2.231307598418699,-2.7697900596459797,-0.44560712493956034,0.0,0.5295342651773878,-2.5004628211573547,-0.290408521491682,0.0,1.3210623669191512,-3.4575005872786555,-0.3969829838878053,0.0,2.0221806825412636,-3.3876855590111132,-0.45986390178051756,0.0,2.3809168288091724,-2.973964470682641,-0.48553480268830285,0.0,0.6879246572845352,-2.2138904588080233,-0.5780171235347058,0.0,2.2139090034666027,-4.917160911267816,-1.013691826470601,0.0,2.7531313182509485,-4.518823793067959,-0.8637194779308045,0.0,2.762998928213514,-3.654260994031231,-0.6973128800482269,0.0
0.0,0.0,0.0,0.0,0.47883435458533874,-0.31592112785065557,0.0728564362697741,0.0,1.5056949410056077,-1.203754055597469,0.0011385942483995177,0.0,3.128101609240765,-2.386077282118208,-0.3000369197029988,0.0,3.121570865425515,-2.1839140982904794,-0.5161847081362144,0.0,0.913200816231689,-2.200781788524292,-0.23197868674524033,0.0,2.178227541240641,-2.9417709051412033,-0.6909210308845374,0.0,2.7075549815529514,-2.490328538347268,-0.9245520180180413,0.0,2.459924182760917,-1.6273042550857775,-0.843130590713046,0.0,0.7245220381803098,-2.0778601445495686,-0.4610611979664999,0.0,2.3877979640180373,-3.2091425825259714,-1.108868721240688,0.0,2.7641705048372125,-2.3919887976298795,-1.1543437611590222,0.0,2.371687135689245,-1.3830148668301334,-0.9288364265657898,0.0,0.6076345377901412,-1.7307680109475916,-0.6964169464393877,0.0,2.8239573549244112,-3.845959301192686,-1.8165818340792823,0.0,3.1325796909024377,-2.679027595500185,-1.5563108600623352,0.0,2.447678309752542,-1.3914053134822177,-1.0428085950608659,0.0,0.4775111200294342,-1.0231199976238585,-0.786264609125843,0.0,2.2420951223105656,-2.8865826997715405,-1.9636519532971124,0.0,3.800265456181052,-3.437474749412517,-2.4479216838539033,0.0,2.9568474511893608,-1.912778871077697,-1.580151695718026,0.0
0.0,0.0,0.0,0.0,0.40975617048718344,-0.24418068977803353,0.11384179282445046,0.0,0.9727637198681992,-0.6838560664169159,0.1367131784810845,0.0,1.514777340214026,-0.9246002671574738,0.031972063093900084,0.0,1.759264244787375,-0.9730121640243894,-0.08538487672622021,0.0,0.7926308793783899,-2.6544060476140796,0.36178260251500743,0.0,1.6034703362718805,-3.648949134470328,0.18939355851531278,0.0,2.350544447480301,-3.63396167116341,-0.045541851299914185,0.0,2.4641724716570432,-2.9046364777370335,-0.17752556925746948,0.0,0.6510071804318441,-2.675890478582429,0.07026109805856776,0.0,1.3613862457224317,-3.2825708065032213,-0.08125470749738051,0.0,1.9662118957973198,-3.1357326551590052,-0.24756325748397404,0.0,2.2796069674416626,-2.7423519252729798,-0.35189076978635303,0.0,0.6545331067390431,-2.608920689367807,-0.22916493863443405,0.0,1.3687762472742555,-3.380789210202901,-0.3139860687291236,0.0,2.0304973998752915,-3.2966064827673853,-0.3762342010376968,0.0,2.4007805906095103,-2.9348740842492242,-0.41073903014717505,0.0,0.7861944287886415,-2.332365361856862,-0.5341334237410925,0.0,2.1450751233682275,-4.5665931083437,-0.8492491934669736,0.0,2.711537538904753,-4.299004562136382,-0.7492602873920056,0.0,2.802212417710924,-3.577737032674067,-0.6268820853578844,0.0
0.0,0.0,0.0,0.0,0.405132152645162,-0.1535052317852339,0.040332975653057594,0.0,1.032284674805891,-0.6413632739814207,-0.06415108105093488,0.0,1.952853627593971,-1.2076064806701268,-0.32376069318542033,0.0,2.6363752196235715,-1.702037197440084,-0.6396788831465303,0.0,0.7184562133476591,-2.239435608673611,-0.32810447152533573,0.0,1.7099929631898008,-2.997597347891051,-0.7886388521239899,0.0,2.294381622664684,-2.6724983839449954,-1.035681367243258,0.0,2.2536144200342894,-1.8720309953839807,-0.9689422195130408,0.0,0.5343088914250623,-2.0947516979963434,-0.5338222669218186,0.0,1.719279521593518,-2.99237196858222,-1.028968987201827,0.0,2.2598680392168475,-2.473343640959489,-1.1356827054010825,0.0,2.1913695960822075,-1.6401058507350472,-1.0041580492395499,0.0,0.45919781074977617,-1.8058827831561337,-0.7544370412916586,0.0,1.880312890299042,-3.416379654724695,-1.511373145138857,0.0,2.5263252973175274,-2.81871508562963,-1.466467253975268,0.0,2.3185856923001427,-1.76523259857628,-1.1299121541582058,0.0,0.44405021562784824,-1.2270985695634358,-0.8842615630158766,0.0,2.1356008255628405,-3.5696019385589546,-2.191487160992961,0.0,3.306183615071647,-3.896347574741887,-2.4382467362539884,0.0,2.87112655628089,-2.4730563456650985,-1.7449236511879833,0.0
0.0,0.0,0.0,0.0,0.4136594463120944,-0.25069450132906107,0.094912194366884,0.0,0.9878426594893054,-0.6997424686297046,0.10720352143709277,0.0,1.5429577426901575,-0.9643505014593436,0.0022659913539025754,0.0,1.7890545655984091,-1.018853024529202,-0.10150361861381345,0.0,0.7419838475859232,-2.6196976155726737,0.361816375157154,0.0,1.6158301321079902,-3.6985165700263343,0.21137464606232167,0.0,2.372086363505316,-3.67830476483093,-0.017226544055045895,0.0,2.437762913428216,-2.8831934789574407,-0.14938771561271652,0.0,0.5868462967129925,-2.6096892043840123,0.09587187662201979,0.0,1.3279753508349124,-3.264875029888793,-0.05361585108619654,0.0,1.9746780243480118,-3.1687272670193223,-0.2238934151440097,0.0,2.2665092148853723,-2.7254901468779105,-0.3226316178304989,0.0,0.5995923189073419,-2.5733533564843136,-0.1760914340541857,0.0,1.3369634779525232,-3.375149803835023,-0.2697079756492245,0.0,2.0641890993228063,-3.3710677559458633,-0.34605061307691826,0.0,2.4290332919529276,-2.956273357783895,-0.37925016364546427,0.0,0.7690409866032575,-2.3873317898865865,-0.4745765797731632,0.0,2.2220385076340623,-4.753481887123589,-0.775209812023985,0.0,2.8363592018468884,-4.496002229367868,-0.6858760105407322,0.0,2.9020743222127665,-3.6975462266535373,-0.564814347742278,0.0
0.0,0.0,0.0,0.0,0.3442245443602625,-0.090711239445392,0.009642035427646873,0.0,0.8035011355347657,-0.3865425715452898,-0.10736918978448039,0.0,1.2391822529804548,-0.44833076559581153,-0.2936826655347739,0.0,1.459025519609892,-0.45419409040961745,-0.44449786143735776,0.0,0.5587566891139552,-2.109519136982796,-0.19935487735020788,0.0,1.1953386270860893,-2.884762827834473,-0.5548985156644141,0.0,1.782572571044276,-2.6898013884673166,-0.7914596525835208,0.0,1.9600647809843406,-2.099472838927497,-0.8162133731438982,0.0,0.39271687536454214,-2.0079346141759373,-0.3972522662652229,0.0,1.1759610965968716,-2.8227459498380028,-0.7271105576210563,0.0,1.7928100292325253,-2.5232014011426265,-0.903401867591188,0.0,1.956846974240607,-1.9162399051229715,-0.8997290413397986,0.0,0.35132217529655885,-1.8554627990928518,-0.6155324510620792,0.0,1.320903962252547,-3.191080029067482,-1.0299674712182074,0.0,1.9846696467572125,-2.842477068301753,-1.0804523492838163,0.0,2.099657456026794,-2.1330196278499463,-0.9636732553566496,0.0,0.4317477398125667,-1.5609918051274623,-0.8406085116562082,0.0,1.8136688862808228,-3.9984329527915556,-1.7412570030899799,0.0,2.674911491228728,-3.97798953266679,-1.7553644605260659,0.0,2.6958955148938095,-2.9960659472523257,-1.4479577728302013,0.0
0.0,0.0,0.0,0.0,0.41965101376191766,-0.2470912372468609,0.11040104342520546,0.0,1.0116211503889683,-0.6872576861795157,0.13679618668358787,0.0,1.5485445640512407,-0.9170790750770211,0.036758317243149534,0.0,1.7708850993605743,-0.933979018291987,-0.07068481931665259,0.0,0.9077507666859241,-2.752630929361916,0.39811018575599255,0.0,1.6331606452037166,-3.531849156838453,0.22161772488864495,0.0,2.3473811411605556,-3.5275609537828414,0.013176094183665062,0.0,2.5205371124747886,-2.9009396530753695,-0.1181000751912435,0.0,0.7269723583122799,-2.731151087226826,0.0993052488494809,0.0,1.4150543287970851,-3.2467066190788243,-0.04854181080007832,0.0,2.031537733573282,-3.1308641455820965,-0.2118151005200391,0.0,2.3606060263542057,-2.7490302010110987,-0.31507789477068116,0.0,0.6926048358632001,-2.6222194678815045,-0.1985380283785719,0.0,1.4395424024495957,-3.384390854985031,-0.2848026049820219,0.0,2.1565012126534424,-3.355923928405687,-0.3563635025697402,0.0,2.5056756989761264,-2.930845522466505,-0.3870597807647167,0.0,0.7984124476488667,-2.351186157409912,-0.5000874864687282,0.0,2.177121443003933,-4.498592062604901,-0.7932715902293527,0.0,2.928246258600014,-4.490832838495789,-0.7501708820616798,0.0,3.0414293338999965,-3.732386400787086,-0.6304747220409609,0.0
0.0,0.0,0.0,0.0,0.3460009510139866,-0.0318600099129556,0.021614039672169363,0.0,0.855593500148025,-0.2672493817355388,-0.06064415248880193,0.0,1.269903435590878,-0.3166210798463434,-0.2032774848719019,0.0,1.498319076352295,-0.37009921867386664,-0.31894292199736585,0.0,0.8196581203132499,-2.2236846847498173,-0.024242566485972342,0.0,1.4430319760170685,-3.0423673151690513,-0.31846588661400504,0.0,1.987226523062693,-2.816075680760051,-0.5233963326900029,0.0,2.1238192064947783,-2.242051611087796,-0.5659137263403429,0.0,0.6196751985602237,-2.160262185723336,-0.2337295180468342,0.0,1.2611352720554112,-2.8070851589028227,-0.4646082637260266,0.0,1.8848761915744887,-2.597670565768714,-0.6378725853730484,0.0,2.126514309515878,-2.0998673862549944,-0.6898131236378392,0.0,0.5427955158952539,-2.017728348519073,-0.4475046463941903,0.0,1.3880324540383755,-3.0693775829688854,-0.6923385168712609,0.0,2.1032152266515323,-2.888582750132795,-0.7782060145808776,0.0,2.3127218378750984,-2.298225315639191,-0.7354610454648814,0.0,0.6156622930731216,-1.773618613650037,-0.681780400658905,0.0,1.9581029113659671,-3.904245488069015,-1.277375091735412,0.0,2.7076368765610406,-3.818586833214905,-1.25551475540947,0.0,2.8289419491392755,-3.0778460242444012,-1.0782513057426755,0.0
0.0,0.0,0.0,0.0,0.4367129896917484,-0.261164493546357,0.12824188988838464,0.0,1.0337586739476856,-0.7019286168887371,0.17181238906468482,0.0,1.546899407246599,-0.907429121247575,0.07980408749578877,0.0,1.769982272517108,-0.9303058469870867,-0.0259682065321642,0.0,0.888342892191803,-2.696701632198455,0.4572572529707101,0.0,1.6720246519566737,-3.5521145985200846,0.3131512224303369,0.0,2.4119328709188728,-3.565178421865213,0.11239278297008637,0.0,2.515130249298731,-2.8555196244485286,-0.03370812491068648,0.0,0.709660664716311,-2.705333798461882,0.13983128121527733,0.0,1.418190949505401,-3.2301538357313673,-0.004869295293838954,0.0,2.0628431063728945,-3.142372835570749,-0.17253484238090072,0.0,2.364615043661351,-2.7181949117271116,-0.2780355926110947,0.0,0.6648439654281283,-2.58015815096951,-0.1761221599321133,0.0,1.3851403738107866,-3.301251089914102,-0.2537274133799994,0.0,2.14048290125938,-3.346780401084806,-0.33307401871908426,0.0,2.5061817221148095,-2.934783846860412,-0.3719670335189198,0.0,0.7535935442871872,-2.2712233042506775,-0.4852308071114572,0.0,2.0486743752685,-4.281068093183784,-0.7432107665986983,0.0,2.828731923470299,-4.380201191741961,-0.7177399349596866,0.0,3.009622217977855,-3.735016339018689,-0.6230149018047646,0.0
0.0,0.0,0.0,0.0,0.4372987768905082,-0.25399035447882284,0.14456533307175573,0.0,1.0277259668478191,-0.6429388316229647,0.20072757480128497,0.0,1.5017072274810004,-0.808046674949704,0.1178086876796463,0.0,1.7395206221012938,-0.8605561181390291,0.01757364760006742,0.0,1.0151649176745279,-2.7656535188477642,0.5763002287858362,0.0,1.7872238204779687,-3.6018668134882557,0.46617353726892485,0.0,2.4445883217346336,-3.5147647956749193,0.28253459428959404,0.0,2.5162771500335994,-2.812192499400458,0.12730163823368926,0.0,0.805424221609726,-2.7945493860962176,0.22683484794079353,0.0,1.4389513116003536,-3.218989854030381,0.09495286600207924,0.0,2.076303004613692,-3.153659119873073,-0.058945237176730274,0.0,2.432772696160104,-2.7876019871996434,-0.16502322084181614,0.0,0.7042616368343533,-2.6084402664128525,-0.11262158576529943,0.0,1.3371183847532373,-3.2060648161605654,-0.1668467622197808,0.0,2.0940042340215586,-3.305036510890588,-0.23975060681030166,0.0,2.5281919486676556,-2.975955859270754,-0.28765756840240364,0.0,0.75220140477404,-2.294193781160728,-0.42627943377864613,0.0,1.8349243470517862,-3.9334873116064637,-0.5937587515027792,0.0,2.647939486923686,-4.154407028911388,-0.5958753966425296,0.0,2.956450896993981,-3.6632398364954457,-0.5391847962134679,0.0
0.0,0.0,0.0,0.0,0.4309180198148532,-0.23147793754999546,0.12134540018068864,0.0,1.0178787912459586,-0.6115684913753686,0.16447161132646967,0.0,1.5080200104527302,-0.8004350391363179,0.08435510840721153,0.0,1.7756975949503984,-0.894886497858805,-0.011161669970647489,0.0,1.1568977616940155,-2.796312769254741,0.5796200221002492,0.0,2.2011252685035134,-4.101961412915121,0.5142859731383435,0.0,2.6932049417406594,-3.6759443664031446,0.2548446602815552,0.0,2.5300254512236293,-2.721356660306767,0.08064646490752794,0.0,0.9156788692140038,-2.8733173062000703,0.23876247416686827,0.0,1.4848019233403178,-3.2669942560666954,0.08227531611574992,0.0,2.0152553436053924,-3.079679981116217,-0.07899118552696568,0.0,2.3355850648769705,-2.692037034987695,-0.17801480802835187,0.0,0.7331740133516526,-2.6207100843953266,-0.09220291771091699,0.0,1.272878024960375,-3.1118134975315295,-0.16795244314291385,0.0,1.9573305900726703,-3.1725343115119418,-0.2520007282426319,0.0,2.40613761172651,-2.895292636615307,-0.30372803601635484,0.0,0.6953499125002678,-2.2650775412974733,-0.37563207567617035,0.0,1.7225451944130161,-3.8236023723884434,-0.5530534458324053,0.0,2.488758193520161,-4.047366993869494,-0.570795875471202,0.0,2.9065874233375304,-3.7185541123506534,-0.5417940911641232,0.0
0.0,0.0,0.0,0.0,0.44264379066911363,-0.22485508854909447,0.14030757479071962,0.0,1.0323488748068756,-0.6051715238903886,0.2049184815095124,0.0,1.506286202611701,-0.7771437798926959,0.14002606837204476,0.0,1.7475496827799597,-0.8507162721504757,0.0550817025305056,0.0,1.020429340776976,-2.6897637755003725,0.5884251575889682,0.0,1.9461740896327668,-3.816979983388776,0.5250115969549306,0.0,2.5804339313391433,-3.618103658526497,0.30462584300057055,0.0,2.526626889977723,-2.743472319359399,0.12915755052199215,0.0,0.8086358348294176,-2.738750483807679,0.25125813241035677,0.0,1.4721499888058265,-3.2383522887702627,0.10965497380372649,0.0,2.0175913108529735,-3.0430366030609783,-0.05911813873732257,0.0,2.3087035475029767,-2.6303750983152936,-0.16084007541053383,0.0,0.6849002036309138,-2.5475910107392354,-0.07391042433676917,0.0,1.320921183447469,-3.15619184271087,-0.14804070344950684,0.0,2.0205563135406868,-3.1768696961940175,-0.23702565107789744,0.0,2.419537642306525,-2.8386748807243896,-0.2901996327056632,0.0,0.698888268309753,-2.232102127467778,-0.3640637176892344,0.0,1.8156016724439934,-3.9081207452184876,-0.5424386379863829,0.0,2.634067820563887,-4.136554143085988,-0.5588423289584846,0.0,2.971149867583672,-3.6844858689675344,-0.5142105153789709,0.0
0.0,0.0,0.0,0.0,0.4377495834805678,-0.24833971012917735,0.11919882940140801,0.0,1.0381037084002338,-0.649404024762958,0.15938423237269292,0.0,1.5150609617859356,-0.8291379409433249,0.07295347146535773,0.0,1.7216166807965656,-0.8569860901010972,-0.024744178025691736,0.0,1.2222084851295083,-2.8542829371361274,0.5924533773174762,0.0,2.171519314852561,-4.143550721922847,0.4799424561740664,0.0,2.6598161360853756,-3.7579906018634426,0.20139281711180765,0.0,2.530126538032073,-2.8109310654532,0.029577754632087606,0.0,0.9963661618104726,-2.998882655527965,0.24737914908959108,0.0,1.4777938124108128,-3.3504541707625806,0.045255023420192865,0.0,1.957030512646372,-3.120605924379731,-0.13381095314213404,0.0,2.280290149543213,-2.741147524511664,-0.23395071085151883,0.0,0.7586470555227673,-2.7056214268765637,-0.10626960881528998,0.0,1.2464012397251212,-3.1606008862235107,-0.20902460424955185,0.0,1.8789561195627984,-3.169772000313054,-0.30444711669998537,0.0,2.3101777593938646,-2.8834556154530677,-0.3544534709334471,0.0,0.6443140324287733,-2.2877658344911604,-0.38876040785128857,0.0,1.618968079584011,-3.8090429336776817,-0.6014347343567227,0.0,2.3746425375503497,-4.0590894502492825,-0.6418229357829232,0.0,2.758901799517885,-3.705021552462153,-0.6062242953660414,0.0
0.0,0.0,0.0,0.0,0.4228359126607066,-0.21335695502931873,0.10268867991729216,0.0,0.9958403451920748,-0.571754673394365,0.14103515114403778,0.0,1.4666867673993451,-0.740128127469522,0.06709492575534058,0.0,1.6909608477527482,-0.7991521434598805,-0.014922011546152308,0.0,1.1252018565604018,-2.7701022827779287,0.6312082853339808,0.0,2.0791308025422888,-4.0332769799559,0.5725190118494958,0.0,2.618688785887834,-3.7118942200991825,0.3092776320688799,0.0,2.4894480827873506,-2.782134331117716,0.11845625691065509,0.0,0.8956921092314106,-2.873010421999747,0.31381175413826917,0.0,1.4234981242025262,-3.2859984090221994,0.13281250465911487,0.0,1.9573327850062463,-3.112953984568596,-0.050354855140779475,0.0,2.2703329185302614,-2.7153018743513813,-0.15585772891333363,0.0,0.7172934303430184,-2.6649319511935454,-0.014526788755848747,0.0,1.2352126820250988,-3.142040877137896,-0.12500416228145136,0.0,1.9107252141025273,-3.162495587738431,-0.23707159152688304,0.0,2.3290545767445137,-2.8289563597695846,-0.2969533433459376,0.0,0.6700117400956396,-2.354439514826598,-0.3023981664305781,0.0,1.6148156675618413,-3.783732112680807,-0.47023968080948714,0.0,2.402513231145707,-4.019991904012078,-0.5198753422261903,0.0,2.8203740186400776,-3.6478868147343753,-0.5055187379450391,0.0
0.0,0.0,0.0,0.0,0.4057368508453815,-0.20431129948246007,0.08318037699053916,0.0,0.9568857326122266,-0.5535668921849233,0.10302053818857002,0.0,1.4220049176895813,-0.722389479899306,0.020188513037272558,0.0,1.633923008879413,-0.7699965983007968,-0.06572689292755685,0.0,1.3728491997926717,-3.013860875213467,0.6407043645412339,0.0,2.1456573824261995,-4.176468919905825,0.5046604371568629,0.0,2.4976952000608588,-3.7100342741803516,0.2127030057564281,0.0,2.3750277041965724,-2.847911835599584,0.03785600816406729,0.0,1.11927239556642,-3.2097094424091166,0.3171288965624147,0.0,1.4362524204495433,-3.3646111963943817,0.08854714223560264,0.0,1.8730760043711976,-3.1343874601978845,-0.10445329467693701,0.0,2.1945609398147172,-2.7934369745413874,-0.2134861041842897,0.0,0.7944129549607982,-2.8426655999694215,-0.03593190282764907,0.0,1.1903063427513332,-3.1710442035373902,-0.15898288945787195,0.0,1.8093456287487948,-3.2022430274543345,-0.2766294216307555,0.0,2.2703136123799363,-2.961647186261084,-0.34201002593950447,0.0,0.5957991602323749,-2.3558897665651917,-0.30551262887686037,0.0,1.4969753207716558,-3.7893533647174555,-0.5012293763615917,0.0,2.2758487028218517,-4.102567208662285,-0.5746188420883395,0.0,2.738839878720662,-3.821437214218781,-0.5719439277241477,0.0
0.0,0.0,0.0,0.0,0.4043997518011033,-0.17480482568214922,0.07312541220270366,0.0,0.9542002210600619,-0.5111540356382763,0.08483668176224902,0.0,1.4180231416685678,-0.6807499257087956,0.0012040139668189464,0.0,1.654598069631504,-0.7634004515812198,-0.08355374338653633,0.0,1.3243913480390848,-2.9115516578349547,0.5931737619911267,0.0,2.204731690640995,-4.206301328216814,0.4753822691953423,0.0,2.5469081409909937,-3.672947465584199,0.1837054436069212,0.0,2.3945203929225443,-2.787381221071134,0.018106869211451795,0.0,1.074719388158612,-3.0909494768419434,0.28461746658874865,0.0,1.409253513865917,-3.2731405598182595,0.061545347670257156,0.0,1.883915813836142,-3.0697951845753857,-0.12885606222668575,0.0,2.2416383045621777,-2.759742542772858,-0.2387366157898068,0.0,0.7783197862692863,-2.762122376441549,-0.045789378303814805,0.0,1.1518417037096302,-3.074073753236146,-0.16584520614674592,0.0,1.8153877262982498,-3.1374575247752525,-0.28834309426813703,0.0,2.292517653154216,-2.894444791065165,-0.35541201783003523,0.0,0.6089900458006098,-2.321331571057733,-0.30611237427024796,0.0,1.4572389623713964,-3.6733728354924313,-0.4951673206278221,0.0,2.2746669026134025,-4.0206997633665775,-0.5816192604691801,0.0,2.7951693629130934,-3.7917368411158545,-0.5916821166293396,0.0
0.0,0.0,0.0,0.0,0.41056307972955525,-0.18813853908674483,0.058671097450685286,0.0,0.9776894729170938,-0.5323016732471765,0.06325939880724676,0.0,1.4796161909237444,-0.734300002503539,-0.021037322448119792,0.0,1.7252665092322725,-0.8283456622685791,-0.10169288127275296,0.0,1.3811464754591043,-2.818512544045242,0.5736135286249329,0.0,3.12517760212068,-5.1640996339497045,0.5874833906637011,0.0,3.0587423490599104,-3.8450114961505784,0.16902896986847354,0.0,2.530667573437611,-2.574762930677327,-0.011453914831531567,0.0,1.1437050295877127,-3.113417722125846,0.2914193798622753,0.0,1.4472498961248794,-3.2970390910640175,0.05352043547796872,0.0,1.8645893832782894,-3.0515967583236323,-0.12623887046210971,0.0,2.2117781526733595,-2.7509894067092655,-0.22422801149291371,0.0,0.7850312219029957,-2.752180534820594,-0.03114631539454997,0.0,1.0845356725859412,-2.9534862002362843,-0.17002788329912547,0.0,1.7057061391228594,-3.0593037215619368,-0.29155417849224063,0.0,2.257427932445406,-2.945074799795435,-0.36419526020284915,0.0,0.5824749194165019,-2.333946444829235,-0.2773079050215951,0.0,1.2914240450046053,-3.4163919858426133,-0.456044832156372,0.0,2.011846045551446,-3.729477467766966,-0.5402799111265096,0.0,2.5867226692869534,-3.653078663941003,-0.5678769984918133,0.0
0.0,0.0,0.0,0.0,0.4259215717495052,-0.20182655468605026,0.08614750680653639,0.0,0.9967068773993601,-0.5616276638951611,0.11244202181817298,0.0,1.4717913686870878,-0.7298166460149818,0.035697216714550103,0.0,1.6832352533620332,-0.7871058978684311,-0.0464292135727209,0.0,1.1618317550756014,-2.6875588502106207,0.5889543097246855,0.0,2.5420739433801955,-4.6030321987817615,0.5984714860013838,0.0,2.711058340956073,-3.7185052336446027,0.2411665418040835,0.0,2.386669615071096,-2.6825192035899623,0.05638159186162346,0.0,0.9402598772038415,-2.8991309156234135,0.2877279872874215,0.0,1.448986142363255,-3.3528452257429002,0.07718884972504964,0.0,1.9161908903962277,-3.0996001402828512,-0.11046681589408561,0.0,2.2294404867590685,-2.738035943290827,-0.20733224879826956,0.0,0.7014657117277382,-2.6457920046875016,-0.038157293085230644,0.0,1.1294457830972184,-3.0577068688825695,-0.17092630845583445,0.0,1.801138601023353,-3.1489724175454423,-0.28720436505385666,0.0,2.2733940502823784,-2.9113120392237377,-0.34072194905879516,0.0,0.5877325374914794,-2.283419199576773,-0.3060180929784836,0.0,1.3644776549597284,-3.521536797156527,-0.49332193217803205,0.0,2.1270947713263095,-3.8239234460806655,-0.5697816787219531,0.0,2.5939419745897396,-3.5745025678716624,-0.5621720960155844,0.0
0.0,0.0,0.0,0.0,0.4046698489366343,-0.18436497206463265,0.07151822520638863,0.0,0.9431736774961091,-0.510414600577109,0.08193191405073981,0.0,1.4112382970813033,-0.6964560218329842,-0.0010829723875064748,0.0,1.6898261538775594,-0.8319507843864182,-0.08784652116432466,0.0,1.3215108922885457,-2.860665020208627,0.6170355192656217,0.0,2.491809910415305,-4.544435412905855,0.5722630182934451,0.0,2.693502530078573,-3.7243440906083496,0.22751990141142195,0.0,2.418544072145736,-2.7074832923934586,0.045690245975408876,0.0,1.0951728482077758,-3.135134476046361,0.31762644491706465,0.0,1.422916014327374,-3.325434052475638,0.09056147062132615,0.0,1.8602502231139872,-3.0762321680402116,-0.10097741711300641,0.0,2.204994300888867,-2.7663336207694114,-0.20935552458385134,0.0,0.7685564734521745,-2.792914880912742,-0.02227494453822751,0.0,1.1033166844063904,-3.0476375477098006,-0.14793650186990132,0.0,1.7419725879780836,-3.1131041323037807,-0.2721254541526899,0.0,2.229593636824245,-2.9153463080255944,-0.34474590354049756,0.0,0.5748002357702633,-2.34555022135599,-0.2829687505840366,0.0,1.3069494625559708,-3.505097621780187,-0.4525959418898824,0.0,2.0708946049318846,-3.860997081942761,-0.5408883559399943,0.0,2.666074142219153,-3.7971462200572814,-0.57645843242537,0.0
0.0,0.0,0.0,0.0,0.41178840537157163,-0.17662582751877612,0.0860139133945557,0.0,0.9611751496805794,-0.527090631016767,0.11956726531434611,0.0,1.4533363752123243,-0.7271151859905177,0.05370015771329896,0.0,1.7113725462101448,-0.8402490794530092,-0.023547423372418354,0.0,1.2500893753619353,-2.744629792438629,0.658709922014577,0.0,2.526684867037085,-4.5617795770502125,0.6932880211456144,0.0,2.682785536465055,-3.694752673901808,0.33209042197613,0.0,2.3841519451571425,-2.6966794598235966,0.13094453556557642,0.0,1.0372909369783458,-3.027321812142263,0.35706212081518707,0.0,1.433723439464298,-3.3544108138640802,0.142650264443583,0.0,1.8694224955315242,-3.0897506764643206,-0.04747305361822774,0.0,2.202381567345927,-2.7712744786148624,-0.14830006568465873,0.0,0.7422780836456265,-2.720022080862594,0.01056851741609489,0.0,1.1036481769851112,-3.044416018046165,-0.11665438804063907,0.0,1.7538072707258816,-3.1327109066367087,-0.2308280742833115,0.0,2.2473449356110664,-2.942000484308065,-0.2912670834585863,0.0,0.5832512512408725,-2.308911078439879,-0.2596301976975677,0.0,1.3266025728187645,-3.4907534980018555,-0.426157075016047,0.0,2.0602704427897476,-3.7797889699225706,-0.49625227734223415,0.0,2.5690625215529725,-3.6127375387393466,-0.5028853860588894,0.0
0.0,0.0,0.0,0.0,0.4133855392416964,-0.18738768813417908,0.08925680214800662,0.0,0.9620033084816338,-0.538771192190509,0.12337714849122063,0.0,1.4369851671367564,-0.7332614034566857,0.055559930879806756,0.0,1.666243434586066,-0.8168136452536454,-0.022651329270367483,0.0,1.293910950181835,-2.8787283372657337,0.6829667878713304,0.0,2.144905279805421,-4.199182298775315,0.6056745295345807,0.0,2.4320200216976002,-3.6517807123808184,0.2989566635586072,0.0,2.299340360654816,-2.8202113962258433,0.1118322362589656,0.0,1.0810813644652426,-3.163724922167028,0.3681203480820459,0.0,1.394078958556546,-3.349629533960595,0.13177805117752342,0.0,1.8453878406070563,-3.124269954517156,-0.06821101373424504,0.0,2.1912553660072556,-2.8094095131433097,-0.18107647040711095,0.0,0.7703912293712797,-2.824446748742839,0.002265475877290284,0.0,1.1244523224396907,-3.1330266571073975,-0.12906376307685025,0.0,1.7705752812351647,-3.1938135938342374,-0.25284194779487956,0.0,2.23618453875488,-2.9506573106228395,-0.32007996984386566,0.0,0.5790174239490636,-2.3351191513970044,-0.27736287698018625,0.0,1.3677937352903429,-3.644958193575616,-0.4630832975257832,0.0,2.149839442232538,-4.002865658680415,-0.5510886095089784,0.0,2.6591941585600893,-3.8000292560533913,-0.5647106488597471,0.0
0.0,0.0,0.0,0.0,0.39762910886730857,-0.16215623575703514,0.06114955683412395,0.0,0.927615868422209,-0.49003461742197746,0.06767061706766733,0.0,1.4112257341831922,-0.6987518390362446,-0.012571459350737798,0.0,1.6921357067156053,-0.8460851458109135,-0.09543660232489096,0.0,1.2810769073136494,-2.8687288360834575,0.6116755562473374,0.0,2.4449848557351537,-4.574134942758541,0.5807810436705767,0.0,2.594985234010831,-3.7056811412846185,0.23594448337112375,0.0,2.341992894894227,-2.746916422938788,0.05790874036368103,0.0,1.0216640719201722,-3.071686332249129,0.32145568325807095,0.0,1.3921356109744483,-3.3432251038674967,0.10266334587720242,0.0,1.834730243059852,-3.0938676625649637,-0.08769755759396879,0.0,2.175325171860087,-2.7885257302073936,-0.19164133377447728,0.0,0.7168657945656103,-2.7410496031934937,0.0011709160177603498,0.0,1.0749730949013863,-3.051448494395003,-0.1311108480483755,0.0,1.7209924974165447,-3.142548221099915,-0.24762191714001133,0.0,2.223388620053759,-2.9723216931970877,-0.31205749463499355,0.0,0.5537259758804786,-2.3213863874079212,-0.2518959275021773,0.0,1.3510563617132192,-3.627203765465825,-0.44537161162347577,0.0,2.1153837930425676,-3.9383459303545028,-0.5253462210424003,0.0,2.6205090586692363,-3.737029594820994,-0.5314859681239589,0.0
0.0,0.0,0.0,0.0,0.4051963460805664,-0.156855132795798,0.07510598921430042,0.0,0.9317558239042771,-0.4804717219901728,0.0983815321832343,0.0,1.4285369451382968,-0.7076070391294429,0.028697158953487654,0.0,1.7327189455077352,-0.8863765189963416,-0.05105474559027079,0.0,1.3113955701611602,-2.836234589653872,0.691550641323159,0.0,2.3887760911361386,-4.421941049866429,0.6844216170573619,0.0,2.6166036023198775,-3.6843852515717743,0.33767815297643816,0.0,2.3859675314783737,-2.737256388252538,0.13460591319326723,0.0,1.0723945003156616,-3.1029992767898182,0.39203260928885136,0.0,1.3979644770375095,-3.3103650696148903,0.16673844940134908,0.0,1.8386793606908836,-3.0763777571862456,-0.03223714548082956,0.0,2.184554100423998,-2.7810137170424634,-0.14431797141017347,0.0,0.7528959530888307,-2.7758836639777495,0.04369315026561597,0.0,1.0986136998286586,-3.054119447847614,-0.08632680929902285,0.0,1.7402499432922458,-3.127038454297348,-0.21029460175648804,0.0,2.233785243989783,-2.941580217076057,-0.2850726826648738,0.0,0.5737038323551741,-2.3426922439206166,-0.22707911549042328,0.0,1.362594734622236,-3.595350455580191,-0.40102274548455913,0.0,2.1224937980858174,-3.903078450663392,-0.4872966119195966,0.0,2.6447411092496806,-3.7198916274266565,-0.5109915037543115,0.0
0.0,0.0,0.0,0.0,0.4090741827777699,-0.15782184513385508,0.07982584903284927,0.0,0.9468772969621457,-0.4884631615035651,0.10416021242440178,0.0,1.4440384344107144,-0.7111972063641546,0.031101844411036358,0.0,1.7277781751808408,-0.8724873395326479,-0.0506368283038792,0.0,1.2937552562350827,-2.845933176638866,0.6946446445001841,0.0,2.1644059994564904,-4.181638008193267,0.6470374604554755,0.0,2.437728696543525,-3.6052407584807926,0.3455147624850216,0.0,2.3217579168758715,-2.8075208679234445,0.15986489564136167,0.0,1.0404439589944046,-3.0682874755596603,0.38093325839922904,0.0,1.3921580470954857,-3.3063475490278744,0.17108520778845626,0.0,1.8554360968918928,-3.0998441275321995,-0.016178641448069856,0.0,2.206105546666301,-2.8071718708347513,-0.12181238872932983,0.0,0.7424449698676713,-2.7519937143732087,0.02810948281335585,0.0,1.1465447900843049,-3.1141154062214182,-0.0908326846446336,0.0,1.8039700832467347,-3.1818506326727443,-0.20273649539353528,0.0,2.280328203223203,-2.9645005360953838,-0.2683022843756497,0.0,0.5838810974512264,-2.3218907294894104,-0.25044053565050556,0.0,1.4526625483971602,-3.705455894185797,-0.43454695912715074,0.0,2.258348605371873,-4.036909949169664,-0.5148899743634731,0.0,2.744469342695466,-3.7767375058849963,-0.5224175586018549,0.0
0.0,0.0,0.0,0.0,0.4191966398750597,-0.1807489466587172,0.09935095001369514,0.0,0.962712797286888,-0.5430571847094497,0.151701958958907,0.0,1.4630815676709161,-0.7676454915667001,0.09831669724759658,0.0,1.7126161558649584,-0.8731994661619714,0.025160365562780427,0.0,1.2694438718666474,-2.804466491609267,0.742234251174415,0.0,2.2342830788878314,-4.285279165567702,0.7382807052570782,0.0,2.5488540057144444,-3.7330554205743955,0.4125342120382475,0.0,2.373280379672338,-2.8313324732317215,0.19627749369517528,0.0,1.0788460041358345,-3.146353000231688,0.43360468999181384,0.0,1.4262944732225153,-3.3899803718909847,0.20037615888008287,0.0,1.8761249829334397,-3.151117936364739,-0.008749205474187883,0.0,2.226507886256429,-2.835863551002928,-0.12431202525124654,0.0,0.7737241902367931,-2.8361160793625535,0.057350050415415806,0.0,1.1099496105683682,-3.0947912967700404,-0.07400638059202891,0.0,1.7493622863253842,-3.160215493015891,-0.1975611357300694,0.0,2.237992336114532,-2.956313807609473,-0.2692032273855409,0.0,0.5892441470417251,-2.3741509260336464,-0.23196682055585163,0.0,1.3480298383729261,-3.575303959428243,-0.3915700473572718,0.0,2.0955243823207352,-3.8689624118134938,-0.4705665991718472,0.0,2.594791408399767,-3.6515330990913273,-0.4845162501076107,0.0
0.0,0.0,0.0,0.0,0.4116558825634897,-0.17592607885498449,0.09469420039900442,0.0,0.947619208592992,-0.5291771432556582,0.14200802241471142,0.0,1.442388518253684,-0.7523242947672283,0.08671288079090445,0.0,1.6929709905482424,-0.8642740335785757,0.015171867323873513,0.0,1.2616861248023665,-2.835287887768926,0.7476493180912968,0.0,2.1657510127984887,-4.263624490518909,0.7273890300550452,0.0,2.478818285568023,-3.7298243622394933,0.40499712743527927,0.0,2.331980764653877,-2.862519402307969,0.19395002564737032,0.0,1.0593797999360588,-3.152351323604093,0.440565682323674,0.0,1.4068329534362307,-3.395519438976529,0.20822243951373287,0.0,1.8570544071333872,-3.1628906819759006,0.0026805824624136923,0.0,2.2044084590413338,-2.855242854955373,-0.11092670722237902,0.0,0.7591984055750334,-2.8471943864265414,0.06680388944777983,0.0,1.101171919106916,-3.111252035792403,-0.06646931681121707,0.0,1.7361109111912423,-3.174045076753478,-0.18678081373486055,0.0,2.2258101651091198,-2.9806079929222706,-0.2569210370270406,0.0,0.5801108009494815,-2.3956086986381555,-0.22350197038826417,0.0,1.3507204632980518,-3.618904908335077,-0.38281654468886966,0.0,2.1093045244337425,-3.926535582178916,-0.46111516668053293,0.0,2.6158991589744875,-3.7131746988961774,-0.47550259315724164,0.0
0.0,0.0,0.0,0.0,0.40714823329369737,-0.1721445942998588,0.09613884370599704,0.0,0.942331732541764,-0.5397802382922016,0.14599924602019768,0.0,1.4302314053821883,-0.7571282149660535,0.09362826835046356,0.0,1.6972592796687438,-0.8877872623263132,0.024226011810281677,0.0,1.2596754863409672,-2.89657381574553,0.7246023643851768,0.0,2.139265498954308,-4.2589817961367595,0.6940166082034315,0.0,2.401649645214859,-3.651522575651662,0.38786800213301365,0.0,2.282425785333649,-2.8347571805168514,0.19705226514455867,0.0,1.0284402003785658,-3.1533248332373778,0.40398650475269415,0.0,1.3862060800192673,-3.375579271173012,0.1973599453422709,0.0,1.838761312006711,-3.1416327017693924,0.009690684124314028,0.0,2.1920121798756704,-2.8526629269225428,-0.09544347506992672,0.0,0.7227317871576555,-2.8037193789233377,0.0378894759558599,0.0,1.0977839339786186,-3.12245440947116,-0.07606118954215522,0.0,1.7426642315505367,-3.193788493867476,-0.18885898450618022,0.0,2.231481243633254,-3.0145118641795636,-0.2572866794036751,0.0,0.5545972040366776,-2.3402295623278127,-0.24079124848859138,0.0,1.33465398718076,-3.613805791432036,-0.4011462288348714,0.0,2.1094798463234063,-3.9521216892363342,-0.47723034962948213,0.0,2.660523048787874,-3.816002119816816,-0.4978088580300961,0.0
0.0,0.0,0.0,0.0,0.40972505056756303,-0.17637498052006234,0.09364706404827322,0.0,0.942168426191912,-0.5379501343855319,0.14145699378858054,0.0,1.4296777256493585,-0.7565206007476787,0.08791807397242928,0.0,1.713384087703893,-0.9067735163367802,0.017479909273404183,0.0,1.2758529054618202,-2.877103662937601,0.7218337319993284,0.0,2.172210555442031,-4.263758430369815,0.676211223356211,0.0,2.46155354760348,-3.6616622801580125,0.3574103315349942,0.0,2.3194014803737897,-2.8012954775622103,0.16263227291314847,0.0,1.061225000906197,-3.1626253382391876,0.4093777475626545,0.0,1.3990387261290023,-3.385113484607379,0.1849891663406608,0.0,1.8429337699690143,-3.128691879306019,-0.019423277404085865,0.0,2.181450087720895,-2.818249620771334,-0.13324011748626183,0.0,0.7435562291574739,-2.8155992151885942,0.04094739826843087,0.0,1.0893927918509374,-3.106020974158255,-0.08366512731453259,0.0,1.7350872350169344,-3.1732879421921893,-0.20936235105489484,0.0,2.220750732191987,-2.9843544509096627,-0.2844415391744148,0.0,0.5584157330778546,-2.34443184077985,-0.23832757238919272,0.0,1.3171186287934935,-3.5832811965317637,-0.39954444278587686,0.0,2.091119920990015,-3.9264611650276993,-0.48355870013750907,0.0,2.664369522804426,-3.8210462795170876,-0.5129179204547433,0.0
0.0,0.0,0.0,0.0,0.3935365574986456,-0.17036757559447405,0.061457290612564164,0.0,0.937362855607556,-0.5418280328819195,0.07259885440768324,0.0,1.42716017052854,-0.7479913199578468,-0.004509499662293446,0.0,1.6851735469993634,-0.8521574161877923,-0.08125922044913175,0.0,1.2463486536701358,-2.8699882109457606,0.5351327440942941,0.0,2.2209641526534623,-4.3992749928238375,0.41822259369075065,0.0,2.5298158009527683,-3.759845885433082,0.12202164598823122,0.0,2.343846683405069,-2.808526898368227,-0.02956145771165142,0.0,1.001103468501872,-3.062961201838859,0.24979195103971094,0.0,1.370137772983687,-3.3338345031094767,0.027018699442993583,0.0,1.8416841219409181,-3.109184108597521,-0.16234730990990306,0.0,2.1765951447257867,-2.770570332581331,-0.26586822909629615,0.0,0.7246761105387514,-2.7553554916034497,-0.057846283691772866,0.0,1.1116622362642674,-3.1162482676026197,-0.19243893071345894,0.0,1.745563308496745,-3.1569835236781545,-0.3182580197035363,0.0,2.197789727634824,-2.910868288375785,-0.3815480543788768,0.0,0.5741044075150801,-2.334399928610007,-0.30477554747900026,0.0,1.4400991295626826,-3.785110051114959,-0.538748349997407,0.0,2.1654545235235907,-3.9951798657556066,-0.6242277930334925,0.0,2.5672528570634716,-3.6592656852784917,-0.6165371703079451,0.0
0.0,0.0,0.0,0.0,0.39390269375787035,-0.18251960770284353,0.07571618897979708,0.0,0.936405482899664,-0.5621459143978214,0.10002913305487209,0.0,1.4042618714369073,-0.7534675657567459,0.027747635849609875,0.0,1.656015514898881,-0.8588166977356162,-0.04673967001144765,0.0,1.1647029734409837,-2.953702278054544,0.5981909347591013,0.0,1.8020309626227289,-3.9428270589801415,0.44740122443659563,0.0,2.1676078871850337,-3.5248878806314194,0.20488554946000703,0.0,2.1869308614527645,-2.8559332285051418,0.06358885003798508,0.0,0.9009578352636615,-3.0357509948647206,0.29185639174625483,0.0,1.2947739117981079,-3.3059285864721786,0.09536717908734817,0.0,1.786033188452641,-3.123585520209498,-0.07981137236012048,0.0,2.129203626422501,-2.8249934284787295,-0.17862404892415085,0.0,0.6711827268336442,-2.7391913972173887,-0.027589609561217747,0.0,1.1407904094167123,-3.235902416477415,-0.15148181159495572,0.0,1.8038941886438826,-3.272123663946148,-0.26510744660927793,0.0,2.2448355664531165,-2.9943960077386356,-0.3215943058149861,0.0,0.5750177830764485,-2.328643639946598,-0.29314333969776,0.0,1.5579351001014714,-4.023184003814852,-0.5350024509479977,0.0,2.3783494848263507,-4.2833331536921575,-0.6140674134051077,0.0,2.7558361521142998,-3.811589683341395,-0.5860456609223106,0.0
0.0,0.0,0.0,0.0,0.4032902488984311,-0.22047661062440962,0.08199845934538082,0.0,0.9458955142217493,-0.5966800010418882,0.09561171010346038,0.0,1.4152249799222052,-0.794858035268084,0.0051741559380348206,0.0,1.6813228336140373,-0.9263638799842511,-0.08601690056745505,0.0,1.1444933503319163,-2.9575704895467525,0.5909485577474001,0.0,1.7513155072127784,-3.9395490122490955,0.423867271590994,0.0,2.1774113987947317,-3.608020926587774,0.18012115086030916,0.0,2.222691440148718,-2.923473781236998,0.03407504116198179,0.0,0.8979238215923733,-3.073366492104668,0.2761951091329763,0.0,1.2741112069157372,-3.336507942206975,0.08017903120367521,0.0,1.7606313329795387,-3.1506202520669753,-0.09527529758216025,0.0,2.0735662526969745,-2.8223706194450138,-0.1973663366666022,0.0,0.672942809069904,-2.7814192840016587,-0.05884924564613678,0.0,1.1194555980088305,-3.256405250653776,-0.1717082416495379,0.0,1.7907280998672654,-3.331330008114202,-0.28168686324134357,0.0,2.2454702398383692,-3.083106742445553,-0.34484188509201225,0.0,0.5756533977191569,-2.3570259248040237,-0.33607306736378395,0.0,1.5028013064042354,-4.013351567137742,-0.5581500040967899,0.0,2.3630782290323844,-4.422566102710038,-0.6379360532098339,0.0,2.8667974553303788,-4.146509805251878,-0.6362543351465397,0.0
0.0,0.0,0.0,0.0,0.40395684891619243,-0.21754270531869038,0.08952814999842261,0.0,0.9643030401624885,-0.6199117610104965,0.11672211346947294,0.0,1.4542619300917525,-0.8253745021195269,0.035645725423085695,0.0,1.6967956455323483,-0.9251363096260109,-0.04885230099705399,0.0,1.087969595773685,-2.9408030003549466,0.6051079152078018,0.0,1.6903480558888209,-3.862577802332741,0.45575030683736883,0.0,2.1502023033560143,-3.5858680233945903,0.23403408687119281,0.0,2.202217352200014,-2.9158307641317553,0.08962704243066794,0.0,0.8439881702739476,-3.0023067237622625,0.29057773342968113,0.0,1.276838614736523,-3.319157354271844,0.11828538849184325,0.0,1.7700986380641164,-3.138449086763636,-0.04232009828486789,0.0,2.068012547049104,-2.795729601628622,-0.13260010898228955,0.0,0.649080934362959,-2.7188825269138444,-0.035072600338106906,0.0,1.2171358599071262,-3.3825905675089696,-0.14311364415720856,0.0,1.8859744235389275,-3.3848821190051672,-0.2326042020374053,0.0,2.2680749777302704,-3.0190153769283414,-0.2706210209508653,0.0,0.5795849744057447,-2.3002685479980656,-0.31036828861952853,0.0,1.6353491825576352,-4.176178565043055,-0.5500000989317769,0.0,2.5261794611559334,-4.529704209857037,-0.6084660696434139,0.0,2.8523375440245267,-3.957743698931138,-0.5504952993945844,0.0
0.0,0.0,0.0,0.0,0.40847149050091214,-0.24804892255090447,0.12138766666447517,0.0,0.9489744704593556,-0.6480187771771005,0.16847979507693742,0.0,1.4280756522597104,-0.848726650903104,0.08908158549863686,0.0,1.6746186051256369,-0.936680233192993,-0.0030664378505641647,0.0,0.9694313069885673,-2.8511507504929514,0.6739505293000272,0.0,1.5560268266307213,-3.743551785440616,0.5568300404336762,0.0,2.107662732749372,-3.618498878039456,0.3532753386603311,0.0,2.223303902944656,-2.990560596951529,0.19329520725950597,0.0,0.7787927731640425,-2.975948844767002,0.34242670393301433,0.0,1.2343838382957442,-3.331009865654224,0.18904859121578468,0.0,1.743078642289502,-3.162471956936484,0.029707722977413788,0.0,2.054870424721566,-2.8299761207858696,-0.06838467195993245,0.0,0.6344087113912437,-2.7561083169103053,-0.01413835048749498,0.0,1.195084304071711,-3.374690363779482,-0.0899481823955737,0.0,1.8640927636105142,-3.3924393285124177,-0.16617266052813306,0.0,2.2771340242763816,-3.0910049224472136,-0.21331913337468258,0.0,0.6224477384076057,-2.377293575737349,-0.32540563350902724,0.0,1.6830269744117752,-4.208004986007479,-0.4964699926052903,0.0,2.507441595396624,-4.459416771426424,-0.499705303280546,0.0,2.8541337563708833,-3.9687326093143134,-0.44758024136020963,0.0
0.0,0.0,0.0,0.0,0.41614282232040706,-0.24675037872242916,0.13447836206621683,0.0,0.96431382135668,-0.6403236871047846,0.188272328283585,0.0,1.4267875881872387,-0.8292550329632918,0.11037533841563059,0.0,1.678263863136805,-0.922686320935557,0.016113289147937658,0.0,1.0291737793339115,-2.909324574449567,0.665273481497882,0.0,1.5286051438415804,-3.626681176242796,0.5120786553954808,0.0,2.084608441722018,-3.5459634797482047,0.32944930623249985,0.0,2.25421469739406,-2.997357862023049,0.18492095238720355,0.0,0.820595812799378,-3.0039788171057866,0.3082325895464868,0.0,1.2685085640804192,-3.3182668422233754,0.1600130213618464,0.0,1.784693658170841,-3.1578076187500277,0.008183732114467976,0.0,2.1063288162694893,-2.8415835793246074,-0.08949539034367231,0.0,0.6511843348955837,-2.7240694079395635,-0.061389080610202526,0.0,1.2209944434307214,-3.3585048027886804,-0.1261424627267161,0.0,1.8972105497688447,-3.3818148488676885,-0.19439218856788215,0.0,2.31164043268556,-3.0915962061586644,-0.2400698734518739,0.0,0.6244883559955754,-2.303471775393505,-0.370314625437378,0.0,1.6808329573771126,-4.10917788000275,-0.5514010577017684,0.0,2.5051819114271545,-4.37449348850587,-0.5515297075690331,0.0,2.8592176550053723,-3.918845281054677,-0.496942165946936,0.0
0.0,0.0,0.0,0.0,0.39446058976792775,-0.23157939525895102,0.09350189570612243,0.0,0.9495739381750755,-0.649902368963716,0.12040809111371395,0.0,1.4350225268340304,-0.862083762857535,0.034690351179717055,0.0,1.6784094485277483,-0.9500519938371325,-0.05449305832916566,0.0,1.0256144223826456,-2.9145596587188614,0.584856889124573,0.0,1.6106058270846721,-3.8728738360926402,0.4323038350746979,0.0,2.139780855029586,-3.6904996898930973,0.21277387204447434,0.0,2.2119556175429893,-2.9941800395028215,0.06531812848766032,0.0,0.8242815486242931,-3.0408323366066066,0.27269022572501667,0.0,1.199515047556698,-3.3049044411562254,0.09528016910692665,0.0,1.7088799172985039,-3.140869510573378,-0.06447366170615054,0.0,2.0139349632302124,-2.795985089067351,-0.1585948844937777,0.0,0.6408647730751041,-2.776831613517003,-0.06120872719492732,0.0,1.1559223107679004,-3.3430166395774936,-0.16443057693385527,0.0,1.8490043145522215,-3.39669108399348,-0.2559465700923503,0.0,2.2702638864420246,-3.0793304671887394,-0.3013989044512174,0.0,0.5786191799574876,-2.3548750777028604,-0.3429538751198533,0.0,1.6034154160917373,-4.191260082567073,-0.5604499302869891,0.0,2.484830648114541,-4.532211121183489,-0.5982674490877219,0.0,2.8670850461942794,-4.0606417335981035,-0.550046251165213,0.0
0.0,0.0,0.0,0.0,0.39472157265270863,-0.23862712806126998,0.09637326955842652,0.0,0.9497163192996901,-0.6650965263666614,0.12614601648184456,0.0,1.4312393637541594,-0.8791791969093756,0.03975632521986357,0.0,1.6705875528453125,-0.9564143923449917,-0.051130595713970224,0.0,0.9799675306439775,-2.8942283398069977,0.6005580530867329,0.0,1.5763529601277477,-3.841838906094168,0.4565742451328603,0.0,2.13563417273391,-3.6958705296777126,0.23272858822575404,0.0,2.2276498501304176,-3.0004469071336124,0.07684713679362186,0.0,0.7849275198933742,-3.009124522690713,0.2891331920566445,0.0,1.2014310169521762,-3.3344086846020016,0.11789652890223296,0.0,1.7168499276058382,-3.164315680664229,-0.05194143151966748,0.0,2.02554213347423,-2.804523648192865,-0.1541048583222326,0.0,0.6288094795565656,-2.78264025920203,-0.045714887429257896,0.0,1.1554190237669848,-3.3615923587223286,-0.14185841634317764,0.0,1.8381277100901923,-3.391094382109393,-0.2368355131125256,0.0,2.2484667673179946,-3.0570534696329696,-0.28916886053908325,0.0,0.6025096335787486,-2.4089748805590343,-0.3398743549803671,0.0,1.6271376229169836,-4.234401109699034,-0.5331154956645187,0.0,2.484370184944935,-4.540793878465371,-0.5579197576637597,0.0,2.8774163905129915,-4.0879364668564495,-0.5157675327649717,0.0
0.0,0.0,0.0,0.0,0.39595952503691345,-0.22753436030762686,0.1127015587365882,0.0,0.9390213846012154,-0.63825253449228,0.14246131632496725,0.0,1.4167066577971372,-0.8304204272954538,0.04601193097817117,0.0,1.663433944094198,-0.9144307304989624,-0.057936184097117475,0.0,0.9868205517492756,-2.8887839733873966,0.5506315765722084,0.0,1.4950806038204687,-3.6225202301863875,0.3735138969830367,0.0,2.048163438272401,-3.5032985816577664,0.18975197012681952,0.0,2.210697900618438,-2.9336507946669994,0.06353250139347208,0.0,0.7696802373305625,-2.9655211888403334,0.20740952270428428,0.0,1.186724180749946,-3.229836377025737,0.054684291307091765,0.0,1.7412366366827923,-3.1081878551985724,-0.08490700013096017,0.0,2.070280846255476,-2.7847880067446833,-0.1697639750621602,0.0,0.6002626720229776,-2.6841167370521997,-0.1384026634292922,0.0,1.1602752290149136,-3.31324585079823,-0.21670452603154847,0.0,1.8933658295481164,-3.391872869612461,-0.2873271930723175,0.0,2.3187090745711454,-3.073506171758122,-0.3216301377135312,0.0,0.5702852592408677,-2.2512712281350953,-0.42890445550064354,0.0,1.5937117318016503,-4.063919552558634,-0.6686649958496889,0.0,2.4947803339478685,-4.432346788432743,-0.7043818179444025,0.0,2.8769006306690947,-3.9622689174258956,-0.6431176955033598,0.0
0.0,0.0,0.0,0.0,0.40509649678930576,-0.2425547432291747,0.11832740966719918,0.0,0.9476258498357768,-0.6511517191405277,0.1498349854153105,0.0,1.4237680522635667,-0.8692188028107573,0.05361491061929079,0.0,1.6775235050504158,-0.9664634429707969,-0.05314044968838847,0.0,1.044561421236495,-2.99521860029075,0.5801200576308028,0.0,1.4189445255010125,-3.5301420844760467,0.3696789923303706,0.0,1.9314937451586056,-3.42480970828825,0.19292490892774247,0.0,2.1322872543407994,-2.959099919421715,0.07113131764043662,0.0,0.8163451875472704,-3.0640823672320483,0.21931067289411385,0.0,1.1807480024323316,-3.266099846097001,0.053105709119915495,0.0,1.7002265892623283,-3.1183588004210465,-0.0962638332750036,0.0,2.018798411203125,-2.8174710072968585,-0.18800660662102311,0.0,0.6218368981898527,-2.72731207589019,-0.14406654806867575,0.0,1.155571203405858,-3.377544920941801,-0.22123001073182735,0.0,1.9021354816147407,-3.4836847491746323,-0.30077277013910125,0.0,2.3185417761435647,-3.1546512325491514,-0.33902888369055006,0.0,0.5623137587598255,-2.229002124946419,-0.4345683524205366,0.0,1.5933798133406727,-4.1524954873014135,-0.6770036589587588,0.0,2.5452982186112,-4.632461112362305,-0.7220276351704298,0.0,2.963272955514824,-4.197886937507569,-0.667538566441934,0.0
0.0,0.0,0.0,0.0,0.41231643809406704,-0.2580173102744279,0.13594171105524544,0.0,0.9595883894771624,-0.6867927312494477,0.1893892678047699,0.0,1.4418328371696139,-0.8953623113486304,0.10479248161257179,0.0,1.6687169368591057,-0.9483784018779949,0.001026919605702041,0.0,0.9571366615060939,-2.881417854886312,0.610046923770447,0.0,1.4500178659954137,-3.5945546407333833,0.44477456046574343,0.0,1.988918325276227,-3.4904831263096527,0.26641375883918456,0.0,2.157796873267702,-2.9531803611220986,0.13264777937634317,0.0,0.754965911380753,-2.9810705540810067,0.24857533431623385,0.0,1.1929555100561038,-3.2882177380823725,0.09358732114545029,0.0,1.7311987498171408,-3.1462063546597805,-0.05030284621048723,0.0,2.041728630159261,-2.8092996345844754,-0.13860862318380457,0.0,0.5957742379902446,-2.6876638195220437,-0.1226938753021438,0.0,1.1569993541446568,-3.361367727910195,-0.1993758135450885,0.0,1.8903227412739054,-3.445377148709962,-0.2703923617974255,0.0,2.293717678180047,-3.100885846109418,-0.3043449131518664,0.0,0.5620842282946982,-2.208145691765988,-0.4249128399005538,0.0,1.5657212857868334,-4.041906629271743,-0.65570229024946,0.0,2.4405635027688857,-4.404221133908542,-0.6830923916336915,0.0,2.7941315576356476,-3.9227279373711603,-0.6193209449422374,0.0
0.0,0.0,0.0,0.0,0.4164682078447271,-0.2620321460615875,0.1328480007400772,0.0,0.9566144556630581,-0.6762272351440751,0.17221985023142683,0.0,1.434952154050725,-0.8943917217234902,0.0751188820070424,0.0,1.6641436943584886,-0.9550457932308153,-0.037145349075732345,0.0,0.995264845674253,-2.955858958550549,0.5723713245420106,0.0,1.370384065460025,-3.4912982728869726,0.3620581124518855,0.0,1.9014883690332354,-3.4246472988756933,0.19534085002528914,0.0,2.130226803506767,-2.9804546853567166,0.07943510010935448,0.0,0.7751313863802582,-3.0293980330195946,0.1997491472447758,0.0,1.1671525679738928,-3.271598467871018,0.03905136009525253,0.0,1.7072689468918045,-3.145826070613547,-0.09989687254305633,0.0,2.036175155484204,-2.8424939462122936,-0.1828885735671717,0.0,0.599888199834984,-2.6997544723268065,-0.17472974128332375,0.0,1.154308232482102,-3.403987793012882,-0.25258320131194745,0.0,1.9015356919043944,-3.4990435615697,-0.32228127309231414,0.0,2.299704414487821,-3.136068068760229,-0.34792804014295864,0.0,0.5550871165976027,-2.1930722156558766,-0.4722138601030564,0.0,1.5450427324663683,-4.0587520107058594,-0.7301147830608951,0.0,2.4396342169216805,-4.47772037300461,-0.7707228225177447,0.0,2.8131832722972314,-4.013332119557163,-0.702087501660188,0.0
0.0,0.0,0.0,0.0,0.43548494343905186,-0.28276738751235647,0.15548172909240499,0.0,0.9955130481990458,-0.6992531682294568,0.21258847018563456,0.0,1.4446018819704014,-0.8593248746034744,0.11666468825520195,0.0,1.6554641109828727,-0.9011059501310337,0.004628447853342301,0.0,0.9892905870613193,-2.8683377355043818,0.6218979779519493,0.0,1.3505372009402663,-3.3909451124149093,0.4161884380276634,0.0,1.9272582516858106,-3.386639055198518,0.26196079224775,0.0,2.1720520658991376,-2.9470021685108683,0.14128537537508867,0.0,0.7879758853229252,-2.9823611687532465,0.23731028427543305,0.0,1.1658100887492142,-3.2183104916732814,0.0718989392792528,0.0,1.7444553563112464,-3.1412080346282516,-0.0700444390072642,0.0,2.1005002882791515,-2.8588699893985314,-0.15994370153515952,0.0,0.6099263402898111,-2.653447318861006,-0.157457309968324,0.0,1.1605835275921363,-3.339079907922882,-0.23051171918491833,0.0,1.9274883069527642,-3.4599828426811055,-0.2982181366237311,0.0,2.352366466805948,-3.137347451342883,-0.3287487044783284,0.0,0.5649036681759497,-2.1428003911662303,-0.46623019335274585,0.0,1.5338160749145318,-3.9133865116583806,-0.7061124878224819,0.0,2.4248256773126102,-4.33408274544263,-0.7465811980391932,0.0,2.834172464776784,-3.9523544693159978,-0.6948692429820268,0.0
0.0,0.0,0.0,0.0,0.43018919466863553,-0.28897585059611003,0.12965409879492773,0.0,0.9716915203653097,-0.6857279834911061,0.15683464279736414,0.0,1.4141232380337954,-0.8532223448717574,0.04734431443359474,0.0,1.619429599935089,-0.8966981966801747,-0.06636598816367584,0.0,0.9877514873809519,-2.9499310131121566,0.6049098807235946,0.0,1.3669975338987406,-3.519763655416341,0.3926639156563228,0.0,1.9276105269987462,-3.492943294676517,0.20948269691583457,0.0,2.1383323855913163,-3.000549972020191,0.07545667667261466,0.0,0.7770831968997592,-3.059956264550092,0.23957008885132633,0.0,1.153538964605942,-3.2892306243111884,0.05939022567569156,0.0,1.6998835784500683,-3.1927954505409755,-0.0980978415225954,0.0,2.0391115473891426,-2.887618538904354,-0.1949553047551311,0.0,0.5928140566348666,-2.7394494130710454,-0.14407561561899251,0.0,1.1283554129408504,-3.4068633292760824,-0.23307972474242353,0.0,1.8484297154875107,-3.5023288891560447,-0.30906641015643777,0.0,2.2728382579717974,-3.1765901511639827,-0.34423946359983054,0.0,0.5286936684235446,-2.210288827498029,-0.44899298801141446,0.0,1.4952597536161187,-4.068964438347845,-0.7087723394030457,0.0,2.3599309452874633,-4.49201487480431,-0.7512388804048893,0.0,2.7385033753377557,-4.062691391282922,-0.6903878205421561,0.0
0.0,0.0,0.0,0.0,0.43080232771795945,-0.2919489683134155,0.1334170552594909,0.0,0.9742272875247863,-0.6887824990346492,0.16498181586611518,0.0,1.4155599455705696,-0.8543975030812705,0.0594427101852564,0.0,1.617455165403932,-0.8928330492753941,-0.05297444253182963,0.0,0.9817027626368467,-2.952311995584314,0.5956969249843825,0.0,1.3836383475341465,-3.5415898643268964,0.3926229703481268,0.0,1.9384375067183524,-3.504352748756965,0.20936731713781584,0.0,2.135844109186543,-3.001665771156799,0.07391719887066392,0.0,0.765532471160018,-3.0525788798455875,0.22725621197748735,0.0,1.1518193921759752,-3.286574439693248,0.05267596182931451,0.0,1.6947923559438538,-3.1794982794599336,-0.10508837273890265,0.0,2.0301450508934225,-2.8725717838347737,-0.20371595886801158,0.0,0.5850743249592063,-2.729660805878114,-0.15190809128792396,0.0,1.1243082954223442,-3.396447979424036,-0.2372606588698226,0.0,1.857574987501124,-3.5045347290712248,-0.320159423025257,0.0,2.274231749225384,-3.1662339122546483,-0.3598985124433262,0.0,0.5291863470444382,-2.214135854351262,-0.45380183795944157,0.0,1.489297634254826,-4.05375546755346,-0.7086251405899252,0.0,2.3742303821037596,-4.506408208751944,-0.7618698996611327,0.0,2.7612939998114054,-4.080185258175825,-0.7071439171971365,0.0
0.0,0.0,0.0,0.0,0.4079627722049461,-0.2701888735289592,0.09837534698874005,0.0,0.9510321951456274,-0.6700761857207146,0.10209708887406663,0.0,1.3828415175699933,-0.8243369512366253,-0.012222044196053454,0.0,1.5877158775474216,-0.8675680101834526,-0.12014496254119453,0.0,1.052996872975721,-3.078016926574075,0.5172354381082385,0.0,1.4499972357310589,-3.669662094996148,0.2892369507758667,0.0,1.9465469616168398,-3.5239607791735152,0.08645321646358889,0.0,2.1031752483205173,-2.9777390341102743,-0.03950339414246698,0.0,0.8046781481025587,-3.135363204441522,0.16942834992809883,0.0,1.1413063834278596,-3.2888617395623436,-0.014542994749523669,0.0,1.6561625668483937,-3.1550766349637263,-0.17301551151484493,0.0,1.9941404192863847,-2.856086814453405,-0.26886913394429846,0.0,0.5863833104882972,-2.7662265343147445,-0.17895012873961705,0.0,1.092580702708903,-3.3812716656906927,-0.2796745531372694,0.0,1.7991142772597173,-3.4818013228653606,-0.3708411435722659,0.0,2.2319030847745474,-3.1771842496604608,-0.41168055104942936,0.0,0.4942256936839626,-2.2281374296775085,-0.45213770441793655,0.0,1.4648029566050833,-4.150565676112633,-0.7499799720467343,0.0,2.367995521538703,-4.658928710623922,-0.8260087762124261,0.0,2.7902226033300717,-4.269475757459905,-0.7751634004654615,0.0
0.0,0.0,0.0,0.0,0.4097607065752213,-0.2678505642206074,0.0857337554275914,0.0,0.9558713884645256,-0.663094988263452,0.07419922691386578,0.0,1.3935476182717985,-0.8224653537520438,-0.04957894068655897,0.0,1.6043361491951125,-0.8752300845873436,-0.16107810168674705,0.0,1.09157145868325,-3.112737389341427,0.4733448701322793,0.0,1.4783958672821091,-3.6907902534159973,0.2298723015813034,0.0,1.980049304772726,-3.544621970990551,0.0191939691539866,0.0,2.1338639172889713,-2.9856175744808895,-0.10286076748620337,0.0,0.8324635184476157,-3.1516545800254714,0.13401895933056243,0.0,1.1601787683155698,-3.2934452270079713,-0.05279644770287752,0.0,1.6757537268098561,-3.1582774298356493,-0.2143859938412214,0.0,2.011103196224712,-2.8517401225203183,-0.3098605982876341,0.0,0.6087076952146386,-2.782576257303038,-0.2030741225733941,0.0,1.1072644491210857,-3.385720260224349,-0.3091862631574797,0.0,1.8189506754897333,-3.4922654824039654,-0.4042396714783247,0.0,2.2539184241368977,-3.1794930043292795,-0.44328839193660796,0.0,0.5136243582547451,-2.2480505138987183,-0.47033591062142693,0.0,1.4988342913540726,-4.196579032822659,-0.7865826761016285,0.0,2.4286543722744582,-4.734588746083861,-0.871961108725917,0.0,2.853364662051175,-4.326329099644372,-0.8144355525031823,0.0
0.0,0.0,0.0,0.0,0.40881610082148445,-0.259020383862947,0.0841606337261008,0.0,0.9521382217834652,-0.647813621772712,0.07314669233349858,0.0,1.391975181577393,-0.8167398349258143,-0.04926240785839544,0.0,1.607042843711366,-0.8757800760574246,-0.1595424039038956,0.0,1.103744294549397,-3.1119368829925245,0.4925847693815834,0.0,1.470802983166173,-3.679056363478352,0.2471659898473448,0.0,1.9685360103845575,-3.5312687918255476,0.037752737153468184,0.0,2.127425766533667,-2.9809669585580045,-0.08385861537713922,0.0,0.8457925207336378,-3.156248611462262,0.1546953637235784,0.0,1.1607731355902753,-3.293882880758988,-0.035312593586502676,0.0,1.6759059659704634,-3.159582477775636,-0.1959668423897547,0.0,2.011245152153535,-2.8495864280976497,-0.2888036371482712,0.0,0.6196742381631031,-2.7900460547508965,-0.1853200548545454,0.0,1.1139377248249258,-3.394775102405999,-0.29222973737516317,0.0,1.8201154822806838,-3.4915715819858764,-0.38243788489395847,0.0,2.2528228293547095,-3.1722301322338793,-0.41709969423809595,0.0,0.5214862601231771,-2.253810694952068,-0.45572013231467823,0.0,1.5183863235188746,-4.22343909424983,-0.7656970375246089,0.0,2.430916149582985,-4.724986082275228,-0.8365593046909333,0.0,2.8353324306223624,-4.291988619586275,-0.7708994749272283,0.0
0.0,0.0,0.0,0.0,0.4104787866848058,-0.25750035296907753,0.08751985920330209,0.0,0.9468532851925572,-0.6483654093190657,0.08128666111051765,0.0,1.3855448677038416,-0.8205038679388463,-0.03880816373056266,0.0,1.5927190054756044,-0.8616015061975645,-0.147463905455883,0.0,1.0602145567810326,-3.0563010896816927,0.5181196472936085,0.0,1.4610198944078496,-3.682126393333883,0.2886488681776486,0.0,1.9787732276189438,-3.551028163409264,0.07995346674779948,0.0,2.1229150992742403,-2.9757473074309067,-0.04696994315747852,0.0,0.8222913445043307,-3.1215708441984185,0.18294699453690316,0.0,1.1556051434999768,-3.295883540344212,-0.003343474671036291,0.0,1.6829724592940842,-3.173243400510063,-0.16376944197340457,0.0,2.001044607030584,-2.8453069414769243,-0.25546039184787284,0.0,0.6219194067997531,-2.8014956286576087,-0.16276072331919195,0.0,1.1106321231775287,-3.389238889720233,-0.26391589938250315,0.0,1.8284929627443445,-3.494070704453893,-0.3521872588747221,0.0,2.2614128267079985,-3.173808690772899,-0.3871440318990086,0.0,0.5418283629914938,-2.295115883112795,-0.44548408990523103,0.0,1.5047279044694717,-4.183880950157831,-0.7188016763724537,0.0,2.4027780853118847,-4.648305083690538,-0.7764434413170442,0.0,2.8106415378209872,-4.231498940189563,-0.7163528316203798,0.0
0.0,0.0,0.0,0.0,0.41424878506207924,-0.266826005837053,0.0862997900954116,0.0,0.9568537018463492,-0.6556194184455123,0.0770059763858542,0.0,1.3980071238740075,-0.8397389761914471,-0.046342099141914554,0.0,1.5927080472405537,-0.8701665898763922,-0.15694591285247908,0.0,1.0723365965951284,-3.0664962379826637,0.5234579486488316,0.0,1.4404605366295131,-3.6520810103526933,0.2867959167068809,0.0,1.9630629364786363,-3.544768495187306,0.07884756114936978,0.0,2.1333811243615917,-2.99622622649891,-0.05050266426689575,0.0,0.8187323837241091,-3.1136237501244066,0.18633843224106983,0.0,1.163611903598208,-3.320290029685007,-0.002325964473404953,0.0,1.6921281802079253,-3.1987208906134255,-0.16932624383843917,0.0,2.0040629431888006,-2.849611907779852,-0.26447819398812084,0.0,0.6068037518224165,-2.779314245489864,-0.15855658160068226,0.0,1.102926690410738,-3.3926216671287057,-0.25968434054913264,0.0,1.8099967303095295,-3.492053291686285,-0.352233176707082,0.0,2.2385284591057073,-3.164319627727415,-0.39163935813979667,0.0,0.5231540422109909,-2.2724375293202947,-0.4395725686895964,0.0,1.5002295044117522,-4.208556283228279,-0.7130758224876559,0.0,2.3935371541824435,-4.680556477708498,-0.772158308589482,0.0,2.810333406664209,-4.271954150824685,-0.7193752163705025,0.0
0.0,0.0,0.0,0.0,0.4084428750996336,-0.25242548510224583,0.07418617602034366,0.0,0.9419092119552868,-0.6317869981007259,0.0487461637724079,0.0,1.387450251897623,-0.818603170169573,-0.08566448697563257,0.0,1.5927683671143598,-0.8680875135800383,-0.2024808687029999,0.0,1.1109846383442683,-3.1249980996286086,0.48193288270042905,0.0,1.453336794631912,-3.6603048241247684,0.23013752834433696,0.0,1.955226069794328,-3.5162038021890454,0.01745679865166116,0.0,2.121531544016064,-2.9714726928556177,-0.10617111773586183,0.0,0.8440279985527169,-3.1570544432320338,0.1482479995100472,0.0,1.155589106595892,-3.2903916910724775,-0.04104465063894842,0.0,1.6840080987557582,-3.180870029656792,-0.20924040594890717,0.0,2.014026890298334,-2.858909950535454,-0.3068250344553846,0.0,0.6123103486872397,-2.792365533280402,-0.1889151235169638,0.0,1.0949738189719338,-3.386297924651833,-0.289950808647502,0.0,1.8012070321852087,-3.4913220472269604,-0.38343896601975114,0.0,2.2396292583087347,-3.173422486775873,-0.4241583729362069,0.0,0.5092598784896847,-2.2556001377342287,-0.45922172163309666,0.0,1.4818341389691803,-4.213099660914788,-0.7663093681933245,0.0,2.3852731213955334,-4.718705312103234,-0.8457996348545938,0.0,2.7964417844769,-4.300537024133677,-0.7924449127789892,0.0
0.0,0.0,0.0,0.0,0.41038868894520014,-0.2554452834728872,0.06631407091317415,0.0,0.9420513251192483,-0.6220371787408304,0.03022760612690167,0.0,1.381547587137049,-0.8017062284716752,-0.11065516487693007,0.0,1.5867232034132084,-0.8555352744689568,-0.22894260137027211,0.0,1.1262798543724224,-3.113075884743617,0.4700539623014596,0.0,1.4647969480833831,-3.673912724099573,0.21817161162918886,0.0,1.9807346181791694,-3.5457706285162174,8.990306099223977e-05,0.0,2.136908161828141,-2.9826028022547852,-0.12693339228521927,0.0,0.8556516805638357,-3.154008046071865,0.142767594549711,0.0,1.1530397680251243,-3.283792533380603,-0.05024442059201862,0.0,1.6815119158068623,-3.1796174920866633,-0.22244420729405262,0.0,2.0009796326982134,-2.8518460484736083,-0.3221433610120391,0.0,0.6203226048467818,-2.801697575877352,-0.19025785873400167,0.0,1.0805446666140517,-3.358615795780881,-0.2927960987939279,0.0,1.7955307493692458,-3.489423128813786,-0.39359449527123525,0.0,2.2444779238348658,-3.1876604622066593,-0.44012716876852076,0.0,0.5145136826916442,-2.2737184610493935,-0.4600173757619601,0.0,1.4747610170198713,-4.208351044131664,-0.7579870797281781,0.0,2.3976727629582815,-4.749573698623936,-0.8436138815547551,0.0,2.8440397124938874,-4.37140734890904,-0.8023640303065959,0.0
0.0,0.0,0.0,0.0,0.3983478996342517,-0.23433689022969584,0.0686340717983586,0.0,0.9193732054259625,-0.6104032413443379,0.046168597194292976,0.0,1.3659767058907926,-0.8020399242914183,-0.0803673814156272,0.0,1.5806349161606685,-0.8723074178889587,-0.19064770056511293,0.0,1.135201281370961,-3.1673940869067723,0.5331574906818005,0.0,1.4579677629492975,-3.7204040501071094,0.28708669539253945,0.0,1.9148175129401868,-3.5047476534019255,0.07420696084962862,0.0,2.0629437211693333,-2.955627663937959,-0.04936520681102288,0.0,0.8622987400528359,-3.216863263142284,0.20140130136448794,0.0,1.1060038163206873,-3.2800985939691083,0.0078004256113107075,0.0,1.622583195504247,-3.177767244947697,-0.15398163736389425,0.0,1.9746687316553269,-2.9007969117466716,-0.24915856454240262,0.0,0.6092068509216763,-2.8331949398174734,-0.14185913630140934,0.0,1.0352459201418305,-3.363413492595991,-0.239196297282321,0.0,1.7437273677667644,-3.5001026141645686,-0.3275217200250262,0.0,2.2136988074218835,-3.2355584103802455,-0.36715738538539655,0.0,0.48797494886515363,-2.289259652391789,-0.41445982875664616,0.0,1.3898288251188773,-4.14666491369909,-0.6805578984814075,0.0,2.3254158734832906,-4.73073121055984,-0.762314566597885,0.0,2.813727813849736,-4.398756920821017,-0.7206396036723032,0.0
0.0,0.0,0.0,0.0,0.3968954465141361,-0.23735224443844602,0.057528867038853605,0.0,0.9236350642210331,-0.6117619971021148,0.02324361209725648,0.0,1.3723719098868126,-0.812332050370526,-0.11125210598908858,0.0,1.5840724197048668,-0.8793364588807014,-0.22362827586309725,0.0,1.184438259765058,-3.2238460271071063,0.5026738163246183,0.0,1.4763980700318289,-3.745528139409893,0.23703168083411486,0.0,1.9341060756039117,-3.5384997655125887,0.014591391591923108,0.0,2.0882949245424136,-2.987102692739433,-0.10934497578285403,0.0,0.9104025972233829,-3.2834884011415477,0.1787009798853471,0.0,1.124663427914346,-3.3030332052481386,-0.02357014315958485,0.0,1.6246443200652148,-3.1870369841358412,-0.19232617090442772,0.0,1.97861836257142,-2.9142973640318828,-0.2923134841125728,0.0,0.6403138492301427,-2.880144077472671,-0.15955144765428744,0.0,1.0464653204663255,-3.380315170106837,-0.262807733209477,0.0,1.7315557680739673,-3.4962915485792943,-0.3560171626641736,0.0,2.20675868698235,-3.2447764735517612,-0.4001092637365943,0.0,0.4978505522832772,-2.3042678199593913,-0.42553456054175215,0.0,1.4156434310852266,-4.216630039586779,-0.7145156882506957,0.0,2.32857541054752,-4.776796566538993,-0.7988571643649519,0.0,2.816675530023637,-4.45517240888881,-0.7601630652119794,0.0
0.0,0.0,0.0,0.0,0.37029906387676026,-0.20083215299700527,0.023326376193723315,0.0,0.9081193051626174,-0.5791823386482582,-0.02421709797022105,0.0,1.3483007645577145,-0.772194530769542,-0.15140566376571382,0.0,1.5627384873816734,-0.8579048701338725,-0.25221372901539535,0.0,1.509140734857032,-3.6707803573395528,0.5147271519212918,0.0,1.489014237763919,-3.787779407381006,0.1761096617904438,0.0,1.89691575763978,-3.5645940644129146,-0.05762947605079258,0.0,2.077389274604772,-3.0614303893090566,-0.1771548335482547,0.0,1.2073855728539764,-3.749854189551492,0.2091698352631085,0.0,1.1454210405529828,-3.3725686944043427,-0.03482272079758404,0.0,1.625278032906061,-3.275440601947248,-0.22127034728051378,0.0,2.0212432609043405,-3.054351719241277,-0.33203124895116454,0.0,0.8181127226047955,-3.210399979970664,-0.1314639723103336,0.0,1.0176563519334738,-3.39763421487775,-0.2511479665814117,0.0,1.7075606005611892,-3.5723995853506194,-0.36579780000273215,0.0,2.2440503865086288,-3.378494069163246,-0.4148312389075054,0.0,0.5532724598793696,-2.4771666879850534,-0.3831104736231907,0.0,1.2907459953269995,-4.095286922132194,-0.6156683465717484,0.0,2.1647454903555428,-4.683487681914401,-0.708447035681944,0.0,2.832943424194915,-4.632291148435098,-0.7085596171419811,0.0
0.0,0.0,0.0,0.0,0.3867365565477541,-0.15433531312571022,0.0002729865361415186,0.0,0.940362369624681,-0.48623089492196636,-0.06768243219711607,0.0,1.3924185749689142,-0.6903970496960679,-0.1995237490973107,0.0,1.5544751940674435,-0.7492535343319598,-0.2834470605973287,0.0,1.6102139245391645,-3.6503755295894496,0.5167946260671131,0.0,1.6382494215493766,-3.8598286202948704,0.19310637079599136,0.0,2.0272763248270103,-3.5523922201550593,-0.032002702901243144,0.0,2.2253487784457358,-3.0630282075927386,-0.14465541415659272,0.0,1.1897986221378636,-3.5317188881855017,0.23928609421557193,0.0,1.1818713387656872,-3.2869763136960266,0.010306262783443354,0.0,1.6823840911396515,-3.2263359464112926,-0.15212348518186714,0.0,2.114983926541167,-3.0595546076717843,-0.24903152743824727,0.0,0.8046852834976752,-3.044293986931368,-0.05646386178026273,0.0,1.0157181829926492,-3.2534999558991036,-0.18190094355829156,0.0,1.7105344500042257,-3.4760702673029464,-0.27370641623049696,0.0,2.3499188582656445,-3.4685587324801395,-0.322347159098905,0.0,0.5536669493867205,-2.4373023017521454,-0.28978964502052285,0.0,1.2938103700279888,-3.950286565881814,-0.4918507836580341,0.0,2.246620375856215,-4.705483150799004,-0.5829995269549292,0.0,3.1610655588428487,-5.024756449422788,-0.6108396847257332,0.0
0.0,0.0,0.0,0.0,0.3898462153868412,-0.13862969188275703,0.007808098514954655,0.0,0.9282059050986344,-0.45451343434451763,-0.0491240536401646,0.0,1.3708242037214156,-0.6595001519074668,-0.17356318802757376,0.0,1.5519245951908747,-0.7431343391057033,-0.26010710115153124,0.0,1.5511390559828606,-3.574003793445535,0.570300500417306,0.0,1.6170114230913186,-3.8166771877011447,0.25875288794820595,0.0,1.996764449754364,-3.517503940482335,0.033132710499607136,0.0,2.193487193724969,-3.057713838086962,-0.08343333529157022,0.0,1.1450376274650425,-3.4714197065368393,0.2796391892054219,0.0,1.1721455477491418,-3.2685214954618598,0.047455526306939784,0.0,1.6660473216155531,-3.204948944465651,-0.1172977961757396,0.0,2.1189711808158567,-3.069871374471622,-0.21667847846583926,0.0,0.7762575173752939,-3.003528255738862,-0.03142075169108829,0.0,1.0294245297603863,-3.2629361071942418,-0.15606521775537158,0.0,1.726439841604127,-3.467472929003882,-0.24799231031196223,0.0,2.363451360490067,-3.446839216722352,-0.2960914924585065,0.0,0.5438530797691786,-2.413726187179619,-0.27924989612359413,0.0,1.2960912033518706,-3.9222235006504724,-0.4691818554433394,0.0,2.2020666721120676,-4.578883689455617,-0.5444254966125249,0.0,3.07710674575628,-4.857643121069128,-0.568153832554415,0.0
0.0,0.0,0.0,0.0,0.33230773778866163,-0.34217555458342497,0.0032245392161739444,0.0,1.2713190787895272,-1.0628148148313108,-0.14087856793758233,0.0,3.2832500420438806,-2.036620284854849,-0.5420255617419553,0.0,4.261571834638977,-1.9471901210260678,-0.9044938210169607,0.0,0.9892891660306388,-1.4730062537140152,-0.3133355528643019,0.0,2.793318275014677,-2.019220830582402,-0.958185743031636,0.0,2.7856029614158766,-1.2264333544922323,-0.9865952423499557,0.0,2.324200341815693,-0.6193214204371909,-0.8150343361128577,0.0,1.00107712360736,-1.448904230273465,-0.5186117050173022,0.0,3.4974146203762575,-2.2913741796642713,-1.4474329634314318,0.0,2.9620975604800632,-1.1064196338785341,-1.1038681417733682,0.0,2.3077131312958836,-0.4537416252402756,-0.8104084116753525,0.0,0.997848585959601,-1.2009126543293949,-0.7726710776603561,0.0,6.367526408022626,-3.253359446192618,-3.4662154383276746,0.0,3.3570174725269655,-0.8442553144184266,-1.510759129682071,0.0,2.3252946019362204,-0.21253871357670026,-0.921040359770337,0.0,0.8067236843862976,-0.5431753141058471,-0.8652162313321791,0.0,2.2918960920100497,-0.5740031934570422,-1.6898566090248692,0.0,2.4256486895479865,-0.17726873998000212,-1.4377892245331716,0.0,2.042970834836547,0.09729767027267452,-1.0390384234266308,0.0
0.0,0.0,0.0,0.0,0.42636351249159427,-0.1299676814316842,0.02727442316718715,0.0,0.9948195242157767,-0.4058764991597354,-0.011918267410764792,0.0,1.403083786147818,-0.5429148084328866,-0.12483876330651812,0.0,1.5422210291689487,-0.567352453770036,-0.20639435634319375,0.0,1.9073246614328692,-3.3726719771423075,0.6319579695596882,0.0,1.8789276672733584,-3.731885451472297,0.2943573301526328,0.0,2.1942358978379155,-3.418918497101746,0.05241658263274425,0.0,2.376507730298083,-2.960418434904323,-0.07518338957874274,0.0,1.6729732445739105,-3.708282187535543,0.3311094266242412,0.0,1.3393366148298822,-3.229428698339239,0.034717230320960045,0.0,1.8163012912760625,-3.1604293268469608,-0.15370374354981556,0.0,2.3285384817259183,-3.0499185146037657,-0.27622450664184095,0.0,1.145819938391385,-3.2027755013360872,-0.05709804203422362,0.0,1.1049021054115906,-3.109456492450831,-0.17878133999238016,0.0,1.7529557125970359,-3.3011927686595226,-0.28003291366512095,0.0,2.457592575927972,-3.3749509938910283,-0.34745596206474405,0.0,0.7366446295813489,-2.4528428459465728,-0.3320728904094342,0.0,1.2759301435418833,-3.5198550337757557,-0.486013893182756,0.0,2.0196667109138313,-3.998270585874108,-0.5612972031932612,0.0,2.831307722098369,-4.3003232798466,-0.6102325272283263,0.0
0.0,0.0,0.0,0.0,0.33290076913396494,-0.26186561969184774,-0.0014770167371826917,0.0,1.407142040927028,-0.9432265843725559,-0.15856621241600188,0.0,4.190319091422839,-2.076436777075243,-0.6747104752289728,0.0,4.407029143543608,-1.7433163689025253,-0.9007856993082008,0.0,1.0054460276450756,-1.4946797971661874,-0.31235144859286923,0.0,2.7859069270326233,-2.028678862184707,-0.9403974700641867,0.0,2.6932232023312968,-1.1961378099657076,-0.9307855810893401,0.0,2.2458996428207065,-0.6071099585805563,-0.7613721439559789,0.0,0.9747344923576025,-1.4543808007156571,-0.49503654425298477,0.0,3.2893195035486733,-2.244754790763946,-1.3191097019667974,0.0,2.9543854436929817,-1.1459194359657978,-1.0627076678467648,0.0,2.3175358026556543,-0.48669076421192586,-0.7833183346092226,0.0,0.945260168023096,-1.2152176079114734,-0.7211735506347986,0.0,6.1195070987010824,-3.3721356974234293,-3.1820570299946818,0.0,3.64697740995798,-1.0400137011435682,-1.5264433800925357,0.0,2.4693103407363153,-0.30773999923943135,-0.8975523169794792,0.0,0.7537582348227521,-0.5963526689379156,-0.816337279698386,0.0,2.4267086783142657,-0.7531604332290849,-1.7210900944000256,0.0,2.697260453053596,-0.31516961119815534,-1.4978800070037974,0.0,2.21426851257527,0.023395077706091852,-1.0395844905023737,0.0
0.0,0.0,0.0,0.0,0.41407600951502854,-0.13531514505547812,0.030231969572510765,0.0,0.9475971264029849,-0.40473126624759315,-0.01225518076048968,0.0,1.3433472228243923,-0.529978984445627,-0.12893314502586214,0.0,1.531431184651157,-0.6023045593350718,-0.21777474689500873,0.0,1.6591779420499448,-3.307334014861318,0.5642699438835865,0.0,1.6963162435254506,-3.6789120810745186,0.2217227362018198,0.0,2.104473489075189,-3.4658045259327337,-0.026041067448760395,0.0,2.3147615253214155,-2.9961407714325743,-0.1539000899113779,0.0,1.4220807186016937,-3.582562794136249,0.25541762542222757,0.0,1.2277369164934533,-3.170260866883143,-0.01746771638304072,0.0,1.7147865488696226,-3.0985110901879973,-0.1940755301195506,0.0,2.203117312021775,-2.9722028809078287,-0.3095598902721442,0.0,1.0039373853365916,-3.1529589380977714,-0.12075216160506194,0.0,1.063791748814698,-3.1140102030504484,-0.23836030194814511,0.0,1.7601618214325527,-3.324661527413178,-0.34224003170492573,0.0,2.4463141235774795,-3.3133202382672593,-0.4054105936721771,0.0,0.6705036457807727,-2.4351044571127267,-0.39561270552614286,0.0,1.2847802967391473,-3.6207921796578693,-0.589446592044465,0.0,2.135134464288451,-4.188468835284689,-0.6863096511387812,0.0,2.9508754972514044,-4.373671705769882,-0.7278353416067773,0.0
0.0,0.0,0.0,0.0,0.36503904078053406,-0.27824734351278546,0.004924527173360299,0.0,1.58315408698788,-1.0687553787134207,-0.14837570041255635,0.0,4.483170741359942,-2.2881090936075354,-0.643123012664658,0.0,3.9258410099738508,-1.5754584258967372,-0.724566107893596,0.0,0.9574970870003172,-1.5611400058434215,-0.2711994624752551,0.0,2.621543259251193,-2.100644547529315,-0.8324888230196892,0.0,2.673974296976713,-1.3182880026972956,-0.8824251542692927,0.0,2.25154730366993,-0.6918202911988612,-0.734533794151792,0.0,0.9015439780572289,-1.5181682450777019,-0.4405407981221512,0.0,3.218780472373631,-2.4072036579347724,-1.2419397798989298,0.0,3.001682622712773,-1.2774971683935774,-1.0395026653453538,0.0,2.3218876603962197,-0.5448708683138033,-0.758117908164941,0.0,0.8657341061254292,-1.3007475052936521,-0.6558625070820208,0.0,5.980765748893565,-3.7013752877046286,-3.0483904544170013,0.0,3.707270012313066,-1.1935658947945929,-1.5107593490902178,0.0,2.4554530257252436,-0.36014867910618104,-0.8678095173066043,0.0,0.6989663351975269,-0.7073208428041661,-0.7676559468632661,0.0,2.4310542241825606,-0.9925809664545289,-1.6962730993306805,0.0,2.7561143003472086,-0.5030064274825247,-1.4977148502522035,0.0,2.2185380809117414,-0.07820785919770183,-1.0169335419063699,0.0
0.0,0.0,0.0,0.0,0.4192055173007879,-0.1376582151610005,0.03775090758242256,0.0,0.9712231890621438,-0.43199336438395697,0.007948430850835192,0.0,1.3769801147255065,-0.5626626184880157,-0.1017330844788994,0.0,1.54205807282383,-0.5997646006075394,-0.1852073238194828,0.0,1.6579953823680222,-3.2364379581991973,0.5913493336417163,0.0,1.821872572845398,-3.787127391769228,0.27974380694962003,0.0,2.1560664942550356,-3.4403965205008715,0.029950625398516006,0.0,2.2814444287101616,-2.9081395040165923,-0.09338479566383366,0.0,1.4196265148355258,-3.524077905242916,0.28092144586049284,0.0,1.3100864580890572,-3.24360763762538,0.009842468065254639,0.0,1.8010876566534497,-3.135066949907672,-0.16842576278347024,0.0,2.264399154779019,-2.9600365124342494,-0.27782042443194827,0.0,0.9799841211596673,-3.078842054787097,-0.09608157120150988,0.0,1.0994511961216582,-3.131746736353355,-0.22341935917061,0.0,1.782486356020691,-3.3160897061102714,-0.32857719281266695,0.0,2.4465952879037642,-3.2968848989013524,-0.39133385003730564,0.0,0.6472158933885206,-2.40923131233686,-0.36712963186551656,0.0,1.2626262721264547,-3.535926612149609,-0.5535535249825486,0.0,2.0604587065266737,-4.043652766116285,-0.6426277470745403,0.0,2.8602551492946686,-4.265036768832353,-0.6911508802615778,0.0
0.0,0.0,0.0,0.0,0.5129244113244513,-0.09542349126448935,-0.016686303247391922,0.0,1.898618379905491,-0.5716462939062711,-0.23827116224621386,0.0,3.036179005190138,-0.7173127123847682,-0.5305706711074129,0.0,2.532537964842228,-0.47508553691393723,-0.5427733434263358,0.0,0.8612989348555177,-1.5419699730417582,-0.3032745852889822,0.0,2.4214679999937454,-2.1219264683632204,-0.8956827886146709,0.0,2.7710396096726617,-1.4765608433697974,-1.0601652775937074,0.0,2.352164735701038,-0.7565858023175507,-0.8973147540863236,0.0,0.6834997488083099,-1.4480727128165698,-0.43286861850297514,0.0,2.6545059465740555,-2.2732578774616234,-1.187762243522182,0.0,2.9435801585630763,-1.427802129324457,-1.1664014234413715,0.0,2.3508666533776865,-0.6432535316492434,-0.882162006606573,0.0,0.5862917647061083,-1.2526999005935824,-0.6112362298255333,0.0,3.700084086262979,-2.900849255971684,-2.261369725045089,0.0,3.951441631015769,-1.5843159415673387,-1.9071299353420008,0.0,2.5725937850656493,-0.5007300040862308,-1.0825644458429038,0.0,0.47934142961488474,-0.7846684790151364,-0.7528988744871126,0.0,2.2018905445265853,-1.3433328930742985,-1.881175036659982,0.0,3.210092260170764,-1.009972126346074,-2.0822601153497344,0.0,2.5431031821959937,-0.3535014652227872,-1.3891322739892258,0.0
0.0,0.0,0.0,0.0,0.4017315776842821,-0.13075204841663474,0.025732898080639256,0.0,0.9813869088226876,-0.4251689920179691,-0.04056749129275421,0.0,1.3828371246613584,-0.5324207294342446,-0.1828349252468964,0.0,1.5450833233017287,-0.5766869230983858,-0.2900106646072222,0.0,1.6192098265380719,-3.2014136401908737,0.37172874992142413,0.0,1.7030948020076928,-3.5229333989215164,0.04921449255747469,0.0,2.125644773104501,-3.279915968992032,-0.16947412073659182,0.0,2.340841653086676,-2.805879060788388,-0.27469418327601763,0.0,1.3417255422128866,-3.3392914058343734,0.04582985188004981,0.0,1.2537230534295656,-3.0669039835155756,-0.1468420555485882,0.0,1.7775371808577356,-3.0023850375910386,-0.31774517587758516,0.0,2.2770630470702757,-2.8744507623819184,-0.4430833457481064,0.0,0.9294181668196301,-2.8782464916240955,-0.28647418698279137,0.0,1.0790146199181891,-3.046088681718189,-0.3527864976293013,0.0,1.8296924693191818,-3.2806276746350345,-0.4700718708742434,0.0,2.536371565810976,-3.2688776319337496,-0.5592215265268999,0.0,0.631993252288717,-2.2226641265492932,-0.5190524303765756,0.0,1.2994697964661097,-3.5281974039633908,-0.751954136310639,0.0,2.20206158923695,-4.123805664011973,-0.8871511786640338,0.0,3.009230752113719,-4.274140685199843,-0.9617348857143087,0.0
0.0,0.0,0.0,0.0,0.46509682316003165,-0.11460415567442347,-0.0028418833557226682,0.0,1.7673352305481156,-0.6703807546077829,-0.20492496650448802,0.0,3.165705434336594,-0.9972385492867011,-0.5400096170907026,0.0,2.6722235046868286,-0.6799827633429313,-0.577142740187648,0.0,0.8851767658912831,-1.5977535674348262,-0.33886877359931794,0.0,2.4304763198013273,-2.1627102873027133,-0.9363891260952166,0.0,2.7349705323943736,-1.5163735042901219,-1.0855491115484202,0.0,2.348162959574608,-0.8179062333294058,-0.9327959415615342,0.0,0.7135914050019043,-1.5116917924227284,-0.48365968402606047,0.0,2.7548474624526023,-2.3712423365676627,-1.2806949901713998,0.0,2.953190960606246,-1.476674301460316,-1.2123294789627244,0.0,2.3797452128307137,-0.7126255197335715,-0.9374550738094987,0.0,0.6277489303762631,-1.3186654896199257,-0.6856203789678291,0.0,3.686069131897939,-2.962048495629141,-2.373502422497058,0.0,3.785534384559173,-1.5822063343364774,-1.936503664628585,0.0,2.547119406945914,-0.549787495931529,-1.1526856660941884,0.0,0.5121508593823275,-0.8179593347975453,-0.827488570811685,0.0,2.1143900615427835,-1.3620037393668971,-1.9434613509537266,0.0,2.9415458129532426,-0.992776706678986,-2.0721143491459055,0.0,2.4160712968006357,-0.3858426853988792,-1.4499219048124865,0.0
0.0,0.0,0.0,0.0,0.4219425700274197,-0.120371043385486,0.04020456862308541,0.0,0.9996306783730486,-0.4229283034142074,-0.008522159101125177,0.0,1.4070421465049845,-0.5385772171525903,-0.1424064694403112,0.0,1.5862095363864697,-0.5981839848139977,-0.24857652759038304,0.0,1.5284138788880215,-3.1245311977593366,0.4171245156892551,0.0,1.662253319595232,-3.4408041310283513,0.11169964203051218,0.0,2.138069347131322,-3.2798425096895714,-0.10487362167325182,0.0,2.3531759727284327,-2.828156534322577,-0.21805066366730777,0.0,1.2234773100570469,-3.1997176677699466,0.08227242082861123,0.0,1.2856362294291395,-3.063788969761632,-0.11701887812708034,0.0,1.8701602328200493,-3.0473232614467443,-0.2976933132841203,0.0,2.3599300005831387,-2.883790460042798,-0.42487257950598223,0.0,0.8511920250827542,-2.7661531304212525,-0.253721340822228,0.0,1.1539907798929323,-3.0762799126021076,-0.34853328152411855,0.0,1.9582377121822363,-3.315264622348752,-0.4813169939925338,0.0,2.5801478336628554,-3.1720255936340958,-0.5599492828085678,0.0,0.6119549368060107,-2.1860705645456964,-0.5013660369725541,0.0,1.428320307572891,-3.5886918384400013,-0.7671153950135597,0.0,2.4058252875748667,-4.171753960791469,-0.9140181286134622,0.0,3.105204122509675,-4.119303455582844,-0.9587977130794809,0.0
0.0,0.0,0.0,0.0,0.45099043891237783,-0.22947280579400686,0.005055428082094384,0.0,1.6835137591717546,-0.998804469943871,-0.19430498898213378,0.0,2.893730926675849,-1.414287307464447,-0.5210483707325169,0.0,2.4289781168787488,-0.9511279977635063,-0.5504079342793403,0.0,0.6883527895893359,-1.7849332292502513,-0.29062968648331095,0.0,2.077405855714078,-2.4677570340428017,-0.8661940496780319,0.0,2.553677614458147,-1.8715097300440218,-1.091739010512856,0.0,2.2248525268946837,-1.051125918398385,-0.9470902011897859,0.0,0.49258774110461173,-1.6752300830753653,-0.43343091709520853,0.0,2.3375647129214627,-2.7620760753801337,-1.2500922662580165,0.0,2.818519611275476,-1.9081456573170148,-1.2970665975558553,0.0,2.268905111322387,-0.9473702890354384,-0.9850764408274162,0.0,0.37440185082915717,-1.475631917675176,-0.6229847224468675,0.0,2.8167226539801775,-3.3130618107412,-2.1032076455315747,0.0,3.5142377948048513,-2.202318175976872,-1.9690538879691106,0.0,2.395423621722272,-0.8648457666857972,-1.154869458836946,0.0,0.26020331610414743,-0.972910814945221,-0.7569559774148856,0.0,1.7251893865786667,-1.8957179911658575,-1.8932357462179297,0.0,2.8778994849568362,-1.7220390555448344,-2.227084898584851,0.0,2.293939331042359,-0.7844808313356283,-1.4535147142368057,0.0
0.0,0.0,0.0,0.0,0.4441025328274235,-0.12700865853333188,0.053805172694468356,0.0,1.0371927906253757,-0.4112697423549202,0.014579911748299394,0.0,1.4256958115599387,-0.5138084095329685,-0.11178767134305818,0.0,1.5926500941969906,-0.5748669765552891,-0.2157882259227507,0.0,1.6334796243897056,-3.243157895047883,0.43600858455244257,0.0,1.6128584616218926,-3.3082368680844865,0.11381063632000767,0.0,2.0972902990370503,-3.1980417950183755,-0.0965052867627626,0.0,2.3392922063029316,-2.792363636183901,-0.21234979507876237,0.0,1.3061826053422685,-3.3047738889918614,0.06983543118458516,0.0,1.251290999993208,-2.965045555752482,-0.1183363410184398,0.0,1.8417624970904978,-2.9977131187710007,-0.2978609349654913,0.0,2.361986086751485,-2.8975483135987714,-0.4322372380309856,0.0,0.8971116037723248,-2.7865950859870594,-0.28378865863972896,0.0,1.2015672374207802,-3.1141249185079944,-0.3744205029745482,0.0,2.092178803255956,-3.4659791885147224,-0.5204502434731619,0.0,2.769403033201127,-3.3572106516305182,-0.6036277437438367,0.0,0.6349163973712028,-2.1276824450458767,-0.5307156770983906,0.0,1.3852025603716318,-3.4769580828448676,-0.783046056315713,0.0,2.4718913499273136,-4.292639713664818,-0.972592102623298,0.0,3.408209166326136,-4.530339007774741,-1.0770522370321638,0.0
0.0,0.0,0.0,0.0,0.4762390381985572,-0.19568613825272227,-0.0047470290991363075,0.0,1.7618789894990452,-1.0161101725417372,-0.2147454949006412,0.0,2.7714784704658344,-1.3901402847018598,-0.505857361913035,0.0,2.238595370532635,-0.9154032758799724,-0.4996558390647011,0.0,0.6337381265932608,-1.8800073851769858,-0.2072837543780558,0.0,1.931106269978029,-2.540785857684942,-0.6794912103631298,0.0,2.478939881561337,-2.0441542999250712,-0.9357981837507999,0.0,2.2230652812747262,-1.2373990916480613,-0.8589003960741661,0.0,0.4163441455469286,-1.7488858214977894,-0.3221505003675855,0.0,2.184005545209186,-2.871194446544224,-0.9727596860154026,0.0,2.8506193026082065,-2.2184960282396036,-1.1209949930379128,0.0,2.3578070562232494,-1.205566975491742,-0.8980819672732304,0.0,0.28159993075565576,-1.57632331083797,-0.4827741395678114,0.0,2.879745014012718,-3.7856067657237746,-1.9283421051155976,0.0,3.7373236774450658,-2.6704036683659678,-1.9112232399041655,0.0,2.4416361300208247,-1.0607914136962047,-1.090073484589337,0.0,0.1736037171733028,-1.1319214497456052,-0.6263342510191245,0.0,1.6083324007940019,-2.1778917600622636,-1.6581847126357225,0.0,2.9387924903014326,-2.1754546822288376,-2.098100897997522,0.0,2.3448382967644252,-1.0688533770365045,-1.3689206386035622,0.0
0.0,0.0,0.0,0.0,0.44704962181973684,-0.13176654788621633,0.051323716569875714,0.0,1.0468749835515907,-0.4154045262759317,0.008502602533731652,0.0,1.4292453791635191,-0.511520911611194,-0.12114678901779297,0.0,1.5735911183287006,-0.5477848061884206,-0.22130813069961555,0.0,1.6786855867999089,-3.2433568875863585,0.48239274289147127,0.0,1.6578802510552453,-3.3573973173232616,0.1526096114885073,0.0,2.1256206471018952,-3.2268135277522063,-0.06233006054653781,0.0,2.371058437291045,-2.831666630905922,-0.17997104185426194,0.0,1.3576435372997917,-3.3440523920592926,0.11623196209278802,0.0,1.2617268533549864,-2.9875105841190392,-0.08927434191548578,0.0,1.8583168400287138,-3.033449661594082,-0.2701696460845034,0.0,2.432141553808384,-2.987217170009838,-0.4099087747610636,0.0,0.9258928478314002,-2.825890186531541,-0.24934725422270398,0.0,1.1922379316023575,-3.1043237182029073,-0.33544670958041983,0.0,2.070629227256312,-3.472216390714413,-0.47119628785734924,0.0,2.833439112581059,-3.4858907046334444,-0.5637159181855211,0.0,0.6511318962507872,-2.181136627207143,-0.5067278363638622,0.0,1.3514908940805774,-3.4365140775100826,-0.7111822922256332,0.0,2.3946146119831075,-4.216421037502411,-0.8637181786046134,0.0,3.437777050136026,-4.622929421624622,-0.9797518227447906,0.0
0.0,0.0,0.0,0.0,0.5596448904024494,-0.2651071666179077,0.05328840966009561,0.0,2.360265949373145,-1.5414117216277297,0.02159796307792173,0.0,5.029312336129438,-3.2938638156722946,-0.2578042674928114,0.0,3.3921511001754183,-2.025014992376839,-0.3126832582871613,0.0,0.8212980940274447,-1.8507478123634178,-0.024513061542777548,0.0,2.2827748582632763,-2.4887121076396763,-0.31431043416631516,0.0,2.825153216180709,-1.9436656571013082,-0.5275106413343535,0.0,2.451332655577506,-1.1095101713860196,-0.5093750758690916,0.0,0.7143285955795973,-1.811841141732467,-0.16793551447105823,0.0,2.8711496680980626,-2.9569069889185755,-0.6086218384013492,0.0,3.186992203349253,-2.030734117538267,-0.6932098358616416,0.0,2.5279468062820136,-1.0541523056126236,-0.5639638379060684,0.0,0.6716199294218044,-1.6941795804673199,-0.3570292274936705,0.0,4.995732035897559,-4.722115529004527,-1.7755272242181264,0.0,3.9285340022692345,-2.210308339864201,-1.1804757936082328,0.0,2.607391243106465,-0.910074849578432,-0.7015553186596464,0.0,0.5904865750129197,-1.2031780946791084,-0.5305315924541174,0.0,2.5968307446350622,-2.195914589983928,-1.386542320191453,0.0,3.1528492693201633,-1.5964774470196108,-1.2975787863315447,0.0,2.4133014951500553,-0.7354345845146955,-0.828492512602979,0.0
0.0,0.0,0.0,0.0,0.4356334941961536,-0.14739377491996855,0.06774051235922943,0.0,1.0289255256802348,-0.46765338007334173,0.045411949425566644,0.0,1.4632900113632241,-0.5878996085111421,-0.07733907837687169,0.0,1.6696029001843,-0.6626360459978234,-0.18462624266067612,0.0,1.4550284391930124,-3.0690828743154133,0.4127161617833434,0.0,1.4909642763972397,-3.1243459761927985,0.09732568783775182,0.0,2.1337816384674024,-3.1895596875369776,-0.11637759728498773,0.0,2.4768150782578444,-2.836144936579032,-0.24501059331731995,0.0,1.2113213756901844,-3.1248806848430246,0.07516722126488667,0.0,1.3194082791642165,-2.980615852391729,-0.12559363682783167,0.0,2.0064673095719474,-3.0198751234637977,-0.3387582629033759,0.0,2.497322461841486,-2.8096850020328445,-0.4878075019716509,0.0,0.9407966332615638,-2.7769990727880196,-0.26222824631652614,0.0,1.2829084036335263,-3.123767980375213,-0.34100460160107876,0.0,2.1944559276710995,-3.41400549137012,-0.48278101757829883,0.0,2.8267748950489033,-3.2288423060197635,-0.5585449016185086,0.0,0.7721344473868678,-2.2277225055679195,-0.5279953323559415,0.0,1.6193121756479723,-3.70039817843318,-0.7440790405790424,0.0,2.7235975422613694,-4.383325178735175,-0.8711047393440996,0.0,3.585905135448542,-4.4597099962343805,-0.9171416029805178,0.0
0.0,0.0,0.0,0.0,0.41051009364971475,-0.321481991994423,0.08622091463049983,0.0,1.7203511248595467,-1.4291399999365912,0.06249095551378532,0.0,4.090745408694056,-2.9823921979723713,-0.21003688144375557,0.0,3.292552007439107,-2.0297585135995995,-0.35333515610595556,0.0,0.7820938158254227,-1.8509234826642573,-0.1189792141678101,0.0,2.334099647845943,-2.5738621442259992,-0.5109766959423809,0.0,2.7403276067618343,-1.9217945010829582,-0.6894524605259342,0.0,2.3779114594135065,-1.1108145536536478,-0.6230350345808859,0.0,0.7161465668265532,-1.836632128556626,-0.30434222925644405,0.0,2.9578327897221532,-3.084562932828313,-0.9103720202155742,0.0,3.0411836727456176,-1.960481701661972,-0.8515491132654015,0.0,2.43792453909255,-1.0238476197706763,-0.6733031130237244,0.0,0.6959855308966758,-1.6941996500369818,-0.5391748904836043,0.0,4.420008474944765,-4.2962386243463815,-2.020770817951245,0.0,3.653873067110442,-2.084332443225482,-1.3207667567402397,0.0,2.492523367669559,-0.856360702467444,-0.8007104718567357,0.0,0.6018431203113164,-1.1281979280524048,-0.703949409619258,0.0,2.655410436128338,-2.293074047879167,-1.7260448932677686,0.0,3.301807930223515,-1.7541514978740802,-1.6069171014903105,0.0,2.4393452293797413,-0.7892582749142516,-0.9995465390110028,0.0
0.0,0.0,0.0,0.0,0.4303754748099508,-0.1471579275911024,0.04121946681950297,0.0,1.0358719706753698,-0.44182279806033553,-0.00747582963940152,0.0,1.465808795326686,-0.554125782059412,-0.14118865956011228,0.0,1.645009689359449,-0.6031805672816117,-0.24477514597009717,0.0,1.7012363277088447,-3.1526373858151264,0.41269617804410685,0.0,1.7103819156622424,-3.337857561147092,0.08078609819964418,0.0,2.316178058939031,-3.3308497466998808,-0.16694828336582812,0.0,2.563715827459177,-2.856196431961581,-0.30577524264171824,0.0,1.4570235418003705,-3.3212143086620656,0.08548922593993213,0.0,1.3364867651645767,-2.9766002326049894,-0.13345598550879703,0.0,1.942320639735758,-2.987752963885738,-0.349066556454048,0.0,2.444542832901206,-2.825376856905759,-0.5089906355792917,0.0,1.0695890783112227,-2.8975197196595643,-0.25465894908640774,0.0,1.2471322559987847,-3.0444516285851564,-0.34202173663925783,0.0,2.096210778438703,-3.3326134066176345,-0.4960795960809201,0.0,2.7650829803394408,-3.2205391477080605,-0.5912150595211689,0.0,0.7887806666784691,-2.272773034414291,-0.503960979250282,0.0,1.5358728220637383,-3.5835258145210127,-0.7231696763596973,0.0,2.6380426994529134,-4.33719632367766,-0.8921187770411327,0.0,3.6085600164704648,-4.561446828902054,-0.9892473204985001,0.0
0.0,0.0,0.0,0.0,0.5780524643572585,-0.2587358926299214,0.11982188777335463,0.0,1.9356208742362484,-1.201810081758032,0.1535434723856063,0.0,3.594907954308711,-2.099005841692215,-0.02652050821043932,0.0,2.918426665174579,-1.4403793573333317,-0.18959574217533254,0.0,0.8123810570915273,-1.8670601935994524,-0.047868822629157454,0.0,2.217021176555792,-2.507463539264017,-0.331242465917272,0.0,2.811132946147486,-2.061527861952167,-0.5377414152918001,0.0,2.5216076439024535,-1.258615948411243,-0.5301052104190034,0.0,0.6893667483682678,-1.8207214642468748,-0.22945118977825193,0.0,2.7052770800949975,-2.9337627918408797,-0.7137090901540193,0.0,3.194457137150374,-2.11765704998988,-0.810165680691495,0.0,2.5626565027784043,-1.1021543970925838,-0.6556989806966526,0.0,0.6559235803597173,-1.700928031538741,-0.45211514208219156,0.0,4.069706628471518,-4.079748750065487,-1.703134295711589,0.0,3.769911382981571,-2.1734565865973594,-1.2975595846558488,0.0,2.528118998928515,-0.8686584444995986,-0.7922742664073144,0.0,0.5856265764865369,-1.220404381254581,-0.6397792430625581,0.0,2.5736273695139062,-2.4313324745807248,-1.5740164449746812,0.0,3.4872195394581382,-2.046765798735544,-1.6265487770608436,0.0,2.583173026969298,-0.9523630380622696,-1.0259450544576396,0.0
0.0,0.0,0.0,0.0,0.42428785973908995,-0.17880233340335197,0.08123817459494344,0.0,1.017966661157618,-0.5437704326928361,0.08658950957839935,0.0,1.4913644720633619,-0.7044232189649752,-0.019163075591741432,0.0,1.7078361916835698,-0.7491653004548827,-0.11860258980997285,0.0,1.3692027823108646,-3.0054824916937797,0.43619572314816984,0.0,1.5420780478512948,-3.1964273043818245,0.129549686480358,0.0,2.1445455961172404,-3.1848719746846,-0.08094390874552015,0.0,2.415840938364478,-2.765009272606601,-0.2005584239148273,0.0,1.1520762032584873,-3.0831113375519585,0.10253162211080234,0.0,1.3429469698743155,-3.0145866657643077,-0.10677430878657815,0.0,1.9970754717310555,-3.002010661612174,-0.3023415561669694,0.0,2.4048833649314547,-2.719287269626282,-0.4220940120090319,0.0,0.9472475228066117,-2.798951978221663,-0.2436927013179209,0.0,1.35255794504114,-3.1984192200978745,-0.3497340724914013,0.0,2.2198400174760105,-3.3920115241558566,-0.48985981332937656,0.0,2.7209715771327607,-3.062524333647434,-0.5427595136714081,0.0,0.8152969782159074,-2.2489630980885518,-0.5241460276357331,0.0,1.8566138280908056,-3.968818812058063,-0.8223188063919609,0.0,2.88593919249266,-4.4053543428702575,-0.924818577132571,0.0,3.320480089091819,-3.9447495424453547,-0.8696687505487669,0.0
0.0,0.0,0.0,0.0,0.5326816872092418,-0.2833340595741798,0.15226237797517128,0.0,2.03054691510705,-1.3050625385330892,0.2545911884952681,0.0,3.929667280308528,-2.215873373467096,0.13159084709901905,0.0,3.0832496277915307,-1.4419636839846288,-0.07651727629676698,0.0,0.9685124918029722,-1.8826015434603023,-0.007008826384606574,0.0,2.4751852541835118,-2.468563071300927,-0.2302641665527837,0.0,2.9866227621392927,-1.9592016384340287,-0.3894865041711605,0.0,2.6563320386214984,-1.1958358612474689,-0.39235987584243165,0.0,0.8682866424412202,-1.8538379586541018,-0.2144915240642514,0.0,3.019513667701049,-2.8835243212482196,-0.6064943613469959,0.0,3.290747652457355,-1.9811802429671757,-0.6423407784946348,0.0,2.6591656717252397,-1.03236403698657,-0.5312931718111964,0.0,0.8136198232070199,-1.6887882373615248,-0.45043486861361776,0.0,4.471228912224906,-3.972520353571873,-1.5498378905131387,0.0,3.922877352210031,-2.0655164169706115,-1.1227823642819728,0.0,2.651006860771957,-0.8257766822803128,-0.6922793550305576,0.0,0.6831942029703366,-1.148734984037273,-0.6242365916905677,0.0,2.7713503749391117,-2.31808110595068,-1.4473199031989574,0.0,3.7796476698674,-1.9987148826951089,-1.4886173256186828,0.0,2.7696737270123144,-0.9159339335756072,-0.9222294077798158,0.0
0.0,0.0,0.0,0.0,0.43393703795918276,-0.19403740628828783,0.08909195428722463,0.0,1.028439515155784,-0.5741963627137536,0.08073249757609141,0.0,1.5317321560212773,-0.7667733927794265,-0.0476937857445896,0.0,1.740526224740865,-0.7908437183873916,-0.16920363447380207,0.0,1.258133164521112,-2.86449356965278,0.2950860315780069,0.0,1.5206346928486134,-3.1413295235283965,0.015266483511692087,0.0,2.1178285569611206,-3.1150378005925345,-0.18737216034291487,0.0,2.3685452586887377,-2.680919300025714,-0.2992244883148503,0.0,1.063908180836359,-2.9361290337613557,-0.04904378350458942,0.0,1.3541023563985595,-3.003862513887485,-0.23121382343786917,0.0,2.003852287121388,-2.9317467996586157,-0.4203944963881429,0.0,2.3144695266197997,-2.536784667713651,-0.5203429511393874,0.0,0.8734331872819406,-2.6364806230071576,-0.3876384151871267,0.0,1.329995846187642,-3.1504156206462772,-0.4889264719157976,0.0,2.2257782855622095,-3.346944021811036,-0.6480597016787663,0.0,2.632703594221914,-2.9040558001497736,-0.688900347052575,0.0,0.7631401285054822,-2.0925214856085432,-0.648440016387403,0.0,1.7640172890396022,-3.814951695625231,-1.0266846775167704,0.0,2.804719434126399,-4.331381217948126,-1.2013612289776918,0.0,3.2085116365137494,-3.8846981550662845,-1.1661695137810038,0.0
0.0,0.0,0.0,0.0,0.5726792437049506,-0.347338197946169,0.11410268424835539,0.0,2.2315627920340213,-1.3474197844980633,0.10774354345864867,0.0,4.132240014131578,-1.9876848303727717,-0.15775333326285526,0.0,2.991124987716126,-1.1198875398710182,-0.28186599351009767,0.0,0.9654967632473151,-1.7879826051003052,-0.06793183615071506,0.0,2.4752073760691515,-2.31188925854726,-0.36732960956616645,0.0,3.0240566772603557,-1.8243809664329076,-0.5805944481781166,0.0,2.6903254803131373,-1.0843263126515381,-0.5734783020608382,0.0,0.8885035982496974,-1.7721737917525962,-0.258125861060255,0.0,3.146605059288636,-2.75000694897259,-0.7398159552269383,0.0,3.3331538215380023,-1.8405212934677013,-0.7838251525804771,0.0,2.6933775092769734,-0.943888080857162,-0.6610865640535395,0.0,0.8588395907881179,-1.6172600046128793,-0.49412558219688946,0.0,5.134355029178434,-4.167090751527469,-1.8863390250739331,0.0,4.173756058250165,-2.0454394241115517,-1.3073529484322344,0.0,2.7593175973213118,-0.787247259667526,-0.8129974541690429,0.0,0.7288266500879852,-1.0634882446097993,-0.664357421212655,0.0,2.8647249947548072,-2.0466785725690473,-1.5376467737120054,0.0,3.77533876800836,-1.7165308549508944,-1.5799707752949603,0.0,2.7866556102906066,-0.7734972870779409,-1.014326605088419,0.0
0.0,0.0,0.0,0.0,0.43911243182692966,-0.20145115113020778,0.10992089537210124,0.0,1.0345614010894866,-0.58025133775869,0.11654318027397366,0.0,1.5179379164498594,-0.7509684327886902,-0.004896184206152961,0.0,1.730607228744668,-0.7762583706176769,-0.12536813803494332,0.0,1.1875987467814542,-2.8324761745335287,0.3286119772308446,0.0,1.5077790453810291,-3.170156409434134,0.06403305478073183,0.0,2.12882344433711,-3.1729696043068554,-0.12802750978285435,0.0,2.3919206947086744,-2.731321649464857,-0.23589684900864133,0.0,0.9992009565032319,-2.8967725096033283,-0.028739815143946468,0.0,1.3252337938155003,-2.9866681395442867,-0.19094820700732676,0.0,1.9287010333270442,-2.889556626117574,-0.34955832906567696,0.0,2.2804527841157376,-2.5644028575334152,-0.44495143237130846,0.0,0.8344133727918993,-2.598223294760106,-0.37566211390784576,0.0,1.3948630205873194,-3.230817524112821,-0.47292241882388364,0.0,2.2622352994024464,-3.3689740649982407,-0.5858602393768211,0.0,2.650276089246943,-2.9210141252929054,-0.6057946961370702,0.0,0.7560081102315982,-2.0485964371493712,-0.6445058674629472,0.0,1.8666021121837606,-3.8943046327647877,-1.0265123517667893,0.0,2.9121828855954575,-4.389317193467115,-1.141897059569552,0.0,3.278413039569141,-3.9105254184261407,-1.0635826021017463,0.0
0.0,0.0,0.0,0.0,0.5854367860567241,-0.33555008399318936,0.11023783985611454,0.0,2.3852018137941973,-1.3728154890727482,0.1133328336639187,0.0,4.248565123000659,-1.9215978761154557,-0.14622936528509473,0.0,2.946206676874444,-1.034681124839262,-0.2525027523542743,0.0,1.0141924298274683,-1.8042727886983299,-0.028623891342340904,0.0,2.559955705018597,-2.3587482058134928,-0.29863612803565165,0.0,3.1108700592389877,-1.8664326942235956,-0.5122474031806089,0.0,2.729166479512167,-1.106408770334574,-0.513699488518537,0.0,0.9313565557487405,-1.784097684416223,-0.21201621771194026,0.0,3.2405546793878175,-2.8057890980832663,-0.6479853382307108,0.0,3.4441190663280774,-1.8989644102751362,-0.7075513054836133,0.0,2.741950656552216,-0.9728874417767821,-0.5950126904456096,0.0,0.9066011763084095,-1.6430977725518208,-0.43968849407897176,0.0,5.488095627451059,-4.358701861019155,-1.769499627644623,0.0,4.363820200588308,-2.108240139941454,-1.2046445017826901,0.0,2.832481400953446,-0.8067946200648641,-0.7349223781145433,0.0,0.7819370025624595,-1.1168677495549515,-0.6199894874198811,0.0,3.14686770948658,-2.2444909685712697,-1.4965983408793053,0.0,4.140526697011249,-1.9120682659617867,-1.5398214089013667,0.0,3.0009716606807486,-0.8814759601631812,-0.9696269940206961,0.0
0.0,0.0,0.0,0.0,0.43152889002423417,-0.19116475034983105,0.1019460088611707,0.0,1.0171382637684339,-0.5537413330201,0.10373863103585512,0.0,1.500143834203842,-0.7286524071833069,-0.01709782346263494,0.0,1.7226899064858212,-0.7715829799055155,-0.13502840310490746,0.0,1.2336644131295764,-2.8855326102463845,0.35007675022412627,0.0,1.505805737696866,-3.1833904792293186,0.07818715951581764,0.0,2.1038846474313053,-3.169191754881899,-0.11123074578771881,0.0,2.3695189715230582,-2.745413165979519,-0.21792018413255532,0.0,1.0409139783071166,-2.9568658439522375,-0.00225328245495143,0.0,1.3291854732607118,-3.012419488904514,-0.1687260812668275,0.0,1.935898494834247,-2.925564540656714,-0.3266149458505449,0.0,2.3030872666280224,-2.6137043864962046,-0.42302202316207854,0.0,0.859654074499871,-2.6513269110977022,-0.3467104073899297,0.0,1.3877261714504927,-3.2416558042055277,-0.43761099511764256,0.0,2.2451066514477245,-3.390985641478125,-0.5415381982261648,0.0,2.664761853234538,-2.9874721459113007,-0.5644746210158609,0.0,0.772469639436815,-2.115919771962596,-0.618133837403866,0.0,1.847178573248644,-3.918611968120362,-0.9611743469679622,0.0,2.90378054869939,-4.443735552996859,-1.0683254870323935,0.0,3.327698360861792,-4.022337693095314,-1.0012189134356093,0.0
0.0,0.0,0.0,0.0,0.5621639784279447,-0.3571041404905774,0.11560715751656503,0.0,2.165890954763125,-1.436681977796802,0.12122906626453815,0.0,3.4455829244279017,-1.877252336306381,-0.11097646291552095,0.0,2.6455646809579627,-1.2184793969535093,-0.23128794918073814,0.0,0.853111453989215,-1.9393800260542224,-0.03414019784046482,0.0,2.2590520027299403,-2.5897566025693743,-0.30992165117136683,0.0,2.896344688609978,-2.1886085186406468,-0.5313257013103299,0.0,2.6329716277605266,-1.4035833680666037,-0.5413903224341279,0.0,0.7531724854589592,-1.9175949858152117,-0.2259022601895873,0.0,2.7064893821358003,-2.999072886470786,-0.6518059560615832,0.0,3.2340813772244656,-2.3180976698556783,-0.7868174446819499,0.0,2.692787801967182,-1.2927251868956517,-0.6862444625915518,0.0,0.7052249475142467,-1.774896375448225,-0.4591782395061071,0.0,4.20707299866227,-4.404016883219049,-1.6454049672619397,0.0,4.158817341921985,-2.681030600333327,-1.37889012225708,0.0,2.714972803408286,-1.097203416144243,-0.8448834548311914,0.0,0.5892164603596742,-1.2338715648760992,-0.6346692876684698,0.0,2.5564195504891796,-2.5338809382863903,-1.4984459523803417,0.0,3.753083981611882,-2.4240005316121827,-1.6851026999589334,0.0,2.7565948627750965,-1.1811022854756565,-1.0701337935736959,0.0
0.0,0.0,0.0,0.0,0.41673372581405,-0.16644972185985882,0.07787430965497995,0.0,0.9839922210407462,-0.4918473907776338,0.05202285765297976,0.0,1.4447789142087322,-0.6475492601135878,-0.0855047407414392,0.0,1.6985929285656276,-0.7361426483364198,-0.21137926662248002,0.0,1.323368455479363,-2.9590208297329053,0.33730901788094675,0.0,1.4807024915762932,-3.1030946612868053,0.04834534774513356,0.0,2.0726117093367153,-3.0890733466081173,-0.14007728678688897,0.0,2.3507340021643452,-2.701631421724702,-0.2468312462716251,0.0,1.1098271021475596,-3.0353766838113554,-0.007965032395250827,0.0,1.3089732690847824,-2.95976439745023,-0.17431048319536968,0.0,1.9609096735992453,-2.929625475408943,-0.34247639801334445,0.0,2.3414265458649983,-2.633856624180334,-0.44612725302383305,0.0,0.8753754637429992,-2.69710875234313,-0.3468763605289797,0.0,1.2918821611267493,-3.115451714501974,-0.426482785925309,0.0,2.220004623521819,-3.4003965401799667,-0.5497938522129602,0.0,2.7578861501633902,-3.1203178150518722,-0.5935216118295126,0.0,0.7406801699352892,-2.1398958545848936,-0.6095240385724683,0.0,1.7017335076634854,-3.761360136661626,-0.9325947469067557,0.0,2.8798135822688016,-4.469246580165768,-1.107427036679441,0.0,3.4769437556379015,-4.202765076503662,-1.092092281121383,0.0
0.0,0.0,0.0,0.0,0.6470725327936584,-0.2835053064658515,0.11200020057751582,0.0,2.3549096980741773,-1.1576874165460556,0.10168468593550299,0.0,3.4997158239858903,-1.445180841965168,-0.133776873633502,0.0,2.7143793184163565,-0.9461921056315842,-0.250018491710302,0.0,0.9221569272484686,-1.7700458722869108,-0.01484996373303521,0.0,2.351807550252217,-2.3146807382725147,-0.27714906094875574,0.0,3.087878671548754,-1.9962313125833417,-0.546302750658386,0.0,2.803945264941225,-1.2292146343853794,-0.5852605852958203,0.0,0.8424439129362583,-1.766019004342091,-0.20145997272726307,0.0,3.05206458395615,-2.814727249328678,-0.6698653740948834,0.0,3.458268734080082,-2.065707238449782,-0.8287523458876258,0.0,2.759556533772943,-1.0440263896683146,-0.7121192575302603,0.0,0.8291411145345751,-1.6593547376233497,-0.44268173402354366,0.0,5.100416948934353,-4.306736508875603,-1.846762121942971,0.0,4.259576254282684,-2.211612078230939,-1.380423196000192,0.0,2.7441350751631064,-0.8367854517204604,-0.8508530406566307,0.0,0.747037093893507,-1.171866412763163,-0.6547971193918412,0.0,2.6204301287808076,-1.9406515579099393,-1.4497691135487012,0.0,3.384899128054137,-1.619362011479195,-1.5324911297735848,0.0,2.6567459224191308,-0.785956193342194,-1.0646232738772554,0.0
0.0,0.0,0.0,0.0,0.42419417581718677,-0.16569404350348052,0.07046453890524959,0.0,0.997088319435579,-0.4898976436153522,0.041072316795038324,0.0,1.4692727073614387,-0.649771096487705,-0.09588660440819702,0.0,1.7162421805206594,-0.7284223358894159,-0.22032127006197413,0.0,1.3927779342356814,-2.986332006222611,0.3240572614389893,0.0,1.5589378495095232,-3.160187191813926,0.029844777521270453,0.0,2.143633983725656,-3.1204633521511913,-0.17662044491359946,0.0,2.3834563257557284,-2.6726530145064387,-0.287634872337942,0.0,1.1554087198472505,-3.04237643062981,-0.013694959645432894,0.0,1.3254112343803137,-2.9335731286863806,-0.18899000726909432,0.0,1.9623465707889116,-2.90015342107281,-0.3682634814698905,0.0,2.3272192726159004,-2.5828406452663533,-0.4735650297862831,0.0,0.9149501024254811,-2.7068220797599243,-0.34557450513568383,0.0,1.3666399237912146,-3.162474224945112,-0.4519741540920477,0.0,2.2825285622698224,-3.3801764009795146,-0.5934391522121351,0.0,2.719309739637364,-2.9521322879561214,-0.6250609325126724,0.0,0.759916540628191,-2.128255465168117,-0.6015152512181766,0.0,1.81086843013718,-3.858736614858617,-0.9816283382943253,0.0,2.9492477943722726,-4.47308547748805,-1.1575722691281969,0.0,3.3605798712113013,-3.9902112868046915,-1.094228932918276,0.0
0.0,0.0,0.0,0.0,0.5820656633994982,-0.31827659305112255,0.11341420812597691,0.0,2.1609010316990633,-1.2746987241338124,0.09187268461008316,0.0,3.184391106662564,-1.5690914544041081,-0.14554718170545838,0.0,2.5442113690530066,-1.0780666044294707,-0.26372243499097664,0.0,0.8862039122893871,-1.940615198042313,-0.06647656138115544,0.0,2.2840464906275737,-2.5321045986399717,-0.35021362313801596,0.0,2.9013009621871526,-2.15257114270884,-0.5685593519301425,0.0,2.6980961484182946,-1.45232235429787,-0.5957158700046638,0.0,0.7589541076641185,-1.9031095635637054,-0.26507231272451254,0.0,2.750612411348538,-2.9563007001115604,-0.710828863928118,0.0,3.2453778027594153,-2.2759836133648976,-0.8331786553704364,0.0,2.743733915652972,-1.3190970920227716,-0.7452006408428435,0.0,0.677034721094274,-1.7367575763912657,-0.49874955696612305,0.0,4.164276890881696,-4.289647559555187,-1.733125898776345,0.0,4.244085496997643,-2.68991263020936,-1.476052381235636,0.0,2.78161099172438,-1.1219366833133309,-0.9159122358335682,0.0,0.5362780794223112,-1.1780923993942936,-0.6667558477239209,0.0,2.245943483454167,-2.328855414922917,-1.4734746118630342,0.0,3.6693639702188627,-2.4378715423804973,-1.810969333040621,0.0,2.739223118175824,-1.171546802562068,-1.1653029830471615,0.0
0.0,0.0,0.0,0.0,0.41941740432113256,-0.17562553432576766,0.07008450939303641,0.0,0.97906278732557,-0.5132574205869957,0.040913705379501134,0.0,1.463617360656964,-0.6990876539537968,-0.09352604409195095,0.0,1.7289621082520827,-0.7967716960363436,-0.21541692975448412,0.0,1.444455192207276,-3.1293425271129838,0.2977465726988061,0.0,1.5507443500534348,-3.2313299802152553,-0.009522550033557299,0.0,2.1265823274358846,-3.193564911536897,-0.21618424165761954,0.0,2.365890298217169,-2.7446715679161553,-0.3226953599992747,0.0,1.2070431136949522,-3.221000603154743,-0.0492668212025617,0.0,1.3187451426194596,-3.016167603876946,-0.21944637309824608,0.0,1.9206954486965553,-2.9425989496459244,-0.3854210975161484,0.0,2.2712741477547183,-2.617441845787968,-0.4802658177742739,0.0,0.9062947126958563,-2.7911097578836777,-0.3791645425016114,0.0,1.2903159339565966,-3.1877737981804675,-0.4785651754016972,0.0,2.16718881205698,-3.4154012242829603,-0.6095840043797232,0.0,2.6364125717951774,-3.0374498873368725,-0.6380145427065588,0.0,0.6989006471786452,-2.1279373615326262,-0.6106750025365328,0.0,1.5998374981270442,-3.7404631241131345,-0.9781401189292861,0.0,2.7302229966535507,-4.475681497187511,-1.188359356520718,0.0,3.271769467551706,-4.134506823516978,-1.155355609694811,0.0
0.0,0.0,0.0,0.0,0.64300875865777,-0.2736362539581106,0.10457258118752845,0.0,2.305200845255249,-1.1273591500648377,0.0813917357142654,0.0,3.1930511355602436,-1.3383380342266598,-0.1447648403959527,0.0,2.578949207160967,-0.9778166074159476,-0.25525055754932063,0.0,0.9183736361195739,-1.8738389904135138,-0.0032282790868227744,0.0,2.254137174612214,-2.4113525972362213,-0.24689632741655698,0.0,3.0052588374522773,-2.1548296801840006,-0.5078398747346103,0.0,2.836031845718138,-1.4312308415550332,-0.5708241454823049,0.0,0.8109002965506489,-1.851919382686629,-0.18732103433544983,0.0,2.7965749256524357,-2.87181411476675,-0.5923343556078541,0.0,3.421646325077764,-2.3256101183625852,-0.801071220579072,0.0,2.848819539207731,-1.2752428243030396,-0.7234774529797648,0.0,0.7808354223430256,-1.7400068493207639,-0.41891721588683295,0.0,4.487814601433868,-4.339697408252342,-1.5780091283501925,0.0,4.547917940637624,-2.7692723483860706,-1.4125714780841132,0.0,2.867177069830459,-1.0743406795272332,-0.8486979396537869,0.0,0.7015796526689972,-1.2427052167268997,-0.6257248043989783,0.0,2.623091869353635,-2.3323474611798707,-1.4190619170638952,0.0,3.8111383827903773,-2.2434468193045287,-1.639816042044325,0.0,2.814036901501211,-1.0588366808450396,-1.0546783195202631,0.0
0.0,0.0,0.0,0.0,0.4295040613260222,-0.16531337648135225,0.07947797378830794,0.0,0.9732712535457617,-0.48328977241888377,0.06452670024714909,0.0,1.4378144517762583,-0.6512126961509838,-0.05976804675338598,0.0,1.7000770856426703,-0.7494842511167,-0.1797253776432598,0.0,1.5122419134173737,-3.110270053674835,0.43390258190465975,0.0,1.599918253944174,-3.2640664152802774,0.12018949760074041,0.0,2.1234915772837404,-3.17909434173289,-0.0810628292130804,0.0,2.3616182706673086,-2.7512552985669445,-0.1938257315234616,0.0,1.2719812858694441,-3.258319951497811,0.07008154444232356,0.0,1.298660167624598,-2.9641897266004196,-0.1307392627721901,0.0,1.886790531990136,-2.9196203623557593,-0.3011693693427962,0.0,2.288923956150716,-2.6623541713719625,-0.40412888162878957,0.0,0.9476205377771315,-2.8339384757235577,-0.29489953443455397,0.0,1.3204931367583859,-3.180443303310404,-0.399087756838593,0.0,2.177452007503468,-3.3692825761736387,-0.5272747774870705,0.0,2.6364540934654848,-2.984646407592005,-0.5596296077713423,0.0,0.7133811442980076,-2.1511806880275697,-0.5519182358205299,0.0,1.6754477011743554,-3.7722182896671343,-0.8963298186894996,0.0,2.7476406413643617,-4.382064991375186,-1.0624727946901693,0.0,3.218888742843277,-3.987992693853742,-1.018814957334951,0.0
0.0,0.0,0.0,0.0,0.5515526287528677,-0.2722580398850543,0.08849674582804105,0.0,1.850874751838384,-1.1138875429254642,0.029431700546874443,0.0,3.04300858618658,-1.6273720088501298,-0.21507237686001632,0.0,2.558021790616929,-1.1956008457349254,-0.33381208702887705,0.0,0.8463549591257268,-1.9558363764104705,-0.1603051569632599,0.0,2.2211487374546914,-2.5891678096312196,-0.5309301552503122,0.0,2.7450299575536024,-2.11596449048015,-0.7314814639332122,0.0,2.5132146776808444,-1.3740542870505716,-0.706131997175528,0.0,0.6892836484763925,-1.8858478932062803,-0.35309954911955993,0.0,2.5720451796932986,-2.963958271646629,-0.9278143844253641,0.0,3.095362488210554,-2.2442010738198537,-1.0350282341491768,0.0,2.5944349782963365,-1.2524598446296276,-0.8775846759370266,0.0,0.6125902319181138,-1.7118990753995191,-0.5866961353514845,0.0,3.3849484932596283,-3.822104717513868,-1.8312748533419363,0.0,3.9347074896298744,-2.6646370792478806,-1.7321849398627638,0.0,2.6697557864333445,-1.127257368684685,-1.0897160496784597,0.0,0.5020892958952524,-1.1702771830136618,-0.748600077053942,0.0,2.142063592713271,-2.381853967381131,-1.7125367997554188,0.0,3.4195393444393476,-2.4030416189994197,-2.0743415680897384,0.0,2.5785815537852663,-1.1484588835910032,-1.3523796244363966,0.0
0.0,0.0,0.0,0.0,0.4211066226557025,-0.15981288982874517,0.07105334679201367,0.0,0.9640908776714535,-0.4759900040631405,0.054036248747271816,0.0,1.3971808277840345,-0.6080004298773815,-0.06457315849791678,0.0,1.6318620390750223,-0.6904663325767336,-0.17327107728492216,0.0,1.4857837360298007,-3.169700041972012,0.44786203706519667,0.0,1.5604520857116897,-3.2961441772536797,0.1302215376675294,0.0,2.0578093544336444,-3.195103026684206,-0.07830034633759177,0.0,2.286156142973609,-2.767445996016641,-0.19544905729678827,0.0,1.2199445850311006,-3.2692440683634207,0.0948871501342002,0.0,1.264459793701006,-2.999686503295451,-0.11671674778510789,0.0,1.8627981247062564,-2.9819670089702983,-0.2982226240104277,0.0,2.2650580988925273,-2.7192069903466765,-0.4075665786505785,0.0,0.9284105310280448,-2.883493565826829,-0.26499025415879446,0.0,1.217482451689932,-3.1320568940545646,-0.36511887547529887,0.0,2.0655706196966883,-3.3962205989470196,-0.5041931062513744,0.0,2.6216903569775796,-3.143394474447119,-0.5624326291312075,0.0,0.7322852417098453,-2.2363672599504367,-0.5351854278178672,0.0,1.6211645781115473,-3.8128296674328697,-0.8530666740354755,0.0,2.679792508223727,-4.440706542733178,-1.0221296712799992,0.0,3.197235129387826,-4.07959760032227,-0.9941127476432579,0.0
0.0,0.0,0.0,0.0,0.5893049502237372,-0.3013055004364387,0.10927647963198728,0.0,2.039095579541903,-1.2492195539349864,0.1043852161985436,0.0,3.1788079798096835,-1.7039096438870804,-0.10472049296089647,0.0,2.6237912586255456,-1.2429647964312538,-0.2355970453655232,0.0,0.855434990440813,-1.9557669325967673,-0.04888025168924635,0.0,2.246901912396785,-2.616918496080035,-0.34233373734874806,0.0,2.8821992081518317,-2.2459992804239,-0.5808084155860038,0.0,2.6173306525471296,-1.445025359187777,-0.5910196352580498,0.0,0.720278594202258,-1.907651064673639,-0.24700284122145738,0.0,2.7022495865160545,-3.049753348576614,-0.734193456018614,0.0,3.13519531179551,-2.320545037080843,-0.865219893908465,0.0,2.601406932662636,-1.2893309350074222,-0.74138303355795,0.0,0.6469344855249629,-1.7352374082127862,-0.4806108198175655,0.0,4.005522535850287,-4.339926246457332,-1.7555514122400155,0.0,3.9436629475008846,-2.675213249353443,-1.4595513122615225,0.0,2.6685267338481315,-1.1645650901261104,-0.9151723005882052,0.0,0.5450652160439198,-1.1991549597562852,-0.6588935280801617,0.0,2.200336374273469,-2.339763240641011,-1.4881891053729273,0.0,3.4928461243558884,-2.467929298624947,-1.835265527065546,0.0,2.749813276129574,-1.294840105779801,-1.2441292656500407,0.0
0.0,0.0,0.0,0.0,0.4167871066143112,-0.14914704202284168,0.071022659614686,0.0,0.9414080358109046,-0.4563456847538014,0.0601901591103959,0.0,1.3776791653921798,-0.6038987071257161,-0.052402351065842276,0.0,1.6391062580056892,-0.7105701811263089,-0.16224830842373403,0.0,1.564324612973182,-3.1831822667273455,0.4993794943710557,0.0,1.6181919275923904,-3.339529568568265,0.17572203767147732,0.0,2.0929701199494266,-3.2034117579172605,-0.035220916994351856,0.0,2.313767023250597,-2.7712235818605677,-0.15503203447387318,0.0,1.310076712387823,-3.360215780879517,0.14124941345770242,0.0,1.2639319635756225,-2.981499944195107,-0.08890197299805228,0.0,1.8349692396168844,-2.9466802848568516,-0.27245223309878536,0.0,2.2516274831598504,-2.7136941593031167,-0.38561162304721447,0.0,0.9624453763308762,-2.931308510383349,-0.23368653004086554,0.0,1.2284282839910958,-3.129114843414374,-0.3417571813805153,0.0,2.0378607258868713,-3.3326285889929776,-0.48176856667991896,0.0,2.554526993258946,-3.0534141474138115,-0.5391142931930143,0.0,0.7099615484274212,-2.2301745332684084,-0.5014591783788714,0.0,1.621997532490932,-3.805832032060115,-0.8200833860047239,0.0,2.623604789831341,-4.350835485212293,-0.9743087472990518,0.0,3.0949765665964417,-3.9726768578479956,-0.9444392004579937,0.0
0.0,0.0,0.0,0.0,0.5765180247028684,-0.3313982886737154,0.11630336253212364,0.0,1.865023412933247,-1.364812945354718,0.13220375263631137,0.0,3.29521262587328,-2.1861401089909354,-0.062123747170377795,0.0,2.7381866110975395,-1.54647563510601,-0.2169969109038889,0.0,0.7708706509934845,-2.047594164530397,-0.036535991635616216,0.0,2.193313695605167,-2.8055412871835457,-0.3180620644199851,0.0,2.7426636286754196,-2.39003184327384,-0.5323876393744919,0.0,2.5295447540945437,-1.593734008794179,-0.5534106029341729,0.0,0.6372912090237458,-1.996335467801957,-0.22470533810162696,0.0,2.6880814473516086,-3.325595129603902,-0.7066160211076215,0.0,3.068165111755822,-2.4996003289275164,-0.8030461159438832,0.0,2.5356681274150685,-1.4203590622570186,-0.6831027094314881,0.0,0.5882100709489833,-1.8622886461821244,-0.4537042822726948,0.0,3.841648727183246,-4.635464895477999,-1.6663376871962716,0.0,3.757140972456683,-2.8868500557967764,-1.3774519147899749,0.0,2.605501861906665,-1.3306941993452799,-0.8834019522853,0.0,0.5097415012727511,-1.334550739963448,-0.6327633356852258,0.0,2.2241527092336546,-2.7354864605495597,-1.4896318884358233,0.0,3.584154019658449,-2.9753889735358507,-1.856068428399207,0.0,2.795445156680082,-1.6143806472206605,-1.2442977827692054,0.0
0.0,0.0,0.0,0.0,0.45070772649769336,-0.1622178317935193,0.10374656062392003,0.0,0.9464968828998874,-0.45147933066130974,0.1088623485741574,0.0,1.3622630669721987,-0.5955950632025764,-0.006398799115061239,0.0,1.6284444873660329,-0.7208758890051806,-0.12609577820606332,0.0,1.4688157250379217,-3.0707597162792895,0.6955381056197009,0.0,1.5499645196610623,-3.2782168902592708,0.40056081416933637,0.0,2.0479500014009,-3.209294405815558,0.21588274154563697,0.0,2.3023541694597403,-2.844056681252561,0.08945009000209132,0.0,1.2668243460937807,-3.359719263812237,0.310985996073041,0.0,1.2584999389266076,-3.021116890121202,0.06468995861881692,0.0,1.8562914181175665,-3.0365593379427294,-0.10523208300336374,0.0,2.304279781289423,-2.8515391648351227,-0.21454715631688645,0.0,0.9234483868757424,-2.935852824660295,-0.13171804309672028,0.0,1.180013212872556,-3.1150255800133544,-0.20573614139180157,0.0,1.9938262222512833,-3.350935484735726,-0.30255882409203017,0.0,2.5647665356144818,-3.152038797366224,-0.3558632562897991,0.0,0.7006650913162921,-2.2209119176200303,-0.4536230311277786,0.0,1.5180758244475034,-3.655742532725911,-0.6613451848269982,0.0,2.445229322871576,-4.1420031822608765,-0.7483871512674243,0.0,2.958989604327778,-3.8696873304712534,-0.7310963120202175,0.0
0.0,0.0,0.0,0.0,0.5896049308041789,-0.3392814942585349,0.10754842145766623,0.0,1.92906805528391,-1.338620425513044,0.0930773304871077,0.0,3.1872506727124628,-1.991361414395298,-0.12873888878243675,0.0,2.6334843151757754,-1.4197380418475452,-0.2647314852845103,0.0,0.8409536236426117,-2.045801308868623,-0.05805628268662417,0.0,2.2477691939011235,-2.780266189747527,-0.37925845478758463,0.0,2.8727458943205453,-2.4479432508435077,-0.6430929738638181,0.0,2.607777889610175,-1.6146379068125591,-0.6547411996608414,0.0,0.7076307188163986,-2.010429912300083,-0.2646427991507118,0.0,2.80105647386772,-3.346099454215674,-0.8307753319595712,0.0,3.112116697281819,-2.512855839589249,-0.9311108763620963,0.0,2.5574005386329723,-1.4281453196355294,-0.7803603186279684,0.0,0.6307954614226514,-1.846443381454256,-0.5109409391001025,0.0,4.087472522140273,-4.728079518991112,-1.951750130887248,0.0,3.7891349001532797,-2.830468402164742,-1.528824455400751,0.0,2.6032015017468515,-1.3018147435985443,-0.9616198880394083,0.0,0.524930328669444,-1.290092693819702,-0.6948941978045646,0.0,2.0018097517786693,-2.3835926465245403,-1.514371463736323,0.0,3.22047751411744,-2.6222883945592965,-1.9054322855335388,0.0,2.738835960279562,-1.55259392854285,-1.3819021530322593,0.0
0.0,0.0,0.0,0.0,0.42755321234722415,-0.16147089663339792,0.09209390960439953,0.0,0.918857933586606,-0.44777590032880327,0.09230026107518219,0.0,1.322755096234125,-0.5841404660202784,-0.01794497537136278,0.0,1.6008842548163749,-0.7213911368522649,-0.13245578359019422,0.0,1.48691216089675,-3.1681761641709913,0.636167970328694,0.0,1.5164002752754369,-3.2975355798600505,0.3174571275954403,0.0,1.9788873276542176,-3.1822121483546875,0.12191219622143722,0.0,2.215844829938606,-2.8000021517656917,0.000842194135529981,0.0,1.272308491186868,-3.418718514320332,0.25961639218793553,0.0,1.2237667973233737,-3.0206830777433886,0.013360099339528095,0.0,1.7956517754049393,-2.995023133312115,-0.16085849260607835,0.0,2.220991169809465,-2.7867969295704635,-0.26999016369443063,0.0,0.9166829880410019,-2.9653345761199392,-0.16116453280579143,0.0,1.1748952842309204,-3.1627409683524115,-0.2447314816047401,0.0,1.9816197820013184,-3.3813886671937716,-0.35219048353888105,0.0,2.523967776999627,-3.146834883157148,-0.40398025239939434,0.0,0.6801974029085789,-2.240947060712512,-0.46221319880973327,0.0,1.5038202077707865,-3.741613273899492,-0.693103017981977,0.0,2.4708374677297176,-4.300338939901032,-0.7975487869549376,0.0,3.014912436277125,-4.04480687565039,-0.7803025292759801,0.0
0.0,0.0,0.0,0.0,0.5098406520470214,-0.38807469258121374,0.0401580209501751,0.0,1.5702702033689402,-1.4719750631768915,-0.09705956481975392,0.0,2.6509180346823213,-2.2329248796077317,-0.38838088494373335,0.0,2.283607510083566,-1.6389881683431229,-0.46576310308663493,0.0,0.602386165581655,-2.2338482445149137,-0.23056249538071397,0.0,1.9177303323333648,-3.1955139785633144,-0.7582744652192916,0.0,2.406293789567798,-2.7360084685237673,-1.0091243864002395,0.0,2.2021543122290255,-1.8250562473665437,-0.9259850018724156,0.0,0.41432513806467774,-2.1262800559027557,-0.42574413677485595,0.0,2.1974440548230265,-3.6498556968908065,-1.2507719772420713,0.0,2.546126020158366,-2.765561313379406,-1.2806106490038767,0.0,2.1980536778706,-1.6698497107838666,-1.031109444638572,0.0,0.2941955894151787,-1.8449899790787074,-0.6512783507600612,0.0,2.711454362681358,-4.643552665797061,-2.255395016573962,0.0,3.176832431249579,-3.415764021165623,-1.9995049334675006,0.0,2.3940956262499546,-1.7810549348890035,-1.2845412747214102,0.0,0.1844217101553965,-1.1507495296923458,-0.7483317811179488,0.0,1.243084843112505,-2.422226582560228,-1.6760756065815676,0.0,2.656161148698934,-3.3764780042003673,-2.459139430108202,0.0,2.6376000537950515,-2.417168779080597,-1.9480747349132865,0.0
0.0,0.0,0.0,0.0,0.4166130575780188,-0.1747330891731714,0.0947694494344881,0.0,0.9130178736836503,-0.4848123676441932,0.10360500711708263,0.0,1.3256722873969475,-0.6309453369791409,0.0018239434793311702,0.0,1.5913164632859305,-0.7493160439047214,-0.1056945104148697,0.0,1.4911727501428271,-3.234599085366961,0.6389200373841861,0.0,1.607751538862678,-3.5082829755778215,0.34131558475406676,0.0,2.0260982708673945,-3.3232046843869787,0.1295597585509756,0.0,2.194121957237794,-2.8605456803558043,0.0014170728415454996,0.0,1.3004488795004465,-3.5414761349668225,0.26160396212249293,0.0,1.275020684131062,-3.1657625923481167,0.013873377442401373,0.0,1.7974067029564822,-3.082767433150062,-0.15749541917066956,0.0,2.1864201232643388,-2.8449717953105447,-0.26073630370277134,0.0,0.9472032968042089,-3.0768480231352076,-0.1688320490704866,0.0,1.164905340958309,-3.205616176229325,-0.24984589605504348,0.0,1.8863406780445384,-3.358258925423975,-0.3502427837764163,0.0,2.4036648697422005,-3.1430646692913946,-0.4018991026710637,0.0,0.6909816931132539,-2.311055096037701,-0.46950953404499096,0.0,1.4697008712866526,-3.769951815481474,-0.688205886700332,0.0,2.284454256484724,-4.17579411721892,-0.7600269418399491,0.0,2.77920895102866,-3.9475913102768634,-0.743697984503287,0.0
0.0,0.0,0.0,0.0,0.48568460102434413,-0.30698916441937135,0.04662578148236983,0.0,1.6334801852500687,-1.4217602580196806,-0.03390213954710057,0.0,3.1182720990803237,-2.60497038664602,-0.3135192625537864,0.0,2.5315986230673793,-1.8809106919176046,-0.38724942370602805,0.0,0.7776878897173309,-2.3951545588660927,-0.0866924757850231,0.0,2.0311028303119087,-3.2938543368316897,-0.46885163198579854,0.0,2.5443870499585715,-2.9008204873802304,-0.7386366684747937,0.0,2.347966988196585,-2.0211705853902884,-0.7339823364191548,0.0,0.6091785596859005,-2.3181287428419557,-0.2785103629478108,0.0,2.457619010726148,-3.912667396465777,-0.8860113556490171,0.0,2.7752138971794706,-3.026328651259765,-0.9862138267064552,0.0,2.3880387119977056,-1.885216401910687,-0.8407176129241347,0.0,0.522735561940122,-2.129651146129806,-0.5143762282311001,0.0,3.160559451057097,-5.1239726279560935,-1.7913073055090285,0.0,3.4499773496964394,-3.699077416557443,-1.591192504737478,0.0,2.563616188521386,-1.9419769457235603,-1.0387452538327349,0.0,0.4239047279827897,-1.45714929762099,-0.6716471519389122,0.0,1.782611652725716,-3.0850021658747955,-1.573037658661951,0.0,3.41287951829342,-4.115186440133902,-2.2558877828720303,0.0,2.949789184316949,-2.586666042468282,-1.6053952034846215,0.0
0.0,0.0,0.0,0.0,0.4077607332859402,-0.1714512475182138,0.07477795277715162,0.0,0.8858053000687828,-0.4594536061187504,0.06403962964086592,0.0,1.2879694367942383,-0.6212077392513754,-0.04910899523868064,0.0,1.5573991755129208,-0.7637493312980002,-0.1635890362640031,0.0,1.4576769866974904,-3.2629113483817713,0.6557791692197845,0.0,1.5602028384291626,-3.5983333046660686,0.3554802704709659,0.0,1.9804688988018515,-3.398939050743112,0.13972798406370684,0.0,2.1808165431284485,-2.96036251170701,0.017508666670670227,0.0,1.2495511839579831,-3.5698011729755725,0.30174048872660136,0.0,1.185721399373593,-3.1720197393163523,0.050942181834469226,0.0,1.706802831997146,-3.1179102743041343,-0.11372710139668832,0.0,2.15284850241488,-2.9709553813017724,-0.21467819291539997,0.0,0.8933076005325286,-3.139028739655825,-0.11848835387087589,0.0,1.0508119338487922,-3.16104858393917,-0.19731449572304569,0.0,1.7673106263051237,-3.3574966346904933,-0.2936442910204462,0.0,2.373093365551656,-3.2885149215980785,-0.35320714260393143,0.0,0.6506148452869964,-2.438936101307525,-0.4256184244610545,0.0,1.3420283261826578,-3.750292612870554,-0.5908708223209541,0.0,2.1851828542899567,-4.232661777373749,-0.6617207559626059,0.0,2.869982396140981,-4.261989971040303,-0.6811288779707428,0.0
0.0,0.0,0.0,0.0,0.33381126433546715,-0.3273361670570762,-0.009816037197991791,0.0,1.1545563168179636,-1.4957171154148174,-0.1902338465389099,0.0,2.4111077701414505,-2.9258440958668346,-0.5677472599119866,0.0,2.0718600087304746,-2.2183539107237213,-0.5778724363528119,0.0,0.5964925080093374,-3.0430530821480066,-0.4001195472257326,0.0,1.455166395749709,-3.7508655009754928,-0.8855447163896146,0.0,1.8929123010741606,-3.2337162945571207,-1.063549515218902,0.0,1.8793588984441338,-2.358086612071253,-0.974629211638304,0.0,0.3315390963523288,-2.7541092582175524,-0.5781222636408194,0.0,1.54957574452544,-4.143161434994061,-1.2431719127255025,0.0,1.986177247419328,-3.3609207873157567,-1.2430239414795592,0.0,1.942073482621113,-2.3271008358514957,-1.0612010735904454,0.0,0.13884195771896743,-2.1930993148936677,-0.7292805695367741,0.0,1.601132413920563,-4.78411248119689,-1.868050993588161,0.0,2.402500967641385,-4.2246851857452565,-1.8250948139983305,0.0,2.1792090983137897,-2.614865168824637,-1.3074507116961818,0.0,0.024065640247899058,-1.3294258528075076,-0.7380175101294608,0.0,0.8964531649995767,-3.348661964823768,-1.7440089752137093,0.0,2.486572344781802,-5.284289302430402,-2.7688735227266243,0.0,2.5765135265650363,-3.7172048746008404,-2.1169232602593664,0.0
0.0,0.0,0.0,0.0,0.39470942663899505,-0.15049888237138437,0.08447464977463054,0.0,0.8615079349920364,-0.44703331678205643,0.08933935511576324,0.0,1.2665871015281804,-0.6120031352183791,-0.008934747724488776,0.0,1.571978668484136,-0.7829725859166927,-0.11626860747711353,0.0,1.5248954029857897,-3.308692747177497,0.6563673293823162,0.0,1.5875795909267656,-3.5727593575260506,0.35082942120809757,0.0,1.9732936027040222,-3.3379291128752775,0.14674062221483236,0.0,2.165701304024031,-2.914923336728887,0.03392281239258044,0.0,1.3413499719640323,-3.673742656843588,0.28708149153892987,0.0,1.2061058275403256,-3.153906271867926,0.03848883429069226,0.0,1.7043196357597032,-3.061412145207001,-0.11502465276193623,0.0,2.1677267742337936,-2.9544014144609787,-0.20973508199686675,0.0,0.9429037622150152,-3.1627456489368644,-0.14660743042829955,0.0,1.062721831842876,-3.1265908513619736,-0.21532201874111315,0.0,1.7539714402213091,-3.284641032726692,-0.3037709214561581,0.0,2.3463169346010813,-3.2343510618857207,-0.3578009652098498,0.0,0.66978187838292,-2.397672913878028,-0.4439699696029023,0.0,1.376751146818758,-3.719039911400043,-0.625524160281673,0.0,2.1994541550932905,-4.136974491630905,-0.692750834916155,0.0,2.8514719166908495,-4.114612549727317,-0.7047877276671048,0.0
0.0,0.0,0.0,0.0,0.267777026711441,-0.04410088203116649,-0.03153279580441887,0.0,0.7394650099438347,-0.39562142128858835,-0.1632712174218334,0.0,1.3142243197757808,-0.6665559337454375,-0.36144520508358713,0.0,1.5754233288777006,-0.7313661890387271,-0.4927707225160485,0.0,1.1154200934905933,-3.316741469215639,-0.2693303673567796,0.0,1.5866908321925994,-3.5228340719097693,-0.6211545341191248,0.0,1.826412250292753,-2.9317730192140847,-0.792527345670016,0.0,1.8592444083722586,-2.27672232530133,-0.7985360171773905,0.0,0.7644216230429032,-3.0116138906559966,-0.4389505552483217,0.0,1.410612323758102,-3.420260607221504,-0.7115765927269163,0.0,1.7717834821618716,-2.9166874324509497,-0.8245495823020221,0.0,1.9083554062941719,-2.3243865890073545,-0.8467892761993514,0.0,0.4825353425225866,-2.510356717227354,-0.5971586449125081,0.0,1.3694424805730714,-3.7234229048502416,-1.019019215077368,0.0,1.9873335511367136,-3.407748262483662,-1.091244454882015,0.0,2.154374332629052,-2.663112073922076,-1.0082678348783176,0.0,0.28181917394060174,-1.7807013986567835,-0.6877008505746555,0.0,1.2299622708858045,-3.7744508629632816,-1.3890667424343657,0.0,2.3807166402078805,-4.721123269952926,-1.7902438804427814,0.0,2.8264384685196093,-4.052209695484911,-1.6715627053447764,0.0
0.0,0.0,0.0,0.0,0.41049531443566994,-0.16852259632623567,0.08375401825823513,0.0,0.8788294813821307,-0.4561280670628501,0.08379828594539736,0.0,1.2755296292776683,-0.600620470776257,-0.02244073758240147,0.0,1.5495026265419998,-0.7439741807821283,-0.1332770556969792,0.0,1.4109892689841175,-3.1772218479443053,0.692532512379643,0.0,1.5452399979939964,-3.5363549142323456,0.40757768629729196,0.0,1.9688761663792516,-3.3534290529633917,0.19662273805399444,0.0,2.1632075285657937,-2.918326611929257,0.06940112499900247,0.0,1.219207884579365,-3.501569488738664,0.3388480048445896,0.0,1.1936563372872397,-3.1575050674461873,0.08171767787247082,0.0,1.7209475833558636,-3.102857362356431,-0.08834090861096296,0.0,2.1690429137191094,-2.95108846973729,-0.19335460965788126,0.0,0.8783071245583383,-3.090055146595676,-0.08886682319378296,0.0,1.0542582144001755,-3.138631028656697,-0.17254034446051034,0.0,1.7670313126664758,-3.324404817770502,-0.2693558553814567,0.0,2.3598844439604694,-3.246600214786204,-0.32919443720865665,0.0,0.6529894416500825,-2.401325221898041,-0.40540942099169275,0.0,1.3827158175713594,-3.7589773028195728,-0.571072165080258,0.0,2.2103968939905423,-4.181530642879525,-0.6313293497851601,0.0,2.8338533746174326,-4.121621265653698,-0.6386016953619855,0.0
0.0,0.0,0.0,0.0,0.2886804793516081,-0.03837629691931351,-0.00493089457279505,0.0,0.7133912491836496,-0.2916423752096908,-0.11153934308544734,0.0,1.1202050842665139,-0.38438662724417083,-0.2747722687275724,0.0,1.3905050090558402,-0.48948685326705227,-0.43065191344081816,0.0,1.104086482883875,-2.7790342647676893,-0.36863999113555745,0.0,1.1108628205728723,-2.9703223215502095,-0.6086513723500102,0.0,1.5948639685465775,-2.7829241059087324,-0.8087358953439623,0.0,1.8457065840987432,-2.326998709280143,-0.8513207240724212,0.0,0.863794872116121,-2.796235052968391,-0.6482444433217535,0.0,0.9468819811360112,-2.795472062931712,-0.7140586921043959,0.0,1.518631514799664,-2.612464581519916,-0.8560912277074278,0.0,1.867943116432346,-2.2642784980552295,-0.9348599766480734,0.0,0.5459045398442258,-2.261046173599218,-0.8178216486136566,0.0,0.8766961824983588,-2.9059846384422485,-0.941959827633363,0.0,1.6220057563023893,-2.938556860122485,-1.0680387387757422,0.0,2.037296725146594,-2.552499084867749,-1.066361105288626,0.0,0.3427011301432321,-1.5834041132194996,-0.8815189149382248,0.0,1.0271223101488107,-3.279773268622951,-1.5111161114162033,0.0,1.8690004910500628,-3.6626252256637692,-1.6967362593558597,0.0,2.3499460933382093,-3.3395973872510925,-1.6605021545791048,0.0
0.0,0.0,0.0,0.0,0.3988449400174777,-0.16446959449189352,0.07870694198962377,0.0,0.8655026134498915,-0.45611546964029004,0.06637970617582467,0.0,1.2742389308088964,-0.6198447197091573,-0.052491451996667,0.0,1.5595168185511545,-0.7717503822654234,-0.17689221723773588,0.0,1.4020705961858033,-3.149741454706123,0.6073897283318509,0.0,1.6072966057534879,-3.6298928300605997,0.3379992945647198,0.0,1.9846801526262945,-3.3548706686631258,0.13011867282007167,0.0,2.1545153312935663,-2.898009393524216,0.016068894696587743,0.0,1.2103097196184682,-3.475450187286713,0.24706809108730965,0.0,1.2083999825521623,-3.178953290797672,0.025365242555903833,0.0,1.711695235532168,-3.083116375932343,-0.12339683339430131,0.0,2.150628549784986,-2.9317836797994197,-0.213683852507232,0.0,0.8646772136217316,-3.0461898746030838,-0.16799373619435745,0.0,1.0424306442778457,-3.115694861841204,-0.22572317298922984,0.0,1.7317664344890578,-3.271468239526627,-0.3032678153858245,0.0,2.326411306811813,-3.2111854787314296,-0.3536275388253206,0.0,0.6325949663986696,-2.3582658492185073,-0.46463648969075666,0.0,1.3251979325456966,-3.668785357095349,-0.6393757718453691,0.0,2.1330980754483195,-4.087154737174471,-0.7003575979335758,0.0,2.810364372233393,-4.114118640145111,-0.7214904499028156,0.0
0.0,0.0,0.0,0.0,0.32187658933064595,-0.0710019831991068,0.0508936069764394,0.0,0.7286742858541571,-0.32145527843016103,0.003201996799981622,0.0,1.0996474536925684,-0.426054523831817,-0.12357014631851698,0.0,1.3966065462953157,-0.5744739505720242,-0.2577476125270964,0.0,1.0550678722257039,-2.860550232829901,0.022623245174649902,0.0,1.1727915659332655,-3.165898274564371,-0.2701511482227432,0.0,1.645469716787469,-3.0026373068649077,-0.4507612170237167,0.0,1.9160769515378355,-2.5675633972233918,-0.5064514865235665,0.0,0.8259645612208567,-2.960610377529027,-0.31744838518066876,0.0,0.9566212971562006,-2.9160035559162414,-0.4475695165808558,0.0,1.5121266504501123,-2.769996476897151,-0.5787939361830329,0.0,1.9203190018855634,-2.4812998447625327,-0.6537228180180382,0.0,0.527569939587082,-2.460826883931818,-0.5847722282269413,0.0,0.9100185994249312,-3.039843374319349,-0.6823834972579955,0.0,1.6230880387440154,-3.086421784650314,-0.7690599750031403,0.0,2.064975217936891,-2.753350668462428,-0.7666964198771603,0.0,0.36397693935786907,-1.806577557669102,-0.7427899153242045,0.0,1.0500330147888914,-3.4025655073253116,-1.1565764213038803,0.0,1.800768737629741,-3.7250033901427533,-1.236884689381188,0.0,2.3032799425098607,-3.5330087509135084,-1.2058758550328912,0.0
0.0,0.0,0.0,0.0,0.41333473595710185,-0.1723964221879973,0.10199404582292187,0.0,0.8880793418771133,-0.4773317078578604,0.1204700286426594,0.0,1.2914872700772342,-0.6365327534548026,0.02553145925841237,0.0,1.578460432336223,-0.7983692891057853,-0.0810056057156296,0.0,1.4123613306206138,-3.160522546314268,0.7166507958103526,0.0,1.5847806765049082,-3.5947724618416474,0.4478233185449359,0.0,1.979630448366997,-3.3678652634995654,0.24479847652861292,0.0,2.1700723360697194,-2.9438156535957414,0.1248422440066744,0.0,1.2287353280121407,-3.5412938886445344,0.34373555844377396,0.0,1.1939203632998046,-3.1851491907272496,0.09239200152277371,0.0,1.7021149073174366,-3.1121244178060667,-0.062148915667884004,0.0,2.17044727824397,-3.009320926591078,-0.15532303469255396,0.0,0.8658397066699521,-3.076435625894787,-0.10509135202452037,0.0,1.0275647160885009,-3.1229178625551883,-0.17581009162189223,0.0,1.7186533384884033,-3.300471694759748,-0.2579032727283523,0.0,2.336215788407223,-3.2848523355101866,-0.3115491268298225,0.0,0.6310422938844287,-2.3540950506906464,-0.4201205035726184,0.0,1.2876114748339376,-3.6108942561683275,-0.5707774084101704,0.0,2.0616512834567065,-4.004552027972103,-0.6224348663046204,0.0,2.7412262619094996,-4.067544977290801,-0.6456945504753349,0.0
0.0,0.0,0.0,0.0,0.4092985814836341,-0.16109618764620762,0.06834466158437255,0.0,0.8982772069087784,-0.4648828814356454,0.04454777638355555,0.0,1.3363428292122073,-0.6616832514007864,-0.08658678416253857,0.0,1.592259013057281,-0.8135522403589147,-0.21104774283089542,0.0,1.2919124609051007,-3.097494482083733,0.6901157497764563,0.0,1.5460326854549347,-3.620559857933486,0.45814171270684023,0.0,1.9423226608020532,-3.3795741668684283,0.2591244820347744,0.0,2.159183233269928,-2.991466964357721,0.14600505352830248,0.0,1.046756417297984,-3.271393945681202,0.3534221146364765,0.0,1.1656578402543978,-3.189111918537361,0.13889312690439157,0.0,1.705118531763225,-3.1601916981318983,-0.004136040531799216,0.0,2.1748293871931668,-3.0366434756043676,-0.08391477991610796,0.0,0.7632109795648176,-2.931769154891625,-0.03565734809210067,0.0,1.0228217583314272,-3.1468179137543575,-0.1096496511728379,0.0,1.7480417130072086,-3.35742545899123,-0.1725289075353065,0.0,2.394068314147608,-3.3416057982265603,-0.2076878765239218,0.0,0.610970032867949,-2.387297847071529,-0.34785674898759816,0.0,1.373183362960283,-3.8109202591902243,-0.49032493704239666,0.0,2.2494556197575526,-4.29452112309597,-0.5277554569866926,0.0,3.000285849794498,-4.368641848321403,-0.5279903160991817,0.0
0.0,0.0,0.0,0.0,0.42735524213256765,-0.19039396611713286,0.1042912935176758,0.0,0.9537495981018426,-0.5526925823570381,0.12253183095183436,0.0,1.4255783651691547,-0.7640480229727534,0.014084305509052162,0.0,1.6367092949588808,-0.8474950260860455,-0.0979034511331287,0.0,1.2759078620390496,-3.065299655533106,0.7770380849301395,0.0,1.5409517697986748,-3.5950805065336398,0.5628854673278029,0.0,1.9865117247062327,-3.432289980016,0.3742726120435939,0.0,2.2025693279734617,-3.0233257243957974,0.2499630168131448,0.0,1.0570665903762464,-3.307497772657922,0.4142132361924829,0.0,1.1896320668408276,-3.2377704701969785,0.19641312984634798,0.0,1.7365553219134302,-3.2049688343617806,0.04882256355423487,0.0,2.230798940168702,-3.1010612617777196,-0.03334649522532261,0.0,0.7675843290801219,-2.930440732403766,-0.012053377530098356,0.0,1.061957232367037,-3.2222232026697855,-0.07872375993565463,0.0,1.795751603452666,-3.434293258224853,-0.13811582072629033,0.0,2.4356443044670755,-3.410881500296167,-0.1707677529994415,0.0,0.6227798545606251,-2.3571887437718213,-0.3423631857294088,0.0,1.360789611764926,-3.741769164280809,-0.466140979521354,0.0,2.1986779136364025,-4.189717262625573,-0.49205134190697375,0.0,2.881931869197481,-4.200020941086903,-0.4794277487325749,0.0
0.0,0.0,0.0,0.0,0.23883996192786952,-0.11882469476273709,0.03286286020612206,0.0,0.6577141845650392,-0.5875781138524602,0.004181312534838325,0.0,1.1756044227697127,-1.0315509190254568,-0.11296306949607268,0.0,1.6470597420192645,-1.4169101831105573,-0.2495042967949805,0.0,0.6280460630391289,-2.860766694187346,-0.06452078341409102,0.0,0.9631821824566283,-3.2900528734988086,-0.3668398853991711,0.0,1.422429688202996,-3.0109897176135165,-0.5303535958712123,0.0,1.7116280874714507,-2.5945756116989567,-0.5773960421404498,0.0,0.41886473660870177,-2.775472231664064,-0.30488956631272074,0.0,0.8465788535224866,-3.169021332438874,-0.49837552874850627,0.0,1.4429290478253975,-2.946211461922004,-0.614260344188202,0.0,1.7672271563379527,-2.520238796697142,-0.6411175096283643,0.0,0.293934986367425,-2.4353407223783767,-0.5250384822609085,0.0,0.8802441389427214,-3.4625605630420937,-0.7400406301418828,0.0,1.615507640578324,-3.354731110550082,-0.8107658337858459,0.0,1.9229713416350813,-2.758167232129227,-0.742266681565854,0.0,0.27061411185101386,-1.9114652148258229,-0.686461465363097,0.0,1.0799429509896217,-4.130496006396437,-1.2841078168315903,0.0,1.8496577693117642,-4.296361139667896,-1.3345578372867908,0.0,2.2053259388001325,-3.7660220517752188,-1.2013130220523311,0.0
0.0,0.0,0.0,0.0,0.4229097080320013,-0.21048463070949877,0.06642105574918628,0.0,1.0118796744278986,-0.5934949267786848,0.0242451986332945,0.0,1.4506157595916365,-0.7478670465868937,-0.1265237731535432,0.0,1.6021538037196237,-0.8010100008845848,-0.24058557501572617,0.0,1.1165348739628689,-3.0352224550288076,0.5247106379498357,0.0,1.388520336113535,-3.49031345293744,0.26402521751942853,0.0,1.9437577406363575,-3.459086783470237,0.07577123037205839,0.0,2.2538324342432463,-3.1161720776861035,-0.03646140814064578,0.0,0.8211902939276493,-3.0111691258776263,0.1878936483120188,0.0,1.1104704827586438,-3.1886726204704052,0.006042087579370828,0.0,1.737676623729611,-3.2673481184822784,-0.1414818761960407,0.0,2.252915807432056,-3.153717432719045,-0.23271402843894504,0.0,0.6082270391299317,-2.7033299783137847,-0.15561056288093703,0.0,1.0229244964488275,-3.2307982112502716,-0.23950558859451543,0.0,1.816124393551611,-3.5282138542358137,-0.29551518421338074,0.0,2.4894677060626327,-3.503420023514071,-0.31874875574955097,0.0,0.5466324595102767,-2.2494290995161106,-0.45077707557251445,0.0,1.4316047053615046,-3.9602454580240503,-0.7013623708837446,0.0,2.4003365100606633,-4.536700852810103,-0.7574185022671367,0.0,3.0249754002414697,-4.374800834776661,-0.7093954698776,0.0
0.0,0.0,0.0,0.0,0.4224132556593931,-0.18221096596422423,0.048039731394863026,0.0,0.9976904528644096,-0.5344167070130517,0.00538869443257784,0.0,1.4522785489496235,-0.7144561916520965,-0.12801445105148326,0.0,1.6461242957940385,-0.8197236922959055,-0.23299727666327705,0.0,1.3414834297443017,-3.2258370892151067,0.4792560701637309,0.0,1.544583820540391,-3.6435843276132656,0.20096445002180638,0.0,2.109853126387541,-3.578350099617608,-0.008005497103950222,0.0,2.3500039998009026,-3.1036364725684487,-0.1256067405902973,0.0,1.0203846922864725,-3.2097990687352147,0.15893419148498997,0.0,1.1416622035290716,-3.155066707636167,-0.03398454714968126,0.0,1.7215896110787645,-3.178657391918349,-0.1911220454430133,0.0,2.2045197816658297,-3.0659029954623893,-0.2929073423122526,0.0,0.7440109184896773,-2.823736048929018,-0.16516864681454962,0.0,1.062203610682773,-3.2223168719806425,-0.2549230929685065,0.0,1.8252011309272427,-3.474915030346652,-0.34224185746422536,0.0,2.454378789243296,-3.4175124095945466,-0.38982575495757155,0.0,0.6307680938801266,-2.3422392371728646,-0.43517841972694243,0.0,1.4492573688504145,-3.959579002064408,-0.6691617941349826,0.0,2.3969404643389223,-4.538517278234279,-0.7525885383040937,0.0,3.0852327657690983,-4.475575390198505,-0.7495281814434578,0.0
0.0,0.0,0.0,0.0,0.27007232293364714,-0.131876937142578,0.06603197700404181,0.0,0.7123111272211016,-0.5997635012865506,0.0764909866787846,0.0,1.2386357626017421,-0.9944126169855413,-0.0022232429327750038,0.0,1.7393482459799423,-1.424618765417037,-0.10888062139369085,0.0,0.5754858033795787,-2.65731432793661,0.057059392285433295,0.0,1.1005527244989037,-3.347467147247726,-0.23547740360218256,0.0,1.6047415226552912,-3.094287545717665,-0.4052314345569399,0.0,1.8260422412364128,-2.577783646773786,-0.44064586840729225,0.0,0.4022629484032194,-2.6213281278044676,-0.21570786667084102,0.0,0.9833009366617789,-3.1668227171253513,-0.4198411278787384,0.0,1.5808242122031924,-2.9192288673056646,-0.5378164855314783,0.0,1.8879007856925099,-2.4693230493353884,-0.5707873395314795,0.0,0.33334146885351185,-2.3922372795223823,-0.4831582822441611,0.0,1.018776961459062,-3.4222436161662855,-0.6885978274651714,0.0,1.7544370982153303,-3.2942279942086556,-0.7682363519658282,0.0,2.035714299641302,-2.683878322690911,-0.7182272880933822,0.0,0.39135398755334894,-1.9430097153519401,-0.7082678959586045,0.0,1.3474427930785964,-4.099099987651374,-1.278948923647955,0.0,2.0613992887550876,-4.035271805466677,-1.2671260926883539,0.0,2.2908147308442253,-3.33964637289834,-1.10569745904483,0.0
0.0,0.0,0.0,0.0,0.3832797417642704,-0.29877788681188955,0.04795779391565761,0.0,1.4736131254634048,-1.1829192638926909,-0.06727227148777133,0.0,3.3818949301524044,-2.211831807699853,-0.426140112258345,0.0,3.1054229973848377,-1.7114522883339114,-0.5598650116968675,0.0,0.6438208331635237,-1.776850261619175,-0.24849550466357884,0.0,2.0958042924739635,-2.5518254393511097,-0.7566195954391186,0.0,2.5401957552006698,-1.999078066682428,-0.922919711125123,0.0,2.279705870553296,-1.2641572244724133,-0.8136567642326759,0.0,0.56363703971501,-1.7374601647559205,-0.43257912810102916,0.0,2.497530929814516,-2.869446583725384,-1.1572066791600517,0.0,2.7803577316208137,-1.92830534432179,-1.092255050155333,0.0,2.2892050211301638,-1.0534904674337466,-0.834463480245332,0.0,0.5252094786063846,-1.5497868691607972,-0.662704840537964,0.0,3.6656144391238197,-3.8237380211755974,-2.2835744836649514,0.0,3.3205735747343703,-1.9299962637909296,-1.5666574241362574,0.0,2.3326485080550743,-0.8094026541410625,-0.9443597868728908,0.0,0.44546063482082865,-0.9637567300637153,-0.795945214394499,0.0,2.3362479002718173,-1.9932378717795751,-1.9750495857526513,0.0,2.7866880914298435,-1.3537422656931888,-1.7182960841201238,0.0,2.1701611986156792,-0.6080828871246483,-1.1107121840434546,0.0
0.0,0.0,0.0,0.0,0.4191028864907078,-0.22909870567088206,0.08797977068340038,0.0,1.0173140813687613,-0.6264247145032279,0.06464803513835994,0.0,1.4706016064152951,-0.7638033963566015,-0.07569055507878403,0.0,1.6035302636824789,-0.7623009342609874,-0.18380652297965927,0.0,0.9247072236777122,-2.897255925897063,0.4483542696456546,0.0,1.4405090724667478,-3.5241057681438597,0.25299993759367306,0.0,2.00141577816879,-3.4357406887734574,0.08216502653888531,0.0,2.229915098400465,-2.9854160177966085,-0.019496782691999368,0.0,0.6620755511281666,-2.794047891700708,0.12474677647846882,0.0,1.1960348958769074,-3.2227408574427114,-0.006352781474592816,0.0,1.8133034320364088,-3.22475278402903,-0.1203257524631598,0.0,2.2225798538129053,-2.9877462790454694,-0.18368330098564842,0.0,0.5501633997806564,-2.562072723053604,-0.18812071591886964,0.0,1.1829672285329533,-3.3687936034514463,-0.26741883321481874,0.0,1.974159890117046,-3.5757721911989213,-0.28918837087703964,0.0,2.50971771483595,-3.361089270834632,-0.28148108576531883,0.0,0.6014828855087422,-2.195739011869632,-0.48308403090667734,0.0,1.7113501404152958,-4.210622734797166,-0.7609625253880428,0.0,2.645228463294935,-4.6488603419227195,-0.7417705766671767,0.0,3.090733796463652,-4.259841595501938,-0.6292411360123231,0.0
0.0,0.0,0.0,0.0,0.48705807509532784,-0.2294095680026543,0.05490538586895793,0.0,1.8707052912796025,-1.1765986152981946,-0.02682725978325429,0.0,3.377537943268222,-1.8253953819415614,-0.28730414690090716,0.0,2.5749136870228533,-1.1403916891518635,-0.3273749609519651,0.0,0.5863701285518848,-1.780913148123574,-0.09606725437116008,0.0,1.9068919837475669,-2.4963280873945037,-0.4099495839144487,0.0,2.6521665993328525,-2.2365433492414137,-0.6566677410319383,0.0,2.5081503122782047,-1.4685293016272616,-0.6539821546425163,0.0,0.48054634919758654,-1.7190834868742102,-0.23952086929595656,0.0,2.289024646938586,-2.8107508426381407,-0.699172137654189,0.0,2.915521182319636,-2.2412723986605965,-0.8209500502629594,0.0,2.5130661356080743,-1.2995808521866894,-0.689693825821991,0.0,0.47080415904374334,-1.6035202704929334,-0.4334862928707117,0.0,3.941740015719155,-4.2996168553648735,-1.7706524227028668,0.0,3.691281901266235,-2.3991885757737688,-1.3310968505392506,0.0,2.538461289033843,-1.0435914783100415,-0.8103790816592342,0.0,0.4748305938370668,-1.139127000827836,-0.613802610127313,0.0,2.6393047363827042,-2.3028828220476476,-1.62608755418194,0.0,3.1095546078234704,-1.6746834336131622,-1.4316704988584812,0.0,2.365715726072887,-0.8152133580100073,-0.9099091622643112,0.0
0.0,0.0,0.0,0.0,0.4232115866930448,-0.2323261227650693,0.10560349253962245,0.0,1.0128081832088076,-0.5975582119081728,0.09142085871906638,0.0,1.4583370490360705,-0.7393532243654655,-0.04634996181245767,0.0,1.6278366180978432,-0.7775774331692543,-0.16680396271936732,0.0,1.013094397732325,-2.9119504352803034,0.43322836505526646,0.0,1.419704948479776,-3.4452504281615504,0.22259880204484414,0.0,2.0343431459425583,-3.4669504180212067,0.04535578632211386,0.0,2.270793819798895,-3.0061316753663605,-0.07493376283969434,0.0,0.794679065813718,-2.9423311097949023,0.07676369799215606,0.0,1.1671129158763842,-3.1476993473681043,-0.06238406572233504,0.0,1.7841107080668182,-3.159085753313508,-0.1995707972397662,0.0,2.198954165961432,-2.9334469470989557,-0.2948467184982751,0.0,0.6609966869394682,-2.681296540558404,-0.2744099029832111,0.0,1.1646933898035854,-3.2781141060955967,-0.3303273147817546,0.0,1.9567704581471943,-3.4892732733577367,-0.3841476725647555,0.0,2.462586702411731,-3.2555208340577684,-0.4099817898040784,0.0,0.6556566416549462,-2.2121498804383717,-0.5746321118333789,0.0,1.6338372503178211,-4.020084753217405,-0.8399433544347903,0.0,2.620294112262057,-4.610754495964545,-0.8845009185905994,0.0,3.156791105853284,-4.351746639194411,-0.830366010761519,0.0
0.0,0.0,0.0,0.0,0.41160675942033026,-0.31777884301178827,0.0637814429246832,0.0,1.6593138892954413,-1.5621290861535106,0.033913427482809615,0.0,4.762245989976284,-4.074726057886701,-0.2696118012813033,0.0,3.4120283885370744,-2.4636560513159607,-0.3481201705244018,0.0,0.574262260016578,-1.8782733663919058,-0.05617055030171316,0.0,1.9956229307718778,-2.75905616424766,-0.3726578547855781,0.0,2.6680375905646554,-2.356295639349787,-0.6061846516307566,0.0,2.433610374950791,-1.5025195445336408,-0.5897421240439785,0.0,0.526276084993854,-1.8663974239392283,-0.20760813973615563,0.0,2.525669214230759,-3.189128943481005,-0.6706438719030664,0.0,2.9076582766506487,-2.30669745854797,-0.7319400922753674,0.0,2.425275038604389,-1.316888610155772,-0.6062039005246613,0.0,0.574351991329538,-1.8097804189392521,-0.4186204345395152,0.0,4.378471331124074,-4.928339494802525,-1.7202342302591633,0.0,3.4163933696582687,-2.3391832628744975,-1.0891786844479712,0.0,2.4089053894181642,-1.071391019755727,-0.6843514154416874,0.0,0.6266815002561767,-1.3410116184449488,-0.6215314742641145,0.0,3.1569169919240765,-2.9163073687491576,-1.6895154962802372,0.0,3.1871433380398684,-1.9158874480533015,-1.2947198325466993,0.0,2.377499029336081,-0.9674118174949914,-0.8070172689334666,0.0
0.0,0.0,0.0,0.0,0.4078640382705487,-0.191217266927314,0.04266041045322521,0.0,0.9671262744949334,-0.5510631681120353,-0.019805728545135588,0.0,1.4126110943468904,-0.7027258264681019,-0.16708645518666124,0.0,1.5737976556571007,-0.7362294236158192,-0.2674186662880683,0.0,0.6908596898550134,-2.6339568209146997,0.27699607679207233,0.0,1.23718265909479,-3.375604392902277,0.06972736896970687,0.0,1.949019976793278,-3.5022288298394497,-0.13513965313382284,0.0,2.224130450542547,-3.018928279491514,-0.24754559229142883,0.0,0.510408108268743,-2.5509549524867756,0.03841210813848378,0.0,1.076861883821233,-3.1065251371112885,-0.11009093649594569,0.0,1.714113893729571,-3.1269910693852667,-0.25393152002901653,0.0,2.080822645061699,-2.8115368595076093,-0.3327067131857951,0.0,0.5064388083663226,-2.4710408951564693,-0.21827406993267096,0.0,1.1939393977073025,-3.3916612806371296,-0.3390671586364451,0.0,1.9273738747089686,-3.434029577265281,-0.3803430720798182,0.0,2.312689957138581,-3.018286303159339,-0.3716237335671632,0.0,0.6598631877490277,-2.2191988095160196,-0.5023698977359627,0.0,2.1052324801793314,-4.935118102627577,-0.9330994333230027,0.0,2.838852247409356,-4.859242270414606,-0.8302498503949371,0.0,2.9384633205869717,-3.996717431237538,-0.6521439291288423,0.0
0.0,0.0,0.0,0.0,0.47814163164116213,-0.2909306288493383,0.08669850174119263,0.0,1.8409546183382022,-1.4703845876058048,0.11844233529810824,0.0,5.246703902102818,-3.896198162259294,-0.05624700758203217,0.0,3.7669342152105996,-2.3863358361058222,-0.2133764084364249,0.0,0.6716508992604493,-1.8007997257130406,-0.012165210087408505,0.0,2.173752490348179,-2.6157391702659094,-0.25305139493607953,0.0,2.859517362722051,-2.2369232921128788,-0.4588523744417928,0.0,2.6091565233052156,-1.4265415548083946,-0.4687362971213223,0.0,0.6716912491550658,-1.8190712580302166,-0.1632457520759075,0.0,2.774797687183457,-3.028222345871226,-0.533086784100398,0.0,3.1061417368767525,-2.1724004434679265,-0.6019960656751335,0.0,2.5750136090558167,-1.2204610335267252,-0.5126311929674378,0.0,0.8046451062007947,-1.809190339055778,-0.37913562565306613,0.0,4.863473445670042,-4.66408758895731,-1.480578300421594,0.0,3.623876464028,-2.1638547044445375,-0.9489001975084852,0.0,2.548761408959166,-0.9708605101118919,-0.6144228768930453,0.0,0.9324863821339086,-1.3672432216181953,-0.602230167685982,0.0,3.7099889397829418,-2.709495684400888,-1.5264263107409692,0.0,3.254150414536748,-1.563349330956334,-1.0740586117042654,0.0,2.418451913334196,-0.7535012101261751,-0.6882102212385398,0.0
0.0,0.0,0.0,0.0,0.4091469485776213,-0.21383594244474816,0.05901793416691464,0.0,0.9864417112722094,-0.5870796806702516,0.0016996409097798154,0.0,1.4459942435561375,-0.7422464405141371,-0.14932996524787556,0.0,1.6010612104103878,-0.7733051466433493,-0.2603740283213445,0.0,0.7081923570289725,-2.705334066692775,0.25009596750380486,0.0,1.2266491233199421,-3.3186813443284824,0.0673299097128278,0.0,1.8884014494468173,-3.4040414024026435,-0.1108282664569947,0.0,2.1609708203396476,-2.967913727434572,-0.21754974091465912,0.0,0.5178231277565077,-2.5829345385716853,-0.0011790100820488895,0.0,1.1424945184936168,-3.1674175596259895,-0.12494406223320635,0.0,1.7970798426887495,-3.1716725243575006,-0.2687634549083347,0.0,2.1636310284271008,-2.841598658872919,-0.3590225965330031,0.0,0.5091430069309703,-2.4719593913616107,-0.2563939281270427,0.0,1.2419106308766665,-3.45224772864151,-0.34323092289021984,0.0,2.039867860637464,-3.562468776516214,-0.3860521252635528,0.0,2.425375635844585,-3.12618267047943,-0.3878810305084019,0.0,0.6466592575991702,-2.1846235504559126,-0.527874866706257,0.0,2.1301116149031456,-4.969535951701126,-0.9329320078463498,0.0,2.923672134526717,-5.003729684913912,-0.8317172945259451,0.0,3.04862325614126,-4.195332596007939,-0.6699274404889214,0.0
0.0,0.0,0.0,0.0,0.3609837654768938,-0.40069799281659396,0.05067884929533835,0.0,1.518031280570043,-1.6145837679535957,-0.040116874376207985,0.0,4.006466133205488,-3.4847202387476837,-0.417017391900183,0.0,3.566428899655399,-2.4711003342897166,-0.5497778380587476,0.0,0.6599496480355153,-1.7749919518817987,-0.18120778423696687,0.0,2.154419380270332,-2.540995453812123,-0.6048270461671078,0.0,2.6593772877031525,-2.0128145314364967,-0.7883697485285937,0.0,2.4147077217881723,-1.2661639122055566,-0.721773091907017,0.0,0.6517944923637433,-1.7675793393510564,-0.3649014289088073,0.0,2.830271489681568,-3.0158027759461756,-1.0381579419468712,0.0,2.9580602047752174,-1.9637269815444014,-0.9682404798244684,0.0,2.4437389406575183,-1.0718612064164053,-0.7669090538775375,0.0,0.712654226134838,-1.582398453360712,-0.6092592263366485,0.0,5.1021713062037435,-4.684139936162706,-2.479713252325021,0.0,3.427419182911975,-1.8794280297745733,-1.314662060629366,0.0,2.411940664440338,-0.8079184063736029,-0.8054795116319245,0.0,0.693644781080891,-0.9105647089987035,-0.7383190507465027,0.0,3.0776480234520958,-2.092930925930291,-1.8452124837411688,0.0,3.101875011092576,-1.393819147182738,-1.4063690615901867,0.0,2.406615614842719,-0.7197717264948913,-0.9109792184237003,0.0
0.0,0.0,0.0,0.0,0.3899542707971057,-0.2059774332585348,0.048314922636209755,0.0,0.9840526824444037,-0.6417719843050149,-0.015928604482205313,0.0,1.4607664476212014,-0.8326897872125238,-0.173391040559405,0.0,1.598643904702094,-0.8256224359650529,-0.2847132654796077,0.0,0.5527215376228293,-2.5671399757725117,0.12245696950468925,0.0,1.0872620701235487,-3.183621227875662,-0.08344472169826846,0.0,1.7920347620125427,-3.361015081302071,-0.2869423501413555,0.0,2.160262972875994,-3.0293385612451775,-0.3978199995953676,0.0,0.4290942961405307,-2.479208525236098,-0.10914458111424392,0.0,1.0474721846650707,-3.0691587280539787,-0.24701740271573963,0.0,1.6796958191892757,-3.067775224017461,-0.39291273051767334,0.0,2.0716246014187987,-2.815263266491233,-0.48374267623523115,0.0,0.4923774320897436,-2.41600744968568,-0.36740318175218817,0.0,1.215568959570714,-3.4513393108225436,-0.4796040179381597,0.0,1.9640575040676058,-3.4698347954211104,-0.5186582642594952,0.0,2.3485414365285506,-3.064056044366146,-0.5105790534576188,0.0,0.7093918096522831,-2.0858521102041614,-0.6411534825685619,0.0,2.388391478459875,-5.444866789766078,-1.2467074693037643,0.0,2.9861333491911037,-5.053283119002148,-1.0241822015580315,0.0,2.982098380464087,-4.073417640509933,-0.7931839441115318,0.0
0.0,0.0,0.0,0.0,0.40350290326023014,-0.3869817387716684,0.039311847413146,0.0,1.5878410512678218,-1.704484095570497,-0.05680171294511421,0.0,3.826532822468963,-3.6757710958176024,-0.4288132456749864,0.0,3.5735375435670678,-2.9789877859605705,-0.5943136939142997,0.0,0.6330240231259397,-1.8343203942656305,-0.178492969174843,0.0,2.070877434105063,-2.631297309901893,-0.6140868959223263,0.0,2.6420102757310304,-2.150331984287307,-0.8379179789344379,0.0,2.394052357773182,-1.3404639282439872,-0.7662218066853073,0.0,0.6276251585201483,-1.837587390234921,-0.3576892039398833,0.0,2.7649405555341877,-3.181239522413941,-1.0578940672799424,0.0,2.9216599319497103,-2.0949430856309186,-1.0026113017777214,0.0,2.3899326921664272,-1.1432677616975246,-0.781540613211343,0.0,0.7045145995383275,-1.6780805119613518,-0.6069978945748813,0.0,4.870477096746647,-4.898902142433517,-2.4175424132595507,0.0,3.3633997004299796,-2.05680496466453,-1.324496069297124,0.0,2.385384442017436,-0.9161342631951724,-0.8195073935066869,0.0,0.6931739523956849,-0.9868490265550668,-0.7391814122031014,0.0,3.1153006531653604,-2.3774302837045167,-1.9028218105672405,0.0,3.199418074852717,-1.6731255009072536,-1.4912926758476746,0.0,2.4445521522739706,-0.8830694848166923,-0.9562122041780939,0.0
0.0,0.0,0.0,0.0,0.3966820192921568,-0.23469207179597903,0.04696338846006116,0.0,1.0286743491298003,-0.6947548163040027,-0.022528614189401993,0.0,1.499814368094623,-0.8531164638706287,-0.17910800562362905,0.0,1.5619105303512784,-0.7514249470867546,-0.2746136197571961,0.0,0.6180491954002973,-2.684835217500321,0.10729780177753752,0.0,1.075497061453729,-3.151817267349887,-0.10030879876226471,0.0,1.7493085091884581,-3.316239371506751,-0.30601099215804595,0.0,2.1168082905069103,-3.0245214010384194,-0.4242221263890611,0.0,0.47822469379360033,-2.56854718788942,-0.12358669890849411,0.0,1.0900913326752222,-3.137828223760075,-0.27823233031924843,0.0,1.732389103919147,-3.1301208047077673,-0.4484185693420825,0.0,2.139492896262829,-2.866131064570114,-0.5610765176207713,0.0,0.5042072221176356,-2.457272604393562,-0.37088932488254,0.0,1.2652292617334897,-3.585300745277166,-0.5125361422919767,0.0,2.0504964193804915,-3.6230815448372806,-0.5860141123257442,0.0,2.4059791990643786,-3.1371979885597057,-0.5862405119829758,0.0,0.6783434797208601,-2.1585482711267923,-0.6340037586767752,0.0,2.349098243781615,-5.493785689741261,-1.2477270772595954,0.0,3.041484673124795,-5.234394586277601,-1.0866846138099056,0.0,2.9718336837095802,-4.10740156126656,-0.8412760848557994,0.0
0.0,0.0,0.0,0.0,0.32409956131109935,-0.3673796282943804,0.07740529913432105,0.0,1.2961758899373705,-1.4540269687440304,0.02339737358738412,0.0,3.8071420373864395,-3.660971443757225,-0.3313338868188228,0.0,4.402205764965446,-3.456491361315807,-0.6620331567897516,0.0,0.6232835393275189,-1.7789252268176101,-0.1376095364716813,0.0,2.0910797568058066,-2.5873033259810643,-0.5045628969733029,0.0,2.75739273018684,-2.1985186140265016,-0.7228591617330126,0.0,2.548352647692836,-1.4432679490237408,-0.6840779934127079,0.0,0.6738907767072682,-1.8253011868128994,-0.3429842601872532,0.0,2.842296381968257,-3.0518319561993934,-0.9251984372213091,0.0,2.967333505886878,-2.0136675373040833,-0.8633825086748333,0.0,2.4904595557831715,-1.1419110307842812,-0.7008540295021195,0.0,0.8109289131923975,-1.7215084283855904,-0.6288139609830224,0.0,4.963373807788254,-4.503177428332772,-2.1643653276556276,0.0,3.270403255770156,-1.804953623320173,-1.118965558464331,0.0,2.396820800737361,-0.838785855290694,-0.7177766911777108,0.0,0.8662929560169775,-1.0903926475834749,-0.8158950216850316,0.0,3.683617950577281,-2.5781621897733897,-1.9906323119167135,0.0,3.157398965431154,-1.5005815288496271,-1.278916908387123,0.0,2.4406233020447794,-0.8059875757696369,-0.8247268749657328,0.0
0.0,0.0,0.0,0.0,0.3835474686304178,-0.21495613267449917,0.05308316775310651,0.0,0.9652858253019833,-0.6752106337861702,0.006391807453425175,0.0,1.450439313201327,-0.9261945132437882,-0.1326965014545331,0.0,1.5875445262510763,-0.9536574363045841,-0.24193241423047288,0.0,0.3455217921115179,-2.4304153501507373,0.10446475211321986,0.0,0.9006916515653054,-3.131934813315934,-0.1001634406656117,0.0,1.6481171356987423,-3.3951277687775034,-0.32043774056034807,0.0,2.0931241105672056,-3.138349613474448,-0.44659990390271503,0.0,0.2756580487562105,-2.3914104706713473,-0.11143081551209556,0.0,0.9267048012628097,-3.0519087540327665,-0.2745926420385833,0.0,1.6044605888353547,-3.093600666725369,-0.45387870675469294,0.0,2.0717906613396155,-2.926697776156642,-0.5810612193190346,0.0,0.37724674789129586,-2.4180133926407574,-0.36040599197637935,0.0,1.0910668579532494,-3.4848273354428865,-0.48547468091430407,0.0,1.8162454230773726,-3.4645058641149724,-0.5295021173714151,0.0,2.3046842949130877,-3.206655268181961,-0.5518216102133362,0.0,0.7096947264280586,-2.258705410185004,-0.663313436758938,0.0,2.269183245950576,-5.618666282923284,-1.2054529106354284,0.0,2.7083572797856936,-4.885502342828255,-0.9295876352439718,0.0,2.8108738871350774,-3.994172328029249,-0.7362421594845651,0.0
0.0,0.0,0.0,0.0,0.3113550641515784,-0.39327000912910365,0.08193188367790365,0.0,1.2361245472774878,-1.5367893537957436,0.05040147375626129,0.0,3.387186066540601,-3.5494087173481543,-0.22184164394000389,0.0,4.294333868005279,-3.6702972614263607,-0.5594688347565627,0.0,0.6089394693665863,-1.8071169603835031,-0.1258792748258883,0.0,2.1668006344207824,-2.701947423494493,-0.49670554952400525,0.0,2.757164343151967,-2.211874468702495,-0.6904515210474291,0.0,2.4904357324542166,-1.4044205948780626,-0.6409429933091562,0.0,0.6597708426212824,-1.8601750159424533,-0.3239759773983208,0.0,2.9670948049102535,-3.247083092922982,-0.936235355363913,0.0,2.959123069712638,-2.0216062544601803,-0.8325359680075186,0.0,2.4114006834157067,-1.1043471238252074,-0.6560585607846028,0.0,0.8062635462525387,-1.7918917099261864,-0.6032762468027374,0.0,4.928186722482804,-4.64578620305519,-2.069789498417036,0.0,3.2018529420850275,-1.843816742250553,-1.058944485990926,0.0,2.3545274130735843,-0.8674448093349736,-0.6890583466773871,0.0,0.8693521122203732,-1.1903567069811245,-0.7986469171936323,0.0,3.6925207650086307,-2.737219129538742,-1.958479906634388,0.0,3.1583949069217088,-1.5907873073981065,-1.2748071131422687,0.0,2.4265713456736493,-0.8524892106182426,-0.82853376657168,0.0
0.0,0.0,0.0,0.0,0.4208455687931956,-0.24484053417065832,0.07765150181031935,0.0,0.9976553630869412,-0.6828498461404913,0.03441911804494314,0.0,1.4294204132104162,-0.8536210911732541,-0.1134837837686885,0.0,1.538755263911325,-0.8159034384637117,-0.23048565094624882,0.0,0.532876568818963,-2.6968203873925827,0.09652006909555182,0.0,0.963227260307493,-3.1071596381237456,-0.12134619738955481,0.0,1.673342174771192,-3.3615671880906386,-0.32569098233289007,0.0,2.1717215584318854,-3.253893181387165,-0.4574150122810841,0.0,0.3971428979200285,-2.578043009374449,-0.16745058724715017,0.0,0.9659807521649053,-3.0632257961432723,-0.30962640127174834,0.0,1.630142094711828,-3.1165150329194096,-0.456634923857925,0.0,2.172162075809075,-3.0752826565860643,-0.5847538422190508,0.0,0.4364205262938877,-2.4453371425617334,-0.4465831962179248,0.0,1.1206068287832036,-3.452222030172157,-0.5713084638268966,0.0,1.8730970947881553,-3.5103680051569137,-0.6000253484985852,0.0,2.380492485170581,-3.325802215626226,-0.6049883245297234,0.0,0.6203312292747766,-2.0535094643245957,-0.712297825090618,0.0,2.077767052519695,-5.077128373133408,-1.3558980994057785,0.0,2.627390192446639,-4.754686121012934,-1.133292846068199,0.0,2.7899484167597044,-4.098294263478587,-0.9310885053236007,0.0
0.0,0.0,0.0,0.0,0.3406792926485013,-0.2899896137598385,0.04258859559121158,0.0,1.3564503906139826,-1.2973901518761408,-0.05985760159801502,0.0,4.731293788882573,-3.9680003626321807,-0.603085938543037,0.0,4.747785223674171,-3.3957122524912173,-0.8545288974905918,0.0,0.6042267011235305,-1.7573568806945965,-0.1639805311354033,0.0,2.117558156429975,-2.6335127128601536,-0.563160215533198,0.0,2.8097950394678786,-2.225712027234084,-0.7943425057178934,0.0,2.5251213265840398,-1.3835457881072817,-0.7240121627744912,0.0,0.6310120447593365,-1.780717482016014,-0.3403485569289369,0.0,2.7573374114004396,-3.0565853254783297,-0.9496127177140625,0.0,3.006999337315316,-2.076170549192507,-0.9184979921610025,0.0,2.474449233170873,-1.1318897006440267,-0.7211930438594173,0.0,0.769149803115962,-1.7024534206803832,-0.598879864956221,0.0,4.628712214456869,-4.4147196458829425,-2.050511209427709,0.0,3.3651164027703744,-1.9637669245302931,-1.166785497148407,0.0,2.442303771304571,-0.9089183272563631,-0.7348788996425363,0.0,0.8743095407018814,-1.1274622908733865,-0.7981489157250609,0.0,4.104403896639012,-2.937420202385832,-2.2041339774524746,0.0,3.3531686885648204,-1.6631294410970814,-1.3647572413939972,0.0,2.5244283566818413,-0.8846751036089457,-0.856974737056704,0.0
0.0,0.0,0.0,0.0,0.3833008757245864,-0.2518520680992915,0.06588642472255551,0.0,0.9302990804687277,-0.7367334034774242,0.034065142759440614,0.0,1.3896628073365567,-1.0031100552599956,-0.09460236975518069,0.0,1.5449771860646704,-1.0346109306390998,-0.2010450348958955,0.0,0.2868673611327787,-2.5135300644862544,0.12131432851426954,0.0,0.8122403417823402,-3.216403898228673,-0.08033344159457756,0.0,1.5345924044251091,-3.5051356737066635,-0.28465886698644066,0.0,1.998106539237498,-3.3042630380945135,-0.402997296170209,0.0,0.20021748324761562,-2.4387001912214643,-0.10169624818003833,0.0,0.8739952787463457,-3.170556614351998,-0.26412018316902175,0.0,1.5119268499955723,-3.1820448487163233,-0.41725675890308733,0.0,1.9925837507339326,-3.07288486997286,-0.5315981780114567,0.0,0.28500671367380925,-2.4309274893520696,-0.35004307099885607,0.0,1.0267633855966602,-3.6135890373658444,-0.48288525349196176,0.0,1.6804111982013936,-3.499046192034154,-0.496878358399584,0.0,2.1371077256979807,-3.245686823731104,-0.5036530679550068,0.0,0.5894225771071431,-2.2654840209415847,-0.6412140040912985,0.0,2.1221979739106853,-5.743394738741859,-1.2202249956791065,0.0,2.432210694815977,-4.739316584740487,-0.8937994350899262,0.0,2.4666871599125826,-3.7891336627607877,-0.6821115034410971,0.0
0.0,0.0,0.0,0.0,0.2700360750031351,-0.37670062623687506,0.06010413010771782,0.0,1.187733946175347,-1.4273494363270145,-0.029694065204528112,0.0,4.076491484421548,-3.812026113322045,-0.5019123276871039,0.0,4.597658027592478,-3.413956556140651,-0.8316930226272768,0.0,0.5720841668090926,-1.7858109770126505,-0.18186611935658145,0.0,2.1186859083620515,-2.715410561637382,-0.6116801130950106,0.0,2.8219012976087416,-2.301433718952119,-0.8513304683180505,0.0,2.507644298267014,-1.421947873424138,-0.7585276721536994,0.0,0.6211781992163732,-1.8338906990055537,-0.3829572382919543,0.0,2.7820197910355655,-3.1815948283641626,-1.0251499309740402,0.0,2.983655570957158,-2.151896749598725,-0.9496333578200894,0.0,2.457201278653836,-1.2083970564198259,-0.7382593997163112,0.0,0.7928120290173473,-1.7698086193958396,-0.6821605748194225,0.0,4.5020590140818735,-4.433242610430212,-2.1191816298286192,0.0,3.2374641253117753,-1.9855262537424996,-1.1685656722944138,0.0,2.4070203668030277,-0.974732903291207,-0.752425239256789,0.0,0.8866690551689905,-1.1137620183804868,-0.8734910062930427,0.0,3.8121225574705075,-2.8079977880774116,-2.1597358290868582,0.0,3.2399062401341268,-1.6769747508183948,-1.3713890802473727,0.0,2.506396152673477,-0.948632520145973,-0.8856856592963048,0.0
0.0,0.0,0.0,0.0,0.3921037242301095,-0.25090918526067896,0.063205926934818,0.0,0.9426200066749396,-0.6862804329010118,-0.0006091666952814976,0.0,1.3484701758549749,-0.8310124220933081,-0.15980383941907847,0.0,1.4792763531160074,-0.8129677209520725,-0.28277866324368195,0.0,0.4449853871271541,-2.679628510509751,0.03968331814210524,0.0,0.8770877957930041,-3.1381635902605582,-0.16913900205046928,0.0,1.5313452767463631,-3.33764459811485,-0.35554214437276943,0.0,2.0070989111034714,-3.2395736598415885,-0.46959528926066363,0.0,0.3164910935593191,-2.554293922783755,-0.21155496560045586,0.0,0.9002468809284249,-3.1117013083514773,-0.3436467374330438,0.0,1.5124846679195691,-3.1093922787698265,-0.4560812324114071,0.0,2.0355756209787703,-3.086357942503291,-0.5589297240389918,0.0,0.3757887906632973,-2.4586521017717855,-0.48485791280746626,0.0,1.0809332251288937,-3.5472270322506243,-0.6138061349755933,0.0,1.7751334916666457,-3.530211890712983,-0.5954230573888728,0.0,2.2566436892975785,-3.341796455775385,-0.5705149229317832,0.0,0.6097353154400104,-2.148296735742786,-0.7655772389184113,0.0,2.023775786471442,-5.2100065559787065,-1.41371845887016,0.0,2.539956221555086,-4.804307859290179,-1.1353769688893856,0.0,2.7073462905380494,-4.115652652884873,-0.8995950865854057,0.0
0.0,0.0,0.0,0.0,0.2794924144625615,-0.34576852940829517,0.04612349323343513,0.0,1.176241318060093,-1.2235492204238076,-0.09182502040164253,0.0,3.9947710016554314,-3.003006894382766,-0.6768336219897183,0.0,4.130875244993603,-2.359587721119007,-0.9388375944281059,0.0,0.587819709852851,-1.6547497034794036,-0.2612089095413516,0.0,2.147220372062552,-2.5138519064173774,-0.7562328554775507,0.0,2.7722592204453034,-2.0922729416386394,-0.9687202987861333,0.0,2.5046631710732696,-1.3309178514456597,-0.8583505195118486,0.0,0.6309767399407276,-1.6641821780758292,-0.48607203325931414,0.0,2.697567177653969,-2.8226463612138386,-1.1993240000686787,0.0,2.9290979321779465,-1.9255696312278565,-1.1061508214984794,0.0,2.4726051113915126,-1.0829035578571178,-0.8636558902041894,0.0,0.7656057158711719,-1.4829986149915801,-0.7932567014484063,0.0,4.485053250178389,-3.9310876898784346,-2.462909906664166,0.0,3.2507417728083436,-1.7648600253760807,-1.371972879973555,0.0,2.430131330440392,-0.8495126386054797,-0.8833581372691276,0.0,0.8129067747733396,-0.7925137624495946,-0.9384281109440523,0.0,3.260723099659947,-1.951197662117682,-2.1637390212566525,0.0,3.1404431507628088,-1.363447340181295,-1.5825599734938067,0.0,2.508459741888679,-0.804156456920868,-1.0639767427668834,0.0
0.0,0.0,0.0,0.0,0.3863628185554538,-0.25313823265533614,0.04821093347085711,0.0,0.9297947296050049,-0.7080442377520971,-0.0064342758076561994,0.0,1.345951488824482,-0.9002944309279468,-0.14126808519822262,0.0,1.4597075533923471,-0.8917857590445055,-0.24305779865762478,0.0,0.28209682464220615,-2.5433190793670817,0.08655610551997944,0.0,0.7845867689970752,-3.1988284056588188,-0.10939662399095673,0.0,1.4909170270511103,-3.4532818720840184,-0.31009629088125173,0.0,1.9163283749666176,-3.215130878471504,-0.4185938341776281,0.0,0.19560247644598228,-2.460450654749366,-0.11767153832681244,0.0,0.8332541781434776,-3.145559177832519,-0.2749898757589384,0.0,1.4538839076956362,-3.1262366115992464,-0.4232095643223354,0.0,1.9123521788611049,-2.9964857968238343,-0.5302349473961796,0.0,0.2707490951278382,-2.435618355902302,-0.3445294535374042,0.0,0.9838930471370999,-3.620310522471148,-0.48605889921166207,0.0,1.6478308777217177,-3.519608869579164,-0.4989592807519674,0.0,2.0969141415824453,-3.2451112200173653,-0.4945535112057594,0.0,0.5747731659072663,-2.258775977061287,-0.6159842103715185,0.0,2.141907524274679,-5.985693480178034,-1.2372535988374902,0.0,2.5103464749436406,-5.019435945437831,-0.9065209972145041,0.0,2.5339180944099957,-3.9770905564054537,-0.6676093310743589,0.0
0.0,0.0,0.0,0.0,0.2652348353608085,-0.3181650216184694,0.017270562585703555,0.0,1.1558438476478525,-1.1085915924596776,-0.18113179471608837,0.0,3.8034761944717626,-2.45357099329069,-0.8849039855112155,0.0,3.38545326814205,-1.58128935424815,-0.9559305589282018,0.0,0.5348039655236195,-1.680432194767633,-0.2865913338679069,0.0,2.046486407283,-2.570131677912677,-0.808768746141556,0.0,2.6966993633507736,-2.183341032325875,-1.0491479327602304,0.0,2.455048388348908,-1.3977774789483963,-0.9346521334450847,0.0,0.5642092210256412,-1.6941681299431828,-0.48820756825306216,0.0,2.4680920688698533,-2.8256683669345404,-1.183611312275414,0.0,2.840859547403127,-2.0509922701818883,-1.1564000450501748,0.0,2.447346023332447,-1.1994711435928445,-0.9243520693612555,0.0,0.7047418509703023,-1.588571059995989,-0.7840599454720913,0.0,3.8778968266100122,-3.8429837170276735,-2.2428168900469196,0.0,3.2420234073394107,-2.0055740308622703,-1.4264634443460102,0.0,2.455988598373566,-1.0014944394581349,-0.9260294317285513,0.0,0.8195460397193065,-0.996675185210971,-0.9836111869997072,0.0,3.85626708471937,-2.7781643731458634,-2.6405286331705073,0.0,3.351301546329484,-1.680181258275368,-1.7196756391554495,0.0,2.5398333879387383,-0.9129454293104446,-1.091571301712164,0.0
0.0,0.0,0.0,0.0,0.37854528574934904,-0.24050131659100402,0.02356637135463875,0.0,0.9257539562793097,-0.6852040947785285,-0.07270732884441261,0.0,1.3379286440911902,-0.8577431811016757,-0.24036483002455075,0.0,1.4737656404473503,-0.8743079214848498,-0.3626005466532798,0.0,0.34686854270871303,-2.583464844742623,-0.008100110400181694,0.0,0.8099633699247699,-3.178921972575617,-0.22479165586971686,0.0,1.4725507213225257,-3.3540553291143542,-0.4373716277347991,0.0,1.8861556172921154,-3.141769994207461,-0.5494675340113546,0.0,0.24370490534807707,-2.466421087211331,-0.2018767075066288,0.0,0.8472931150105687,-3.134135663734691,-0.3656562957136798,0.0,1.446542991603489,-3.079812071440454,-0.5074834567482921,0.0,1.9147149657025713,-2.970439561964683,-0.6225173645921015,0.0,0.31856426698897605,-2.43818043689801,-0.4267693683328048,0.0,1.0516252930012597,-3.673957024915857,-0.5994530035327512,0.0,1.705351469095118,-3.523590240077826,-0.5967531379874632,0.0,2.129253570214797,-3.2286090186619516,-0.579707594072822,0.0,0.614446262724657,-2.2853401347507263,-0.7019351223771159,0.0,2.3271456924376115,-6.210279898665328,-1.474650087436829,0.0,2.6067665691922977,-5.063782612387383,-1.0606082180834886,0.0,2.6161786255118566,-4.038480723868751,-0.7898798214799585,0.0
0.0,0.0,0.0,0.0,0.2717675874383856,-0.3214885813319362,0.04574151238961362,0.0,1.1537889465266544,-1.0884408085124253,-0.10563770723185473,0.0,3.958679380908188,-2.523966741913792,-0.7332475352338198,0.0,3.9932470680375607,-1.8357354679081739,-0.9803073182106928,0.0,0.6260032905109115,-1.6052981850940709,-0.27963594506719325,0.0,2.268414339730583,-2.495809953569352,-0.8236184984887521,0.0,2.821188343742915,-2.0182095408190044,-1.0153966261845828,0.0,2.522889809003859,-1.2790448500937865,-0.8867272800180144,0.0,0.6878305244516969,-1.6181990427857358,-0.5144934409064046,0.0,2.6509595850051464,-2.663374117796496,-1.1965501356965045,0.0,2.926189490590941,-1.839747525494558,-1.1239040668790243,0.0,2.511050619878927,-1.061800553291121,-0.8920127860669728,0.0,0.8566743799299344,-1.4520546573597544,-0.8388626994959353,0.0,4.122958707952859,-3.4788571176637646,-2.2721656131761647,0.0,3.2265309643364053,-1.6713506447921227,-1.3580303745694793,0.0,2.4871469173075065,-0.8373502517359077,-0.8977749158793805,0.0,0.917121589454488,-0.7782278196886772,-0.9959172613829969,0.0,3.6914951984388242,-2.124806179315739,-2.3940127715318984,0.0,3.316274668645176,-1.3427162685637324,-1.6148177031947102,0.0,2.599326199930247,-0.7512663765613636,-1.0635103621461401,0.0
0.0,0.0,0.0,0.0,0.3492461896616404,-0.23987609546536312,0.012699318938164565,0.0,0.8979870492571067,-0.7421858809847022,-0.09013801579495746,0.0,1.3714592672780546,-1.0103449279702836,-0.27302636708175076,0.0,1.5483840801275264,-1.0748016420707314,-0.41037524677284426,0.0,0.26305108291425877,-2.4786822152766805,-0.05875261673576413,0.0,0.7602169590797465,-3.180622620985807,-0.30597386798088183,0.0,1.4358789120576105,-3.336895247582693,-0.5498387932616856,0.0,1.8230540360442011,-3.0280946252154535,-0.6566223464319364,0.0,0.19454047072830918,-2.391759769527577,-0.24123812063128094,0.0,0.8333991701956077,-3.184662683181157,-0.4407490756703028,0.0,1.4283751169303724,-3.072273133253486,-0.6016997799110023,0.0,1.8285554848130792,-2.848568287286248,-0.7117439901882795,0.0,0.29366342211821284,-2.384453165413265,-0.46288750956948893,0.0,1.0244430614149216,-3.7502835108624892,-0.6794099782872709,0.0,1.6642436654769075,-3.520574954475486,-0.6879557723466132,0.0,2.057186703478422,-3.149192239488581,-0.6770681236805229,0.0,0.6101301512819673,-2.2241701207608573,-0.7308516472942974,0.0,2.363869863209923,-6.556886922950686,-1.643309635605946,0.0,2.5020903542450874,-5.01509530905526,-1.130575682365731,0.0,2.4625199049733717,-3.884652264454718,-0.8405279569483197,0.0
0.0,0.0,0.0,0.0,0.2788016365124933,-0.2874627311688547,0.015885389263945584,0.0,1.2701207064460651,-1.1058320622076503,-0.17023012570929083,0.0,4.179460965643507,-2.5307033773619887,-0.843219291660213,0.0,3.4060150418297686,-1.607723958612762,-0.8406358624448352,0.0,0.6075789462530841,-1.7072725839822793,-0.261888258037684,0.0,2.146354521740651,-2.5928999230060072,-0.7541119353189016,0.0,2.7493340410674034,-2.180228551416907,-0.9681507334206771,0.0,2.5072130792067635,-1.4065603627041736,-0.8674634313550947,0.0,0.6271259887798255,-1.7091290117195395,-0.4515618367981766,0.0,2.4973663759679057,-2.795470404882332,-1.0754643990778965,0.0,2.905482532641039,-2.075388269301557,-1.0843189929911858,0.0,2.514555822109802,-1.2172796318593633,-0.874663125258036,0.0,0.7629695005771001,-1.5860135017136254,-0.7281189356074373,0.0,4.032681933473335,-3.9204063935613607,-2.110421913896889,0.0,3.4040051821426225,-2.08901749944297,-1.368249712007381,0.0,2.546183256389778,-1.0355179839277697,-0.8768452067380684,0.0,0.8476088251614171,-0.9540071462035213,-0.9027665667510668,0.0,4.1774490781590305,-2.934946150297291,-2.5753905996483786,0.0,3.597908595147711,-1.79360924142087,-1.6691652714604606,0.0,2.6549279031776267,-0.9490015746589335,-1.0301676739084553,0.0
0.0,0.0,0.0,0.0,0.34467841087960366,-0.2553966566229555,0.016670104277545936,0.0,0.9021958208554571,-0.782363827979302,-0.08688304031577185,0.0,1.395088334364388,-1.0605369250633616,-0.2745390495643593,0.0,1.5658950202234925,-1.1037915179171305,-0.4113470351217233,0.0,0.2885858262387738,-2.5210034166520177,-0.05431309175718095,0.0,0.786796934732437,-3.2243702866118467,-0.2976848368857282,0.0,1.457110809710283,-3.361934461474194,-0.5374707507763882,0.0,1.8336876506723698,-3.0407016269222376,-0.6433830340411861,0.0,0.21619899802396797,-2.434749249425898,-0.2406218727612313,0.0,0.8539786766200667,-3.214688763896921,-0.43234856327051846,0.0,1.4410141498767255,-3.085949176913004,-0.5937153325506821,0.0,1.8308185567163644,-2.850718347464242,-0.706266297478769,0.0,0.30597857031946946,-2.4165062724074957,-0.460887220900643,0.0,1.0412116790887187,-3.7843281932874766,-0.6707809530647533,0.0,1.6826684937170233,-3.551988499446526,-0.6888770825195103,0.0,2.068077358030654,-3.1627655510108923,-0.6852543353101862,0.0,0.6115554679855558,-2.27098584489437,-0.7276515804762164,0.0,2.3737931025750423,-6.5987805982357814,-1.621128581947381,0.0,2.5495808264486097,-5.109467518069082,-1.1404485164248859,0.0,2.5016411405910914,-3.940585466509987,-0.8552073270960269,0.0
0.0,0.0,0.0,0.0,0.19832697902232244,-0.4148254199907193,0.03657515382684073,0.0,1.0371779724835826,-1.3572289641258137,-0.09001689683807215,0.0,4.758751900764169,-3.958742274036233,-0.7767243570820201,0.0,4.659833469175417,-2.76932246927361,-0.9731800352904033,0.0,0.6155208493130643,-1.6925102092263358,-0.21880457044215315,0.0,2.277915875077388,-2.6201023468358233,-0.6801870855614838,0.0,2.736084030727427,-2.10763466154075,-0.8213999564280067,0.0,2.52035656019411,-1.420068475797754,-0.7425239273572506,0.0,0.7190206076999636,-1.7400912218265838,-0.427218228271837,0.0,2.8653151411021613,-2.93521044241624,-1.0504161219842034,0.0,2.9716059874081795,-1.9681397322252394,-0.9365104157294529,0.0,2.525748007706598,-1.1626996718870153,-0.7366553671125805,0.0,0.9344745625436307,-1.5997766967993536,-0.7265879186528593,0.0,4.898198133346433,-4.176473657031108,-2.2060732889308117,0.0,3.23933817845026,-1.7662186812827665,-1.130678476273656,0.0,2.4729784953371383,-0.9047233993993331,-0.7418688686169614,0.0,0.9690525902995902,-0.8364846924531171,-0.8463046949460097,0.0,3.8216599313283797,-2.263094119505274,-2.03089986354367,0.0,3.255749053585607,-1.3997553659846511,-1.3115571748227028,0.0,2.541664360446544,-0.7945771726849132,-0.8565617129502701,0.0
0.0,0.0,0.0,0.0,0.37801581625346004,-0.25982608839594934,0.05337384485359285,0.0,0.901650351695777,-0.7978404813816922,-0.010404061843465746,0.0,1.391553280205396,-1.1411712543759331,-0.1881746686433905,0.0,1.6029461139558243,-1.220312617874718,-0.34009685264352923,0.0,0.3010853580382379,-2.580475044694731,0.010871933778623336,0.0,0.780942283572172,-3.2204669680059004,-0.2266987068395711,0.0,1.4453297668264307,-3.3734337576213465,-0.44796883884111427,0.0,1.8414345443040838,-3.118196379299243,-0.5607674888253991,0.0,0.20799971764868652,-2.4834997599424766,-0.22440751587594562,0.0,0.8232095207938854,-3.2135674606364395,-0.39409921474456155,0.0,1.45468060117262,-3.1686733057380696,-0.5413748171469278,0.0,1.8401951178653524,-2.9365225860998603,-0.6362493636616597,0.0,0.3103628146693442,-2.459067566798776,-0.497132687381387,0.0,1.0346009332221868,-3.7471958117535773,-0.6685219450176502,0.0,1.7189613857948975,-3.6189089756062094,-0.6812417617778502,0.0,2.093962073455079,-3.2515597170340245,-0.6712201073599386,0.0,0.6024220278855229,-2.200391310427352,-0.7867875336590539,0.0,2.189917490459769,-6.033161698644457,-1.6100974702640851,0.0,2.4688775953297784,-4.9544845494563985,-1.1754863661054682,0.0,2.4664062358414425,-3.975554530425562,-0.9097561997214229,0.0
0.0,0.0,0.0,0.0,0.2087457170222857,-0.3836207089186314,0.03380571630528646,0.0,1.0908195641532483,-1.2779876171147917,-0.10046395704523294,0.0,4.622307458150313,-3.4698968977140994,-0.7663658600128086,0.0,4.246839662733367,-2.276227110944883,-0.9018724692998655,0.0,0.6778361743606318,-1.6901395236151657,-0.25524783807600177,0.0,2.328088656279893,-2.58453823551411,-0.7417660532534064,0.0,2.816452248938314,-2.0896001093593486,-0.8956666798596945,0.0,2.5618433850381974,-1.3679416896499534,-0.7972106882371321,0.0,0.7739714522265065,-1.726955445221977,-0.47410398210495025,0.0,2.909014551868778,-2.903370491595787,-1.1511295436236566,0.0,2.9735656611875587,-1.917353598115684,-1.0182568331959294,0.0,2.506240276503113,-1.1023328133243266,-0.7998879978880533,0.0,0.9646703419497478,-1.5577161731773033,-0.7743225092006466,0.0,4.872407276933491,-4.086542531478548,-2.357657479207789,0.0,3.3183969108555864,-1.7790170807657306,-1.2650468392446161,0.0,2.5017655704093533,-0.8865075197255685,-0.8291471400103364,0.0,0.9779857814710143,-0.8158290095812163,-0.8875956618085522,0.0,4.006760738656211,-2.350454222174312,-2.2484339991015516,0.0,3.363305389276632,-1.424322905675044,-1.4498959847049488,0.0,2.5697218996943594,-0.7728050586951598,-0.9373852379238434,0.0
0.0,0.0,0.0,0.0,0.36778166038743915,-0.2754491705177181,0.05926053448317097,0.0,0.9201180718975793,-0.8332156357706061,0.005868659668473918,0.0,1.4055237689174866,-1.1221197960635043,-0.15381733282778492,0.0,1.600350046548053,-1.1997795054676912,-0.2952951133455515,0.0,0.2957965574718421,-2.567334791811799,-0.0018043925999335277,0.0,0.7639679537539826,-3.159146397128176,-0.2384174806463524,0.0,1.4246775327747552,-3.3303982802736836,-0.4721801740498321,0.0,1.8491864878893511,-3.1037044904130635,-0.5985560812255432,0.0,0.22227129550714853,-2.493305140244391,-0.23886447456687415,0.0,0.8546509160262354,-3.213726823231974,-0.41644281850688125,0.0,1.4644597503567287,-3.12918495968244,-0.5846337604027587,0.0,1.869011178789135,-2.908597454261831,-0.707224975587603,0.0,0.3229782530461163,-2.4594666297001337,-0.5075333438569959,0.0,1.0593610770122388,-3.8047817679746174,-0.694454033601009,0.0,1.7065012816268077,-3.5967732047019,-0.7162433220690285,0.0,2.096882446715028,-3.2245762268822853,-0.7273513534525305,0.0,0.6169615488480246,-2.2094575564088585,-0.7926626434547683,0.0,2.220885157049286,-6.150989297374623,-1.6571961669943596,0.0,2.514031490460274,-5.0748989394188095,-1.2415743367974146,0.0,2.500323909251216,-3.9851893151296043,-0.9617390285898605,0.0
0.0,0.0,0.0,0.0,0.27960448385122244,-0.3484824188105879,0.03100152676998604,0.0,1.32027850316413,-1.2293932364516544,-0.11658206018332076,0.0,4.680550409226088,-2.8332739429193206,-0.7560747800991011,0.0,3.586636211710981,-1.5568272780705585,-0.7459773100247654,0.0,0.7020073771019647,-1.674460268858561,-0.22706794866539587,0.0,2.303454907501695,-2.501160310012712,-0.6929101145403365,0.0,2.809784596712623,-2.0186455912921044,-0.8733841897168754,0.0,2.5353804873934775,-1.303483100403445,-0.7848390598337345,0.0,0.7639367473916219,-1.6900292428720882,-0.43900041453490785,0.0,2.7983265718395915,-2.808930674308054,-1.0814149382495863,0.0,2.996565271853964,-1.9339535943034465,-1.020422206754516,0.0,2.5276209058534147,-1.118261774085901,-0.8091992853572197,0.0,0.9200650396534753,-1.5145038751768591,-0.732606781143706,0.0,4.779335214620747,-4.062602335129906,-2.318822542042795,0.0,3.4817150244188255,-1.8898997694014374,-1.3349154905831329,0.0,2.5931319273689257,-0.9398503223843073,-0.8678912058191195,0.0,0.9549348180482592,-0.8246054460783661,-0.8831547992651992,0.0,3.964483166059448,-2.362375105244228,-2.279762064608866,0.0,3.554505027400485,-1.5153147776268108,-1.5801706600055985,0.0,2.6890852367107154,-0.809272935969961,-1.017097571236071,0.0
0.0,0.0,0.0,0.0,0.41123958761493384,-0.28863642912495646,0.1069689408406554,0.0,0.9583228301021115,-0.8688947720385677,0.12981518237235073,0.0,1.4249074640178216,-1.2013548569427208,0.03412672053077095,0.0,1.654059285385909,-1.3440130571793145,-0.07458584077435497,0.0,0.3676155625234445,-2.6799677889223585,0.11161874527288654,0.0,0.8225176898433959,-3.2162594788145284,-0.10898728344396871,0.0,1.458469113265104,-3.360755535714035,-0.2906363207187552,0.0,1.865136351440737,-3.1446581589268376,-0.38742673708814807,0.0,0.26762019829909456,-2.591098035676788,-0.17042447242983155,0.0,0.8554369722480698,-3.2069431468279763,-0.3369162262750533,0.0,1.4681014160329828,-3.166060683801242,-0.4718372885479688,0.0,1.8940530280121,-3.005666732668345,-0.5633011077924837,0.0,0.3518661001105874,-2.463032925125219,-0.46756045669492785,0.0,1.0904308003992902,-3.7640361504440336,-0.6548455788722953,0.0,1.7715420686865215,-3.6390070475211043,-0.6736987404143835,0.0,2.148091116547685,-3.2747511544785928,-0.6544013152266371,0.0,0.5890085483364539,-2.012200604772757,-0.725745782198332,0.0,2.038122517585965,-5.38536921795756,-1.4894315258968533,0.0,2.403000903538062,-4.681996528307144,-1.176751541925675,0.0,2.4219519418409177,-3.7934029147315678,-0.9274695899166969,0.0
0.0,0.0,0.0,0.0,0.23889880923584975,-0.35632391693115595,0.026858145577001002,0.0,1.219031087298652,-1.2203365778893989,-0.12294551271824021,0.0,5.142882254107293,-3.173351692973638,-0.8594476986189185,0.0,3.9082360206841167,-1.6963495005671076,-0.8327186733091382,0.0,0.7273997747699613,-1.6301045275136383,-0.25507619424309563,0.0,2.410911954184603,-2.453205389422009,-0.7387656560736151,0.0,2.8971160508114,-1.9441398071169274,-0.8972893115970697,0.0,2.6006851112368956,-1.235660790458872,-0.7961516370540367,0.0,0.80033442208778,-1.6403683741844834,-0.46173788412893096,0.0,3.00897879700751,-2.765256056156816,-1.142903326492721,0.0,3.0683315697017646,-1.7917838063129643,-1.0186489492560533,0.0,2.5564476297375798,-0.9992061796060835,-0.8018594876049944,0.0,0.9554198823890659,-1.4511211824401644,-0.7422920705785769,0.0,5.146221421938699,-3.974053173904201,-2.4037397279556485,0.0,3.4487256546623173,-1.658725766492875,-1.2776537405582444,0.0,2.55429069680185,-0.7836010706445045,-0.8323756632199658,0.0,0.9735607563250359,-0.766968096258854,-0.874639060659164,0.0,4.206579593902584,-2.2283079678502498,-2.300543106743668,0.0,3.4602317670603577,-1.275354489820651,-1.464012498388653,0.0,2.6063846835329114,-0.6492807525131093,-0.9437816707105776,0.0
0.0,0.0,0.0,0.0,0.38901025469534123,-0.30400505514354054,0.09128790352801307,0.0,0.9715778600006842,-0.9216785711506399,0.10247815091866977,0.0,1.4641271102425817,-1.2503638701744868,0.0032836311591562537,0.0,1.661083046627698,-1.349789309943349,-0.09412351866175538,0.0,0.30810268807371965,-2.5743527393716596,0.08149155056923056,0.0,0.7882816943505384,-3.169876854336238,-0.15243525947534595,0.0,1.4395994011341515,-3.3330537509301355,-0.3709406662633382,0.0,1.8813397354923649,-3.110595604518538,-0.49101430352339426,0.0,0.2462656794039287,-2.5180716193673436,-0.1693019878658397,0.0,0.8978774381426076,-3.223721197418186,-0.3679806329093784,0.0,1.5064745616260937,-3.126116402802712,-0.5459761798011372,0.0,1.9161585907415282,-2.9005957463287158,-0.6628791798453998,0.0,0.34122565114727305,-2.4568000673751214,-0.4412539108058029,0.0,1.1212302392286995,-3.8828703113569096,-0.6591281899275085,0.0,1.7703793628027442,-3.6337445754715407,-0.6925173129880825,0.0,2.1525173790930725,-3.2168753774489436,-0.6934551161249145,0.0,0.6250498476548728,-2.146647114043109,-0.7134618842487083,0.0,2.2207873908172804,-5.986083038501143,-1.5315571787927567,0.0,2.49883352133599,-4.937307416610604,-1.1729558403568168,0.0,2.476230603817467,-3.8597496426719857,-0.910877921807128,0.0
0.0,0.0,0.0,0.0,0.24830151984638013,-0.4051605098097043,0.0356977571843093,0.0,1.2407424165599419,-1.3882169546126903,-0.08887201944376825,0.0,5.172178474325561,-3.7432253774490576,-0.755049006322736,0.0,3.896686920156671,-2.0444494022854154,-0.7396933322674226,0.0,0.6634983731070697,-1.7147065559482748,-0.17920530577025726,0.0,2.2263158618193866,-2.5701542147261174,-0.5916064599860703,0.0,2.800269457247282,-2.165365856976201,-0.7861150060864919,0.0,2.553369749026865,-1.4375719385174626,-0.722132897334396,0.0,0.7563036207244495,-1.7684788284495683,-0.3889899714010975,0.0,2.8361062836303854,-2.945214586331466,-0.99176523581778,0.0,3.0166278786975838,-2.028952906744004,-0.9496182603291663,0.0,2.511613639310454,-1.1598403273077198,-0.7503402177650628,0.0,0.9474508491419618,-1.6375483661761296,-0.6927635889269254,0.0,5.2817626705176135,-4.577967629875217,-2.366096664454128,0.0,3.392716346338109,-1.8863957573335133,-1.2199785417913382,0.0,2.492510643642344,-0.9296852847930306,-0.7909464111240874,0.0,0.9855696358975369,-0.9107960218755472,-0.8518304226195433,0.0,3.6554429157398216,-2.2110162336961388,-1.9928946534163248,0.0,3.260804694515629,-1.413692002290507,-1.399349052105281,0.0,2.545085448661876,-0.7961733071006011,-0.9384650943996351,0.0
0.0,0.0,0.0,0.0,0.4016454830565763,-0.30485036100736257,0.08787237637437029,0.0,0.9954568788245185,-0.9679692334876292,0.1027344026735045,0.0,1.5185529880586959,-1.3662544760090072,0.005466481736176401,0.0,1.7539901214639084,-1.5209522845176768,-0.0960657956576139,0.0,0.3367615103989542,-2.620536243511596,0.07124870622709564,0.0,0.8379880235081912,-3.2487085612738826,-0.1699330607136559,0.0,1.4733148363013273,-3.35675180265406,-0.3832303913826295,0.0,1.8680430768611616,-3.056065471853378,-0.4877415645812795,0.0,0.26041209746676774,-2.546335245185272,-0.18204491168948983,0.0,0.8977825579863732,-3.233300694955161,-0.37596759944172636,0.0,1.4885238973434138,-3.132308553226931,-0.5370131788443564,0.0,1.8832178185105424,-2.8854369351722453,-0.6357752894666368,0.0,0.35540243403930055,-2.4516735538384067,-0.45711873294104677,0.0,1.1517337171625643,-3.9064563910487977,-0.6910747820075738,0.0,1.7992324580003318,-3.6712883809187,-0.7247182091761695,0.0,2.1492567864773537,-3.2092262482509546,-0.7111959452950577,0.0,0.6201187815915418,-2.057750974820849,-0.7137536803428494,0.0,2.344868778293007,-6.110076457667829,-1.6448668983313317,0.0,2.6430464236120894,-5.109800164057326,-1.2755283322971367,0.0,2.537265930609365,-3.887889806013797,-0.9655893407933583,0.0
0.0,0.0,0.0,0.0,0.2929246623418483,-0.2886276134909931,0.02471630088605322,0.0,1.3516668303658728,-1.0162821423638255,-0.13435637594345837,0.0,4.575447080518577,-2.1041471588554588,-0.7606798162471705,0.0,3.4042378722956337,-1.0672322302278738,-0.7207782064183001,0.0,0.7404061219907397,-1.5809971213991645,-0.21534071912208708,0.0,2.3923000703715167,-2.359034047221532,-0.6602569682432204,0.0,3.017731069207901,-1.940550778824173,-0.8785738506216073,0.0,2.7087743277381318,-1.213613875068237,-0.7995124203115221,0.0,0.8252856677485663,-1.6086803366647275,-0.41261850894442076,0.0,2.8819834751850313,-2.579743973790525,-0.995829551128476,0.0,3.1387006756259943,-1.78350229281523,-0.9809129914750158,0.0,2.649223657505424,-0.9995178638064528,-0.7951359704653364,0.0,1.0246113872883984,-1.4865123681009385,-0.7050363756412569,0.0,4.853627531310317,-3.6395095641717266,-2.097915646915657,0.0,3.570594493407523,-1.680138673340541,-1.2449744561142864,0.0,2.661528743704314,-0.7999352566387289,-0.8208707095639705,0.0,1.1034311254201792,-0.8484734130032607,-0.8956299517279003,0.0,4.610276023371013,-2.3455368257669313,-2.3773656659167988,0.0,3.67491178044608,-1.3062169891362854,-1.4776973717343895,0.0,2.741039675444632,-0.6611959647804526,-0.9424504526849455,0.0
0.0,0.0,0.0,0.0,0.41047154942478636,-0.30929381886088536,0.09144824803490455,0.0,0.9997354070283139,-0.9748414008476688,0.1010729575524484,0.0,1.5325554882602732,-1.3941109319383693,-0.007701530434010196,0.0,1.7375310258374712,-1.4885392836091569,-0.11847422010297878,0.0,0.32723902862813475,-2.606686337091111,0.06927741216516402,0.0,0.803252529815286,-3.1919027088844056,-0.1666256065702528,0.0,1.4377708016668498,-3.3187799212112865,-0.3862338152406524,0.0,1.8599031402577875,-3.0706814622189187,-0.5080712664287621,0.0,0.23621021213842114,-2.4822515316126825,-0.1855305017441774,0.0,0.8973855618443888,-3.2479490947496656,-0.38045311074531746,0.0,1.5083052799432892,-3.151452306028154,-0.5561856625093637,0.0,1.8942446610455559,-2.884902469929617,-0.6686424570603053,0.0,0.32214387744692907,-2.377300167976171,-0.4554245438037569,0.0,1.1472675219699147,-3.9442915986046176,-0.6911668188194815,0.0,1.799434547913096,-3.6767279343532215,-0.7310106476563881,0.0,2.13451331443858,-3.1949950835926217,-0.7338338951782979,0.0,0.5840989768352721,-2.0582172995905332,-0.7190904445457259,0.0,2.2449324284694225,-6.05826774711025,-1.6211499084095642,0.0,2.5695606710195986,-5.11015458500703,-1.2775759599872218,0.0,2.4820775321004103,-3.927418572283603,-0.9899892856460611,0.0
0.0,0.0,0.0,0.0,0.294654079113137,-0.24793082192412275,0.028037029821164707,0.0,1.2477422903987325,-0.9044542865162843,-0.11555780554427858,0.0,3.6757014166637187,-1.6954331741085737,-0.6112119947629022,0.0,3.2558143004332725,-1.019471015610694,-0.6959895020313042,0.0,0.6945127100288272,-1.597017776600733,-0.21007084174254045,0.0,2.302308959528087,-2.3790729789679435,-0.6547371237783747,0.0,2.932221248382125,-2.000162866171882,-0.8749648764899101,0.0,2.632310841296006,-1.2592203480531956,-0.7905332787224547,0.0,0.752481449100765,-1.6195795829237338,-0.40955236405650675,0.0,2.7326538077614537,-2.5726628098302338,-1.0289522231313657,0.0,3.0182172171058173,-1.805812018045342,-1.0329796709480774,0.0,2.5359587901197984,-1.003756574663775,-0.8189204573259944,0.0,0.9185611635890459,-1.5065540976718352,-0.7027192184673889,0.0,4.382328706408764,-3.5018144024919637,-2.0661516110703504,0.0,3.4013614320462118,-1.6818890968148819,-1.2986163302605849,0.0,2.5354070731369767,-0.7895312097239074,-0.8464969458088822,0.0,0.9918065985121833,-0.8919991588622319,-0.9050581698307046,0.0,4.371257140987991,-2.46813789840219,-2.4684776026518778,0.0,3.639295372739416,-1.4482197983995868,-1.6134498110394755,0.0,2.714089256142674,-0.7481892454474326,-1.0310434423697707,0.0
0.0,0.0,0.0,0.0,0.4371384872970639,-0.33640753625739855,0.09344590006590017,0.0,1.0456877875146071,-1.0134080924977198,0.10385031886732601,0.0,1.5840181606133203,-1.46227233959301,-0.007240631984510161,0.0,1.8631754687488322,-1.727527531390204,-0.13044602457097537,0.0,0.3360295646805164,-2.6125768199256663,0.07887528577988817,0.0,0.8533347382280934,-3.278753736888722,-0.16875064629272185,0.0,1.5443368325677487,-3.439797956065434,-0.4037441307238983,0.0,1.93459868340169,-3.1017851048341867,-0.5201781039874637,0.0,0.2373796830056874,-2.5142982700690193,-0.182776496863851,0.0,0.8759135861640183,-3.2461013247110433,-0.3820190854143173,0.0,1.508395471717157,-3.169810500141579,-0.5569120097337549,0.0,1.8819067672405614,-2.8839560992198887,-0.6614633736089036,0.0,0.30915052429679735,-2.3871525534388236,-0.46034348427545746,0.0,1.1037571401446642,-3.8608232183581745,-0.7058605515114432,0.0,1.812830310230509,-3.693675351837547,-0.7578159945800779,0.0,2.154709558708125,-3.2113494935411073,-0.7496644462722214,0.0,0.5506961763908048,-1.9815358746363774,-0.7162803969663513,0.0,2.1726576909312585,-5.806562550670336,-1.6396687971862862,0.0,2.614454597583077,-5.080783600870144,-1.3396330749570946,0.0,2.5359928310158373,-3.904794330626159,-1.0364691483360295,0.0
0.0,0.0,0.0,0.0,0.22875135288483817,-0.3334033847209593,0.035450840866499245,0.0,1.1174451654635646,-1.0856451771554638,-0.09843185073130316,0.0,4.618569043774362,-2.586449868634639,-0.75101406850951,0.0,3.8432798472855128,-1.3549586618294531,-0.8175766645409113,0.0,0.7669524644675942,-1.6054770511592482,-0.23400662539062547,0.0,2.4607796481093533,-2.3768551916285032,-0.6828633868657182,0.0,2.944747616971502,-1.8967325051304824,-0.8389010096646276,0.0,2.6356633420957647,-1.2028614561489026,-0.7488425431364456,0.0,0.8718641485246085,-1.641786877939273,-0.45361700543876254,0.0,2.987353054357875,-2.5984447896237546,-1.062071551483758,0.0,3.066346259146238,-1.701395394389516,-0.9702094508303174,0.0,2.5659410077405407,-0.9350794200045168,-0.7700920472667231,0.0,1.0515357980062958,-1.4726026514857766,-0.7576574925872913,0.0,5.010857949693698,-3.6262338249468242,-2.2336183976363704,0.0,3.3728719651062975,-1.4958720965480743,-1.2081908760218552,0.0,2.5074112287765153,-0.6818710421454283,-0.7927179853775305,0.0,1.0319428343190353,-0.7551104923554478,-0.8930019656575785,0.0,4.339752051910342,-2.204182078288322,-2.333862510180888,0.0,3.517285066717784,-1.2154820555423642,-1.4751817837541665,0.0,2.6200517371178824,-0.580275130437783,-0.9432877634530942,0.0
0.0,0.0,0.0,0.0,0.44758629921765436,-0.3310300051304483,0.08842438798270819,0.0,1.1100918525434251,-1.0557488973924167,0.09493983639394966,0.0,1.6841990753413372,-1.5283368563478532,-0.024620241886026933,0.0,1.9529138602733596,-1.8142947884000107,-0.15557812310968921,0.0,0.3800080029327126,-2.6057957499118984,0.07156947227554925,0.0,0.8410121937311925,-3.186716963762036,-0.19045763103693616,0.0,1.5448425971782411,-3.368017393621532,-0.45016878009430006,0.0,1.9813865351024358,-3.072476968679765,-0.5897250373883531,0.0,0.27747913924479084,-2.4914345946815035,-0.18726916301229746,0.0,0.9165807459385998,-3.2348541236875,-0.40482183409655775,0.0,1.563919362097156,-3.1430804505943772,-0.6023479286956479,0.0,1.9506746364361067,-2.865585860754427,-0.7276721381056123,0.0,0.33221146726060335,-2.337360977222151,-0.4567927355093224,0.0,1.1627425127258706,-3.921084978258705,-0.7384427525803909,0.0,1.874547742191889,-3.7021953504487644,-0.7888847005722066,0.0,2.233614334700243,-3.243871759461844,-0.7923384004528745,0.0,0.5565198141103603,-1.9485273652355173,-0.7084075959855058,0.0,2.243064990807779,-5.871855314580176,-1.6741817717116836,0.0,2.7313839412519796,-5.213432631126763,-1.3909958893882846,0.0,2.6656638160008916,-4.031770441105342,-1.0849646435177434,0.0
0.0,0.0,0.0,0.0,0.35047548669637024,-0.19420978623906646,0.008718544307162993,0.0,1.213823970823619,-0.7752966284978869,-0.15039804017943717,0.0,3.1526147219143694,-1.4208759003303988,-0.6131008093452445,0.0,3.0584993697156504,-0.9614603799033,-0.737603376593445,0.0,0.6352057996656395,-1.6164362812705013,-0.19460846578696123,0.0,2.292899980177699,-2.454484559118822,-0.6695188834301135,0.0,2.9095998571971027,-1.9886996189188713,-0.9032294775104804,0.0,2.538286873360013,-1.173177927900254,-0.7979278767835032,0.0,0.6446831298328067,-1.6248460997653185,-0.36010956546892686,0.0,2.4928912200154185,-2.524110974922459,-0.9491162375360261,0.0,2.9351632546212305,-1.8354585251189937,-1.039857922387598,0.0,2.4921138070886717,-0.9942766479656052,-0.8410005408882361,0.0,0.7726283917180825,-1.5691582641107307,-0.6148396842369142,0.0,3.795048756501063,-3.3899300902317293,-1.8219407473629967,0.0,3.349899095610122,-1.7991841108792619,-1.3296227344073304,0.0,2.4893547404360232,-0.8083143462949081,-0.868086907366385,0.0,0.9037686098419978,-1.1073905313793564,-0.8638188266462484,0.0,4.671700705590798,-3.260633112219068,-2.7770532849335496,0.0,3.88609852631594,-1.8716184324532494,-1.8275679504917512,0.0,2.7792581738201005,-0.9249056025265143,-1.1172423191432868,0.0
0.0,0.0,0.0,0.0,0.43521669430099136,-0.3396960788473628,0.11746364377234073,0.0,1.015897053510478,-0.9786356896475462,0.15377622264254512,0.0,1.5407777834009617,-1.4172362164471097,0.06260160574250505,0.0,1.8428509464152385,-1.7428594783470868,-0.05025313779391617,0.0,0.4017417855939725,-2.7455477471521967,0.17417111180580722,0.0,0.820659625642335,-3.231807495447043,-0.0637584882542655,0.0,1.5112075988540266,-3.459873283910644,-0.2796910609131785,0.0,1.9373139361292566,-3.229063532473099,-0.40557420482357115,0.0,0.2793767643897847,-2.6440745221487956,-0.12071564594092175,0.0,0.8480911265368746,-3.233810093106931,-0.2993585284528475,0.0,1.4831856474538616,-3.203513432761125,-0.4691238928337451,0.0,1.8912417687296654,-3.0077647884112118,-0.5829527505832292,0.0,0.3122144430844149,-2.4441438183321993,-0.4157912704418259,0.0,1.0758631607030418,-3.858998599896243,-0.6348365889563338,0.0,1.7854006996568854,-3.6985548913443727,-0.672447200095112,0.0,2.125570204260279,-3.2539233803198484,-0.6579131105747019,0.0,0.4832085755228726,-1.924256566697251,-0.6574082502946138,0.0,1.9687797495552721,-5.420302239928644,-1.4669679548589358,0.0,2.491917443847442,-4.935571811813977,-1.2299522571569301,0.0,2.4568687797689415,-3.8955072691393795,-0.9523787199372311,0.0
0.0,0.0,0.0,0.0,0.27935828806739976,-0.29776390712478273,0.032338480456213146,0.0,1.2072461853685246,-0.9697581956985033,-0.12848985295417173,0.0,4.205088679250935,-1.939777865116593,-0.7823272654111888,0.0,3.4498199873501805,-0.9335908204945134,-0.837958400794768,0.0,0.7710586043297364,-1.5450564365750286,-0.2614557363264078,0.0,2.4156737806915616,-2.2142735195607246,-0.7369387958137594,0.0,2.9039698991864062,-1.7118647734043435,-0.9090816427714937,0.0,2.5788445317085005,-1.03602444155465,-0.8032667553510134,0.0,0.8205956993119766,-1.5389068129798773,-0.47549934974185243,0.0,2.9256515600653743,-2.4356857370783223,-1.134232425195867,0.0,3.059397497450858,-1.5637592125749638,-1.0530399064348772,0.0,2.5556936714231506,-0.8263904590826558,-0.8334457953477455,0.0,0.9243497464050742,-1.3312432882730265,-0.7568930005824118,0.0,4.555949271567412,-3.2286015529052694,-2.2403020332387804,0.0,3.364294257623475,-1.4037673919240714,-1.3264857435281592,0.0,2.526457558980248,-0.6221649266039061,-0.8754682409101251,0.0,0.9004701023961533,-0.6846341047092771,-0.896759986426506,0.0,4.197394573410861,-2.0905150881871317,-2.506817070637737,0.0,3.628358246281921,-1.1826485443049433,-1.673136185965393,0.0,2.7134095828633797,-0.5603661614079272,-1.0741689525055313,0.0
0.0,0.0,0.0,0.0,0.442657976530438,-0.3361826351917316,0.10532191158413141,0.0,1.033187423537056,-1.0002661600022005,0.12973497441774545,0.0,1.6011074701295858,-1.5143610226035986,0.02476147648312683,0.0,1.9262030503175687,-1.8720523583383404,-0.10639409706619148,0.0,0.4504347565930813,-2.818748459059309,0.17590661443541913,0.0,0.8763349153100075,-3.2949836729627475,-0.07193324343616464,0.0,1.5681626947678953,-3.4983720109792866,-0.29693560915132183,0.0,1.9991767944252627,-3.2593261196278736,-0.4282771529496419,0.0,0.29951859735920333,-2.663100654041122,-0.11075985299858403,0.0,0.8768653912766882,-3.2802454809681136,-0.29625803590326466,0.0,1.526688286067501,-3.2367822791579672,-0.4714309154637264,0.0,1.9214219742007128,-2.9798722109510623,-0.5792693876659735,0.0,0.32215678110349083,-2.4583849860863087,-0.39638937996472134,0.0,1.0644189737332652,-3.8339643078614176,-0.6073427602153484,0.0,1.8033047391321821,-3.72302318192367,-0.6671680612180778,0.0,2.146704296651372,-3.269126395376939,-0.660064723927409,0.0,0.48064209900889676,-1.9865881555103453,-0.6401294622835467,0.0,1.8995516583433234,-5.426365138905148,-1.404578511388519,0.0,2.4984409531300122,-5.0917742318921215,-1.2327743834692637,0.0,2.5205638137251603,-4.092215102957415,-0.9817959986312469,0.0
0.0,0.0,0.0,0.0,0.31288385136706065,-0.3204426719952615,0.04073331425565439,0.0,1.2307727070707466,-1.088641746464307,-0.10508017891623252,0.0,3.4238748440874773,-2.073524452302782,-0.5988388863172354,0.0,3.3837326824553666,-1.465941661149727,-0.795254725469412,0.0,0.6917522603410088,-1.7267393136474165,-0.28872097734725927,0.0,2.18267611863894,-2.413533471884871,-0.767678545987708,0.0,2.667863661349757,-1.9439620513044642,-0.9412032122565019,0.0,2.4370368856897273,-1.246582932375284,-0.8490636586189266,0.0,0.6743440751035861,-1.7154795445415687,-0.5069758470389085,0.0,2.5454517944647126,-2.640873360471271,-1.1719265081421912,0.0,2.8155166492330284,-1.8337421239713463,-1.1384761152467282,0.0,2.407344140700333,-1.0291763892631811,-0.9123450335683909,0.0,0.7224735096439345,-1.5050476829980513,-0.7926159186417658,0.0,3.851179316019411,-3.603706099078778,-2.3027837116052683,0.0,3.3045644429879975,-1.8743848937207186,-1.5605104982671263,0.0,2.445358432928366,-0.8655329782547871,-1.0029486193389432,0.0,0.6750548836572043,-0.7971918219274514,-0.9068120536007428,0.0,3.0475394342876356,-2.150306414864182,-2.3089135048478657,0.0,3.4128145831112104,-1.667416269521224,-1.9822913097288553,0.0,2.6214612191017053,-0.8822853795331161,-1.2902299675306017,0.0
0.0,0.0,0.0,0.0,0.36789266089477135,-0.2340444163724941,0.10913881880354825,0.0,0.7936027050167929,-0.6945251094897523,0.135909632928484,0.0,1.260519351756089,-1.0944961766826558,0.057235871343744214,0.0,1.5658188099074986,-1.2385728355743657,-0.05839055817906099,0.0,0.5843087808156178,-2.955373798226533,0.24160853695643317,0.0,1.008253704236141,-3.3859547546634916,0.02738947227626634,0.0,1.6237553681492822,-3.434330995921144,-0.15276195335531573,0.0,1.9691638228209893,-3.141475864667154,-0.26063460929393384,0.0,0.4429712714449159,-2.9088212029305534,-0.06628339308634425,0.0,0.9181902023601447,-3.1725665102676364,-0.20924844339151324,0.0,1.4828240577417706,-3.0793817385047078,-0.35418915159534486,0.0,1.8852572453769434,-2.9207962715903366,-0.46295523469207367,0.0,0.45082636098244466,-2.72482079689346,-0.37067780280272694,0.0,1.0289131483502296,-3.5490393676855905,-0.4753678678588317,0.0,1.6588404040842188,-3.3983839312685737,-0.5402113168988291,0.0,2.0353692515348225,-3.1065041850370165,-0.5783495671850913,0.0,0.563955043212024,-2.189258318049217,-0.6173231897584461,0.0,1.85185795433735,-5.126675077074195,-1.1801069761848038,0.0,2.26623494301406,-4.4751178117760615,-0.9945663008308039,0.0,2.3136235969974934,-3.661211091885444,-0.8293237951705834,0.0
0.0,0.0,0.0,0.0,0.2632216363242442,-0.3637587224858771,0.045747949343650736,0.0,1.1298300344159475,-1.17581314025293,-0.09882226289758277,0.0,3.911751998313399,-2.550384882418032,-0.6923467430515026,0.0,3.649252391786316,-1.516435790981753,-0.8647914025602068,0.0,0.738920529164348,-1.702618543220865,-0.2941697610283566,0.0,2.250024048331193,-2.3358219898162123,-0.7528252314710121,0.0,2.6956628767535857,-1.8304425768757135,-0.9023358342625697,0.0,2.4792834185646653,-1.1707886938076704,-0.8224198198952297,0.0,0.782135124468696,-1.7170055318975455,-0.5343383690626429,0.0,2.667373053873462,-2.5583939947298266,-1.1525866732680747,0.0,2.846487227790631,-1.7152923399562252,-1.0819995093895365,0.0,2.452437605294932,-0.9581835122274928,-0.8809135224790953,0.0,0.8576446369329436,-1.4691329454334505,-0.8313058155185723,0.0,4.130430970816807,-3.5071655904736154,-2.291948475255565,0.0,3.2847704841777903,-1.7112412774081927,-1.4478181999496105,0.0,2.482599908028115,-0.8072066257366896,-0.9568231480111096,0.0,0.7592374010728256,-0.6916792258094042,-0.8975132772883424,0.0,3.3723948916951936,-2.061501687461989,-2.294108242517624,0.0,3.5803715092892547,-1.540172619116739,-1.8650397654761,0.0,2.709644642152199,-0.7865112679166784,-1.2049849558407955,0.0
0.0,0.0,0.0,0.0,0.3931344913972945,-0.2823032517374226,0.10095854885339012,0.0,0.8865962004626441,-0.8594277521194237,0.1306738136384153,0.0,1.4665555189877448,-1.4203392650984483,0.04847829915981797,0.0,1.7648054384375922,-1.5604740190636053,-0.06281717668245651,0.0,0.5830494641285615,-3.0042524300315825,0.25652779644554463,0.0,1.0535093504027908,-3.517031002223985,0.03424733051847095,0.0,1.7766475556182042,-3.68602527815563,-0.16725876231441011,0.0,2.1496720304051484,-3.3123710498924863,-0.2907133521144535,0.0,0.4292332968842412,-2.9355852738995085,-0.03698447047132176,0.0,0.9241128917040721,-3.2445474356010546,-0.1861760445756088,0.0,1.504323403648352,-3.1713686726784527,-0.33852546576291276,0.0,1.8775329194943142,-2.9483529511834456,-0.4440883131402629,0.0,0.44089048623073374,-2.763072676855423,-0.3330037794968855,0.0,1.0175008053789742,-3.61423389941782,-0.4352239468394266,0.0,1.7051050434408455,-3.5636263239220956,-0.5296927709229786,0.0,2.0746692234342814,-3.19556273567387,-0.5755693207075726,0.0,0.5713732217933343,-2.242228313104155,-0.5861916868628437,0.0,1.9425526769121584,-5.4979723965039025,-1.175227506969222,0.0,2.392576334359321,-4.87199549220907,-1.0173456691993097,0.0,2.390234293618936,-3.8876025899221323,-0.8461312003426577,0.0
0.0,0.0,0.0,0.0,0.41363222921148807,-0.36979918172175075,0.04553419097056484,0.0,1.4112194901971316,-1.3441563720369007,-0.09597110039114519,0.0,2.9615161733475497,-2.254537852813241,-0.47171954753980017,0.0,2.749181086058812,-1.6722368354359387,-0.6084886793965036,0.0,0.5763313906302002,-1.965510419879241,-0.27477912867621407,0.0,1.8434541820290635,-2.701171666520324,-0.7347483583718539,0.0,2.3516582874495144,-2.3077981120311377,-0.9418631679365409,0.0,2.2356665902492185,-1.5943035709076536,-0.8882414884892978,0.0,0.49961957514438027,-1.947949225203157,-0.4926634518833647,0.0,2.213722348813484,-3.1271421531365826,-1.2059829722894921,0.0,2.595042980724052,-2.298888613868356,-1.2019331214416744,0.0,2.2232320496189835,-1.3687774072515146,-0.9565992899649423,0.0,0.46675767766147397,-1.6979873832634906,-0.7604672059376496,0.0,3.0069335851230257,-4.097921344735409,-2.250505247529401,0.0,3.1287144331420436,-2.579413383478432,-1.7571645514191916,0.0,2.33788779730306,-1.2931816896808361,-1.126248245676344,0.0,0.3791057317546332,-0.9304551017832197,-0.834387060934545,0.0,1.8516787845332203,-2.16527109987116,-1.9149735174109346,0.0,2.93643332034769,-2.353275251533474,-2.2226509030401114,0.0,2.508453363679478,-1.4516450305551585,-1.5826772903872548,0.0
0.0,0.0,0.0,0.0,0.4185253615110811,-0.30567525256479533,0.12524446982406942,0.0,0.9619179158274219,-0.8513576332804207,0.17728619843041496,0.0,1.479266726097463,-1.2553163473995361,0.10403754696311958,0.0,1.7646478497428604,-1.43619671058567,-0.0021637133748891725,0.0,0.8721196834500613,-3.3457570262400926,0.44683040192238804,0.0,1.1529107948117987,-3.5699402942868006,0.19882384596167985,0.0,1.762314407713837,-3.6154658293389628,0.015018986291198917,0.0,2.089736522182151,-3.2695171882063723,-0.10992302173177668,0.0,0.6305279357295266,-3.2735634445860744,0.08032383602119154,0.0,0.9642236546846928,-3.3053930301307197,-0.08698599394207432,0.0,1.545507818135506,-3.2599492574746765,-0.25558328796798563,0.0,1.9785696184202126,-3.095102390584801,-0.38285844118750545,0.0,0.4936311771431832,-2.8658603498566664,-0.2586778817253912,0.0,0.9711329994424623,-3.563944801605042,-0.3370194269025204,0.0,1.6933471418173418,-3.664770252555647,-0.443446157603357,0.0,2.1438227224738506,-3.413834570250833,-0.5126181140940322,0.0,0.4826432844541192,-2.2155540408127967,-0.5133242440122809,0.0,1.470896825214928,-4.64673083407399,-0.9006352594153403,0.0,2.27009811918226,-4.929993932535768,-0.9370278787393895,0.0,2.5430448582483143,-4.281747479819322,-0.8537521362022141,0.0
0.0,0.0,0.0,0.0,0.3944057735343845,-0.3420564762158417,0.07050260757536854,0.0,1.4385309616256972,-1.4279680468466647,-0.008925021810084307,0.0,3.296062321546839,-2.8802270470319935,-0.32334785118266346,0.0,3.0229320171545124,-2.246053038848017,-0.4859025739974154,0.0,0.6484875526626027,-2.038661728243203,-0.2414441051571119,0.0,2.03071622182386,-2.8464756124011235,-0.6603077783558774,0.0,2.5098338287241884,-2.3885540698022627,-0.8249899835889666,0.0,2.388130199544077,-1.6727769145606948,-0.7880203835384374,0.0,0.5800199218239753,-2.0148391197647046,-0.45484433229075943,0.0,2.3678118284607184,-3.195064378235674,-1.0760402065581154,0.0,2.7121253188279244,-2.360000390462035,-1.0741208896722678,0.0,2.3810302587023715,-1.439441558467205,-0.9027448216838874,0.0,0.5859350580930828,-1.811577221498627,-0.7177156177004158,0.0,3.2408952093159504,-4.23266920327883,-2.0447533316750515,0.0,3.195974193321609,-2.6005278998542827,-1.5504777651331372,0.0,2.4129267008334288,-1.3205798177140933,-1.0291816247619365,0.0,0.534527658061492,-1.096114296571516,-0.8226579034694947,0.0,2.327780505979357,-2.5273913348584456,-1.9373803184922844,0.0,3.1957571631169173,-2.4548321649191562,-2.017634292684781,0.0,2.5797805366098943,-1.4553381215919075,-1.3865333050945083,0.0
0.0,0.0,0.0,0.0,0.42627505651618297,-0.3038411304999016,0.1316830980980589,0.0,0.9646810792104339,-0.8467256638105204,0.1969299259486281,0.0,1.4626610990819624,-1.2061584408702297,0.13463898192237891,0.0,1.7448961727021173,-1.3844900211584574,0.04807355253928659,0.0,0.7362570776875466,-3.125753772259839,0.49107823507819764,0.0,1.0990607106174486,-3.527830292915513,0.2721142378143154,0.0,1.7879309320002634,-3.676253954904653,0.11472477055757657,0.0,2.111428504441052,-3.2737046887281775,-0.001881530973421699,0.0,0.5247729514221212,-3.0749326398003176,0.14215011487637394,0.0,0.9359279330097171,-3.2818059591546627,-0.019918792291809387,0.0,1.5556637974399872,-3.2721278304382877,-0.1691651360402117,0.0,1.9615069076213827,-3.0640068952926978,-0.2667761495765899,0.0,0.45076507940750243,-2.8026083676047904,-0.19421229271501803,0.0,0.9508195288605258,-3.503577598029986,-0.270235107088703,0.0,1.7295975858408978,-3.6874093001529307,-0.35318007571660276,0.0,2.1858687186463994,-3.4102675487782883,-0.3886254275783349,0.0,0.5102915750246442,-2.262931176610153,-0.4756557531960734,0.0,1.5059700411381418,-4.627767169177088,-0.7892221528367825,0.0,2.333328387994362,-4.922504316905344,-0.7878886078197957,0.0,2.628402554359156,-4.293971525103473,-0.686668634715926,0.0
0.0,0.0,0.0,0.0,0.5408695650970471,-0.3202754913589697,0.08585320636096662,0.0,1.7127220041918858,-1.424098855355475,0.07099355145339052,0.0,3.2965247673431164,-2.670898776922697,-0.1320714238389859,0.0,2.880198899261028,-2.0832608972787376,-0.27926000354289454,0.0,0.7116804490650948,-2.1641750291301682,-0.10807226079403334,0.0,2.020900141886666,-2.9412406251304217,-0.4108834445556338,0.0,2.472206292114505,-2.5156443408582425,-0.5779656410350269,0.0,2.357997367442533,-1.8189782549030573,-0.5878585515373808,0.0,0.5957912791747011,-2.1135936504675286,-0.30261211518305786,0.0,2.434674435276178,-3.458715002427114,-0.8234104088068812,0.0,2.8188033986178134,-2.645341892330221,-0.8765345783227236,0.0,2.4260660761486235,-1.6544413494759742,-0.7394164004355862,0.0,0.557759576064294,-1.9134485229631562,-0.5378947016571984,0.0,3.3260346196653003,-4.645794024598765,-1.7452545296674382,0.0,3.470976938357266,-3.068667113918003,-1.4400183565979632,0.0,2.5337592509299594,-1.5674130162851743,-0.9307056734844554,0.0,0.47267000160788153,-1.212128630496433,-0.6629745012776056,0.0,2.0748124210099474,-2.657565196075583,-1.5774370132996005,0.0,3.2158078422826497,-2.8733216498385223,-1.8614607686888127,0.0,2.70186078406445,-1.7841305590778407,-1.3233376380705906,0.0
0.0,0.0,0.0,0.0,0.4204428275479905,-0.28828463062388615,0.13141663849132787,0.0,0.9631983837035356,-0.776959430961411,0.19789228539193884,0.0,1.433954397042546,-1.1039126254639748,0.13821277735764248,0.0,1.7685048628627968,-1.394906364105265,0.05487621362684063,0.0,1.1535891029931222,-3.587062731200916,0.6907529940844449,0.0,1.206263374866411,-3.576353720195307,0.3825213217905626,0.0,1.814479452122837,-3.6723843507704235,0.22367214434773605,0.0,2.1422029927143607,-3.346192728048854,0.10153244311904612,0.0,0.8946743916366332,-3.71935156729071,0.2827049501925348,0.0,0.9540357062740245,-3.301306192917665,0.06865045246773645,0.0,1.5279419549017468,-3.3188299883285963,-0.09131243831316933,0.0,1.9957590113976045,-3.2489566932569405,-0.20962548412777204,0.0,0.5995596373162152,-3.1029009919529478,-0.1341669116536572,0.0,0.8966157371181918,-3.4370539721544273,-0.2030062796614953,0.0,1.6875870698122752,-3.7408730357872844,-0.3087617413112409,0.0,2.227560213472196,-3.5988857595211745,-0.3740940725271986,0.0,0.47589391237088363,-2.3308344615536227,-0.4208404824356432,0.0,1.2562767498732457,-4.1867031163755595,-0.6525523114035785,0.0,2.1511422153132216,-4.720159443410958,-0.7165048457127386,0.0,2.603134589584121,-4.326553503171587,-0.6749090177944647,0.0
0.0,0.0,0.0,0.0,0.583909600771707,-0.3322122194222512,0.07688965694277464,0.0,1.7627697375232048,-1.401548444267231,0.0385919064718064,0.0,3.333448730964139,-2.6168504183845074,-0.19667386676969942,0.0,2.9024613742697962,-2.043480978400712,-0.33645301597263755,0.0,0.7130478773276172,-2.1336342707984977,-0.10348241140619431,0.0,1.9637361794411239,-2.857809835818142,-0.40983979656216907,0.0,2.4966111651617795,-2.5443541794712794,-0.6151230922939807,0.0,2.408494954989723,-1.8594563718692279,-0.6377259569194175,0.0,0.6010227627780492,-2.09051805780096,-0.29774847869305887,0.0,2.4317910125825044,-3.39080677762368,-0.8318234081486295,0.0,2.843352146430654,-2.6459348995448235,-0.9228869257450331,0.0,2.451275971567374,-1.6504812308671197,-0.7852268751882165,0.0,0.5712766826631017,-1.8953352155438663,-0.5403096955579622,0.0,3.626935538973195,-4.862522308373605,-1.8915206594673075,0.0,3.464326609685455,-2.989455643378222,-1.468504658168465,0.0,2.5160515270168937,-1.5217524971172827,-0.9539363826884838,0.0,0.5009830632968097,-1.202622674282829,-0.6777482602707606,0.0,2.053158920574603,-2.605420290394195,-1.5957470259531283,0.0,3.1607656777392528,-2.843443080677399,-1.9178639680881795,0.0,2.705168883205134,-1.8006084766384678,-1.3998523361920887,0.0
0.0,0.0,0.0,0.0,0.4439955223853439,-0.27386823115087766,0.13853796979952754,0.0,0.9683681641197248,-0.7504987438882474,0.22062081843324885,0.0,1.410165866173468,-1.0484889782201172,0.17638985791216688,0.0,1.6592693574423079,-1.208601754409546,0.10297002418682272,0.0,1.2201702773812155,-3.509438331576113,0.7519513943679597,0.0,1.2591083607954487,-3.621942709917938,0.4369449906581766,0.0,1.7386519826392446,-3.5595196483300273,0.25337712144304086,0.0,1.9996786068234902,-3.2050047252144855,0.12567631473626475,0.0,0.9873198411602139,-3.8409053842039795,0.34093861958735583,0.0,0.9277251933774187,-3.262812345607248,0.06563354947152654,0.0,1.4599017089463933,-3.248290063120329,-0.10224675100861796,0.0,1.9045273642796257,-3.1578492111687018,-0.21131513000142707,0.0,0.6485516422919213,-3.181028140987924,-0.12817257801025936,0.0,0.823816122142471,-3.3549667526531324,-0.23326351773094775,0.0,1.5682391219829717,-3.635966981010956,-0.36557461922977996,0.0,2.0818755194576557,-3.43693048693644,-0.42840561864502635,0.0,0.45955130404245104,-2.264134689408301,-0.42794058949586533,0.0,1.0743900395899577,-3.857703850009575,-0.7055423907238508,0.0,1.827119325274337,-4.324915381223475,-0.8266082137408715,0.0,2.2605754874797355,-4.007194070420089,-0.8120193534514027,0.0
0.0,0.0,0.0,0.0,0.5741456357976401,-0.45501228471829863,0.09921100047877461,0.0,1.6672741101996944,-1.607846792341909,0.06892107302413406,0.0,2.7791126202910017,-2.4844647509822884,-0.1553321777475994,0.0,2.477319811409908,-1.9411415735542397,-0.3054597351328102,0.0,0.6419011482030708,-2.256664739781616,-0.08639928718872691,0.0,1.963429050281363,-3.1444824569890035,-0.4391692832288932,0.0,2.4055966034893834,-2.7158475555209995,-0.6494450908782631,0.0,2.2495388474955367,-1.9341242068969347,-0.6544350779892337,0.0,0.4761915193942001,-2.1999759433921815,-0.3109294283214964,0.0,2.415313884084258,-3.844497887879462,-0.9955135999432647,0.0,2.6719605472687227,-2.8365882316084177,-1.0317941569149094,0.0,2.250482116612612,-1.7264061168918208,-0.8373139768702107,0.0,0.35535503736562724,-1.9292518184564427,-0.5626517244593383,0.0,2.9906433827809775,-4.895079243860176,-2.025344093962935,0.0,3.157535583126822,-3.2334811884747245,-1.6671307183401047,0.0,2.3179761609115044,-1.661548487662967,-1.055806792083375,0.0,0.2431038353253636,-1.206572859147775,-0.6911246464992258,0.0,1.208180469851867,-2.278723690735012,-1.4409016529566394,0.0,2.2444606155602638,-2.811397492714376,-1.9328545092112706,0.0,2.3914740933235397,-2.1610288906080424,-1.6594226179833207,0.0
0.0,0.0,0.0,0.0,0.44264183313149813,-0.2514135391620026,0.1587196368463082,0.0,0.9661813006223088,-0.703700755179411,0.25788835786444686,0.0,1.3884973581388298,-0.9609737300188482,0.21968687512468152,0.0,1.6621628506243116,-1.1521325252298238,0.14726898130008176,0.0,1.4501193454395807,-3.4221442981794836,0.8389664227668524,0.0,1.3610662462734875,-3.625021105892713,0.5155896760795846,0.0,1.7146297817750276,-3.411685338335815,0.31564954976138254,0.0,1.9400371723060208,-3.068392313671379,0.19650894359469126,0.0,1.3612290398104818,-4.205111147988509,0.4241045682359543,0.0,0.9881995133261852,-3.279033532401115,0.0886590718559339,0.0,1.478645959741352,-3.2161729788674873,-0.08179638824617849,0.0,1.9744861815911146,-3.221378182223053,-0.19183580797231128,0.0,0.8334819193946785,-3.3193249240536935,-0.14864418495842352,0.0,0.8180148045227144,-3.2579709791713465,-0.23165380012766745,0.0,1.5163984877471735,-3.495460447796025,-0.36022363206835306,0.0,2.0662564484928705,-3.410644663700501,-0.43696556342817006,0.0,0.5035186134552263,-2.2314650419362394,-0.45814972024791045,0.0,0.9789472914573697,-3.506313985822777,-0.6799396497431649,0.0,1.6648500983658712,-3.904993613131228,-0.7949516244430573,0.0,2.158075652685505,-3.7618104493900835,-0.8221823711463531,0.0
0.0,0.0,0.0,0.0,0.5397792049055535,-0.35062772208928666,0.10318421798238846,0.0,1.4947624674239444,-1.3790443440477618,0.10228743186216668,0.0,2.73799090986788,-2.4923742733933456,-0.07406444836875832,0.0,2.530940164137933,-2.004681332053376,-0.24068194530365203,0.0,0.628838036796376,-2.2695209362391933,-0.0859341850870048,0.0,1.887104838354982,-3.1130964616638845,-0.40725933757432,0.0,2.3479503271638236,-2.7182036879247056,-0.6047624032605343,0.0,2.242845182900517,-1.971771068309378,-0.6214881855391927,0.0,0.4625997804156658,-2.1944021973346652,-0.30280881376712737,0.0,2.2716102999823526,-3.7126478166040457,-0.9003908935482661,0.0,2.619482763414685,-2.8313195049455873,-0.9522046889497985,0.0,2.268415119619431,-1.7706614407477521,-0.795021273870831,0.0,0.36885185951305305,-1.9475127784920676,-0.5505299715601882,0.0,2.7857634332174515,-4.663596650985249,-1.8194545597130154,0.0,3.0613583017513464,-3.210336569884201,-1.5390309504187651,0.0,2.3316636167908875,-1.7265430019847208,-1.0146888242358134,0.0,0.2857677444035532,-1.231518329393461,-0.6819170192022952,0.0,1.392997385126586,-2.4417524862785296,-1.4818082164847914,0.0,2.4803026440945644,-2.944040034693595,-1.9274098813530485,0.0,2.4632513084994305,-2.156153727930068,-1.5668164324195377,0.0
0.0,0.0,0.0,0.0,0.4699866858549205,-0.2675066510649912,0.1821710831985912,0.0,1.0005391482359516,-0.7242349183166227,0.29954634336605634,0.0,1.4380563712248804,-0.9804438610568545,0.26779191186656554,0.0,1.695415598828058,-1.1283791617126766,0.1887357018686633,0.0,1.3366073068433566,-3.135869219603224,0.8381784130555734,0.0,1.4625518942286817,-3.61745276945093,0.5964532954991326,0.0,1.7990985635805978,-3.4007592651334417,0.3789075696269111,0.0,1.9719450106354803,-3.0082733622219227,0.23582479908561915,0.0,1.2854713649369616,-3.9051248024247296,0.4260827442055644,0.0,1.1089351476098124,-3.3513786307236035,0.10877888779005462,0.0,1.58654158200627,-3.2266838085961242,-0.08183456217562596,0.0,2.014058228334887,-3.081955351910369,-0.2013252914065099,0.0,0.8311048154040895,-3.1614545700754455,-0.15241758806041802,0.0,0.9105723920805772,-3.2734856790299864,-0.24890733793349265,0.0,1.6027033206251926,-3.449243619910386,-0.39460499444009656,0.0,2.0733975649212266,-3.204791364203744,-0.4709275462784621,0.0,0.5219691907655841,-2.1126845002610035,-0.47162780732737053,0.0,1.0476869688674588,-3.397738424439712,-0.7077660593790104,0.0,1.670253013438041,-3.6425144787719836,-0.8093268264912092,0.0,2.0402865360328475,-3.340156001608777,-0.809996103670327,0.0
0.0,0.0,0.0,0.0,0.5089292329107589,-0.4047208333457644,0.08781788172907742,0.0,1.4935802842008323,-1.64482871278543,0.083367385070748,0.0,2.9254556112833283,-3.1636189469932923,-0.12407338247327825,0.0,2.5047650746003622,-2.3459018467807984,-0.2704186027045181,0.0,0.6371070252438606,-2.568672428998497,-0.007226063980144359,0.0,1.7830539453801084,-3.4252333993475106,-0.2893890104705914,0.0,2.2404053413378318,-3.023278368776168,-0.5088046896617107,0.0,2.1763402857071443,-2.246719407515826,-0.5584681450026863,0.0,0.43887948624617446,-2.463289654133297,-0.2264015272672284,0.0,2.0581969321767333,-4.034131879019606,-0.7081851850335275,0.0,2.462268347669296,-3.1964273639961918,-0.8164992615078369,0.0,2.209522960494274,-2.092890162643129,-0.7242834554814055,0.0,0.30454627262134326,-2.1744858707617825,-0.46366671733641457,0.0,2.436117496740899,-5.061964414566442,-1.503879243589423,0.0,3.0022943742091632,-3.8587525718474116,-1.401341226132844,0.0,2.324131438153042,-2.1185106210261675,-0.9347738179627957,0.0,0.20180561569016153,-1.405785768266383,-0.598046467754259,0.0,1.3291467044124252,-3.0208382796111017,-1.3827915520395975,0.0,2.7182847933904997,-4.059626075550443,-1.9579797210515164,0.0,2.647906358822155,-2.9146078272611673,-1.534737263946194,0.0
0.0,0.0,0.0,0.0,0.45469201499328843,-0.2572892541847646,0.16648676723122846,0.0,0.9842993445352136,-0.7030161205981139,0.27026669910356677,0.0,1.4062501067465616,-0.9445095051433614,0.23328409030289504,0.0,1.661724340251539,-1.098738687858421,0.15750278243223373,0.0,1.3785162419255512,-3.1877099574478067,0.7980384652869942,0.0,1.4635198960718652,-3.7134954916791107,0.5396138212128282,0.0,1.7510605707973175,-3.4260744657093425,0.3125653455849068,0.0,1.9125519448019925,-3.024376219420189,0.18061785737488015,0.0,1.3446017732365294,-4.0061499941850025,0.39039138725985606,0.0,1.080006566148045,-3.388081734355042,0.07843156059304837,0.0,1.5368066862294698,-3.2444353974645455,-0.10118922878917591,0.0,1.9768767063344241,-3.1302145767514946,-0.21236251428155117,0.0,0.8654415225639547,-3.2314693502201552,-0.18196192354381427,0.0,0.8810106445697072,-3.287967438719967,-0.26983705506260464,0.0,1.5376969266519636,-3.433630136572521,-0.40606908877105113,0.0,2.031694127123946,-3.2373004476976224,-0.4808527917097409,0.0,0.5329294223092299,-2.1568501327118272,-0.4892232147243885,0.0,1.0064177961624976,-3.4204585527534146,-0.7127748598521279,0.0,1.6146802350288867,-3.671060784796543,-0.8072203367072435,0.0,2.0330167985626852,-3.444731177410402,-0.8197852060382537,0.0
0.0,0.0,0.0,0.0,0.486047331372153,-0.38033252076606616,0.06922377497444095,0.0,1.4991970278172264,-1.6680976264421032,0.04502234796704103,0.0,3.153634092034875,-3.5034648504871666,-0.1969527426142594,0.0,2.600720296152757,-2.561165332485466,-0.3231182743087644,0.0,0.6103747556185404,-2.5571859355162347,-0.006183315388824416,0.0,1.7738456632232396,-3.445469334056822,-0.27825708527877235,0.0,2.2613171063295825,-3.069638594119672,-0.5086079783970628,0.0,2.1937524915684983,-2.2861047150677614,-0.5637659440779172,0.0,0.4175092213332483,-2.448119054357519,-0.2034571629079639,0.0,2.14742015123356,-4.190917206017172,-0.7012892584872078,0.0,2.5266502785347185,-3.2634110587702,-0.8140872670527974,0.0,2.2221394870480595,-2.0871786914475523,-0.7125409483348392,0.0,0.2963529798939673,-2.193503332537743,-0.42599263443408025,0.0,2.6344117654598986,-5.439286324373074,-1.5184572846024933,0.0,3.0674518105186634,-3.9452472069877134,-1.3600191256099845,0.0,2.3219889438438264,-2.116765027961529,-0.8888025700817704,0.0,0.2101020572983845,-1.4505707136948311,-0.5656869880870992,0.0,1.422772076243933,-3.2247460792515654,-1.3711008969648864,0.0,3.010950901352712,-4.520713731498825,-2.021694780614168,0.0,2.7693499259363104,-3.0713285761139586,-1.4909258484793229,0.0
0.0,0.0,0.0,0.0,0.44485702778338987,-0.25472115637388526,0.14888841407713144,0.0,0.966112165393672,-0.6943787671465389,0.23811476264884163,0.0,1.4002929078539292,-0.9510809911837758,0.19659850458522588,0.0,1.6702530727110492,-1.1215262680339684,0.12037978846404394,0.0,1.3965374306736187,-3.217548717650078,0.7722090139237204,0.0,1.498964174301982,-3.778961843556427,0.5079663244463571,0.0,1.7909095629479825,-3.4934629778834103,0.27532667563192553,0.0,1.9416340928029225,-3.061563983942928,0.139119161526914,0.0,1.367711190765034,-4.0665391833271824,0.3850900548839274,0.0,1.0665818523309087,-3.391297701782903,0.059397099475621974,0.0,1.5253030442945072,-3.2657482975565997,-0.12384311772617095,0.0,1.9692104013157632,-3.1427737827575153,-0.23776155283419612,0.0,0.8848955549599538,-3.3189514242857623,-0.17232728094657168,0.0,0.8577051515656988,-3.265981271238464,-0.27315121904650097,0.0,1.501379541310581,-3.4138946238216943,-0.41538989370237833,0.0,2.010275160872744,-3.227092645823951,-0.4923661619980358,0.0,0.5389752031002384,-2.2277358179527136,-0.4781758211626686,0.0,1.0052695834612964,-3.4839695901413363,-0.7100154784219264,0.0,1.6330812867449542,-3.7444282959415247,-0.8146461525786518,0.0,2.0711386667306546,-3.4874014012076677,-0.826293242400193,0.0
0.0,0.0,0.0,0.0,0.4772181858782573,-0.423168553871459,0.10137751266753091,0.0,1.5167737711328348,-1.924981839714012,0.1742641344646358,0.0,3.2941086736092067,-4.110862927816526,0.055542033659623104,0.0,2.478368844015169,-2.6698816888074446,-0.1109673806479147,0.0,0.5714722864376353,-2.7379500091241122,0.1865180967402739,0.0,1.7120564515113745,-3.747658057193648,0.05156509514412537,0.0,2.259123879671366,-3.4474191671483223,-0.20020145672501108,0.0,2.194623746211289,-2.5647975685012234,-0.321226423365811,0.0,0.39331789686668506,-2.6484691210312574,-0.02218039523186106,0.0,2.1374966400983135,-4.656193860318297,-0.29375166451191076,0.0,2.538079959746789,-3.714634784069527,-0.49047808828374007,0.0,2.1991296632606305,-2.3554000589222084,-0.47912871472354374,0.0,0.28227677516193567,-2.4682759076710195,-0.2514446984469414,0.0,2.739156434933455,-6.287788979803569,-1.0070331802595902,0.0,3.0963454036652216,-4.526550473126343,-0.9518962934101285,0.0,2.3082724303879014,-2.424641417007574,-0.6416171758034116,0.0,0.20656809229365894,-1.7891693248470442,-0.4433700159921522,0.0,1.420790973281083,-3.746607445704984,-1.0462049549081476,0.0,3.105684887296886,-5.443732710696253,-1.6093818520608865,0.0,2.8919635331868707,-3.7606569571448207,-1.205704550577737,0.0
0.0,0.0,0.0,0.0,0.44955362047432623,-0.24739490256406246,0.15993350503503978,0.0,0.9481442054904812,-0.6485727996151607,0.2622655261904511,0.0,1.3932712901793243,-0.9152545650950519,0.23919100112791106,0.0,1.6751200637141883,-1.1003932394375422,0.17266148217794347,0.0,1.381299340533602,-3.02712798456525,0.8630361102056273,0.0,1.8204389752716166,-4.074048583373654,0.7514540531882901,0.0,2.004559894775829,-3.5997299701102996,0.4454868760221802,0.0,2.0024635203033103,-3.003606629680122,0.26025622309948554,0.0,1.41887636842983,-4.047446716203971,0.5239742487137181,0.0,1.1147555930286075,-3.4372438329025865,0.16321524530051237,0.0,1.5155493198382757,-3.236700442383151,-0.02904008690181709,0.0,1.9406376037570268,-3.1058824647375642,-0.1378406277493248,0.0,0.9160411501741204,-3.3506703982875026,-0.06680277128698663,0.0,0.8167824960148306,-3.1581615390270876,-0.19081876911591075,0.0,1.4156936608418578,-3.294119436553389,-0.33030765007539736,0.0,1.9331603962458812,-3.1721103495879346,-0.41227704264223647,0.0,0.5588341574568373,-2.289649674915092,-0.40746009799285754,0.0,0.9614598337916513,-3.3499503676936557,-0.595498093261822,0.0,1.515170137768329,-3.5296652180525268,-0.6821226717536867,0.0,1.9494670112733443,-3.3449520033730433,-0.7053987327838004,0.0
0.0,0.0,0.0,0.0,0.4268557701396302,-0.3876556849701886,0.08104163555267792,0.0,1.3108525055374176,-1.7187849191273943,0.08888044922079828,0.0,2.708158775738821,-3.5675158996961986,-0.09213108943340258,0.0,2.304386632031335,-2.6726150827564026,-0.23014725440503334,0.0,0.5474427177190377,-2.8327355483085666,0.020690658752851167,0.0,1.6486857296483337,-3.7993346436109583,-0.2534999394254351,0.0,2.1035476240692823,-3.4001644241702,-0.48212203553955946,0.0,2.0656744374564235,-2.570812144552093,-0.5424323112031333,0.0,0.33477833047049976,-2.7071624527379883,-0.2107494971669037,0.0,2.0051036176617263,-4.712246077657256,-0.7371568083786614,0.0,2.295030708749214,-3.583702663536668,-0.807074098794401,0.0,2.0664495293898346,-2.3545714756230556,-0.7009059074045645,0.0,0.18548714511033879,-2.3674988708935643,-0.45381371567843015,0.0,2.1966870161322443,-5.676533644069968,-1.5052332393001764,0.0,2.6022862575255514,-4.174791626066422,-1.3032427852402435,0.0,2.122839363822987,-2.451697929180128,-0.8874658788309704,0.0,0.09300761958773088,-1.505378930907194,-0.5812146686865596,0.0,0.9701302972736354,-3.135199494828971,-1.2863039806047176,0.0,2.2036211144696014,-4.475016793885338,-1.8886029125143369,0.0,2.441828242067617,-3.5962467993393137,-1.5989743126877378,0.0
0.0,0.0,0.0,0.0,0.4349795617544904,-0.23166181605743405,0.13509184944089853,0.0,0.9433818353008591,-0.6477925211431782,0.21945580387891891,0.0,1.3958380056549051,-0.9182972839387501,0.18652816859303512,0.0,1.671909854482097,-1.0995933085670346,0.11986458189479289,0.0,1.3794342890637192,-3.1537068086144773,0.8101558652334366,0.0,1.799954149655341,-4.1901254771440435,0.6649215592270792,0.0,2.0078640035282875,-3.6643998204504475,0.3684966054277643,0.0,2.0232488991415365,-3.03649641183217,0.1999432666270569,0.0,1.339842323683526,-4.020011749893929,0.4679743741762965,0.0,1.082275310654825,-3.4139672138326125,0.12954135704168412,0.0,1.5080586521891948,-3.2368748751493737,-0.050189143906105696,0.0,1.955036176634249,-3.124789584006331,-0.15339646228456225,0.0,0.8751443838585271,-3.364877220569794,-0.06652353817856056,0.0,0.8026654992816492,-3.1631659975888557,-0.1901855462872233,0.0,1.415207025365089,-3.313530159769251,-0.32834350012327,0.0,1.959629593659194,-3.2170668946096646,-0.41326186082195354,0.0,0.5518442816781867,-2.371775394292262,-0.3909199965267413,0.0,0.9625478040450548,-3.4527152865736483,-0.5877539995193851,0.0,1.5562363663788872,-3.6838055667717144,-0.6897303468737005,0.0,2.042105498316383,-3.530786358398643,-0.7272570210212717,0.0
0.0,0.0,0.0,0.0,0.3793809820552298,-0.33574213092616745,0.06578635226231466,0.0,1.1031985707896177,-1.5314523482194728,0.0796396260170514,0.0,2.8779087725446773,-4.383603624152234,-0.0732521032945213,0.0,2.6440571102412798,-3.85435696924796,-0.24304003614122122,0.0,0.7908803488049319,-3.4126596987460305,0.10801757653014653,0.0,1.7675346314789913,-4.363893124155279,-0.1986721001868304,0.0,2.082014388826587,-3.675258389219453,-0.4357765554901744,0.0,1.9786770846444757,-2.7284783863883866,-0.4851277550022784,0.0,0.539807087039177,-3.2728684145935847,-0.16312636145285586,0.0,1.9846163523256337,-5.048591960531311,-0.5887702340742271,0.0,2.1346385910537573,-3.6909363909688593,-0.6480744951156556,0.0,1.9786163829012196,-2.5661820335582424,-0.5929800287368437,0.0,0.3292193192102893,-2.791850602766384,-0.4312109828179986,0.0,2.0611467150260916,-5.838639975367301,-1.2566019018502854,0.0,2.356318304923867,-4.259721115554086,-1.0515192083914078,0.0,2.040380354005935,-2.737716359318424,-0.7577270720538218,0.0,0.16877306728991007,-1.7298605148820765,-0.5570481939789098,0.0,1.1216771859168284,-3.745779909557019,-1.2810984940821024,0.0,2.398053935330044,-5.2224561422462275,-1.7965480552524375,0.0,2.5241047084511794,-4.1181519880675115,-1.448136077023502,0.0
0.0,0.0,0.0,0.0,0.41499920453254674,-0.20883248396715692,0.11961004267777618,0.0,0.9196608048257036,-0.6146106356348371,0.19693737548002183,0.0,1.3852828547005602,-0.9008978185751646,0.167063035409981,0.0,1.6579337607785174,-1.0830029110685988,0.10395420507094366,0.0,1.3904115757230817,-3.1185509635401933,0.8129433757866971,0.0,2.014786693909478,-4.477603109669053,0.7434585100085334,0.0,2.105927745816765,-3.7566706883917163,0.3944618439956891,0.0,2.0367301951629333,-3.0419933988598515,0.20870780719639556,0.0,1.3677717030491348,-4.037528669962999,0.5005731138612572,0.0,1.094802801304182,-3.469990917512524,0.14990608831972002,0.0,1.4752015766929882,-3.2222815729505476,-0.036046572691625305,0.0,1.902882498736446,-3.0903649011213745,-0.1348996612053092,0.0,0.8856048455932419,-3.4013365435277434,-0.024289485176396702,0.0,0.756618960886586,-3.1141109323064193,-0.1618209382472824,0.0,1.3352560060510454,-3.2474620138380845,-0.2930996632321357,0.0,1.885365180353584,-3.1848883280251603,-0.37145659605139203,0.0,0.548792054856195,-2.4274688408099063,-0.3505379102139824,0.0,0.9067494573959798,-3.420220167408859,-0.5236518010737504,0.0,1.4675151457313973,-3.6471774230191123,-0.6117794638945373,0.0,1.9921536375641309,-3.589364803624376,-0.6540119374148294,0.0
0.0,0.0,0.0,0.0,0.32765529528022125,-0.2723223668123392,0.043442996028309824,0.0,0.7905960490424929,-1.0844076999162855,-0.0032985794142450665,0.0,1.811974220785055,-2.7655245766548178,-0.23339986977611013,0.0,2.6339041377855184,-4.190528470890284,-0.5884679867464627,0.0,0.9988446789440331,-3.2092642454906724,-0.2541053748783639,0.0,1.5658802546982078,-4.606412974787506,-0.7893703282390918,0.0,1.6581190836844968,-3.376562636999457,-0.8037940545341079,0.0,1.6233443665867584,-2.520318227528909,-0.7137898621820092,0.0,0.7391780496339684,-3.1253420559865033,-0.5834346724319707,0.0,1.1660291250434456,-3.9830282288071404,-0.938326199340445,0.0,1.4661573049690317,-3.071436798732057,-0.887899779279418,0.0,1.5888859633402337,-2.4266182209255733,-0.8215107513934226,0.0,0.3894179774477652,-2.253037953542975,-0.7286357088790834,0.0,1.003496963310477,-4.082946883567332,-1.2777478891145182,0.0,1.5487055411452053,-3.483908678308432,-1.187913849518337,0.0,1.6841432388192992,-2.679824986378079,-0.9947085305305459,0.0,0.18084242179467028,-1.3713649847300304,-0.7228395505874824,0.0,0.8382622562178593,-3.675157962013485,-1.639811729790422,0.0,1.6663894762172013,-4.4087352284812775,-1.9036374700846768,0.0,1.8807316358315251,-3.6206418642248073,-1.5857243939231214,0.0
0.0,0.0,0.0,0.0,0.4023438554284704,-0.20132581533263208,0.0983070893652822,0.0,0.9066953834866623,-0.6112228214903518,0.1574271261095064,0.0,1.3660302085257754,-0.9022217089196719,0.11899418454363894,0.0,1.6215969008070312,-1.0629883198166092,0.05649176726745372,0.0,1.4869825270579995,-3.3410108911997436,0.7837593391918396,0.0,1.9352576398278605,-4.539370306152461,0.6371352318742705,0.0,1.9218957012554556,-3.6839703346019386,0.3059558264959229,0.0,1.895167719801649,-3.0552742169663625,0.15569988652173533,0.0,1.4386459113827426,-4.2612244621062585,0.4732096398612133,0.0,1.0757819628061767,-3.507240512065834,0.12507748885031414,0.0,1.4174193724982518,-3.219549244882074,-0.03972137364311308,0.0,1.8394336028519933,-3.1234593691938533,-0.12258417098968961,0.0,0.8873988082637476,-3.4806004251001186,-0.03879535404114368,0.0,0.766854456716893,-3.211830057965656,-0.17620553205832767,0.0,1.314857029542613,-3.316859946463844,-0.2900837310992251,0.0,1.8822457517258404,-3.320258131479744,-0.35938037527436506,0.0,0.5091701716299347,-2.4289027062001476,-0.3424603014375452,0.0,0.9064991904994538,-3.562683747738951,-0.5409931309652988,0.0,1.4764208143690791,-3.8497848411379363,-0.6267639265745985,0.0,2.0566147742834993,-3.9166593725312486,-0.67593235781263,0.0
0.0,0.0,0.0,0.0,0.31927479570383976,-0.03647467182209831,-0.006820817155572314,0.0,0.7355144191648825,-0.2701219140651966,-0.07544281741966884,0.0,1.0927861158739174,-0.3979616789360908,-0.18337868962069176,0.0,1.383358971463953,-0.606065845908216,-0.3021692515122358,0.0,1.484400165746575,-3.258846304059012,-0.1325816455628536,0.0,1.6634855126097912,-4.185593970893873,-0.494003805851375,0.0,1.6166380232197628,-3.156148955355777,-0.549834136619698,0.0,1.6420659160815314,-2.5500459671272577,-0.5369068858935564,0.0,1.1795639292807605,-3.555414776686676,-0.4174219379735155,0.0,0.989737077337121,-3.2983735732313915,-0.5100952783575913,0.0,1.2828224335572844,-2.8534323929342054,-0.5783845407456097,0.0,1.583514243877926,-2.582342090689952,-0.6425545508490074,0.0,0.6127643448921165,-2.716901273242939,-0.5687963249886532,0.0,0.7444946728227522,-3.149339201740606,-0.6456007846724697,0.0,1.2342037098102712,-3.068277783427402,-0.7240105590814145,0.0,1.6268532308814418,-2.850401715649627,-0.7629485159077258,0.0,0.27135708810551556,-1.8737547342936653,-0.618392371279667,0.0,0.7361000200496001,-3.3786993904363696,-0.9971099418229018,0.0,1.3037916191673984,-3.673369003064357,-1.0924366368266163,0.0,1.746667693894711,-3.5626554721431902,-1.0962858948728407,0.0
0.0,0.0,0.0,0.0,0.3906082349502784,-0.19862675505441213,0.0929256889815558,0.0,0.9027842830888759,-0.6271712354531861,0.1495609060765256,0.0,1.3694986246501955,-0.9166466376677525,0.11136696622966524,0.0,1.6204929397465757,-1.0706106081238373,0.05195082429256367,0.0,1.4115536272216964,-3.2978872236137553,0.7271758089889396,0.0,2.0633235215156276,-4.771978194208236,0.6184449020400035,0.0,2.01957806310025,-3.778485979543634,0.274655505012543,0.0,1.9530047875462724,-3.05518114709304,0.12376816629704662,0.0,1.3002259550232793,-4.051969845779297,0.41057697904452206,0.0,1.0728659437603216,-3.513285729179454,0.09561702811899861,0.0,1.407761988990466,-3.2028107643872343,-0.06475887282665037,0.0,1.8073563318768542,-3.0609991278437043,-0.14516269517258812,0.0,0.7987768688302307,-3.3244973666818463,-0.055843945184526865,0.0,0.7538994094114819,-3.2027396528416054,-0.19248993780926688,0.0,1.289170786016346,-3.275807678112732,-0.3084569411250528,0.0,1.8170954656391927,-3.2141698053364203,-0.3742410707108699,0.0,0.47263503449995525,-2.380584780956742,-0.33965363323456793,0.0,0.8964504831996498,-3.58468797508755,-0.5557014924108614,0.0,1.4230293787317478,-3.798069744147449,-0.6356296616340821,0.0,1.9352234668926733,-3.7930850227910473,-0.674561785472345,0.0
0.0,0.0,0.0,0.0,0.3944647677473348,-0.1970961045457441,0.09849082028681949,0.0,0.9081351982489494,-0.6123637877574066,0.16070738211405144,0.0,1.384427556344625,-0.9056524784778068,0.128134527586825,0.0,1.643085909483788,-1.0744188085020843,0.0713201557700411,0.0,1.4227946720721893,-3.212574526063098,0.7422560985933586,0.0,2.395451138388506,-5.057426264232117,0.7220248178451883,0.0,2.2438627307706613,-3.8565865673401345,0.3239243136552097,0.0,2.082319564125481,-3.0293962601977853,0.15400968746762408,0.0,1.3379896721885913,-4.055680068368663,0.4335639845273089,0.0,1.0910907392698614,-3.483337753767573,0.10861863650342034,0.0,1.4181881670713605,-3.152988622499765,-0.04582214074769432,0.0,1.813843164698299,-3.012175516451246,-0.11754956998052794,0.0,0.8152022227378104,-3.322838926405204,-0.04223592932418427,0.0,0.7282231087351414,-3.104107866433466,-0.1823329456465999,0.0,1.2598994330194366,-3.2001369631425662,-0.2922950805572154,0.0,1.7953672039150288,-3.1790412801025267,-0.35275073920792593,0.0,0.4867079617865206,-2.4061773240499638,-0.33121633777962195,0.0,0.85389399489529,-3.431327851584036,-0.5272492442553057,0.0,1.3770120218841413,-3.666453886320691,-0.6069515096835977,0.0,1.9134527465620221,-3.7207641111426026,-0.6497145118930249,0.0
0.0,0.0,0.0,0.0,0.3828197810437078,-0.20748426573173626,0.08866727470697416,0.0,0.8750585928939821,-0.6368202627521589,0.14037671734253931,0.0,1.3317366420968682,-0.9246740405261569,0.09490764255563064,0.0,1.595344577293563,-1.0967114238065678,0.031156748205823377,0.0,1.386267234905538,-3.292913523690098,0.766862245188236,0.0,1.8436414752733217,-4.6045386606232865,0.627342616892053,0.0,1.8570962074280775,-3.7582963919817467,0.29116232518757984,0.0,1.8438954673874057,-3.098399497348999,0.13762226946434292,0.0,1.3147362559107487,-4.1679477824261015,0.4696256375520995,0.0,1.0546178523085148,-3.621332129954871,0.13704714504971285,0.0,1.3562390827537525,-3.2622445217408287,-0.03723923447072754,0.0,1.7156963577474043,-3.0746774654593505,-0.12284115085247659,0.0,0.7881790063095482,-3.437711658472526,-0.030627929922358608,0.0,0.7625321686945589,-3.335221294762302,-0.1786831495757846,0.0,1.2696135572434764,-3.3423355638690535,-0.2901047739844984,0.0,1.752118298479238,-3.2140022273108397,-0.3470307777253738,0.0,0.42439778027721803,-2.410136929474656,-0.3329131846793226,0.0,0.8719468569337607,-3.663944773298325,-0.5521400904346494,0.0,1.3784957447020647,-3.863185349443552,-0.6208385636082508,0.0,1.8729901205482025,-3.8591884587607175,-0.6522843454327383,0.0
0.0,0.0,0.0,0.0,0.39074694747913896,-0.20908210113465725,0.09617416787753727,0.0,0.9000248102585168,-0.657138533823938,0.15897879292978717,0.0,1.3878500477212132,-0.9857739252409019,0.12034550309331314,0.0,1.65279078850392,-1.1668361983977054,0.05517997564110884,0.0,1.3536411930179886,-3.147183217044053,0.7732264413147234,0.0,1.9985718017513971,-4.715041866817554,0.7017579498599924,0.0,1.9868181404539624,-3.799190653511829,0.33587109359082,0.0,1.9175579530626283,-3.0679453825944116,0.1665070568757549,0.0,1.2993537562556228,-4.056790448467467,0.4833591436957569,0.0,1.0675970295984953,-3.6180199408990217,0.14373640917346903,0.0,1.3999547308131142,-3.287237278224681,-0.03508798753797679,0.0,1.7817939876702076,-3.093375582542314,-0.12163075338879155,0.0,0.7896991338162052,-3.4008191607374005,-0.020329624542021113,0.0,0.7375382528992891,-3.239876493018854,-0.17643796446463253,0.0,1.2725188784765327,-3.310650936173973,-0.29706226470115477,0.0,1.7937356311999675,-3.2218270099210535,-0.3616473497193085,0.0,0.4342437994106534,-2.4318713029719934,-0.330766553346082,0.0,0.8438089991822015,-3.52937282865349,-0.536105598413944,0.0,1.3626407891885661,-3.7415299599246663,-0.6172082744350422,0.0,1.8799472165442548,-3.7537854644447464,-0.6607737835625561,0.0
0.0,0.0,0.0,0.0,0.416053616422946,-0.13613397901001886,-0.05743028468217075,0.0,1.4595312650144816,-0.8564531774852713,-0.3022262781151448,0.0,2.6286570402273823,-1.5151393304990508,-0.6382331250304604,0.0,2.395316750748035,-1.348022664752635,-0.6597784152888415,0.0,0.5318981208118133,-1.8060496543485358,-0.4543667872643173,0.0,2.299272289671392,-3.400265377555081,-1.5015472481651753,0.0,2.375243400498619,-2.28234884999085,-1.371123172481172,0.0,2.0147990387815153,-1.4050814458206473,-1.0651416481538163,0.0,0.330215332261553,-1.6131072684532568,-0.5397022985611123,0.0,2.0135680770196758,-3.1185312049772076,-1.5288620275536418,0.0,2.3440176080756543,-2.176444640559608,-1.3558471083851344,0.0,1.9982602219954504,-1.291738848389429,-0.999451230995286,0.0,0.2702313066990297,-1.381991008530041,-0.680961845602973,0.0,2.1501743510235434,-3.342631859225843,-2.039730550772829,0.0,2.8450334228850562,-2.56295734637287,-1.8523802523219384,0.0,2.252943003689239,-1.393305517082891,-1.1895607989690107,0.0,0.2697134651122695,-0.9295110441161447,-0.7846231985990751,0.0,1.9516966548169314,-2.4470018179966613,-2.2748893703426676,0.0,3.53424205949929,-2.796406579320178,-2.8685640163065704,0.0,2.6609232212259024,-1.4817036483288908,-1.7460254247911295,0.0
0.0,0.0,0.0,0.0,0.37465971901046274,-0.2042459161101474,0.0673054711408719,0.0,0.8636315589179725,-0.6271493447749303,0.09637880128430877,0.0,1.333529006541703,-0.9407540614212693,0.03643029311600764,0.0,1.596118525639732,-1.1198562828977516,-0.034634523343493664,0.0,1.4354106922359882,-3.3844265211612927,0.73327155600649,0.0,1.8962547051206509,-4.734883102868472,0.5727045691790118,0.0,1.8805211026237367,-3.814846949749131,0.22915633627993842,0.0,1.8537100078841626,-3.126130199765888,0.07734868848566308,0.0,1.330041569476438,-4.235769767297032,0.4531295395371331,0.0,1.0260368356986616,-3.631191731214333,0.10978458614873206,0.0,1.3331509168084112,-3.2975433445826217,-0.06885545503895309,0.0,1.685661432121775,-3.1075963615200313,-0.16063547099533892,0.0,0.7778244646996443,-3.5039161053303065,-0.023033106951416055,0.0,0.7169065004925578,-3.3102917173875053,-0.18605756952161365,0.0,1.2304258030497248,-3.3663618476097823,-0.3072247207860567,0.0,1.7475345361664385,-3.302633262480648,-0.37596385250146347,0.0,0.3878671831958821,-2.4600621804069243,-0.31323132625516137,0.0,0.8051360769085412,-3.669984638791526,-0.5369182513960935,0.0,1.3210166258383689,-3.921929083422984,-0.6197878276645769,0.0,1.851023012457679,-3.9981033212652983,-0.6693656249200004,0.0
0.0,0.0,0.0,0.0,0.464992564447279,-0.185707489866761,-0.05186465825153022,0.0,1.5969155830878814,-1.1421940144350726,-0.27770399204799234,0.0,2.7799269245608715,-2.0225126367058794,-0.5906770639835616,0.0,2.3006186987069834,-1.555164356274713,-0.5463961578481629,0.0,0.4493524169550607,-2.0465810713957215,-0.27066582645792614,0.0,1.8996990652501622,-3.457517763658628,-0.9346156720244821,0.0,2.238885056995612,-2.6522981322599786,-1.057181265339675,0.0,1.9976504097988321,-1.7220391037291667,-0.9033426872268521,0.0,0.2556018981039605,-1.8337795044298488,-0.3561688921911567,0.0,1.9475394484363198,-3.5736212205556153,-1.1396749085912696,0.0,2.362791066157322,-2.6134416000750167,-1.1017928501755707,0.0,2.0088628127851975,-1.5892119479337798,-0.8424456129898779,0.0,0.20784211291646623,-1.6312596471983993,-0.4946967192870533,0.0,2.3159882905899405,-4.223205152312037,-1.787202924342382,0.0,3.049202298766416,-3.3226771510718747,-1.637143998713962,0.0,2.350083521020972,-1.8415766618541252,-1.043463940117544,0.0,0.2281960461135968,-1.1660005516476206,-0.614744752513108,0.0,1.9300210329998697,-3.0280757249820773,-1.905457235957224,0.0,3.851513094789044,-3.967654844449603,-2.655874806052129,0.0,2.8825382201912717,-2.2071195948336246,-1.606569044546914,0.0
0.0,0.0,0.0,0.0,0.3858962030983939,-0.21071626605103305,0.08502796033167592,0.0,0.892487733182787,-0.6547124226293612,0.13616507467756572,0.0,1.3727667033153759,-0.9704539187215059,0.08941148554841188,0.0,1.6298706810985941,-1.1374399655545926,0.020384277128538693,0.0,1.357391092034551,-3.131052972661987,0.7569245312972909,0.0,2.1218399015093667,-4.8524090597602685,0.7191878514786557,0.0,2.0270106866711766,-3.817215225390177,0.327267008940898,0.0,1.913568623654362,-3.051434298868751,0.15106422137083725,0.0,1.3255000755636814,-4.117817001079533,0.4866412671545956,0.0,1.0447003982869505,-3.6237328494015952,0.14296033770953434,0.0,1.3540881231977326,-3.2838865410017055,-0.03967592528233182,0.0,1.7374192070148966,-3.1069836189080724,-0.13204873032829567,0.0,0.7850312492856284,-3.445945903871077,-0.014467069849551234,0.0,0.6948680725990146,-3.205411929050277,-0.17804179422835584,0.0,1.2121196808793344,-3.28190800278832,-0.3046844417891528,0.0,1.7400295418799296,-3.2185772699911475,-0.3774955226699956,0.0,0.3991982407634206,-2.433330701007293,-0.31822102806055697,0.0,0.7840222638238479,-3.4848731826957615,-0.5262213010813916,0.0,1.2930574088755602,-3.71208440314952,-0.6126946121978059,0.0,1.8273942847673479,-3.779088297277094,-0.6704010552183847,0.0
0.0,0.0,0.0,0.0,0.4326753651453745,-0.2526543243421204,-0.04804182770761451,0.0,1.509441262641393,-1.3188643518932117,-0.29328557313720865,0.0,2.801028714880386,-2.34625229815309,-0.6733338169625244,0.0,2.202943120946228,-1.6432543869192677,-0.5762815457891403,0.0,0.27747613326852694,-2.0494336312737467,-0.16098494016745624,0.0,1.705715300400465,-3.631532958347149,-0.7282497799453502,0.0,2.279370680002414,-3.070744198845068,-0.9872145840337885,0.0,2.054046180795326,-1.988825776440855,-0.8761325582487188,0.0,0.14049422858805014,-1.9012201211814632,-0.2524220980751634,0.0,1.854545379277268,-3.888159771087275,-0.9590416340092246,0.0,2.520331221032307,-3.1622315760652793,-1.084412931322895,0.0,2.1223040050677264,-1.9034940438570205,-0.8465980732495483,0.0,0.13696195811874615,-1.8314713210184306,-0.40280855109893415,0.0,2.3546294549139706,-4.796034774987971,-1.6245447181238521,0.0,3.0795068006427577,-3.7248218953835113,-1.4966967413340937,0.0,2.3267306216062207,-2.0191468428084955,-0.9409038210097738,0.0,0.24248077390913522,-1.5787645432592,-0.597706013494385,0.0,2.6215442171989065,-4.67739612047023,-2.23665090690659,0.0,4.004099727639675,-4.656579116103274,-2.3910739050147947,0.0,2.695788280607132,-2.3349313888403223,-1.2972168874476708,0.0
0.0,0.0,0.0,0.0,0.3813947014033858,-0.21414890719538798,0.07632218118113028,0.0,0.8824912535506628,-0.64084496766448,0.11391284753323205,0.0,1.3835807651379728,-0.9717194541676601,0.0577339568505547,0.0,1.6576971505737137,-1.175281432634198,-0.013098392504263904,0.0,1.3422187129691843,-3.125450282537591,0.7563415386831167,0.0,2.6325322931109096,-5.442649776660862,0.8376585471481793,0.0,2.6459792238570454,-4.251556709043723,0.3652255254258805,0.0,2.288715068785309,-3.020209706612329,0.13511976543222562,0.0,1.2553721300309766,-4.079774277729264,0.4911107592633141,0.0,1.0140097289106251,-3.5424481846003637,0.14735016309353652,0.0,1.3279600933780717,-3.2171720181637395,-0.023353947183551563,0.0,1.6633162557152323,-2.9985435203114172,-0.10458743439956544,0.0,0.7040393708022488,-3.398311284345714,0.0032406340085990564,0.0,0.6284485875111944,-3.043740012134855,-0.15916991874937456,0.0,1.1100785905636887,-3.1177827678250645,-0.27133400187521806,0.0,1.6160884097641492,-3.108038954620054,-0.33433266176091514,0.0,0.3581133131789565,-2.489482862630193,-0.30111551904021183,0.0,0.6953182620992706,-3.320997660260637,-0.47199608548902156,0.0,1.1658044670481031,-3.531040821736869,-0.5385302474631749,0.0,1.6807416665826567,-3.651305809286596,-0.5857376623137375,0.0
0.0,0.0,0.0,0.0,0.4502033036461153,-0.3123270494093248,-0.012047231839817454,0.0,1.6169533037790922,-1.5967819327529928,-0.20219432521542946,0.0,2.697394620400074,-2.5050707600927224,-0.5100524086110078,0.0,2.077208212281217,-1.6645874151953355,-0.4592506201057092,0.0,0.2791938190645385,-2.199578617146152,-0.08539759743384152,0.0,1.5379571806160732,-3.6234102060467883,-0.5325854732659562,0.0,2.127970105724762,-3.153505182535471,-0.8070933852372945,0.0,1.9793527865773703,-2.1521425806566845,-0.762255111533416,0.0,0.09671915171362727,-1.9885276781289183,-0.20342193997587546,0.0,1.7535128921874634,-4.062037419276647,-0.8113054775081289,0.0,2.4468273175897712,-3.3590163568942377,-0.9539316517485349,0.0,2.0866359254234323,-2.093552033727929,-0.7666576757612524,0.0,0.049812140158773055,-1.8469559252044006,-0.36091872779017,0.0,2.2951922973572727,-5.183359778898163,-1.557394452434077,0.0,3.135967889242676,-4.1022396665196315,-1.4519241961976292,0.0,2.328678456548049,-2.2047124715719018,-0.8900635869391053,0.0,0.11130050050380501,-1.5235239409147048,-0.543743871623111,0.0,2.040291139404284,-4.341226004749333,-1.8405726824063031,0.0,3.9221238871085964,-5.185458836586184,-2.3023017872770333,0.0,2.711599894733167,-2.641821395478402,-1.2423019870432435,0.0
0.0,0.0,0.0,0.0,0.35899901606527673,-0.20553918144640065,0.06454440248569199,0.0,0.8366985308756534,-0.6398033227552152,0.08832238275479001,0.0,1.2893377637205088,-0.941733374654503,0.02040617661341234,0.0,1.5447515469730553,-1.1139525217228388,-0.05797314669513274,0.0,1.2945558991667891,-3.2978097994960756,0.6813667912138616,0.0,1.802693538915752,-4.796217322210048,0.5268904555619657,0.0,1.8062411596750607,-3.825430936763982,0.1879608962686458,0.0,1.8039858547075218,-3.1503865986062336,0.04820397947714624,0.0,1.233692317056987,-4.259189840091744,0.40304972899713726,0.0,0.9110636838278704,-3.5855938239038894,0.0607520983667681,0.0,1.2288196038997194,-3.2634742765259994,-0.11068122298544708,0.0,1.6410337696510857,-3.182958332316041,-0.2036357841200863,0.0,0.7082819956044984,-3.582151522337749,-0.0773916912944118,0.0,0.6292306744030748,-3.279346237409991,-0.2292167676983998,0.0,1.134904577103932,-3.3406894406955003,-0.35099252983177703,0.0,1.683852294103781,-3.3692595209810365,-0.43131961951848696,0.0,0.31345739911148623,-2.4750953802881535,-0.35983532630009457,0.0,0.6793149749145575,-3.5732482405204333,-0.5872941404398503,0.0,1.1787678573369238,-3.824500594658508,-0.6756931280484352,0.0,1.7229146136287332,-3.989879377322673,-0.7449463999443076,0.0
0.0,0.0,0.0,0.0,0.4791989860791253,-0.3436679701919313,0.013276053739225248,0.0,1.6949402187731093,-1.6668252482136527,-0.13315033055370426,0.0,2.7532755633521213,-2.574171945935012,-0.418477556154755,0.0,2.1353180480589997,-1.7200180915568213,-0.4186697947866533,0.0,0.36685761237616576,-2.2552411827195176,-0.07503039896156703,0.0,1.5862391718469033,-3.4627822934653008,-0.47243806346864775,0.0,2.1343833044376654,-3.059955446232555,-0.7391881965253907,0.0,2.015753855691863,-2.1681025028138943,-0.7310552698667477,0.0,0.1649631279214771,-2.0467643178705996,-0.2148444632651902,0.0,1.9504104348978215,-4.12168397088033,-0.832593127499405,0.0,2.497155548240282,-3.301386084720305,-0.9464415106874107,0.0,2.121344086464744,-2.0832885783590522,-0.7737005186498495,0.0,0.0917309779008481,-1.8704156686124127,-0.3872139945823757,0.0,2.66019410295481,-5.535664884901939,-1.7667878358848006,0.0,3.247353059036623,-4.068247816505146,-1.5620278662780143,0.0,2.3414497612173055,-2.1419455509224106,-0.9522591009999399,0.0,0.11812142514529239,-1.489345663440119,-0.5682840990268485,0.0,1.6718427194701735,-3.452122198533908,-1.6367409258196899,0.0,3.167088315988504,-4.093931872277311,-2.101181086613582,0.0,2.5574930830863574,-2.4160089971199197,-1.3453093207722937,0.0
0.0,0.0,0.0,0.0,0.3880508770948516,-0.21293012523695443,0.09456924035128912,0.0,0.860946766272774,-0.628911801095107,0.15433573797492547,0.0,1.290971424548509,-0.9178650688546093,0.11316035113404094,0.0,1.5718758246580522,-1.1648173656843568,0.051806614245520584,0.0,1.2904644881575245,-3.251377903683018,0.8848313447418279,0.0,1.7619361122039747,-4.687713024461107,0.839938877103748,0.0,1.7277623607992114,-3.7925313845472908,0.45158865502998324,0.0,1.6991421541550014,-3.1551333755042394,0.2742739527111266,0.0,1.2180970436649234,-4.223596655322318,0.6150294154603526,0.0,0.9553446527240903,-3.72827398651448,0.2677463057951447,0.0,1.24031493497832,-3.339632016832292,0.07766447958175486,0.0,1.6365469317278687,-3.2563007391942342,-0.002914686723274083,0.0,0.7010274796569467,-3.5213546621213245,0.06484838370960062,0.0,0.6446553355573315,-3.360000688326159,-0.08730667610605836,0.0,1.1317380820691365,-3.387208965017691,-0.18154511210608443,0.0,1.6621830357632903,-3.4274341329558147,-0.23093950257460671,0.0,0.3539608585926159,-2.4768081369159796,-0.28147383611986093,0.0,0.7093335068424417,-3.566880005610543,-0.44493293137041035,0.0,1.1586985013572704,-3.7214464151832987,-0.48016878744188646,0.0,1.660108749636935,-3.8545927584752606,-0.5047057768769332,0.0
0.0,0.0,0.0,0.0,0.48400714838389813,-0.33301721374978827,0.024707463674419252,0.0,1.665328807177298,-1.6143516773092015,-0.09812222360819872,0.0,2.8895112351109034,-2.6452045436102267,-0.3959072383876897,0.0,2.173874782324285,-1.6626719668681313,-0.39346287984673844,0.0,0.3852674670466732,-2.2247544454817514,-0.04499335112668745,0.0,1.6046558731439047,-3.5062275961621268,-0.43259028234583113,0.0,2.249818936467157,-3.16888877682232,-0.7272989351463331,0.0,2.086324051808816,-2.1783508888271848,-0.7096397346643191,0.0,0.20607172981399358,-2.0421345168496448,-0.19257673220400356,0.0,2.0162680529035435,-4.205824791239173,-0.7910589869348035,0.0,2.6104235646454774,-3.402675786631763,-0.909261938202581,0.0,2.1674933745720226,-2.1037059251985375,-0.726279459265161,0.0,0.16477958196989884,-1.8967974523895572,-0.3767414039219249,0.0,2.89331577737506,-5.699067086447466,-1.7061722442730285,0.0,3.2711497389531528,-4.024269362721842,-1.40175849270581,0.0,2.3851702615181254,-2.1811073543764823,-0.8632216262023681,0.0,0.2247601047467652,-1.535476866836813,-0.5760584888071107,0.0,2.1497386708648114,-4.049256509628751,-1.7544043431896266,0.0,3.815709853604307,-4.748752274647465,-2.132418643956111,0.0,2.742706213702613,-2.5596859996081736,-1.2183416569611847,0.0
0.0,0.0,0.0,0.0,0.3717311289212197,-0.21084998393068766,0.0786056787500434,0.0,0.8482095066035533,-0.6392772035368961,0.12618600686520634,0.0,1.295028419680048,-0.9533220371785078,0.08193142750833075,0.0,1.5633135109946434,-1.163217273176982,0.019750855084655627,0.0,1.280072835023155,-3.218095611576551,0.7496194432075421,0.0,1.8685015199758515,-4.9380169510212895,0.6682515710285569,0.0,1.8077742592553983,-3.8957331299700257,0.2855446521155216,0.0,1.753110657019569,-3.1660048223241284,0.12594504602277493,0.0,1.2406580827970053,-4.261171504138431,0.4888558335701599,0.0,0.9457248217241812,-3.7078954620059665,0.13508058073297602,0.0,1.2408978139436047,-3.3272544339380468,-0.04445183831812191,0.0,1.628466415390466,-3.2074637264981876,-0.13025812934564956,0.0,0.7109989144500736,-3.591629776172302,-0.018525633033039744,0.0,0.6310545942999535,-3.313222092995627,-0.186220485723249,0.0,1.116963971995796,-3.3396117071950098,-0.30263734899969824,0.0,1.6407955668960958,-3.343534564925853,-0.3703811831848505,0.0,0.32363961325350415,-2.514127300446778,-0.3252110619096595,0.0,0.6817750753015454,-3.5521817959823343,-0.5361619394061521,0.0,1.1422987280699273,-3.7182434082312943,-0.6081314993747805,0.0,1.6478194401011965,-3.8284930456772304,-0.6603220159333658,0.0
0.0,0.0,0.0,0.0,0.5245174944675598,-0.426168203965953,0.05261879991788988,0.0,1.7416562586692659,-1.8221326100254371,-0.030380170857201363,0.0,2.689265362311928,-2.6776284215845947,-0.29188783945689795,0.0,2.0287406394842527,-1.6906136325310426,-0.32515431613884216,0.0,0.31553620845150754,-2.3083569269382624,0.031705590341395855,0.0,1.4471635206659328,-3.505011549879895,-0.27051563022890374,0.0,2.0294976951648502,-3.1632111084957026,-0.5352348868843313,0.0,1.971230901174741,-2.2901231577075265,-0.5727511317485148,0.0,0.1424503314594691,-2.1318567016333803,-0.13638098396959922,0.0,1.721523729429468,-4.152925092294466,-0.5873140914276542,0.0,2.378626109550101,-3.543351355527086,-0.7490715124548096,0.0,2.0788150324468337,-2.2879640149262346,-0.6416694764923608,0.0,0.09592092515904946,-1.972466954238348,-0.3324702550954891,0.0,2.486870911766572,-5.730316993806713,-1.4280633510839917,0.0,3.2761045418504406,-4.582362300061481,-1.3482278916146038,0.0,2.367349821448309,-2.4289335444959823,-0.8251506261506893,0.0,0.14514702536134103,-1.5606819524215576,-0.5303232344406947,0.0,1.6113021070534215,-3.5906924370568833,-1.4054643433429297,0.0,3.1977701193093915,-4.538987146397467,-1.862471630042544,0.0,2.602955531028922,-2.7102971742782067,-1.1927246925631116,0.0
0.0,0.0,0.0,0.0,0.37274821146339604,-0.20678330102106518,0.08328910268394005,0.0,0.8308675899144389,-0.6202160795762315,0.13831520881792778,0.0,1.2656004960071372,-0.9327154282680467,0.10361329748999526,0.0,1.543871922340907,-1.181684156534234,0.051038271252782534,0.0,1.22933988336708,-3.325845613954944,0.8305831554709858,0.0,1.6832340714467477,-4.805104407687313,0.7550079145519782,0.0,1.6881490145654343,-3.86650963128959,0.385230122668887,0.0,1.67805209461132,-3.202546430269373,0.22201629932212555,0.0,1.127087510022272,-4.233793219043274,0.5631258582953238,0.0,0.8872173569341435,-3.718512440929319,0.21882070654509908,0.0,1.2089437392827,-3.3660211458977387,0.04127287537222617,0.0,1.5971187887931007,-3.2668773458158276,-0.03540807190469652,0.0,0.6363473767183082,-3.54907355187751,0.05054224084726517,0.0,0.5877154124860765,-3.347239237881748,-0.11164537370163977,0.0,1.0983456853092277,-3.4110081139373603,-0.2149686249864892,0.0,1.6398384061487195,-3.460898050076321,-0.2695007108614361,0.0,0.3058425664857508,-2.534902983966092,-0.2760534508370374,0.0,0.6240676752060095,-3.5418801233681934,-0.44540617535720306,0.0,1.0883437035345402,-3.7245795137043527,-0.49887668029141663,0.0,1.6090029234343823,-3.898119047460419,-0.5380402570488886,0.0
0.0,0.0,0.0,0.0,0.48707885606330925,-0.38450016766914014,0.05240357418337597,0.0,1.6564862677907861,-1.7827813297874087,-0.018785930493921577,0.0,2.80762833372564,-2.831766941134433,-0.2857024806104949,0.0,2.1060253493474654,-1.798895300653309,-0.32351258080059503,0.0,0.29515467207080176,-2.2599829272979197,0.016625547517707045,0.0,1.4715095784803225,-3.5467352695831367,-0.29334779435433395,0.0,2.093101755562448,-3.2339211249069364,-0.5584031718540167,0.0,2.007208170032255,-2.33913074508531,-0.5844673287215283,0.0,0.1328214866483291,-2.086438614655468,-0.1446337157692422,0.0,1.8037688293142304,-4.198184352677868,-0.6035963338373364,0.0,2.4595167035756114,-3.5215822896153415,-0.7339711595967154,0.0,2.1058355789361967,-2.255067711192109,-0.6128770611159523,0.0,0.09967207297130229,-1.9510101768203285,-0.3349145695495453,0.0,2.655712944732826,-5.8002947141350365,-1.4614343268177667,0.0,3.153828136515852,-4.187306410979676,-1.2339792732646455,0.0,2.3166808633168134,-2.274178654871225,-0.7657431495034314,0.0,0.16663286443951716,-1.5992302945592864,-0.5377273595931091,0.0,1.8638909560307588,-3.9508559794004987,-1.5293420361900152,0.0,3.3879777005482192,-4.580363388070108,-1.8618811117195222,0.0,2.5758738529577343,-2.562728077831484,-1.11590923120074,0.0
0.0,0.0,0.0,0.0,0.37861286140746947,-0.21401841267398417,0.07920155677582091,0.0,0.8496165973204711,-0.6383968286855961,0.1327466427553252,0.0,1.2731668527443918,-0.9391657421171365,0.09776681091845123,0.0,1.5161351344928085,-1.1220552434815623,0.044126491532396256,0.0,1.2733891767419745,-3.3223130557012555,0.7739346230892382,0.0,1.7836731747978531,-4.900165607506015,0.687834696355208,0.0,1.6839700871738683,-3.8168988051721215,0.3069422448642863,0.0,1.6378128241347394,-3.1434163833718842,0.1501891593442258,0.0,1.1917951832745242,-4.313444310568174,0.5082797443932723,0.0,0.9169150408313125,-3.7689779271037644,0.1578445866586901,0.0,1.2238089653357038,-3.3897176106063656,-0.027895927657652815,0.0,1.628222907811389,-3.298070279447457,-0.11801606391253895,0.0,0.6608535390323325,-3.5889286513381085,0.002999990590474809,0.0,0.584533106159864,-3.3391529167084784,-0.16522874725516531,0.0,1.05441576638717,-3.36569002786547,-0.2841079502860226,0.0,1.592947246672139,-3.4501167317721566,-0.36127460994441485,0.0,0.29210521144942064,-2.5232962886670034,-0.30373286619103246,0.0,0.6184195066738236,-3.5435643515250232,-0.4997995506136213,0.0,1.0487427228374062,-3.679392915553858,-0.5644441880890388,0.0,1.5494229456979982,-3.851485979915866,-0.6255753413349529,0.0
0.0,0.0,0.0,0.0,0.48669336358543597,-0.4144850320111612,0.010368917833802596,0.0,1.5631557021421298,-1.7952020977798984,-0.15487434263690372,0.0,2.53957594979065,-2.806469524357118,-0.47332336599519587,0.0,1.9639508450443326,-1.8170950718623815,-0.45471300948354754,0.0,0.2389143966451981,-2.31457391015697,-0.10076368025382099,0.0,1.3588899949382243,-3.6592790083835633,-0.5753073334791005,0.0,1.9160718044317517,-3.2522514746295044,-0.86232072470692,0.0,1.829888077239448,-2.318017327399414,-0.8270061234993409,0.0,0.04818302665084433,-2.105829722101517,-0.24902621032178113,0.0,1.6316156634538115,-4.390410884595575,-0.9873589850831439,0.0,2.292078532134226,-3.678344511246539,-1.1166919253166754,0.0,1.9424793604248036,-2.3237208946560015,-0.8656889610118584,0.0,-0.014826220972340346,-1.9258741076031634,-0.4385630120349634,0.0,2.2868807363287713,-5.836778629283828,-2.031137873412605,0.0,2.9272399170650933,-4.300013494426911,-1.7356908782673597,0.0,2.138827078993705,-2.2980659649037425,-1.030821089893757,0.0,0.027085590461347675,-1.5043291465191724,-0.6257400810160076,0.0,1.2552863509761554,-3.277472257649094,-1.6742620024994592,0.0,2.5906954338885457,-4.014655247617077,-2.186968667603239,0.0,2.2881099681835515,-2.554079254534206,-1.4764275193578835,0.0
0.0,0.0,0.0,0.0,0.3730027318550115,-0.20247924819834842,0.09599426744680564,0.0,0.8194594592021951,-0.6130252971211633,0.16542814804556705,0.0,1.2280183850661976,-0.9021295367717858,0.14012753537102168,0.0,1.49516601591481,-1.1323825908727096,0.09360142829459923,0.0,1.1901937806907443,-3.289622063502452,0.8886668581057616,0.0,1.5871090659494325,-4.697767562450014,0.834693621640853,0.0,1.5746174835145432,-3.791724298063256,0.4569784677150055,0.0,1.5724496413091766,-3.18305837105569,0.29017880019098186,0.0,1.1387098149973993,-4.345461617920929,0.6343149628069061,0.0,0.8668878967745722,-3.7856366311713954,0.2754454873317686,0.0,1.1507514958064609,-3.3395989854766173,0.08254163452396085,0.0,1.536863344164296,-3.272444733042304,0.007059957326111753,0.0,0.6287936925906015,-3.6194347836355676,0.07782286844085347,0.0,0.561075007260727,-3.389454161463339,-0.07912106300910238,0.0,1.0446970270317102,-3.399020598216799,-0.17791515815318734,0.0,1.5636302957359223,-3.4601576628594204,-0.22870097699790992,0.0,0.28234336312467556,-2.5250465524658376,-0.26802386082319424,0.0,0.56298754846231,-3.4870449065110387,-0.418853005123972,0.0,1.0050485730534104,-3.6574755285548197,-0.4639295953663478,0.0,1.5041196152485523,-3.828574748710516,-0.4942467800022193,0.0
0.0,0.0,0.0,0.0,0.5105634067743064,-0.4125658501440586,0.002782046057661511,0.0,1.7021932889738254,-1.9366763155276943,-0.14889710492947275,0.0,2.6575284791059293,-2.9379428082601287,-0.4211434996547984,0.0,2.030780361992432,-1.9808097496801769,-0.4036334267319621,0.0,0.26435574361327163,-2.3575541127728026,-0.08978245835806034,0.0,1.5697344163718185,-3.898927673993815,-0.5649898546288223,0.0,2.026647933199717,-3.2260043431019785,-0.8113037621228398,0.0,1.8438393414800767,-2.2357851383625866,-0.7609925654360398,0.0,0.06104122588606285,-2.109597366684047,-0.21301990017743314,0.0,1.8879557914083305,-4.6839285147911145,-0.9062995139730652,0.0,2.4153773246775323,-3.703208252124206,-0.9820087797423607,0.0,1.9939935894460603,-2.3624339491741404,-0.7807128977826474,0.0,-0.006783090138818799,-1.9271195835928994,-0.3736059497390498,0.0,2.705277506353599,-6.484337475237719,-1.966307418094048,0.0,3.169751146607507,-4.616917053285422,-1.5961088455180985,0.0,2.286187431203309,-2.5319400859272494,-0.9722764984291657,0.0,0.027106738855330253,-1.5189963005959743,-0.5407453572342182,0.0,1.3926018638880073,-3.3827337175789323,-1.5551610397683644,0.0,2.797043761537071,-4.142208587070183,-2.0307962397894967,0.0,2.4134464632432953,-2.6465022130775857,-1.3705310281430378,0.0
0.0,0.0,0.0,0.0,0.35893059461078536,-0.1979297356535103,0.07898566203812521,0.0,0.8058830424470397,-0.6126317557362548,0.13544586212256304,0.0,1.2190336543773357,-0.9143485464575644,0.10570367353026693,0.0,1.4772852738927704,-1.1190116145429354,0.05826629589230753,0.0,1.2449036684662034,-3.428319842120301,0.8546731809022086,0.0,1.6919000765295305,-4.878879779048983,0.7807566943422407,0.0,1.5951075512127433,-3.7868451262900797,0.3860004927760499,0.0,1.5593030327044834,-3.126264437724583,0.22327942405164952,0.0,1.1761801951790405,-4.4835267558916545,0.6036795436414322,0.0,0.8896543538825079,-3.852259823549927,0.24883298901282042,0.0,1.1494497688439629,-3.367097836083311,0.056963478614220464,0.0,1.522783838438588,-3.278292346460852,-0.022777597086488983,0.0,0.6439212644583038,-3.717968519656479,0.06607203229870723,0.0,0.573915317834634,-3.455195157601762,-0.09546064792004819,0.0,1.0233783956415365,-3.414683975143548,-0.19493904263290426,0.0,1.53383672582018,-3.485108954850699,-0.2505270747106046,0.0,0.27401549760207733,-2.5910520546993476,-0.2676533346474692,0.0,0.5613373748321938,-3.5546691132851893,-0.425458056412855,0.0,0.9692586289467376,-3.685342182433707,-0.4654260899835822,0.0,1.465499765965546,-3.9146418250603996,-0.5052737834025984,0.0
0.0,0.0,0.0,0.0,0.5951345955619363,-0.5431234736280853,-0.0467045327902959,0.0,2.567742063942723,-3.150329705544246,-0.49948046207610725,0.0,2.382944941720137,-2.648271605567437,-0.6337220175725085,0.0,1.7499787476897741,-1.6245203981258962,-0.4976907704556221,0.0,0.2446854317549143,-2.2421000759519534,-0.1009872269563138,0.0,1.6476137026209756,-3.008887801795152,-0.49976620967543983,0.0,2.6220731471846084,-3.7073703849985513,-1.1337745444071734,0.0,2.8423755827840353,-4.19299985297414,-1.6948784168768531,0.0,0.06781350240164982,-2.107912416942957,-0.21040824777007908,0.0,2.213426032836012,-3.888971580963047,-0.8673672291463279,0.0,4.0711375025826895,-5.5301625731531745,-1.7535921438254125,0.0,6.297573046015983,-10.028049416508056,-3.4873818919500486,0.0,0.013312686595923898,-2.110823116603735,-0.39476371470176536,0.0,3.5329570749083814,-5.878814387816359,-1.8767842384626037,0.0,3.2440769724710155,-4.122731813769736,-1.476551761746926,0.0,2.4030252157187086,-3.370188118809471,-1.1539835134428804,0.0,0.04125276115976181,-1.9522581429833419,-0.6645953430131671,0.0,2.776985993430031,-5.841065063394404,-2.4678042509403735,0.0,3.3485322302227174,-4.909583561780811,-2.197001342553888,0.0,2.8833789120644813,-3.606848250748275,-1.6059261224796761,0.0
0.0,0.0,0.0,0.0,0.34889985925870326,-0.19008693645562694,0.06440267810355009,0.0,0.7941653518020495,-0.6025692665001512,0.10896983484811121,0.0,1.2037585281932721,-0.9082178798480682,0.07571731881002756,0.0,1.4588265250060855,-1.1165841268152166,0.029960010255816755,0.0,1.2441492687219295,-3.556491546808949,0.7771235059658179,0.0,1.5909064805139668,-4.890997116675656,0.6292491028276049,0.0,1.5337576904149748,-3.8052831912961524,0.2784894232928753,0.0,1.5473546365831694,-3.1879625284330526,0.1430849483660768,0.0,1.1284032193413163,-4.490499309992442,0.5130376727870002,0.0,0.8502173157071748,-3.8197919482076963,0.17178724343479643,0.0,1.1242905705258825,-3.349258496196719,-0.0039777476284947174,0.0,1.5005472633533978,-3.2828322606849176,-0.08275501651381369,0.0,0.5987780902251857,-3.693350079913723,0.018099147608393158,0.0,0.5518834317016243,-3.4563549473157185,-0.14082922087264416,0.0,1.0091623367951656,-3.430199499927605,-0.24415773350627093,0.0,1.5325828988531793,-3.540880759948629,-0.30903250966173984,0.0,0.23631839352445616,-2.589046167543655,-0.28411392122671414,0.0,0.5238884566005858,-3.5805046548569037,-0.4588653191778262,0.0,0.9481959456025115,-3.7418314154078245,-0.5124784484218495,0.0,1.4680292142976874,-4.026165469893433,-0.5699833401899662,0.0
0.0,0.0,0.0,0.0,0.5897977420789974,-0.5392771395533849,-0.03259452737133771,0.0,2.319977078757529,-2.7977515532475086,-0.3944820473209302,0.0,2.275925395012938,-2.517311458089895,-0.5585835562937541,0.0,1.7349810805663906,-1.6221450038728074,-0.4744537019293801,0.0,0.2433224121865074,-2.2770375410758756,-0.12490268847546608,0.0,1.5416919164734117,-3.110509078385896,-0.5441534862703203,0.0,2.3637130283821812,-3.467124332016745,-1.0822097199832597,0.0,2.3874731442058295,-3.2413102856178315,-1.3558486189931116,0.0,0.039222472991140796,-2.1057794632392097,-0.2384926681445484,0.0,2.260637412347127,-4.379988399714689,-1.0492435936828084,0.0,4.005287040999083,-5.74000644873255,-1.9711049058841263,0.0,4.344424296540937,-6.56181673123933,-2.6096530038367227,0.0,-0.03769879137184114,-2.0448790123058043,-0.4217444847147802,0.0,4.032041632882572,-7.526115191550944,-2.6402454423489345,0.0,3.4442678136275537,-4.685780573059102,-1.951401283040571,0.0,2.6676651319814884,-3.6074031935746684,-1.567489445722619,0.0,-0.029537855670497715,-1.7700510871032433,-0.6550124959390456,0.0,1.971529553740408,-4.724684173990948,-2.209262065233332,0.0,2.955755231369329,-4.574895635418162,-2.3113941207480972,0.0,2.643874343463269,-3.2803764474782384,-1.7014125076086302,0.0
0.0,0.0,0.0,0.0,0.3494464399144807,-0.19407361899231668,0.0711349968810692,0.0,0.801153406558297,-0.626046869592373,0.12114847217050902,0.0,1.2213725487841967,-0.9429847908811478,0.08758755058219049,0.0,1.4748921543419948,-1.1443734536672805,0.036606572820807426,0.0,1.2469797718433917,-3.509952434101271,0.7841633813724254,0.0,1.657693583743156,-4.944196627136135,0.6672672189866118,0.0,1.5672941624323933,-3.802557960590382,0.2996379296933649,0.0,1.5519721030424747,-3.1684930801829254,0.15814005203611697,0.0,1.1758594180740933,-4.584490745915333,0.5192839802931153,0.0,0.8795412381251726,-3.867894556900673,0.17310355649620748,0.0,1.1672466683511835,-3.3930837630868806,-0.002093015358639826,0.0,1.564690371875413,-3.336378738707593,-0.07862217777322578,0.0,0.621314576459111,-3.752906749610829,-0.0019470124176581053,0.0,0.5451269461345476,-3.424507469102991,-0.15545891526944194,0.0,1.0056851524933976,-3.422616341415365,-0.2532468371649913,0.0,1.5418649196321457,-3.577836524003584,-0.31731611120066566,0.0,0.2357785632311712,-2.5789994291692593,-0.30791054415535346,0.0,0.4965378005698259,-3.470749459638247,-0.4745482900503204,0.0,0.913694027367965,-3.6449949336378955,-0.5259894720022666,0.0,1.4347083928378193,-3.9710885631530366,-0.5897183584149226,0.0
0.0,0.0,0.0,0.0,0.510654367659466,-0.4347745791586913,-0.028259180845574577,0.0,1.8842107689038166,-2.1510395875128983,-0.29931173615653983,0.0,2.568337160545824,-2.7616521192031707,-0.5859839258952442,0.0,1.9028711576935942,-1.7534380142509975,-0.49894462009424384,0.0,0.23058187743375425,-2.3086456450658894,-0.13025865399454692,0.0,1.3997488667688074,-3.4567591781255707,-0.5639453098025435,0.0,1.9291794129083188,-3.0688972364932474,-0.8409716667933287,0.0,1.8547267355925838,-2.2783177499248626,-0.8422269370214378,0.0,0.032686623711802504,-2.079887948414486,-0.24013609340552958,0.0,1.8886479124598368,-4.510202091413984,-0.9729037939324916,0.0,2.5640536906453386,-3.8227870922404774,-1.1434929156008746,0.0,2.1595737262105645,-2.558164611689958,-0.954191195862257,0.0,-0.04470479993021036,-1.896757328109299,-0.3950419389096359,0.0,3.181190782667344,-7.302118324643708,-2.389161465632361,0.0,3.7223685727202906,-5.26932127593915,-2.019581248787177,0.0,2.578651940873303,-2.8353809020400638,-1.216967512586892,0.0,-0.018499949478537493,-1.5031726214876437,-0.5613714394958274,0.0,1.5031476800998689,-3.7581734910329394,-1.7293456927079416,0.0,3.0502783073878437,-4.629899706062544,-2.2626958178803176,0.0,2.5541724209107355,-2.894201074294653,-1.4982909025041775,0.0
0.0,0.0,0.0,0.0,0.36603749994101903,-0.21112430147882502,0.08437167504432709,0.0,0.8197289213420477,-0.6447172859794568,0.14899671217586852,0.0,1.2407454513162657,-0.9649380279648941,0.12583547121106134,0.0,1.486139080009797,-1.1532971601208448,0.08011496947023189,0.0,1.1845530673570137,-3.3160784164282577,0.8128617855537962,0.0,1.6565045452016276,-4.877576878905777,0.7430062676861345,0.0,1.588710342872307,-3.802611511323684,0.36100302834282266,0.0,1.566251397272565,-3.15092433748344,0.20499922835301615,0.0,1.1055110442521197,-4.321831789453913,0.5544947247964732,0.0,0.8649054958857201,-3.8468463280325205,0.20773187210023575,0.0,1.1450103239115794,-3.377202287346168,0.021846579081839304,0.0,1.5205049201532084,-3.2891198301786346,-0.05682745042745966,0.0,0.5978416066881787,-3.6034668599889916,0.032482385931459294,0.0,0.5467396923807525,-3.4179380437747007,-0.13935588112397693,0.0,1.0004676557829757,-3.3917269841055417,-0.2432857606211501,0.0,1.505954262533158,-3.4673619237080233,-0.3023492739463798,0.0,0.24193733378923282,-2.516033230395235,-0.2866030933780557,0.0,0.5354961387497147,-3.513986746730724,-0.4738325595705297,0.0,0.946538152379501,-3.6393227757706756,-0.5250765014437828,0.0,1.416446333533467,-3.8151589250197495,-0.5685171650438781,0.0
0.0,0.0,0.0,0.0,0.47239208040213365,-0.38797556200892835,-0.0047375980012789535,0.0,1.6794506404070437,-1.903217549270253,-0.18191458817645195,0.0,2.7055526712040083,-2.9022137729718223,-0.47523955977171645,0.0,2.026121549408453,-1.8814297986975388,-0.4258559604041485,0.0,0.2730429612609974,-2.374429507510327,-0.07235212448945338,0.0,1.5538920065098023,-3.859860149220909,-0.5022653222044041,0.0,2.0700622176433505,-3.298134467570519,-0.7709830340599313,0.0,1.9086395996055534,-2.3019201571443015,-0.7456327743849519,0.0,0.09359579380651499,-2.163377942780835,-0.19666190378040402,0.0,1.8873176591864733,-4.612834191410758,-0.8036938319648429,0.0,2.4617183503433955,-3.7894743826793458,-0.93143914851174,0.0,2.075855045443434,-2.4671306031045646,-0.7772543876609844,0.0,0.04136868883666867,-2.023560370246518,-0.3612562444613386,0.0,2.702690217074671,-6.4336812008311455,-1.7657670016865867,0.0,3.2182905009363028,-4.762091803820267,-1.4894192424035941,0.0,2.359438341805261,-2.656865826093733,-0.9325078947823082,0.0,0.09090857197002288,-1.6665031006644668,-0.5455124861747022,0.0,1.687694343868309,-4.031267792834253,-1.6424546059349907,0.0,3.337006535319145,-4.998738301555842,-2.147924233203544,0.0,2.6209097996123245,-2.9301149106532907,-1.3339681442255582,0.0
0.0,0.0,0.0,0.0,0.3574327734650605,-0.20509172946510787,0.07268786672473627,0.0,0.8044986664098205,-0.633026727920699,0.12585597549414754,0.0,1.2209837841429427,-0.950260071885101,0.0961510606987285,0.0,1.4678114556553363,-1.1472509107505344,0.05015031038848618,0.0,1.1658608864413347,-3.350849487294883,0.7528109836957935,0.0,1.5376475160349938,-4.8301942141631296,0.6218315538595113,0.0,1.5194805402804528,-3.794254608284694,0.2775598294721787,0.0,1.5498655742865828,-3.1912465928971754,0.1451511308292466,0.0,1.0622135739447633,-4.287743631679195,0.49178542492672295,0.0,0.7920360231641864,-3.743933724749701,0.14820223076255948,0.0,1.0930041177752672,-3.325878666316064,-0.02302376519790426,0.0,1.4885441997742719,-3.2922176023339023,-0.09934347963628598,0.0,0.564959778181075,-3.5881165840084335,0.0010566839065268736,0.0,0.5168837032074547,-3.401071500646593,-0.1696795122630697,0.0,0.9914283629042051,-3.400359456492367,-0.27843553616935046,0.0,1.5171123827010156,-3.5019683664510146,-0.3433752353423252,0.0,0.21911259581757403,-2.532032926099318,-0.29948314434921486,0.0,0.5197268667043113,-3.5655883092165395,-0.5010650925597453,0.0,0.9565278452353911,-3.7264953675783468,-0.5648752466143336,0.0,1.4627868217987958,-3.9579186212347897,-0.6226685816010414,0.0
0.0,0.0,0.0,0.0,0.44403978594368465,-0.3693437582652249,-0.0067322324326214615,0.0,1.514531696732475,-1.6978039244073198,-0.2022455669151795,0.0,2.5446954879269295,-2.6822639183957,-0.5230542107911583,0.0,2.002291769301225,-1.84396470199485,-0.49037194913027476,0.0,0.22846360509312305,-2.2705454178894238,-0.15026306554067245,0.0,1.2990743400553606,-3.3455894597630818,-0.5812067828201714,0.0,1.8622938016161208,-3.01946628947135,-0.8439916464610367,0.0,1.848255005160225,-2.230128276323437,-0.8306992017999849,0.0,0.028310582362566124,-2.0377988595270553,-0.2789702266205353,0.0,1.5668728738053934,-3.98626058687507,-0.9524567775707142,0.0,2.2058672439401557,-3.3244664568920608,-1.0626359626882447,0.0,1.971632313061879,-2.1683113009504833,-0.8631435691302641,0.0,-0.051360177170946,-1.7949908557880523,-0.4456959283802516,0.0,2.2533493223572103,-5.595564133168139,-2.017595997338584,0.0,2.9129415403432195,-4.156488160097827,-1.7299086565904764,0.0,2.1805683682650536,-2.259622211803225,-1.051945491366083,0.0,-0.02046403270033906,-1.2864598381156302,-0.58923806880769,0.0,1.216315689574034,-3.024321388494398,-1.633019578931985,0.0,2.6394643192670526,-3.844878290534656,-2.182954622137558,0.0,2.3270120990128373,-2.4540843072515663,-1.469103559303898,0.0
0.0,0.0,0.0,0.0,0.34178444019197735,-0.21076742322216374,0.07966201413409829,0.0,0.7839535074283697,-0.6407451805505339,0.12823351521404763,0.0,1.2294154657799718,-0.9942595251628144,0.09125745210359747,0.0,1.5235289103242657,-1.2477146986875167,0.03494827543299856,0.0,1.058708265620666,-3.1270499897018107,0.7121240735138751,0.0,1.8217552240513755,-5.300356472401497,0.7122033970118382,0.0,1.7472968825299515,-4.002034473472792,0.30796887702961634,0.0,1.6806901333919737,-3.18386465504838,0.15343291719835314,0.0,0.9658456190552934,-4.06413904756876,0.4492602535215016,0.0,0.7521262874123389,-3.645625486642997,0.12933894970657206,0.0,1.0653374675272256,-3.245800887660844,-0.02386025896168118,0.0,1.4527469866748133,-3.1685789534412883,-0.08478725090541238,0.0,0.5353606427242218,-3.462989279554427,-0.023294195598795763,0.0,0.48270370771754695,-3.27967263989619,-0.17903071165878456,0.0,0.9515410687290974,-3.2629144242793013,-0.269478514327906,0.0,1.43852354427654,-3.2738725163276325,-0.3120602752114424,0.0,0.25531697870167425,-2.525659442677969,-0.32337679160960076,0.0,0.5749900276215505,-3.6016132649567356,-0.5236957725141562,0.0,1.0623251293072402,-3.7848872608512916,-0.5754977489749872,0.0,1.586496399221001,-3.901308724375346,-0.6020439172916735,0.0
0.0,0.0,0.0,0.0,0.4627862582338802,-0.3728058335486104,0.017247805664613466,0.0,1.5248678942693885,-1.7041191397921396,-0.11767582208134894,0.0,2.550275599786355,-2.6796585306253773,-0.4004203720178358,0.0,2.027552596430222,-1.8566329278562277,-0.41516326782729723,0.0,0.32194840678889725,-2.364317007938839,-0.09561888060099275,0.0,1.3567503280863284,-3.4179497913424806,-0.4992148444850663,0.0,1.933216458504431,-3.0795211292568547,-0.7739723799741662,0.0,1.8787181171287728,-2.222640563208887,-0.7618229481597212,0.0,0.097419721498702,-2.1219686964392737,-0.24676118435103833,0.0,1.6664565164717005,-4.134792698773926,-0.9063923766486465,0.0,2.2814775575882558,-3.3738019568832422,-1.0203245055111476,0.0,1.9914367093167937,-2.1621400379312328,-0.8209248148041425,0.0,-0.008319869324963711,-1.8407218500111928,-0.42263126257620676,0.0,2.1285607771386004,-5.2953797378896175,-1.8191150873185,0.0,2.894306750457325,-4.095084176255804,-1.6573234407033068,0.0,2.1851638956189516,-2.217573050064028,-1.0125446909328044,0.0,-0.004681281503195571,-1.312196764803128,-0.5677269370924133,0.0,1.17091443173831,-3.040676018026102,-1.5435165155337378,0.0,2.704765124049868,-4.083480767110079,-2.182094023959902,0.0,2.410890408214007,-2.606060254877873,-1.4665269824636065,0.0
0.0,0.0,0.0,0.0,0.3478768612913967,-0.21388669670683552,0.07962067680378555,0.0,0.8014246964603646,-0.6630543421460268,0.13101067136292027,0.0,1.248133950116186,-1.013058296406806,0.0934154381899403,0.0,1.5190707341320413,-1.2256808807737472,0.035196720615424795,0.0,1.105549737124141,-3.233762448666454,0.7466232513376122,0.0,1.601659287514664,-4.940452115306758,0.6773899588670637,0.0,1.6181645939742475,-3.9126317417618495,0.31291221658260865,0.0,1.6103235582910171,-3.195453479639903,0.15865467611581122,0.0,1.0264943252681282,-4.164201118226169,0.48543117863588464,0.0,0.77216710035206,-3.6900989084834155,0.14865358185450048,0.0,1.1091048446726217,-3.3352882234218377,-0.022812775059051906,0.0,1.5187959457055635,-3.25904229902365,-0.10005687573039512,0.0,0.6019235103176032,-3.582978753845672,0.0021077709666620253,0.0,0.5152052532140234,-3.362045103702741,-0.15772417050720328,0.0,1.0015027938656107,-3.3522501639784763,-0.26148469945211483,0.0,1.4957705002508643,-3.329777051328183,-0.3144887991026997,0.0,0.30438993714189444,-2.597576340019557,-0.31268693867469044,0.0,0.6154397107839744,-3.6993650660646176,-0.5058797818224527,0.0,1.1063712832754158,-3.851501474533392,-0.5607879764894829,0.0,1.6056147782680374,-3.866360917052029,-0.5829740345188846,0.0
0.0,0.0,0.0,0.0,0.5048302394313416,-0.36497817517027825,0.08538790038513448,0.0,1.5780108669239346,-1.5623130333757917,0.050670676340917736,0.0,2.6340418033667716,-2.4138885404851234,-0.1772876187319882,0.0,2.1962724163262353,-1.7922964529239556,-0.2874523934666868,0.0,0.3815569495194232,-2.2291526635651104,-0.043348813291541,0.0,1.4518459074419934,-3.17118096275915,-0.3379670476042817,0.0,2.0789839350477606,-2.9734461039167033,-0.572070599137309,0.0,2.093173713193881,-2.286194400597196,-0.615524746604859,0.0,0.20487982809389002,-2.052316602756588,-0.2368196565932512,0.0,1.8029504414852793,-3.802949634220944,-0.7259517286862833,0.0,2.4415081625771826,-3.2109601054988164,-0.8404265837366499,0.0,2.1903654086401882,-2.156279546291413,-0.7243466478154755,0.0,0.14825186096974302,-1.793944378419391,-0.448906625935801,0.0,2.4411363903604193,-4.963611508468347,-1.6091280069962357,0.0,3.0509367383887245,-3.7724242494421123,-1.4088988543446037,0.0,2.3774923364205724,-2.190873940992479,-0.9287012924945405,0.0,0.17979881635384012,-1.2385621049674171,-0.6075827697627062,0.0,1.6700779207081364,-3.0878017442095866,-1.5767104601685495,0.0,2.988459580750943,-3.575936356453168,-1.8583944415787237,0.0,2.504056022394862,-2.2699670144785244,-1.2366929249148126,0.0
0.0,0.0,0.0,0.0,0.3637195287432057,-0.23876089760152944,0.10638828205552206,0.0,0.818203952051775,-0.6806917474946895,0.16538273040738796,0.0,1.2651765131410158,-1.0145762227089712,0.12301724478563378,0.0,1.5883908326480178,-1.3107879143980063,0.05705666698422663,0.0,0.9699785118535026,-2.9844354881353383,0.7036947234530053,0.0,1.6713608567986113,-4.9475807305069335,0.6951572787965465,0.0,1.7954885568475611,-4.015692539047625,0.3464605956786227,0.0,1.7561697293525886,-3.1962001046226884,0.18163573479488448,0.0,0.8719877809408446,-3.791101901145595,0.4057360137785194,0.0,0.7741092134429248,-3.547013117681637,0.1157493612814596,0.0,1.1512811132375869,-3.2502480678852055,-0.032016687925896466,0.0,1.5538222899625196,-3.1492245500769935,-0.09751839816804651,0.0,0.5285397833670071,-3.292100018076915,-0.0609446488762304,0.0,0.5490940871723577,-3.2802449933453954,-0.18832620407288536,0.0,1.0778674694703545,-3.3190841752063083,-0.27575425152275423,0.0,1.556328818072605,-3.2491486246280137,-0.31460220061163635,0.0,0.32546551837125354,-2.4796404072766856,-0.3700748222216491,0.0,0.6951853041454861,-3.6605118748708407,-0.5615507499938089,0.0,1.2282011489417732,-3.8489930070870466,-0.6045140565517652,0.0,1.695742079161161,-3.773173253102694,-0.6014675159780877,0.0
0.0,0.0,0.0,0.0,0.4835573686690968,-0.37851697221598085,0.0838224463828712,0.0,1.5227059701527779,-1.6388743233671639,0.05767587079028417,0.0,2.716964457778283,-2.808215421909174,-0.1750393656549721,0.0,2.1934898957686197,-1.997480092943878,-0.27997627512946593,0.0,0.3593467393513539,-2.306736340224995,-0.005608592833248021,0.0,1.5015466127875459,-3.4152585320059057,-0.3143187592666261,0.0,2.10329538693469,-3.132870717548186,-0.5582624212957422,0.0,2.057538029523845,-2.3327170137254356,-0.5909335084632488,0.0,0.19689441083713172,-2.1558149743865083,-0.2073317865634485,0.0,1.708487857016288,-3.89678650846803,-0.6868230928822804,0.0,2.3491061047322264,-3.3246212382773503,-0.8213888849703502,0.0,2.1332018338620857,-2.203664574983324,-0.7041204946273919,0.0,0.15204819371222922,-1.9262093411133294,-0.4330623413898982,0.0,2.0600472692375744,-4.750549948026529,-1.407427665386089,0.0,2.8987367226517216,-3.9902176014755453,-1.3701330306144979,0.0,2.3210865323331773,-2.301743949877943,-0.9037233752802744,0.0,0.19684006275373914,-1.3643972642353195,-0.6081921493848786,0.0,1.5807223185809467,-3.3195844215954557,-1.5434732247494467,0.0,2.9564694897676542,-3.994018153210267,-1.9040040680680883,0.0,2.487169899278659,-2.4835163461738845,-1.2553725312975643,0.0
0.0,0.0,0.0,0.0,0.35917323824028363,-0.23041979975030516,0.10221451447234663,0.0,0.8151221450351465,-0.6859696973108376,0.16315282446087906,0.0,1.2718821369764501,-1.0422053704652006,0.12407175585453345,0.0,1.5945895580862386,-1.3379354059339226,0.059450107428948344,0.0,0.9808151381215475,-3.0411391474058913,0.7261775999823378,0.0,1.578838415650468,-4.850870477438134,0.6991549606720567,0.0,1.6634442155740143,-3.8944612939921126,0.34888868225624853,0.0,1.6345008702356514,-3.1570676165359597,0.19045790307782956,0.0,0.874470084314114,-3.7748439814983246,0.43370062612982474,0.0,0.802900923684952,-3.6166451140177336,0.14561323612469196,0.0,1.196118393947115,-3.325954051184323,-0.008473773501261578,0.0,1.5880323250721982,-3.2040312496908165,-0.07456754288262152,0.0,0.5470827933900488,-3.311301554668802,-0.025638735458054958,0.0,0.5724710901822149,-3.3200840495952457,-0.15970908456681554,0.0,1.1075191728434561,-3.3530916156126005,-0.24622085514468867,0.0,1.574141000411455,-3.2792306172360486,-0.28326935104034756,0.0,0.3485696092866122,-2.5199400925459865,-0.3398900728449702,0.0,0.7569753454197825,-3.802997907648454,-0.5330474360928524,0.0,1.3157224715628906,-3.9848740548819004,-0.572978692504889,0.0,1.7641508004023276,-3.8491657968874704,-0.5605055999714755,0.0
0.0,0.0,0.0,0.0,0.547870106907477,-0.3890062548788427,0.1443401831942363,0.0,1.8574951465646732,-1.8162594644118082,0.28199862894857525,0.0,3.450636161402056,-3.2293886015893634,0.18384265003818628,0.0,2.514092436629236,-2.0801533636618768,-0.019187049040548774,0.0,0.5564938122105244,-2.3461264213334987,0.2032675033085999,0.0,1.6865382056134934,-3.217785596176736,0.11546835100263182,0.0,2.3709429246408154,-3.139109206065638,-0.062459489281880026,0.0,2.4383402632333047,-2.5289681384127936,-0.17921466835906144,0.0,0.4509802108534052,-2.283225506632209,-0.005629782171505829,0.0,2.149839702278627,-3.8501672656874613,-0.13898511129049054,0.0,2.7656170399887388,-3.3846193515127787,-0.28040981220005423,0.0,2.5334096860942585,-2.3503422643254144,-0.3196972109522774,0.0,0.4691300851749418,-2.177749141810292,-0.24148847008401178,0.0,3.4788331858550525,-5.854730842210512,-0.8281839841439828,0.0,3.633723154973994,-4.141641710357658,-0.6958163171650837,0.0,2.7177601151742157,-2.3338901851669243,-0.4783651227709861,0.0,0.539486388313642,-1.6720191772453923,-0.4677321587492097,0.0,2.5737107568700703,-3.9583783287884975,-1.1058699159951983,0.0,3.8247834424894966,-4.247110024311421,-1.1752899929923737,0.0,2.9188762848977516,-2.512154654936722,-0.7293256801341069,0.0
0.0,0.0,0.0,0.0,0.37521613615743543,-0.2733237659021716,0.12525129138915075,0.0,0.8556777042646667,-0.7726487712649237,0.20309016994346712,0.0,1.3203580496649476,-1.1362538484828477,0.16711325954093484,0.0,1.626756649535849,-1.4298545745490634,0.10464255590302948,0.0,0.781699103425521,-2.900423745358605,0.7046871537590087,0.0,1.4172955897447326,-4.672248579401572,0.6827587276662157,0.0,1.68893236604896,-3.9340913047080215,0.3790021711784232,0.0,1.7214492146719955,-3.1856141413858774,0.22514011982435284,0.0,0.6143417970669678,-3.3748530094826865,0.3852827868241803,0.0,0.7510019105810036,-3.553000274278378,0.1366709197546157,0.0,1.215057750149981,-3.332703727291855,-0.009208390871066948,0.0,1.6257041096710754,-3.204990480582705,-0.06895830330700026,0.0,0.3962161777544318,-3.015757847695091,-0.035457927910575,0.0,0.5505589587075111,-3.3086546124579606,-0.1549298934912413,0.0,1.131269042565428,-3.3974144123833523,-0.23252311873691528,0.0,1.6208965223008154,-3.350874545379569,-0.2625793479330598,0.0,0.3183577924039252,-2.4186484723985555,-0.347239244597538,0.0,0.7517905323314463,-3.8198291509364997,-0.5357419555128251,0.0,1.3347382462588127,-4.041562362008712,-0.5682772851230992,0.0,1.7944410303687526,-3.9386430350584356,-0.5497144274991669,0.0
0.0,0.0,0.0,0.0,0.4897248737766318,-0.4801236779984913,0.11836119385520803,0.0,1.6828790001790928,-1.9738105153817782,0.1556649407244521,0.0,3.185979537098711,-3.459925776895545,-0.05596661023984915,0.0,2.3941039346843356,-2.226928047080013,-0.19914474203669916,0.0,0.48734508788744096,-2.485182751167882,0.08419192157278144,0.0,1.6404661098491642,-3.530069925451838,-0.11987113111654152,0.0,2.2362910726705896,-3.2925347976579173,-0.3458997275301736,0.0,2.2275340172826175,-2.520065172596841,-0.42693187507361363,0.0,0.3774695625409615,-2.4376379858486312,-0.13022668150610284,0.0,1.963262848466296,-4.084743316967464,-0.4467298243842738,0.0,2.499496166343565,-3.4740739355180166,-0.5859462904495523,0.0,2.302288969188951,-2.383019603988618,-0.5604937346590658,0.0,0.36638251108803566,-2.3143778127339165,-0.3793150549465507,0.0,2.858304804160582,-5.773563781713527,-1.2058999467499782,0.0,3.248597647962442,-4.3021839418769074,-1.0611183759995684,0.0,2.5076409384966887,-2.4536061528294564,-0.7298592748980243,0.0,0.3868374373544346,-1.6868431010042122,-0.5793117235788122,0.0,2.0299269486765907,-3.9211563894653865,-1.353479787053979,0.0,3.531849326784667,-4.768790587898024,-1.6644732275958103,0.0,2.791064170718599,-2.8636302902125554,-1.0766456378052618,0.0
0.0,0.0,0.0,0.0,0.352809266434822,-0.24803520894678704,0.11308550675358851,0.0,0.8392769030276515,-0.7551308164452384,0.18699155092122166,0.0,1.3113292931512452,-1.1397260593452587,0.15437862754674878,0.0,1.6124201791012565,-1.4025521112482677,0.09157243370383461,0.0,0.9404230934791575,-3.150213131867826,0.7236172446190567,0.0,1.6438233013618364,-4.9510232320380485,0.7206307305622215,0.0,1.7663487495034769,-3.9362101013577333,0.38974847545096575,0.0,1.7556293426700325,-3.172882487394242,0.23783671598540587,0.0,0.7346195811264619,-3.6507123954189935,0.38704389707798853,0.0,0.7693689934854112,-3.555117604133878,0.13394851190624954,0.0,1.1827815081145017,-3.307460653682618,0.0062347991251087784,0.0,1.6112640606452182,-3.2638881290819866,-0.041345665306236914,0.0,0.43530215880476475,-3.115916518413143,-0.04771700204078123,0.0,0.5353185638966692,-3.246608046591627,-0.16230036253251667,0.0,1.0906144462831973,-3.3555489377289125,-0.2299575506391606,0.0,1.6060657347569038,-3.400016452863698,-0.2572773033441587,0.0,0.31686597301442887,-2.4442217157383355,-0.34843194332771366,0.0,0.7380556865642339,-3.7458116275330204,-0.5381902797479063,0.0,1.3109335128930129,-3.969223225165202,-0.5708320609288008,0.0,1.8066075351143982,-3.9393637211078194,-0.5611761931519939,0.0
0.0,0.0,0.0,0.0,0.4135769448547244,-0.4525794337580813,0.11120164892191693,0.0,1.303664183505462,-1.744913472219831,0.11767982998587087,0.0,2.6563720968051614,-3.2908567202112278,-0.10404305357940034,0.0,2.1950017802328743,-2.308104079686856,-0.250646540961946,0.0,0.30855460616021657,-2.4785410456239156,0.007698620001440208,0.0,1.3389502208232258,-3.530028699783857,-0.2761505046674785,0.0,1.9794273288229853,-3.396049091906935,-0.5262317296168674,0.0,2.0462567905850984,-2.622377825662205,-0.5839948761682845,0.0,0.19806144311292187,-2.4326898541570836,-0.22519302535006347,0.0,1.6149811747312781,-4.112380923619732,-0.6653429517090721,0.0,2.2027494783531165,-3.5480849768241947,-0.7854854957303414,0.0,2.1125717984744408,-2.4709435347969553,-0.7128339633028733,0.0,0.19223719888274632,-2.2892253376143348,-0.5012477075318064,0.0,2.17267644559747,-5.385761996523301,-1.4593087517514771,0.0,2.7163911287829428,-4.195441499333787,-1.2922233305461555,0.0,2.2653922724366438,-2.516874861432332,-0.9045095992933669,0.0,0.2558538995390465,-1.650595367897998,-0.7025137639979859,0.0,1.6259797983862214,-3.8967275643297654,-1.613748307100895,0.0,2.910765570584765,-4.689004098985866,-1.945177149133377,0.0,2.467373496326518,-2.9360087082482136,-1.3083613218080037,0.0
0.0,0.0,0.0,0.0,0.3672442854530383,-0.2613164690584295,0.11822740366924749,0.0,0.835712160052706,-0.7420337808125822,0.19427405634034475,0.0,1.2924107871133215,-1.1061080016177938,0.16211266242515177,0.0,1.5933472315712836,-1.390135855044098,0.10341295610445299,0.0,0.8180494447266855,-2.979191179927574,0.7401851481291547,0.0,1.464226635727106,-4.806073331940565,0.7424422524927693,0.0,1.665221224405397,-3.946133678672803,0.4056452076203086,0.0,1.6731599862335444,-3.194168927252565,0.24377467868642236,0.0,0.6256126376513957,-3.433417090055082,0.426279591254843,0.0,0.748938795562871,-3.589832393008282,0.17301290911822242,0.0,1.187363907157231,-3.361445626812018,0.026013636875685264,0.0,1.5751137801311652,-3.2324055046442655,-0.03220815217301975,0.0,0.3951648754434161,-3.068579933908014,0.005180182978980927,0.0,0.5269701632595613,-3.2841604704827114,-0.1305618852987376,0.0,1.080732428237457,-3.3688352801418495,-0.211151856221663,0.0,1.573710649132442,-3.370404456764051,-0.24425853856477694,0.0,0.3162080239263716,-2.4914835027862643,-0.3111355917383488,0.0,0.7652865159072196,-3.869865380098819,-0.5001222736793896,0.0,1.3309206403066234,-4.033270039726972,-0.5299300764385065,0.0,1.8004597442944017,-3.9364365416684177,-0.5176886188032663,0.0
0.0,0.0,0.0,0.0,0.4247800916455272,-0.41014101076686843,0.10084077566552394,0.0,1.4009416496056963,-1.713941966101886,0.11040533653376369,0.0,3.0607419584738524,-3.590879670443396,-0.10622913390577145,0.0,2.4535840280586094,-2.5210486395827276,-0.25307843198369034,0.0,0.5118520753311319,-2.619736431660219,0.024931898707064002,0.0,1.5400778885214532,-3.564030133151341,-0.24237014730901915,0.0,2.1142219361055554,-3.358960000430292,-0.4848363675494039,0.0,2.1462155217731995,-2.6208256751797823,-0.551437741637283,0.0,0.3999534119264308,-2.580863805520734,-0.20409303658281835,0.0,1.9048280905294084,-4.2345988781813055,-0.5874369043027451,0.0,2.3810651902721753,-3.549868314391053,-0.684255758590333,0.0,2.24526373201104,-2.4991135691809605,-0.6386628440642211,0.0,0.3913765836380101,-2.4434890445801223,-0.4755628885051335,0.0,2.680671691849128,-5.762036602968308,-1.4141664412317223,0.0,3.0056222653635634,-4.258768075345827,-1.1764595151580743,0.0,2.4272218308549087,-2.5415641374779896,-0.8154967243259026,0.0,0.4250614677263513,-1.7723757948534187,-0.6767712552998101,0.0,2.059429223337379,-4.168249478670656,-1.5855888552199726,0.0,3.4281849412225984,-4.903157032821361,-1.857205216051974,0.0,2.7195666872130477,-2.942371919083506,-1.1859639140512934,0.0
0.0,0.0,0.0,0.0,0.3541911033001596,-0.23890808621778833,0.10317952693098244,0.0,0.8259245847318096,-0.726379433968708,0.16755574436300794,0.0,1.295402187400778,-1.105917401688185,0.13059464973544713,0.0,1.5882333281131946,-1.3657766059067,0.06835536601983291,0.0,0.847515508395101,-3.043083728378628,0.7048600162657177,0.0,1.575372477548168,-4.950136329136977,0.7164997582998182,0.0,1.7406033844124882,-3.9600109300691413,0.37495000622022906,0.0,1.7172909486082149,-3.1538830287167854,0.2140185633093868,0.0,0.6312915526719788,-3.4494429564616724,0.39056531431012526,0.0,0.7376438927557252,-3.5412279331398664,0.14275800877038147,0.0,1.1700763245689934,-3.308778411825953,0.0008664457418242724,0.0,1.5720520650527527,-3.205506521835752,-0.055867617966470266,0.0,0.38044583726797193,-3.0267656993778713,-0.010792982008258852,0.0,0.5071539945081002,-3.2317370684720808,-0.14108629296742167,0.0,1.061712607888503,-3.3325365157558258,-0.22153727769730666,0.0,1.5585991959075904,-3.3486968860800643,-0.25474109759871155,0.0,0.2928129511516381,-2.4480867632489365,-0.30756694018149816,0.0,0.7458979186436148,-3.8520999213857623,-0.505436850873469,0.0,1.3237046931414997,-4.040009884399023,-0.5411321698899945,0.0,1.803932665948596,-3.955278752720164,-0.5306806869543012,0.0
0.0,0.0,0.0,0.0,0.4394544891880722,-0.5326400043895734,0.1328520939841843,0.0,1.2537567429017618,-1.8491445358473062,0.15278725587143469,0.0,2.3034157586651176,-3.101298954302515,-0.05103901617286063,0.0,2.0486593779699147,-2.296421458434977,-0.22656755516669516,0.0,0.317582619247119,-2.582379037783538,-0.018426315013145334,0.0,1.2761524968012548,-3.5622182930681308,-0.33147353921092854,0.0,1.8830392225604915,-3.4356635198677554,-0.5973780136479345,0.0,1.9402886822224128,-2.645615091173071,-0.6473770914096292,0.0,0.19927139165543903,-2.5870457020632998,-0.2988444128160308,0.0,1.5998876823220487,-4.382306642786657,-0.8391980269366442,0.0,2.0769706339832963,-3.6098473528415096,-0.9217120420707938,0.0,1.9852745122356632,-2.49977500912651,-0.8174261734880043,0.0,0.15710736493730396,-2.295633438547355,-0.6094564959557605,0.0,1.963016092674967,-5.451696185131274,-1.7432921267198747,0.0,2.4485154641963924,-4.181363831603976,-1.4999575955357307,0.0,2.094507118279726,-2.572035372582722,-1.0583930930858068,0.0,0.16576599571613884,-1.4030735261962035,-0.7392549186802354,0.0,1.0384685508511562,-3.00549681060303,-1.5010903962409883,0.0,2.1176099533990556,-4.018631876981023,-1.9744184972508527,0.0,2.187521131752817,-3.063207166391524,-1.5810851954483718,0.0
0.0,0.0,0.0,0.0,0.36978298212239824,-0.24008837175905012,0.11771904305987016,0.0,0.8444950609613089,-0.7160195906575791,0.19070935812955472,0.0,1.304605830337783,-1.075464761026332,0.15506765104064543,0.0,1.5930477282181492,-1.3214613651957783,0.0904730217076716,0.0,0.9301445296416847,-3.1143111867887754,0.7510955570589637,0.0,1.5180678449916565,-4.71611787815852,0.7174658465095748,0.0,1.7059289444682961,-3.8817230829074862,0.39985528023029604,0.0,1.72261098636085,-3.166138359373884,0.2438858109050908,0.0,0.7109078731832275,-3.5586799880755273,0.4137095622006238,0.0,0.7679269164820306,-3.515992813241681,0.15651317695619296,0.0,1.1971009057170237,-3.303920055223094,0.017933722426536538,0.0,1.6255221587103659,-3.253814458017196,-0.03800625236159519,0.0,0.43607133967339706,-3.0877927164477703,-0.018397249689286264,0.0,0.555727589003228,-3.2583677927557417,-0.13854394055624555,0.0,1.1134346753350262,-3.3552587121895785,-0.21084192935140134,0.0,1.6251114800277542,-3.390428068187397,-0.24278970254689403,0.0,0.3342850613628932,-2.4574136588994593,-0.32827061919905237,0.0,0.8032221772736776,-3.8477933004875378,-0.5251939090707473,0.0,1.381233791343651,-4.042900075713067,-0.5577259528905611,0.0,1.8521049067502178,-3.948979862566989,-0.5440494665650843,0.0
0.0,0.0,0.0,0.0,0.40652804293422123,-0.4054750788997961,0.10798428228179639,0.0,1.1938353042155592,-1.6545389185598698,0.14810098234715738,0.0,2.7786212960325503,-3.909759179485399,-0.0007077516252943727,0.0,2.393045652564559,-3.0676393817081538,-0.19135893888429564,0.0,0.40005869041009356,-2.764255747172751,0.08696956756489868,0.0,1.367294289333253,-3.728690676090728,-0.1537276298043991,0.0,1.9277324151136752,-3.5588445945087632,-0.3942510402301025,0.0,1.9954855856477476,-2.8142010773563557,-0.47757063110591974,0.0,0.29819967281095494,-2.769866965166039,-0.16512616922516474,0.0,1.6689860188700476,-4.407125710003111,-0.5169055346425461,0.0,2.124175744490544,-3.7044468259942303,-0.6342552890978773,0.0,2.0700943545810735,-2.6570727710668685,-0.6098211378480347,0.0,0.2856011032900866,-2.611772587066389,-0.4617401641983889,0.0,2.195086351275031,-5.789328578951008,-1.2765995889670554,0.0,2.5633188480705607,-4.356518915499465,-1.0909205327632623,0.0,2.215318576139034,-2.742937945441711,-0.7987903319605927,0.0,0.3165777928101756,-1.8209581881438281,-0.6600336914951593,0.0,1.54626784567696,-4.092149176339293,-1.4529904337426518,0.0,2.802421792779301,-5.097825486189682,-1.8089094314873613,0.0,2.5084964911628562,-3.409177182090608,-1.2813221506698298,0.0
0.0,0.0,0.0,0.0,0.3664702114870998,-0.24196217250412938,0.11864519354809087,0.0,0.8445995332687992,-0.7368884922675858,0.20080546127871143,0.0,1.3134391046591687,-1.113459290741786,0.1742734066232284,0.0,1.5897275096412824,-1.3382093987360664,0.11480700562139251,0.0,0.9104739908328029,-3.067350354497954,0.7624772769516661,0.0,1.464073771500514,-4.662952370546636,0.7400800272727653,0.0,1.6690998119584348,-3.8972977601733345,0.430597824361065,0.0,1.7015225252486772,-3.205723262352307,0.27259744367614247,0.0,0.7119034670782687,-3.55133638075521,0.43574472821892785,0.0,0.7656179798089513,-3.546049849783305,0.16951820697299608,0.0,1.205236191612332,-3.3530477244930856,0.024481420596470745,0.0,1.6361030114961175,-3.2943201154364483,-0.03389599405982738,0.0,0.43891271294490375,-3.098419047812626,-0.0017791554511210283,0.0,0.5348537071500562,-3.2336672901995884,-0.1307518443362136,0.0,1.0921690314843424,-3.347769568170711,-0.21375748376441442,0.0,1.6146755445163044,-3.3976398706956363,-0.2521894550282623,0.0,0.3295208753127497,-2.4505956063635916,-0.3147953069354795,0.0,0.7721533860351352,-3.7953554144044355,-0.49878717911571957,0.0,1.3472483090411806,-3.9725257280393955,-0.5352170903104478,0.0,1.8365764751437421,-3.89279107572662,-0.5310279615177774,0.0
0.0,0.0,0.0,0.0,0.32251244719153693,-0.30620540772330623,0.034423859093169765,0.0,0.8166252390560715,-1.0660351513347555,-0.069929855231085,0.0,1.706648129603921,-2.2053698894562217,-0.36080976226984457,0.0,2.003827925235379,-2.440038363389349,-0.5829624050069495,0.0,0.3980247559545219,-3.1510644326383583,-0.26415006696017895,0.0,1.1308032670974262,-3.9693152404464005,-0.7139526259736851,0.0,1.493315973499856,-3.4331958043509507,-0.8916650280913553,0.0,1.5738793760708167,-2.6729550766372427,-0.8642448064735622,0.0,0.19309973192853805,-3.008868373549722,-0.537498849419557,0.0,1.120432668513551,-4.181182557689941,-1.0395977088435386,0.0,1.485417207758537,-3.37823913592289,-1.0222468501083333,0.0,1.6195497896309952,-2.624837378926767,-0.9523825974617081,0.0,0.07061329679580461,-2.4593008746389327,-0.7742182775919113,0.0,1.1331930815039306,-4.786738754763575,-1.6602747154411077,0.0,1.6663915946335714,-3.966159468980757,-1.4656540877986397,0.0,1.7426410844373494,-2.8999440886370365,-1.1761396916664428,0.0,0.05287549777155884,-1.4950058243627442,-0.8205769521505157,0.0,0.7380525462382531,-3.5588356887243306,-1.7930900347961927,0.0,1.6703110447312826,-4.728498747543227,-2.289835154187694,0.0,1.9276163307871077,-3.843105087855256,-1.8966345368785302,0.0
0.0,0.0,0.0,0.0,0.374206283513182,-0.2521057707539052,0.1275742702009954,0.0,0.8454187984114881,-0.7380431119503096,0.21069878337073417,0.0,1.3046203291756464,-1.0959878496464746,0.179223110867494,0.0,1.5840173452122275,-1.3163933172532976,0.11319094008847937,0.0,0.8926045902239397,-2.9781294090294046,0.7459058229182564,0.0,1.4772143104297304,-4.674284463083498,0.7291047342564545,0.0,1.6655690503255942,-3.867618570275036,0.4131457759294175,0.0,1.68823200075977,-3.1685254296786596,0.2591054258409084,0.0,0.7183719866367525,-3.515734726322317,0.416961001185206,0.0,0.780136207364133,-3.5674112422854116,0.15928721360589496,0.0,1.2108549642433697,-3.330076902217557,0.019037653650463716,0.0,1.6210771149684486,-3.238337366123462,-0.035637647488159015,0.0,0.44735181898648607,-3.081898155042642,-0.030894240837971824,0.0,0.550657955763104,-3.252982172726451,-0.15064852085046096,0.0,1.1126254957914339,-3.344999018335523,-0.2254210467769507,0.0,1.6178913055925626,-3.354259696758699,-0.2578712147198141,0.0,0.3273645217234798,-2.423643294414228,-0.3462075423927866,0.0,0.7507820319319636,-3.720072167657547,-0.532013268538796,0.0,1.3226677074251127,-3.91575853843472,-0.5691089314270956,0.0,1.7917214178460206,-3.8263377270701144,-0.5604981264916115,0.0
0.0,0.0,0.0,0.0,0.3067886501306736,-0.13782106190202037,-0.021346242611861313,0.0,0.6862174081711642,-0.4372145159812974,-0.1828899366867276,0.0,1.082756349205335,-0.5785537882667818,-0.3991439641995834,0.0,1.3497136849679408,-0.7218515577787105,-0.5943260662728922,0.0,0.5756952073713845,-2.735992150060049,-0.4400955982189003,0.0,0.9208832104196788,-3.5164445759708087,-0.8064511193853002,0.0,1.2556195343347962,-3.0108166444343745,-0.9020033672539152,0.0,1.430956765376399,-2.4956456237001063,-0.8882346380772732,0.0,0.3561487473150376,-2.579809459373324,-0.6623405023327191,0.0,0.7372814606726058,-3.2207405476428144,-0.9004772954863037,0.0,1.1762835299235515,-2.79259879794877,-0.9469915159992164,0.0,1.4513741657267178,-2.3963100284493577,-0.9762256464241208,0.0,0.21700367215595104,-2.1249014658115946,-0.8218065711941053,0.0,0.647781570009553,-3.387834817091524,-1.1270468740197,0.0,1.209727713706129,-3.127705310748252,-1.1075162765047548,0.0,1.4962739025534362,-2.660458228251536,-1.0360444969784879,0.0,0.20510567257267248,-1.5291278311954353,-0.9056467524290805,0.0,0.8568608615571776,-4.04076055746933,-1.84898028776363,0.0,1.510685443022078,-4.2374831572432115,-1.8200716509656027,0.0,1.7573409307211685,-3.5626125168421847,-1.5569559978253513,0.0
0.0,0.0,0.0,0.0,0.3730676326003096,-0.253155727695246,0.1252623433269389,0.0,0.8448704465676383,-0.7376358549014538,0.20813837769691945,0.0,1.3014442891018188,-1.0921846158032213,0.178202390404256,0.0,1.5891682640157614,-1.3332635067178968,0.11648018459163746,0.0,0.8670066111001044,-2.9579517610867847,0.7519748114558507,0.0,1.5018340851074365,-4.748746122442562,0.7618356778084441,0.0,1.6861872836485614,-3.9069471749408975,0.4312939391988699,0.0,1.6972427399975771,-3.181218732384517,0.27070086935115906,0.0,0.6823403615830492,-3.4617635150506785,0.4300745407615096,0.0,0.7809160760901895,-3.5791835203444817,0.1743824968464554,0.0,1.2200249257608708,-3.356201386710098,0.029197995179713793,0.0,1.6371016738850481,-3.2680002508564496,-0.026555752927196093,0.0,0.428148119210859,-3.0690847885360677,-0.006196404448129863,0.0,0.5494244135464149,-3.24920685146236,-0.13171925753712765,0.0,1.1076716464446161,-3.338599179246943,-0.2094570208076597,0.0,1.6135541585635926,-3.3519095500642497,-0.24218270326968197,0.0,0.32572022223825814,-2.4587353490518637,-0.32301371199208173,0.0,0.7571904034237256,-3.749192546425564,-0.4984240117945696,0.0,1.3228096554371878,-3.926127650350759,-0.5308721016638966,0.0,1.7996353594720973,-3.853144701764745,-0.5229695364556229,0.0
0.0,0.0,0.0,0.0,0.37175924294615886,-0.2394014391311389,0.12859880860506567,0.0,0.8324425005897204,-0.7051783729212211,0.20613382839073627,0.0,1.2796253365881323,-1.051020102400792,0.16945742736861413,0.0,1.5804613030232095,-1.3201907657039593,0.10267448595874942,0.0,0.8837154390989281,-3.033108899882567,0.7337327284506364,0.0,1.3010928417431864,-4.394633882209986,0.6420643108406475,0.0,1.536963684730366,-3.728617059005767,0.37280508475575025,0.0,1.622978249833993,-3.140763108879087,0.24421211166206638,0.0,0.6897957421653026,-3.4730123912615665,0.3836282203571102,0.0,0.7648992879524216,-3.5320429127020834,0.14169350646939902,0.0,1.2068573213550495,-3.29741687508096,0.009047329353541925,0.0,1.6166398685155725,-3.2187569866406354,-0.0418363411986813,0.0,0.43071362211075775,-3.024883915192,-0.05993470666981897,0.0,0.580789705206437,-3.319619306563075,-0.1638218521763055,0.0,1.157648491575953,-3.3802296388367403,-0.2252993631111537,0.0,1.6482882314288594,-3.362790764962674,-0.24880169981360814,0.0,0.32636021973878077,-2.372995782873875,-0.37073672949353986,0.0,0.78442287739587,-3.7897324648838726,-0.5633846853383792,0.0,1.371827876150482,-4.002618622174918,-0.5882975893509277,0.0,1.8363359826749464,-3.919785111901967,-0.5693984875408209,0.0
0.0,0.0,0.0,0.0,0.41358857430108614,-0.23376562429146633,-0.02538753289219022,0.0,1.3989208490461615,-1.0740115393111365,-0.24146195069175,0.0,2.446076464713714,-1.6578716524709527,-0.5456928578047764,0.0,2.2541886554928534,-1.441700642787651,-0.5952744119472279,0.0,0.343377063761725,-1.8842138072903685,-0.34232650196077696,0.0,1.7273892809243332,-3.189829922125327,-1.0714864185662003,0.0,2.1320545959678343,-2.4881921759445746,-1.1658536815504548,0.0,1.9575565059746591,-1.6503130103114798,-0.9884171253439071,0.0,0.2004041865860738,-1.7324701934616635,-0.47368748119538034,0.0,1.6903720117715528,-3.1717218760040455,-1.2711735114667588,0.0,2.2181414678461855,-2.4401270207133456,-1.2462964429468837,0.0,1.9754295987210166,-1.558554679576186,-0.9751087022148025,0.0,0.16616471620952808,-1.501595388176447,-0.654034074487277,0.0,2.0337138432342345,-3.688386698847032,-1.9740197650790703,0.0,2.822193687203252,-2.888695452821812,-1.8291230707338983,0.0,2.266400331999485,-1.6332432295030808,-1.2057966287685449,0.0,0.1885743561740243,-0.9650251382078853,-0.7646334271628136,0.0,1.738986853677395,-2.5367445344256323,-2.135600353571383,0.0,2.9329675636958754,-2.646536910201865,-2.4195184935737903,0.0,2.4082574973995663,-1.5769388999431677,-1.6102735199397664,0.0
0.0,0.0,0.0,0.0,0.3903506243540357,-0.2561268312614482,0.15994033435498756,0.0,0.859021610364465,-0.7404144372999765,0.2836292812638105,0.0,1.3130554936996568,-1.0958471524484472,0.28444002161465104,0.0,1.5910305710077213,-1.3241567874257671,0.23883699304230815,0.0,0.8954307524131374,-2.941470596214407,0.8837396921761718,0.0,1.4325316702071627,-4.44210802674136,0.919389471316201,0.0,1.6313556903003148,-3.765897745620771,0.6021699099477581,0.0,1.6735008125683397,-3.1381283601432086,0.42875358390070645,0.0,0.7122342840946265,-3.488716631570779,0.5379583434080826,0.0,0.8193232454930804,-3.60612120097046,0.28067277963004084,0.0,1.249748689176652,-3.365999735397367,0.1292135314106071,0.0,1.6804474062172945,-3.3047437606678045,0.0799310194830548,0.0,0.4387645665647099,-3.036252836748579,0.046094382121193996,0.0,0.5807358214202814,-3.2759976231564942,-0.07026881822836564,0.0,1.1449018489799212,-3.3650960063284194,-0.1441078014564643,0.0,1.6473238011513227,-3.3760196135140217,-0.17339232144094924,0.0,0.3340000040902333,-2.3984349067498356,-0.29817528731123016,0.0,0.7489675194743031,-3.593526755793774,-0.4390510614007402,0.0,1.2922450216055152,-3.7614553578192167,-0.4665253722117156,0.0,1.7506495578030221,-3.698750936548508,-0.4599128554003268,0.0
0.0,0.0,0.0,0.0,0.42301223924647124,-0.384145177734255,-0.020580022696554737,0.0,1.284287580111969,-1.4423371721593885,-0.2626889922757806,0.0,2.1041580388388144,-2.0830405348051184,-0.5873135269750415,0.0,1.8889765103006464,-1.6022281428794518,-0.6142201487961103,0.0,0.10438429252390834,-2.0072406097034157,-0.3521754863505454,0.0,1.211511641801641,-3.181580959758513,-1.0287017832418035,0.0,1.6980658039709149,-2.660600857481173,-1.217551495954116,0.0,1.6742384676375421,-1.8914104236536773,-1.096201781456146,0.0,-0.07350791242259035,-1.7865190535161966,-0.5017152118499077,0.0,1.293290287007689,-3.56745680990955,-1.5049098066049167,0.0,1.9685781117327796,-2.9170466819396923,-1.5579995649014646,0.0,1.8231743108197789,-1.8891021138927862,-1.2322054784940915,0.0,-0.12146429318292425,-1.4901340342936766,-0.6909985124921695,0.0,1.4749139268663412,-4.097975656165059,-2.3882964906293296,0.0,2.4365024337065004,-3.418603060663079,-2.2584445271928675,0.0,2.0238348518829734,-1.9757321168478972,-1.4679409668571586,0.0,-0.061809561751575204,-0.9458264863784451,-0.7985652895134666,0.0,0.9366429103440618,-2.393412612050104,-2.0495888849719894,0.0,2.199840390187117,-3.148462813879354,-2.7046369503438656,0.0,2.1263142572924463,-2.223084093341241,-1.9721083060473719,0.0
0.0,0.0,0.0,0.0,0.3813597857119377,-0.2583080595438146,0.1417559084339555,0.0,0.8416719621436434,-0.731071182957485,0.235284084114446,0.0,1.2754663101022483,-1.0637445264083292,0.20831097614734004,0.0,1.5631010126457843,-1.3255283231806994,0.14860539684402177,0.0,0.8217566366547396,-2.952678216399959,0.7773156905100599,0.0,1.2383498427719317,-4.352091502601706,0.7120135891240356,0.0,1.518110036338378,-3.790737088326296,0.4383586451888613,0.0,1.6269409735884048,-3.226896523882971,0.29951105948284035,0.0,0.6395062982374874,-3.4159998543126697,0.43359626659889905,0.0,0.7503667154677605,-3.5763460773732363,0.1781531929698002,0.0,1.2184365140026259,-3.3792115092078587,0.024984532548412007,0.0,1.657552768316276,-3.3252101867429076,-0.036996007288669655,0.0,0.399205204950135,-3.0331350154945187,-0.022373515844098392,0.0,0.553913482143932,-3.318241010483664,-0.13820830600535186,0.0,1.1345300744015834,-3.389687372590419,-0.21584190217237287,0.0,1.633081876152822,-3.3858317795127064,-0.24907092398213987,0.0,0.3020267857308238,-2.4155879942660006,-0.3491758517274199,0.0,0.7169823504254826,-3.7000519311635447,-0.5162418082220468,0.0,1.2590966341088186,-3.8481149292894963,-0.5419784839729628,0.0,1.6980038697066064,-3.778301629391504,-0.5322203755197422,0.0
0.0,0.0,0.0,0.0,0.47861080509555803,-0.4115828087708905,0.023678800335605984,0.0,1.5874297590169426,-1.7916452742642437,-0.1252115652046549,0.0,2.7193385653451423,-2.8144992485937625,-0.4360199635055466,0.0,2.1429160533676166,-1.910134752298317,-0.4463016490566958,0.0,0.2083287776259357,-2.1112905141688736,-0.13749809879879893,0.0,1.3261244004458106,-3.2094787468478274,-0.5409234365605808,0.0,1.9213154182528644,-2.8785453184657155,-0.7793753719728849,0.0,1.891111207809599,-2.0613021543982346,-0.7500386091310316,0.0,0.05100861626271469,-1.9280764495384664,-0.2836361296041642,0.0,1.5991642748477541,-3.758987102156111,-0.9145469016733102,0.0,2.257548922345154,-3.123974307714743,-1.0216647405334087,0.0,2.031647979579477,-2.0374691340007858,-0.8391584232061529,0.0,0.017369180363920933,-1.71099878451777,-0.46606843319908736,0.0,2.1838189484063193,-4.948551475370006,-1.8366579309613427,0.0,2.8868312708733272,-3.726262207778461,-1.6298207349404612,0.0,2.23691045685592,-2.0538688646397913,-1.035511585180433,0.0,0.09351951445049947,-1.2328950692909502,-0.6200361643910395,0.0,1.6052405181468001,-3.2002976155110616,-1.7792880168311158,0.0,2.813624859888729,-3.4753515681633367,-2.0256655115363738,0.0,2.3229869725084797,-2.1050767884647215,-1.3097119173796885,0.0
0.0,0.0,0.0,0.0,0.3862021718430516,-0.2635702138049564,0.160279425227918,0.0,0.853407492533565,-0.7702944742991135,0.2848531005957583,0.0,1.306117104029496,-1.1420976400337113,0.2844397327605669,0.0,1.5577720592303037,-1.3372253049689686,0.23210453610221726,0.0,0.8152372593096354,-2.939909316508893,0.857963219702729,0.0,1.2920047906260357,-4.394081720612103,0.8707511369055991,0.0,1.557992775140006,-3.817141457947545,0.575093291983711,0.0,1.6411209956100454,-3.2091450397463674,0.4060843267264743,0.0,0.6281030218059698,-3.441602619485133,0.5092959723088145,0.0,0.7594776509856191,-3.6348290077807714,0.25706211856412753,0.0,1.2026321768449346,-3.3912933289734197,0.09449756739731827,0.0,1.6255170107227703,-3.310056352903968,0.031501279054377086,0.0,0.36980519861338346,-2.999828591830344,0.028510817089650302,0.0,0.5246113646941302,-3.286398114659933,-0.08872066164981436,0.0,1.086475124319355,-3.3667211197034104,-0.17368719728147144,0.0,1.5755515134428566,-3.371997998377623,-0.21498284404176088,0.0,0.27211412391113377,-2.3667964170094793,-0.3066132545002374,0.0,0.6805434145438722,-3.616927873569389,-0.45452213452264206,0.0,1.2125039414647534,-3.7857066185592303,-0.48610540440624106,0.0,1.666294655001655,-3.7577895388280482,-0.4909886404928842,0.0
0.0,0.0,0.0,0.0,0.4978993597433766,-0.4423257880542527,0.05302875453433968,0.0,1.5926316005467103,-1.8120721225465817,-0.029365477707896232,0.0,2.5842165244596216,-2.7047956578160606,-0.28498181824389446,0.0,2.0840263569433906,-1.874524276720522,-0.3498847860049732,0.0,0.22332905183045232,-2.1741185708227326,-0.05890185400354472,0.0,1.316166605929897,-3.320867196153131,-0.4141259535610775,0.0,1.9296641206661826,-3.0396027381097315,-0.6724606060861767,0.0,1.9117617130355091,-2.243933611298711,-0.684402755316297,0.0,0.07632537380041537,-2.012580850839185,-0.23395950385735964,0.0,1.6696548377281697,-4.05985977570171,-0.8565417320017396,0.0,2.2902555462866334,-3.3231429033195283,-0.9724649537638658,0.0,2.031689363288831,-2.1595070331110917,-0.8036676305560767,0.0,0.04621605341402561,-1.787013327178488,-0.4392322918089951,0.0,2.375441964897176,-5.451746240218665,-1.8461308236551768,0.0,2.8460535931655766,-3.867907234949766,-1.519729011490198,0.0,2.2220050729970198,-2.2127756187620586,-0.984373949895785,0.0,0.10712895996942282,-1.2828801516797896,-0.6041088393203756,0.0,1.5092538311125323,-3.3070326394680603,-1.6536779391260592,0.0,2.9495076309612296,-4.135988723168715,-2.0972797087444928,0.0,2.4902959566500944,-2.6256753884529855,-1.382468916374985,0.0
0.0,0.0,0.0,0.0,0.3599965641570324,-0.23933573204294914,0.12391715114938075,0.0,0.8130862141546096,-0.7301059589695235,0.21270938228300115,0.0,1.2597267124796063,-1.092325977480498,0.19189008104414065,0.0,1.522728228455311,-1.3116311603156443,0.13633333136341821,0.0,0.8473288017202112,-3.0828270389432393,0.7661701257421845,0.0,1.2617215195885754,-4.5487828276400935,0.698729481675328,0.0,1.5084259264508981,-3.8894114880522244,0.4095152976827361,0.0,1.6082363043423904,-3.301115673707257,0.2696708726573828,0.0,0.678217488827171,-3.630970807209476,0.4377837850554032,0.0,0.7188231796657967,-3.6508069691350533,0.1697732653351394,0.0,1.151961146768884,-3.3921031656118235,0.01595043920308461,0.0,1.5811762552112143,-3.356092845126726,-0.04714767494915619,0.0,0.39780104219749773,-3.1722799641803396,-0.02278782845580179,0.0,0.49186919969311793,-3.331964712756429,-0.1467313354911054,0.0,1.040241425034467,-3.389132877684672,-0.2278191176473084,0.0,1.5317415197417152,-3.423652541784294,-0.26675509199142733,0.0,0.2599973602347787,-2.4748416318925144,-0.3409538571628856,0.0,0.6146106761628138,-3.667223076349299,-0.5067235461249225,0.0,1.1234181029756802,-3.818883759524361,-0.540154025976903,0.0,1.5716999295751655,-3.828578245539065,-0.5459870531876263,0.0
0.0,0.0,0.0,0.0,0.5191219334324759,-0.4450199670830811,0.0786412628228254,0.0,1.6803012737446898,-1.8874085237335108,0.06614836791003151,0.0,2.8142396023145975,-2.964776648240483,-0.15451142517980618,0.0,2.182219216297802,-1.9861283124243958,-0.24932607202296098,0.0,0.29299640175447117,-2.259026892797754,0.04571685660211662,0.0,1.4196061534271007,-3.44102280300108,-0.2231323774548058,0.0,2.026839336844701,-3.1343857848381202,-0.47149642362722083,0.0,1.9817118184949172,-2.3157780814374447,-0.5162009788031958,0.0,0.1643686056792061,-2.1300755961450926,-0.13756384480388223,0.0,1.7984939423049435,-4.17358903497463,-0.5927536649599641,0.0,2.3888967051653824,-3.434349104775593,-0.7365535649399444,0.0,2.1053141110607028,-2.2400896794713243,-0.637174454080082,0.0,0.15131982406675346,-1.94919243703214,-0.3496025563417311,0.0,2.610773620789119,-5.750569359772361,-1.4507439545750263,0.0,3.068246340994553,-4.189176624760477,-1.2490130443745278,0.0,2.35689600096976,-2.3677970758840114,-0.8137971604164471,0.0,0.21739885101748063,-1.4698176582016238,-0.5364230844196817,0.0,1.8051041641043823,-3.826275708452363,-1.468614221762172,0.0,3.4738464749099474,-4.906864828742824,-1.8995051623407426,0.0,2.719165953284085,-2.893119151637623,-1.167540524540446,0.0
0.0,0.0,0.0,0.0,0.36013657917474984,-0.23447248794177877,0.1260459058955597,0.0,0.8129335798911654,-0.7229687756778803,0.22102907547449502,0.0,1.2660794689696673,-1.096688639653837,0.2077669131481947,0.0,1.535727506120946,-1.3269540169183514,0.15543321429139068,0.0,0.8692978414323667,-3.045474489919508,0.7937979774161482,0.0,1.3561219071765374,-4.641507282655314,0.7773350114403668,0.0,1.579301613612599,-3.9317761769726607,0.46249315897285115,0.0,1.6429003932596618,-3.29641903168514,0.3040428547529445,0.0,0.7174460742560829,-3.65762302455253,0.47690180291127077,0.0,0.7462436183232307,-3.6716202570653027,0.19758871645106837,0.0,1.1731643665682647,-3.4112860906101803,0.029820393178009084,0.0,1.610753841393448,-3.393288681634459,-0.04080543241651595,0.0,0.424113559156289,-3.2083374725307805,0.007525366490879819,0.0,0.49046837445974784,-3.2978476623293895,-0.11994038334378843,0.0,1.0300081830495245,-3.359715713418993,-0.21114732711388481,0.0,1.5256703923619304,-3.412925903175373,-0.25861841937408536,0.0,0.268135678388391,-2.4937687490585776,-0.31616732653658675,0.0,0.6024075707240873,-3.6154766172879955,-0.4620475013466063,0.0,1.0938766929357255,-3.740441606912065,-0.49449497856082736,0.0,1.5345481681952058,-3.7484673770631156,-0.503811548247976,0.0
0.0,0.0,0.0,0.0,0.47731880191214465,-0.49052033289545033,0.07413490782298923,0.0,1.5604666694969938,-2.0398327271107295,0.04098680241851267,0.0,2.628440283550608,-3.2294200895402843,-0.21860345129531766,0.0,1.9899632365989797,-2.0885948833584576,-0.28671653555291715,0.0,0.15397640251405983,-2.3545305400817313,0.095710528437982,0.0,1.1603361639080116,-3.612316130847099,-0.1599439629359361,0.0,1.8127879036414516,-3.461299479040955,-0.443424807492516,0.0,1.8783051084220797,-2.6406391442001165,-0.5214644071957003,0.0,0.04456020194958417,-2.2609768478033483,-0.09829907949870226,0.0,1.4099591658246369,-4.297506886580364,-0.5033520035498193,0.0,2.1044963191383683,-3.8046631742802894,-0.6995643094009969,0.0,1.9986527946945445,-2.57958897535396,-0.6410842593034232,0.0,0.060746373154219116,-2.165974598249049,-0.33447095257382603,0.0,2.1008802889899267,-5.9419844888678846,-1.2829562253019784,0.0,2.856887057649872,-4.7741628704243295,-1.213379537472367,0.0,2.254610136269805,-2.6681415296766335,-0.790916325859179,0.0,0.1910973435150058,-1.7590848757156725,-0.5724528957653865,0.0,1.7875248708544489,-4.782346289273211,-1.5473244487288045,0.0,3.446754944608811,-6.035918043242896,-1.9394104610464975,0.0,2.6164012585725347,-3.364197656029229,-1.1403408298210862,0.0
0.0,0.0,0.0,0.0,0.38708430815229783,-0.2595994634643198,0.17716165424968583,0.0,0.8225695307632868,-0.7251709389113862,0.32307083536122255,0.0,1.2501852302044683,-1.0680142210446617,0.3405597810037608,0.0,1.5036403835138503,-1.2851486162159236,0.3066549565661467,0.0,0.8670501836951896,-3.063576733429275,1.0826759953436604,0.0,1.1761722197718638,-4.19929962365088,1.0935603325253926,0.0,1.4071342463817944,-3.731299025112881,0.787556191263368,0.0,1.5287750595265097,-3.265530628095188,0.613673304784224,0.0,0.7482615930353975,-3.900353516325676,0.7806292204139934,0.0,0.7485513359705271,-3.770601545533586,0.4658486581981237,0.0,1.130675934548146,-3.454794055607311,0.27074578195897475,0.0,1.5828234237838192,-3.4752715522254762,0.2175691097426488,0.0,0.41818239460256246,-3.3349933742805744,0.17951163267777218,0.0,0.509095336362954,-3.4326916244402543,0.047753426242188875,0.0,1.0197477383295048,-3.433192628752211,-0.0366800881267935,0.0,1.511406579064676,-3.475017166824272,-0.07041718648690537,0.0,0.2534327433079035,-2.4896174248226055,-0.22413354998822693,0.0,0.5921591789732359,-3.5359413111978886,-0.3264020085555614,0.0,1.0307260714528794,-3.6223232303967974,-0.34256659678980383,0.0,1.4457255920107266,-3.625264850120307,-0.34082086516393734,0.0
0.0,0.0,0.0,0.0,0.4647727878251953,-0.46089364381797027,0.09459038144721843,0.0,1.583051478274444,-2.054518428050516,0.12863382479865043,0.0,3.0526247169512435,-3.8053255479389816,-0.08036737944818002,0.0,2.1986100849814068,-2.356216349702453,-0.1957484467125875,0.0,0.28835265211385447,-2.500027632950678,0.16705448043156707,0.0,1.316829708687131,-3.6733085939076395,-0.014453701921754042,0.0,1.9457555285605752,-3.4964713581374225,-0.26698338589573384,0.0,1.9956792943629111,-2.7323575889710123,-0.36942804280829766,0.0,0.18298828258952127,-2.4229307566025193,-0.03427939382163737,0.0,1.6549605126072668,-4.376645706127936,-0.3031780260600957,0.0,2.2459155731330926,-3.789550013906605,-0.47901966607585117,0.0,2.120792993966888,-2.6643171541061577,-0.481444738452987,0.0,0.19530012371606909,-2.3211241518764654,-0.2687560469306694,0.0,2.5811980178874454,-6.393692277355429,-1.0434776911304897,0.0,3.0035156683669455,-4.7418307517471625,-0.9181687558260653,0.0,2.3806981933143967,-2.779196599003022,-0.625131120338747,0.0,0.3083579767816272,-1.874064007217866,-0.5011625798488075,0.0,2.1675822980956574,-5.102484431435102,-1.3529002963225014,0.0,3.7961875616360463,-6.079843959634823,-1.575760224683343,0.0,2.7444583796217406,-3.3042094829020314,-0.8797826585137409,0.0
0.0,0.0,0.0,0.0,0.3746329122766019,-0.25898970451521824,0.14732257469492582,0.0,0.8077221674341946,-0.7180703750008725,0.2514550738080111,0.0,1.244905302505938,-1.0689943958623718,0.2379663979389412,0.0,1.5034468922175477,-1.2853413700419014,0.1822770218051412,0.0,0.813271222146293,-3.0054161167309843,0.9166303462919877,0.0,1.2719453558176,-4.561343470956316,0.9702661013570241,0.0,1.4609612952337865,-3.8922914689133465,0.627443777004042,0.0,1.530217089276147,-3.3025091651825638,0.44792009267785193,0.0,0.6655367741767448,-3.70383025948093,0.6086309369370386,0.0,0.739856147345229,-3.802888968963059,0.3397262986510136,0.0,1.1244835907516941,-3.4532738751504093,0.15636368375819665,0.0,1.5540908511801919,-3.4083932816822933,0.09458868219006299,0.0,0.37588478620139565,-3.2369765549451177,0.09541937585686737,0.0,0.48531849699528057,-3.423084847629973,-0.022405199435157633,0.0,0.993995149506014,-3.4202599113138135,-0.09812156674171991,0.0,1.4831655755737598,-3.446296102011952,-0.13000844937232542,0.0,0.236167978766551,-2.4998348712865166,-0.2628194043009383,0.0,0.5794339042375704,-3.6454526135760807,-0.37038487665597425,0.0,1.0306563833963114,-3.727014301445721,-0.3734353011281639,0.0,1.4564430567466664,-3.724120868557196,-0.3628826482534332,0.0
0.0,0.0,0.0,0.0,0.4618381584403669,-0.5670192128081099,0.0940521616177679,0.0,1.3264802238663325,-1.9945187232542063,0.05784009080654574,0.0,2.2589754553863743,-3.1828952574944043,-0.18767351988043648,0.0,1.9096511646225804,-2.244381493410611,-0.30382659581312926,0.0,0.18478047882082407,-2.542533339396921,-0.0419756247778518,0.0,1.2029016423418188,-3.820948100161633,-0.4121643131169938,0.0,1.756021333269678,-3.507625029448721,-0.6763830088998707,0.0,1.7889307723731156,-2.637900986304566,-0.7010930715563618,0.0,0.049065597144038686,-2.4568617594840085,-0.2852825252709817,0.0,1.449431036375002,-4.54500123114201,-0.9102949821483145,0.0,1.8763659486082833,-3.5944377589781626,-0.9707143062773642,0.0,1.8172774588348208,-2.4917903354848083,-0.8533909874238148,0.0,0.025624951370284126,-2.1778855115515423,-0.5546937331972157,0.0,1.7297898071055473,-5.628489468332237,-1.7813536136711015,0.0,2.2810952079246665,-4.373468662933108,-1.5678066048658665,0.0,1.9855480469468827,-2.6893039324854358,-1.1002275116733737,0.0,0.08859487379898441,-1.4209700528320806,-0.6970330039602568,0.0,0.9008637256246613,-3.1356565845476125,-1.502482554155215,0.0,2.059037047823936,-4.540256800773021,-2.1393156079545554,0.0,2.1943572657644066,-3.4962479593692173,-1.7162561965475982,0.0
0.0,0.0,0.0,0.0,0.38253940215153276,-0.2720877387930646,0.16266908866059598,0.0,0.809121450393682,-0.734801242539439,0.2799792353802192,0.0,1.2169146651578289,-1.0475109550019974,0.2659586438945842,0.0,1.4438633153065652,-1.2103262846437053,0.2060478464650301,0.0,0.762061830037949,-3.052558937413104,0.9853179753800108,0.0,1.061985622673583,-4.237788819071726,0.9601242907922759,0.0,1.314406491135859,-3.7273982246857744,0.6556374696012586,0.0,1.4459317658095296,-3.2324635219712294,0.49033762743988996,0.0,0.5976518818846925,-3.6992537775595045,0.6584088680011713,0.0,0.6722008880140636,-3.758380672957245,0.3855711617613945,0.0,1.0833544988257926,-3.459031404232575,0.19668934077386435,0.0,1.5331087641515084,-3.4460850809372143,0.13337115111968476,0.0,0.31304124182785753,-3.1894125758363203,0.11786518959980398,0.0,0.4521521201972134,-3.4672442753323605,0.013171194910113147,0.0,0.9806029642813148,-3.4766712278632697,-0.06260628696938825,0.0,1.4705219068856576,-3.5013605241928807,-0.09433278562926677,0.0,0.18585311061603058,-2.4234279995948715,-0.25420467723971224,0.0,0.5359773598588788,-3.639064675681588,-0.3544983033999308,0.0,0.9935534790102656,-3.757661103814824,-0.35473948995811333,0.0,1.4097510698508353,-3.764354135685706,-0.34155750528447776,0.0
0.0,0.0,0.0,0.0,0.47691688956477224,-0.5619212778969807,0.1067667766717681,0.0,1.434479083062447,-2.198332821588506,0.16450977870047848,0.0,2.9021183947254396,-4.332463379993037,-0.002781330432789928,0.0,2.1979703034011173,-2.7697528446221016,-0.16126057245921982,0.0,0.24766465671316534,-2.6008515555675005,0.14675240872830142,0.0,1.3470089428429235,-3.922615042393745,-0.056281198517968076,0.0,1.954240930189334,-3.7150440321106513,-0.3356475700253715,0.0,1.9465700273079152,-2.797651903973567,-0.433137435831438,0.0,0.1369711460245651,-2.560559447557164,-0.07192077892590322,0.0,1.6680339305168181,-4.676488016234237,-0.4300373076550151,0.0,2.1499865289433115,-3.8630234579244402,-0.6119056334007322,0.0,1.9825296587361536,-2.596329339583578,-0.5759167653383811,0.0,0.139526740453378,-2.4767293847256053,-0.3338102997932339,0.0,2.2439312193702388,-6.323973515976347,-1.2309763946059085,0.0,2.5748843867149978,-4.529351890913198,-1.0900328666670507,0.0,2.0999877089464354,-2.6560438964083795,-0.7620713725766197,0.0,0.23019804817618916,-1.9116949225665927,-0.5669065372135939,0.0,1.4316606696449765,-4.1433167831279,-1.3213595987492959,0.0,2.680627588416343,-5.181976592543773,-1.7178574961417763,0.0,2.4074121677027644,-3.420002299862892,-1.21741811560311,0.0
0.0,0.0,0.0,0.0,0.35517422133498466,-0.2329482861702195,0.11685096043987642,0.0,0.7957899834333211,-0.7176158613307426,0.2001557847457629,0.0,1.212305095639103,-1.0505791592855458,0.17646086916731235,0.0,1.4532326214261593,-1.2379092449221483,0.12219052916412637,0.0,0.8260294850469977,-3.233567436437429,0.7910212295742846,0.0,1.2239396006532528,-4.677263417852975,0.7345520092416027,0.0,1.4019044007676178,-3.878730134408868,0.4278390909710997,0.0,1.489040616049697,-3.2915729355853967,0.28876204033055775,0.0,0.6196568609015707,-3.739651315591462,0.458715917097152,0.0,0.6731049625871038,-3.750452823473283,0.2049178642951731,0.0,1.0832431203867656,-3.4349775957577724,0.05015308702133579,0.0,1.5139795230143176,-3.4078292876997454,-0.006778633637565467,0.0,0.3312020947320037,-3.207739499677672,0.003999611366901164,0.0,0.4361685270729379,-3.410000170601099,-0.10915145369574696,0.0,0.9612634898693598,-3.4334086423157726,-0.18165700102337076,0.0,1.455996045343744,-3.4899228381349623,-0.21319263532220217,0.0,0.20245566747735336,-2.5030077673756463,-0.30859715495193535,0.0,0.5337239114321055,-3.7057100790836937,-0.4490728751358501,0.0,1.0015026483482592,-3.809570585666373,-0.4590446454508989,0.0,1.4510493893246472,-3.8702429157175997,-0.45618199339863663,0.0
0.0,0.0,0.0,0.0,0.4214335787848156,-0.5050539085627177,0.10080918644262614,0.0,1.376104188682192,-2.1496165999790695,0.1764234892176755,0.0,3.1608332458600974,-4.933205628274076,0.0605532194086617,0.0,2.284194947260273,-3.100808987419465,-0.11432153888552961,0.0,0.2989099171887332,-2.793120285230087,0.18249212809246598,0.0,1.3473104519212613,-4.07590099212828,-0.00038652244982937566,0.0,1.9309031066054485,-3.801111413477171,-0.27213714004427775,0.0,1.9398577799446255,-2.8772908822290413,-0.3742215047143748,0.0,0.20347017960307992,-2.7645706991362236,-0.03278719778036481,0.0,1.6317193033243398,-4.757891469206486,-0.2927118834586995,0.0,2.0732429584005985,-3.9397164687639528,-0.4759631723772785,0.0,1.9768685541681048,-2.760513093807397,-0.49175324812532534,0.0,0.21964017065345479,-2.6671896261148498,-0.2857032363531409,0.0,2.3448458912390837,-6.739240396883491,-0.9922726129222205,0.0,2.5687908492562426,-4.766842146396763,-0.8636813688011838,0.0,2.1592850565496673,-2.9317532564707904,-0.64089160288831,0.0,0.2869336536048464,-1.96516562897599,-0.49290254510459836,0.0,1.805697477394275,-4.9987567069401155,-1.2437577207228336,0.0,3.469681345114316,-6.698446330184572,-1.6438019077949684,0.0,2.688655436410703,-3.946992386004572,-1.0117113486972675,0.0
0.0,0.0,0.0,0.0,0.3479764067968632,-0.24186325070057618,0.10915733059904056,0.0,0.7658960128258095,-0.6761567992354076,0.16490738279254633,0.0,1.1661273118334472,-0.9794773286175625,0.11575586259384851,0.0,1.4226748190571958,-1.180761008368397,0.04235425883679182,0.0,0.7799740765290871,-3.168895718675818,0.7518044086881626,0.0,1.1593702675384194,-4.5865642966562,0.6752197139151043,0.0,1.3713048514772745,-3.861687070540603,0.3712150686171047,0.0,1.4555335767454969,-3.250373399139273,0.2252916819801745,0.0,0.5878117029571642,-3.6550492048341243,0.42674541924495063,0.0,0.6373734041435514,-3.6748076656402104,0.17548115137357903,0.0,1.0437043771235879,-3.367599850061203,0.013849667864173831,0.0,1.454362612152484,-3.288862536268531,-0.05770794317181522,0.0,0.32830287361564464,-3.2022809267840024,-0.015782501966282347,0.0,0.43546742595580284,-3.396163239305871,-0.12211624797277336,0.0,0.9565119429274002,-3.3920485376369047,-0.19660910205375884,0.0,1.4215395600313747,-3.366559753488995,-0.23252130831025797,0.0,0.2162573657919294,-2.5179257282719947,-0.33181846055996966,0.0,0.5636108450467021,-3.8245803567562824,-0.475354825043128,0.0,1.062589390940131,-3.979991594165252,-0.4846839758192745,0.0,1.5185095226672891,-4.002645340453444,-0.4775515130433692,0.0
0.0,0.0,0.0,0.0,0.46375465741317207,-0.5694745057685695,0.1369468918563982,0.0,1.4058534708325552,-2.2500121573937863,0.2546084070465815,0.0,2.7372766878974217,-4.267204475772661,0.15269898860096773,0.0,2.1700986435657748,-2.871160447151732,-0.06169416606903206,0.0,0.28178916531292736,-2.6963229969164173,0.1836263501492247,0.0,1.273345298613681,-3.9109405855916872,-0.008925455859544849,0.0,1.9043864707489429,-3.7833198069197125,-0.28211670451884846,0.0,1.9442889613560843,-2.8804512222011316,-0.3899157894874526,0.0,0.2060072392588892,-2.7463641380007484,-0.0672345892384617,0.0,1.6588452338585578,-4.820423162000164,-0.3912107275386327,0.0,2.0878702929859245,-3.948655310025219,-0.5719015082212636,0.0,1.95549580006732,-2.7053918411865223,-0.5611271284831454,0.0,0.2250569875729262,-2.612619021367764,-0.36792062529169933,0.0,2.309612892681498,-6.550728204528843,-1.2302135911475187,0.0,2.446654026930654,-4.468142315604787,-1.0277298608795808,0.0,2.0542427682757185,-2.7469970407349655,-0.7562484593114104,0.0,0.2770150931164425,-1.8020270585003555,-0.5741408308327072,0.0,1.401164624688334,-4.000102589159892,-1.2711434768512846,0.0,2.5848619935796933,-5.123315272169284,-1.6420330277666975,0.0,2.3812700461945533,-3.578187337377144,-1.2139496702819736,0.0
0.0,0.0,0.0,0.0,0.3386583552135998,-0.21591311052647238,0.10361980543868067,0.0,0.7687974459782337,-0.6806952883583637,0.17511589665338972,0.0,1.1755478130835277,-0.9921180132355137,0.14658929918310842,0.0,1.418792580177285,-1.1822682812746872,0.09483395175837787,0.0,0.8273409375054481,-3.2513466813131866,0.7453533372019265,0.0,1.1676468237415463,-4.643014178780159,0.6470904039004333,0.0,1.3901829111715067,-3.9074969748955772,0.35835019253589134,0.0,1.5194673753980434,-3.3455121028172177,0.23244097347551523,0.0,0.6248996323081761,-3.719969967343165,0.4229096472990465,0.0,0.6387047726425698,-3.6848818755997197,0.16403654038309565,0.0,1.0528527344691516,-3.393886830224373,0.014493312505109974,0.0,1.4865574739308023,-3.3706996797335003,-0.042628829986162166,0.0,0.35102947211731844,-3.2417239751209186,-0.012935483675937196,0.0,0.4311334989778326,-3.376019629573845,-0.13060635917610067,0.0,0.9417945731436714,-3.3582568557175216,-0.20434533678674946,0.0,1.4176134085821104,-3.379755816182675,-0.23442964727475646,0.0,0.22270958050253253,-2.5517487146643134,-0.3203948106196876,0.0,0.5682970475063077,-3.79219102982018,-0.4766733247703018,0.0,1.023280310258542,-3.8126409265268855,-0.48315052908526596,0.0,1.4509600540347816,-3.809900439170846,-0.4753592133087815,0.0
0.0,0.0,0.0,0.0,0.44185362750597645,-0.5038485064049528,0.1314423802753173,0.0,1.4205548687379699,-2.108719507041009,0.3012891892448563,0.0,4.108341495644663,-6.358287321497677,0.46023051775705165,0.0,2.9889998651561336,-4.3745643300037305,0.1262030996112869,0.0,0.37055251663931554,-2.7009989102387704,0.3109668783125719,0.0,1.5577917822310612,-4.133334877116361,0.26081227783713545,0.0,2.241799885069686,-3.92491835910192,7.673331702396191e-06,0.0,2.193341477381323,-2.914233455695235,-0.14858108134421608,0.0,0.3559604382493412,-2.8047647190697425,0.10392206010362182,0.0,1.8635625017302093,-4.664593821598957,0.025999534958206845,0.0,2.298899742314329,-3.8717624481651343,-0.19079419768842,0.0,2.151021274543399,-2.70517441507953,-0.27921879530585564,0.0,0.4684958732882021,-2.930539833939216,-0.1523924987581359,0.0,2.7831774636493347,-6.555540635063612,-0.5014300548992725,0.0,2.696505838703104,-4.333250402727838,-0.4857206040940146,0.0,2.2666783315260357,-2.7260993041911354,-0.4139459527717673,0.0,0.6174815084521398,-2.44518631739079,-0.42613974384814185,0.0,3.0475808452267357,-6.628095941844276,-1.0847044222326458,0.0,4.021161755277994,-6.540135752964167,-1.0570520888249513,0.0,2.8615200600494237,-3.6455574116085705,-0.636519766145962,0.0
0.0,0.0,0.0,0.0,0.3394288801297749,-0.21893045811233533,0.12332447222978184,0.0,0.7551869133418427,-0.6553435240304927,0.20614673367338027,0.0,1.14598337753083,-0.9406804469784158,0.18421358456710268,0.0,1.4084123355514875,-1.1613958485448674,0.13882176620890133,0.0,0.7573114905174515,-3.3247121124326626,0.8267303014401766,0.0,1.082546248926678,-4.358485947726634,0.7021316769748195,0.0,1.4108062542694928,-3.891477649573111,0.43815728410147614,0.0,1.5980312388279347,-3.4024666259674476,0.3030388555286249,0.0,0.5312071826287733,-3.652468490080844,0.4771875734094976,0.0,0.6349286076528476,-3.5941662360066373,0.2212212779360937,0.0,1.089208157595663,-3.4044797490573524,0.0632131037868327,0.0,1.5547781863752568,-3.3900682639348405,-0.003604655649413443,0.0,0.328359314947247,-3.241626330013432,0.03920193948466089,0.0,0.47270452269189656,-3.3790165884243746,-0.07156077322502206,0.0,0.9971122573429972,-3.375489096394796,-0.14745794320792288,0.0,1.4760357883893171,-3.3730807024000935,-0.18181020515929597,0.0,0.2849412398927231,-2.6460144469642226,-0.2941800372609352,0.0,0.663222079595789,-3.907339038649469,-0.42347393051468596,0.0,1.1241968390261117,-3.909588044016879,-0.42170325608123477,0.0,1.534899307069151,-3.8254635533300685,-0.403257192157891,0.0
0.0,0.0,0.0,0.0,0.4233273094369905,-0.48002491974761624,0.13482990344373866,0.0,1.257618773771525,-2.018792061781829,0.30666355576148435,0.0,3.52817873415241,-6.189576967105613,0.5089818305025087,0.0,2.908933984587197,-4.850359681515386,0.201316116977002,0.0,0.31844017734335983,-2.715985982490904,0.25316672931779366,0.0,1.4539488630219604,-4.136060770376529,0.13496257969093572,0.0,2.095941025664471,-3.8315453233531196,-0.11143095394130466,0.0,2.0730428277811,-2.8298358422812866,-0.21985541567860462,0.0,0.29245531419068505,-2.7966823938273557,0.032912087607086596,0.0,1.7197122507744982,-4.606034281553175,-0.12915393482519616,0.0,2.138796115398157,-3.724219822395449,-0.29269672628784615,0.0,2.0322001966766234,-2.6002056923915307,-0.33235739556420124,0.0,0.38758838460518874,-2.824480131952948,-0.2371824115305258,0.0,2.5169427649436322,-6.341900818160505,-0.717959413985818,0.0,2.478303861725635,-4.114526553492351,-0.6029756767616042,0.0,2.1320800853398407,-2.6165397461512154,-0.48103474686449393,0.0,0.5100925659869707,-2.2187316826604513,-0.481176181086007,0.0,2.51529187629137,-5.924260489553995,-1.217907323443359,0.0,3.519272917535995,-6.045051242897419,-1.2288382896646302,0.0,2.667076383770698,-3.5550512990799517,-0.7657431666886466,0.0
0.0,0.0,0.0,0.0,0.3370660754476031,-0.21470175736838512,0.11566283455605825,0.0,0.7734512116321994,-0.6709964173147015,0.2017292031953246,0.0,1.1689458109863373,-0.9599134550389906,0.1846055444773731,0.0,1.4021471011112447,-1.1428300634510558,0.14298698793834871,0.0,0.8654736571455003,-3.402404169363845,0.8161244703988916,0.0,1.1047422321025693,-4.397825763596983,0.6735535380253755,0.0,1.3662796546834401,-3.8423276368526063,0.4069051847768107,0.0,1.5431401066522477,-3.3787477725584822,0.28106925151266104,0.0,0.6534126636891993,-3.81289951136891,0.47055221645162765,0.0,0.6410912869342988,-3.6196955957298806,0.19634012195438733,0.0,1.0533727817610774,-3.385977041225389,0.04198840272086065,0.0,1.514611444159884,-3.4206867589245635,-0.021370959442882125,0.0,0.3786796810862432,-3.2892014817156827,0.013290893865119497,0.0,0.46643942119142134,-3.3718710927431883,-0.10456586675882285,0.0,0.97638160403079,-3.3611412598877193,-0.1851615468887484,0.0,1.4559862031688064,-3.3851285839229996,-0.2238982088397167,0.0,0.2630851503788915,-2.5907546833105703,-0.30913278859792687,0.0,0.6477985058215004,-3.849111094577075,-0.468933792385743,0.0,1.1206673943859036,-3.8594292532700716,-0.4868848796597983,0.0,1.540211002141831,-3.7836464896010478,-0.4824858232587319,0.0
0.0,0.0,0.0,0.0,0.45290924895702706,-0.5173211182197062,0.17972822644091346,0.0,1.447560412741551,-2.266636138423605,0.4810264130974437,0.0,4.929205057836487,-8.194329533045766,1.1356328072090809,0.0,3.5444051191760058,-5.512412175102354,0.5524521826725632,0.0,0.425104144361331,-2.698951054570433,0.40396652032610514,0.0,1.563438584334668,-3.8539527114824526,0.4404271857920368,0.0,2.2243439117273374,-3.687324715099405,0.25091697058041607,0.0,2.2489383157479272,-2.8600433577761555,0.09011948663296343,0.0,0.4192080644225472,-2.8020562258516684,0.1910853712505892,0.0,1.9772165440314955,-4.548515900223932,0.24194198228765634,0.0,2.4279443646318013,-3.820039403285112,0.043147663654687037,0.0,2.2702732073414813,-2.6744036390612216,-0.0801372376088946,0.0,0.5395993870459999,-2.8927924870722723,-0.0627439906994947,0.0,3.2910907514843726,-6.885326846885437,-0.17212807575400102,0.0,2.8751712438875114,-4.2008137384821,-0.21560744404381058,0.0,2.3568137518559857,-2.6155002338870506,-0.2181179515508462,0.0,0.6864404723750227,-2.3757441266766883,-0.3383863682909614,0.0,3.6481904019907794,-6.850899539180464,-0.730238117961346,0.0,3.9639518831191807,-5.651303101748664,-0.5269404339828976,0.0,2.8076981268218026,-3.186866244531958,-0.3076509066058613,0.0
0.0,0.0,0.0,0.0,0.3520194379149714,-0.23995983308171315,0.13964767109563672,0.0,0.7792330374858757,-0.6742429266218944,0.23755975164094564,0.0,1.1687160805558274,-0.9336030143563804,0.22061436771024284,0.0,1.4178104786713621,-1.139482695096298,0.181757943127019,0.0,0.5900765635755713,-2.9124538828729087,0.795450094753687,0.0,1.1724935650839163,-4.516797460040716,0.8244747613809528,0.0,1.5868000475798079,-4.077974597929688,0.5401830757936513,0.0,1.745358960809251,-3.4498192130089866,0.3778215429904334,0.0,0.39695670628361557,-3.2135732460588167,0.47031257366259466,0.0,0.6554925356661402,-3.5652514875705554,0.2641673113383674,0.0,1.1243511163364441,-3.3716685896257257,0.10913131815837566,0.0,1.5826115551414137,-3.3233939475889254,0.04917031451806352,0.0,0.27878158480738274,-3.0170486047269223,0.06942110526204187,0.0,0.49564288900774006,-3.2887555170441862,-0.039760608022492615,0.0,1.0168308168348823,-3.2728567717871315,-0.11169828234031866,0.0,1.4877073868579664,-3.2543262129515482,-0.14184886035993857,0.0,0.3232082888526365,-2.6567370512977537,-0.27169250137225004,0.0,0.74747313828475,-3.85444237830036,-0.3862560770357973,0.0,1.1973362043613665,-3.753843542247218,-0.37653062798951953,0.0,1.5729886789127623,-3.570599797064029,-0.35124010615455065,0.0
0.0,0.0,0.0,0.0,0.4249427021177764,-0.46550608580620795,0.12387124572437372,0.0,1.3751125997923985,-2.047015454871187,0.3110737555410343,0.0,5.485313438691532,-8.739760349459099,0.7654688769613616,0.0,3.8064884766458924,-5.789603578181382,0.30456140907786566,0.0,0.39508990282626755,-2.6337626381118926,0.34895305551819106,0.0,1.5919052362446466,-3.9895553790861604,0.36435249691136623,0.0,2.31960844541378,-3.8418575848162657,0.13902247381041438,0.0,2.265545625382282,-2.8515956027048257,-0.027257287383999247,0.0,0.43111898197774823,-2.79250966771174,0.1710471283207916,0.0,1.9639391610123178,-4.547521510728163,0.1862672409573025,0.0,2.415092734347126,-3.812080815347138,-0.03829023447366726,0.0,2.2212341369515727,-2.6315200718943026,-0.16171718679081837,0.0,0.6326447328564847,-3.0601997452346286,-0.05805871150572618,0.0,3.241120804626158,-6.819210705454566,-0.2119631694258281,0.0,2.8310478088896027,-4.1643818624797095,-0.27669805667836506,0.0,2.3191907530923888,-2.5847574827080724,-0.27757528025874534,0.0,0.8866362330529571,-2.7038480033538383,-0.3455922687512626,0.0,4.576359805756227,-8.591882717722427,-0.9081175494000843,0.0,4.305320113650905,-6.262840774100133,-0.6429801558197785,0.0,2.9379058456116214,-3.4371160647360606,-0.39289424213712715,0.0
0.0,0.0,0.0,0.0,0.33550200992975243,-0.22193148272279256,0.12888507071319838,0.0,0.7650350620874322,-0.6616831257220029,0.2126491871341007,0.0,1.1519863839047664,-0.9155224293945877,0.18407926577407221,0.0,1.3752513998491793,-1.0652000993278479,0.13053965984934893,0.0,0.6326367006845982,-3.1309498736934587,0.7368953410325597,0.0,1.010780712470485,-4.230298372369604,0.6353974352608771,0.0,1.385560616509013,-3.8491109650526965,0.4011671364878245,0.0,1.5978764968327044,-3.3684825041704443,0.2748682168803786,0.0,0.41320217125555353,-3.3174296737019358,0.3813676921351066,0.0,0.6265036463433883,-3.5504668314919723,0.18343498794902247,0.0,1.081153344689508,-3.358081513523197,0.04251411764018163,0.0,1.523768319828486,-3.2983577686167527,-0.01994387394585454,0.0,0.2890050135830233,-3.042623487926551,-0.01941422419058275,0.0,0.5157220137076267,-3.3855250218933,-0.10462705855886323,0.0,1.037161325243102,-3.3462422322840317,-0.1666482211971298,0.0,1.4950431856812934,-3.298528449518905,-0.19684826480278741,0.0,0.3269528854097658,-2.591869774100402,-0.34904923051299963,0.0,0.8069933152595277,-4.033933967640747,-0.4964183642037288,0.0,1.257269442057401,-3.888396988993794,-0.47165590117109135,0.0,1.623887993044363,-3.6703157953688548,-0.4425552323104818,0.0
0.0,0.0,0.0,0.0,0.48201327767691327,-0.5402069577216887,0.18991988156888714,0.0,1.5253197002196928,-2.178521762003564,0.4600964609630131,0.0,3.93667133091799,-5.646864844847383,0.7451550650082461,0.0,3.2227952372525013,-4.167876378905438,0.3543940835447588,0.0,0.4638551181000783,-2.648149654588192,0.3785612654935828,0.0,1.6080898462329554,-3.792744677735504,0.39121726274803953,0.0,2.2852345685473097,-3.674500468427751,0.1906314747496677,0.0,2.2696661496619583,-2.8173187447823644,0.023645572437599866,0.0,0.4659902761217847,-2.785548376547188,0.14394471339107667,0.0,2.0837495579943406,-4.61235030389196,0.11761019558154127,0.0,2.485741015823952,-3.8014906818048337,-0.10037188580250361,0.0,2.259081550633231,-2.591698683268833,-0.19992621538604155,0.0,0.5757195900742986,-2.8102853959033665,-0.14708122865745782,0.0,3.1624352884984326,-6.603976226667405,-0.4395704973947023,0.0,2.895908130007231,-4.218537569851303,-0.412453663938255,0.0,2.3549537261305553,-2.596461412753416,-0.34734309661779694,0.0,0.6541694453607217,-2.101976335205861,-0.41694668858226763,0.0,2.7547475851059833,-5.395886620584231,-0.8976807976571208,0.0,3.8961057433990725,-5.8587341209431445,-0.9037058315944831,0.0,2.9556095731799314,-3.5908893371480066,-0.5728749986318105,0.0
0.0,0.0,0.0,0.0,0.3586721919462748,-0.24656147522610927,0.1643624954786807,0.0,0.7808401573398843,-0.6590526819803445,0.2773016742454868,0.0,1.1575987899363867,-0.9001966897601786,0.2646596773654646,0.0,1.3882477859037146,-1.0640926836112141,0.22153511555321762,0.0,0.5945524518027616,-2.9973367347306574,0.8835851283956336,0.0,0.9511610719656778,-3.9415068699987548,0.8131951745629539,0.0,1.364687568806916,-3.7412929162528004,0.5948289504907901,0.0,1.618339855620483,-3.366351996047455,0.45916764145261346,0.0,0.41045017241178,-3.2540731230896975,0.5267382274767077,0.0,0.645686038821699,-3.4994901540903034,0.32351462549862403,0.0,1.1076075144837625,-3.3521431954268213,0.1548145083729175,0.0,1.575403442983105,-3.3173466710405477,0.07824747502622054,0.0,0.32007705185086466,-3.055127131594249,0.09577948275079018,0.0,0.5812151112053344,-3.4507336302560443,0.015409557924956511,0.0,1.1021595376584312,-3.376644902416372,-0.0683482408219898,0.0,1.5475543378687875,-3.2725587391099524,-0.11506070020645971,0.0,0.40125562260145337,-2.6315362862495597,-0.2733565414421249,0.0,0.958922810116888,-4.17226398955641,-0.38395084227906784,0.0,1.3552185457788717,-3.862536810440183,-0.35571882502195795,0.0,1.6444418266891443,-3.495897029523043,-0.32768935598678745,0.0
0.0,0.0,0.0,0.0,0.45775490208388636,-0.5347149220822494,0.22407530470753292,0.0,1.546116531878092,-2.298844133136341,0.6236637225659994,0.0,4.422266033403909,-6.468100494861807,1.2502167063536445,0.0,2.98396987598518,-3.8903956632411583,0.6007968601376296,0.0,0.3620642953577709,-2.591004664272684,0.5534573713523471,0.0,1.435599819513938,-3.7302734820121413,0.7262219206606737,0.0,2.2325977161660164,-3.7957880134674435,0.5987556015490948,0.0,2.277188491007045,-2.963175994115151,0.36991562169316583,0.0,0.3923512370627619,-2.764574210394569,0.33935588298481956,0.0,1.8843692337266127,-4.549478117701494,0.5622711945024881,0.0,2.4593121350052387,-4.032893721310187,0.311264848528826,0.0,2.2754668313588176,-2.78329624130096,0.0821805942426312,0.0,0.5346449857116607,-2.8781435032781544,0.08152980287299355,0.0,3.1098250137613137,-6.835437913223076,0.26261778646771394,0.0,2.886472161126961,-4.402312239512265,0.04020653479973633,0.0,2.3458374582833126,-2.700907461386356,-0.0759086162566742,0.0,0.7165953479163673,-2.371888039141911,-0.2181991728828591,0.0,3.557289000143851,-6.8996064394964725,-0.30710186244417736,0.0,3.9573057651713808,-5.853520882784993,-0.18206524800421534,0.0,2.825110934893091,-3.3665166046424653,-0.12457160841342138,0.0
0.0,0.0,0.0,0.0,0.3448337444594339,-0.21341651799804526,0.13633120730392662,0.0,0.7617172488222792,-0.6231963585010305,0.22757827028901936,0.0,1.158184659236438,-0.886234601275901,0.20770799026196737,0.0,1.3916493863081192,-1.0358875049065335,0.15592037470008135,0.0,0.6311449474986872,-3.006341402667141,0.8190656002037742,0.0,1.111871113643414,-4.319728914807869,0.8214150089664152,0.0,1.4504456396479677,-3.865027422460621,0.5481160176140988,0.0,1.6049279784858534,-3.3087340372871656,0.38800215044246644,0.0,0.42170795544566136,-3.254777314601441,0.47558910580127567,0.0,0.6739219028476139,-3.5799616971203614,0.29765395470628747,0.0,1.0949025058874542,-3.327533257840399,0.13824511765683045,0.0,1.5122219763011682,-3.2238974340324673,0.0702879693577732,0.0,0.2999209869444946,-3.0216026838212557,0.06980932900462207,0.0,0.5633745779583869,-3.4205855581808984,-0.012131067206142898,0.0,1.0599833846764748,-3.324501964305353,-0.0853549443048623,0.0,1.4914950622582646,-3.223979869388853,-0.12269594727851574,0.0,0.3489384983872234,-2.6299405674651526,-0.2730315017374465,0.0,0.8811382438837956,-4.0842450746301076,-0.3869930229129052,0.0,1.3011653893314785,-3.8593349504553114,-0.3603161874791241,0.0,1.6286336131128218,-3.5594938049661016,-0.3305124633943101,0.0
0.0,0.0,0.0,0.0,0.4756358938703349,-0.5529371371764861,0.2014556220182736,0.0,1.5471186307414357,-2.3277322035246937,0.5653686135207769,0.0,4.1709438559337295,-6.542208875418672,1.1496890379426394,0.0,3.0008839973496926,-4.4113003982736885,0.6223700202354383,0.0,0.3918414843773182,-2.692500733671904,0.5120101946993263,0.0,1.5910295021045495,-4.011545113155169,0.6602541493084858,0.0,2.2902853787482873,-3.8653412050111333,0.46572919293885157,0.0,2.221885989168338,-2.857032231653509,0.2341737516809917,0.0,0.4154714753225738,-2.874405087711192,0.2926896670802686,0.0,2.062627992486126,-4.889098138282474,0.44542568114017395,0.0,2.4767566631564906,-4.026827724241146,0.1530312493573461,0.0,2.1938214462883447,-2.6689861166980022,-0.035718059421818354,0.0,0.5697692365798289,-3.013385507064702,0.023980465507419082,0.0,3.0250534427909828,-6.820570023145647,0.0064928785715228365,0.0,2.735781588787177,-4.308175401515335,-0.1591849275829901,0.0,2.255391635133378,-2.7107881132030895,-0.20858406309615415,0.0,0.7039156477969405,-2.3711690049759007,-0.27108051102838265,0.0,2.815682980885253,-6.098497662762638,-0.5304013708776232,0.0,3.9057985872776437,-6.645355794883051,-0.5600651441285145,0.0,3.04282017345696,-4.280302240197332,-0.40446995804918956,0.0
0.0,0.0,0.0,0.0,0.3557599056259118,-0.24084907831574698,0.16572277037286692,0.0,0.7550616714214701,-0.6277280549714924,0.27310762943806605,0.0,1.1385724726720776,-0.8723734985236308,0.2547211217066867,0.0,1.3690994241705998,-1.0101799149524153,0.20153947341766945,0.0,0.4632810522421562,-2.7732391311811555,0.9198591544370394,0.0,0.9330963667334055,-3.938556713187043,0.9577368111595435,0.0,1.3753842991862266,-3.771632066610061,0.7360181246306621,0.0,1.6151399471781507,-3.3652095205277117,0.5842573609175463,0.0,0.3066616977599336,-3.039148590667018,0.5917338677968904,0.0,0.6637042950491006,-3.5586809067185254,0.45798064173354863,0.0,1.1318480965191138,-3.405291422253208,0.2874907920926174,0.0,1.5844261959015387,-3.3286325692801695,0.21791403559358216,0.0,0.28040268379054484,-3.008651717547675,0.18735001868509632,0.0,0.5978862393581248,-3.464767859181725,0.12695613230335534,0.0,1.1018172131238144,-3.3554345958126,0.05487845239000286,0.0,1.5349865228786514,-3.2401283098106886,0.021366559902977367,0.0,0.44063525556557986,-2.756580187797181,-0.20100951824819116,0.0,1.0051595224272416,-4.189046811574392,-0.24210197881471937,0.0,1.356573483749091,-3.784855464806018,-0.19900419078536155,0.0,1.6187176735558781,-3.3933498539020017,-0.16589965797804732,0.0
0.0,0.0,0.0,0.0,0.40743128956857005,-0.47609987151314115,0.1500690706244514,0.0,1.3054557383572145,-2.0697178973588657,0.3950574599754596,0.0,4.518996380541831,-7.553475471434498,0.9476698266826109,0.0,3.330205428564996,-5.23013827733633,0.48323042131677296,0.0,0.39234855454378437,-2.759196202551124,0.4219928373211236,0.0,1.6799929254771215,-4.326649808666069,0.4999854842751382,0.0,2.406083020838525,-4.107348265816027,0.2614887521538352,0.0,2.261737773014364,-2.9179547394751766,0.06475740223353403,0.0,0.3965228938359488,-2.8940903198265087,0.21757815602344405,0.0,2.014050741979133,-4.9342790933153875,0.27382099806187044,0.0,2.4655145502759965,-4.054346237103712,0.03511336954666768,0.0,2.195283564151766,-2.681054850776611,-0.09342604598555086,0.0,0.545766670210222,-3.0832560435930394,-0.030326434017454627,0.0,2.691193656157195,-6.280467329990678,-0.17780986639098192,0.0,2.6270624764006287,-4.186955625304422,-0.2438464646459918,0.0,2.2337198890351178,-2.680003668197404,-0.23472527331868506,0.0,0.7295965888772381,-2.641709140665583,-0.3179084395150067,0.0,3.2439087841033007,-7.154135906475539,-0.7660679890886734,0.0,3.842888997915252,-6.4858162827238965,-0.6583260421365156,0.0,2.9380154957869,-4.040118964606447,-0.4193958808270227,0.0
0.0,0.0,0.0,0.0,0.33888614753631674,-0.2284259758338499,0.11913828984953773,0.0,0.7422764804744565,-0.6106254310682196,0.17771081531295924,0.0,1.123462213177185,-0.8394900435413917,0.12978483082051673,0.0,1.3625104995945718,-0.9922954676560503,0.06373533972463576,0.0,0.4433736674871924,-2.8037781800678667,0.7411086988757609,0.0,1.054146154175004,-4.410396604753366,0.8244415676490447,0.0,1.5110645762651944,-4.097938624306292,0.5595339735436895,0.0,1.6651651020939238,-3.441391823321555,0.3764638662773564,0.0,0.2790355435767878,-3.004232069097875,0.44592438177482124,0.0,0.6303252414377837,-3.5614814867686317,0.33089552841902004,0.0,1.0633171526663012,-3.347724944180284,0.17082182149037647,0.0,1.461345802102967,-3.2144226244938494,0.09102596912271714,0.0,0.2541159011154247,-2.9887538066532082,0.10611554768791268,0.0,0.5617507829556544,-3.4405367433783876,0.05173623476579682,0.0,1.0430165078622398,-3.3285096077706102,-0.020315450435234195,0.0,1.4674073267986518,-3.223530784490945,-0.06327843938676037,0.0,0.4352815323099196,-2.897913613486855,-0.23634681762822657,0.0,1.0495081995698012,-4.475125740625215,-0.2882829141385054,0.0,1.3793496988869127,-3.9263591971404628,-0.22958378353337408,0.0,1.6211396232050894,-3.4637647357543577,-0.19259543755345618,0.0
0.0,0.0,0.0,0.0,0.2870677600733878,-0.08277735266533938,0.03921643738501332,0.0,0.6471789871582849,-0.42719272848742096,0.02453185106254485,0.0,1.094781666829096,-0.7940833208918978,-0.050467537443172845,0.0,1.6142723008332847,-1.3704941748513453,-0.1646999212005065,0.0,0.41106470843580706,-2.8909821424621,0.19416140462629108,0.0,1.3324101589058985,-4.152659413824056,0.045517065249062794,0.0,1.8658783280507947,-3.8101374702304236,-0.1794570268700363,0.0,1.946544342208205,-2.936685276533004,-0.2662638692675249,0.0,0.35505025328735407,-2.9302766584680673,0.011932912521309035,0.0,1.1860972752873644,-3.758807177639487,-0.08238579469334455,0.0,1.6411983407240012,-3.361470921220033,-0.22286004024972134,0.0,1.8169971535185656,-2.6981422744016412,-0.29746332052821334,0.0,0.4646073207760364,-3.1239914408934424,-0.20756460502854931,0.0,1.2947379438730406,-4.006142075934026,-0.3141063139026672,0.0,1.6712810734480559,-3.3708831005245146,-0.36143330396790213,0.0,1.8219483761500108,-2.697435017314375,-0.37468620358060517,0.0,0.772046234967955,-3.193493858087784,-0.5044530611978637,0.0,2.205978407239119,-6.041292639972298,-0.8357431073758819,0.0,2.2927919266188477,-4.726460150900013,-0.6378785367175311,0.0,2.2434501605583548,-3.671457695248263,-0.5227073766356701,0.0
0.0,0.0,0.0,0.0,0.34165158407540847,-0.21892097237390098,0.11250210637866075,0.0,0.7186866937075927,-0.544281154315019,0.15609307004569103,0.0,1.0724263851179148,-0.7554123627329955,0.10180176034586183,0.0,1.3361891462959141,-0.9852516278789102,0.03735913700528295,0.0,0.31507530378998483,-2.6154818244258444,0.7131018101825722,0.0,0.9765578608732814,-4.401957351790793,0.8417473777687817,0.0,1.4875455709786474,-4.157133957552579,0.5811481229205125,0.0,1.6752806902109778,-3.520830797403955,0.40520067662458636,0.0,0.16817623024447265,-2.795006177464315,0.4414400001551288,0.0,0.5968403864740475,-3.565687215453737,0.35474379137614964,0.0,1.0636621361414194,-3.4165338190933783,0.1989622985404442,0.0,1.487214730183654,-3.2999099423161735,0.12337360064768389,0.0,0.19049977514462108,-2.933426991583247,0.13175670970080833,0.0,0.5353996569235355,-3.3987869747898127,0.07573377372007438,0.0,1.014100542689525,-3.2897540650762167,0.010097916973168686,0.0,1.4367803974465034,-3.193509360118552,-0.02468566560767138,0.0,0.4601036571360585,-3.1229531127020818,-0.2188624795633996,0.0,0.9690428563312955,-4.255507889342074,-0.22089424961231374,0.0,1.2794414270461718,-3.7576458460261497,-0.16113011994925613,0.0,1.552656849558019,-3.418844662167374,-0.1258426121590393,0.0
0.0,0.0,0.0,0.0,0.25997747581439334,-0.05103808900957439,0.0014401932826574736,0.0,0.6010827676346374,-0.2769824262571517,-0.06784660299410956,0.0,0.9231828291323967,-0.39001857973040605,-0.17355817319755024,0.0,1.1591199024381602,-0.5343678292142392,-0.2822333052618731,0.0,0.45126392043684294,-2.9038788672773665,-0.0047391032558491645,0.0,1.2295470035165252,-4.362556476836894,-0.28687012499670456,0.0,1.486453709375114,-3.4687167401495462,-0.41848811444321765,0.0,1.5810284495196991,-2.7256208502051256,-0.4349157031381795,0.0,0.30335821006727637,-2.856655762304861,-0.1685930430463889,0.0,0.8699875095527292,-3.5672956422845115,-0.29714748500684107,0.0,1.1901628047912933,-3.0285090718481027,-0.3654223461207456,0.0,1.441061769744312,-2.622932564017218,-0.41773765358588766,0.0,0.30334386672396574,-2.8190194673810254,-0.35439310316883904,0.0,0.8396540621377786,-3.592633759138409,-0.42367065487722855,0.0,1.193467358713972,-3.0963222416514067,-0.4166581190919669,0.0,1.4436686857619523,-2.702491848277182,-0.4237115838184196,0.0,0.4731708159505165,-2.784198292170096,-0.5867460653892471,0.0,1.3499242126703361,-5.0354742494783675,-0.8273222765068009,0.0,1.5272028745388937,-4.131801908334621,-0.6078331815348605,0.0,1.6793594909708431,-3.5713209241354633,-0.5203678425303168,0.0
0.0,0.0,0.0,0.0,0.32600686617872293,-0.19612126552998657,0.09208760670576792,0.0,0.6990154157115414,-0.530881603414295,0.10596202133630207,0.0,1.0617177820689832,-0.7486117988486245,0.026967958475611,0.0,1.3100194587374454,-0.9343028973456217,-0.059024248137707395,0.0,0.24575749212298864,-2.514036778522834,0.5187803154629963,0.0,0.914226343520059,-4.375303033295521,0.5460512273141884,0.0,1.530551382099018,-4.230731900237449,0.3216679041178923,0.0,1.7707153715340938,-3.5649462542854886,0.18295010348764942,0.0,0.12335997897784237,-2.6551788631204007,0.2688431685592565,0.0,0.5366884984299023,-3.4464895283705412,0.17755478824661905,0.0,1.0060791078396776,-3.2875131780424436,0.049346593011844166,0.0,1.4096489505742613,-3.1766219277759755,-0.020830894534977534,0.0,0.16090782269732026,-2.785348877752466,-0.013303955754253612,0.0,0.5021798356527117,-3.3343118418697992,-0.051153012116855696,0.0,0.9889553291943406,-3.219631194788974,-0.09943673689384465,0.0,1.4097238968158776,-3.141576871614848,-0.1316205881021623,0.0,0.44044594440151424,-2.9996484403037957,-0.3474036133309482,0.0,0.9879974869825398,-4.361393484086906,-0.377530979046163,0.0,1.2911502612129453,-3.7594275976302516,-0.28408972268715654,0.0,1.5520597197236425,-3.3923923555722664,-0.23764245500522566,0.0
0.0,0.0,0.0,0.0,0.2543966573056616,-0.029976295763671376,-0.003675997671532905,0.0,0.5985174004801094,-0.3003468462808652,-0.038107665492864144,0.0,0.9310138974839381,-0.5125077712260748,-0.10796858297511641,0.0,1.217492614683374,-0.8489997070768969,-0.18035637325189074,0.0,0.13004168840849867,-2.425914301253611,0.299113129576601,0.0,0.7432015192869827,-4.588100623974959,0.2221120558758618,0.0,1.1334909857393445,-3.6931450323594124,0.02537328867699936,0.0,1.3394859557400294,-3.0291448376884023,-0.03341086842049329,0.0,-0.021740670762418854,-2.465054708046806,0.1778622354907341,0.0,0.39706688490917247,-3.4709717939080664,0.06832847884450567,0.0,0.8599709540147604,-3.116101576968917,-0.0416958313741547,0.0,1.2145604220489505,-2.8152920340828653,-0.08059338388825935,0.0,-0.03188754810961973,-2.5297077378504182,0.03377000212327355,0.0,0.3410788232198866,-3.3670488144341815,-0.04693428634165785,0.0,0.8174492477472276,-3.08249759354824,-0.08738774010770889,0.0,1.1587175596922958,-2.8027735835124394,-0.08767901081501209,0.0,0.12035643051051823,-2.652132367105249,-0.14078964532868068,0.0,0.6312693283602774,-4.4310294309965945,-0.2126283426574118,0.0,1.0035886752910557,-3.8304483424157345,-0.15625922296294764,0.0,1.280025054526961,-3.4312484904191627,-0.10706682073151583,0.0
0.0,0.0,0.0,0.0,0.33658036233519645,-0.19005125554736832,0.11259587996581462,0.0,0.7058281012119502,-0.5072616399331725,0.14935401696538592,0.0,1.0580261431719418,-0.7199507574962195,0.08840602388805906,0.0,1.291213468383491,-0.8772619319443721,0.016257671896696187,0.0,0.3141417934582871,-2.612255213624892,0.6451470523847446,0.0,0.891310570445615,-4.16783269310193,0.6859717242111025,0.0,1.472536488610922,-4.080071518986251,0.48801833391738114,0.0,1.7417347994115746,-3.5483639003773373,0.3496667595289846,0.0,0.17424152976230495,-2.7685579297120815,0.36969871438551594,0.0,0.5573899039136009,-3.435918791386464,0.27922881686835993,0.0,1.0302639073167723,-3.3119161609979417,0.14506881498204663,0.0,1.456011537484433,-3.2404068482400215,0.07780764141498175,0.0,0.19545243964463246,-2.8694005461937673,0.0626899528076849,0.0,0.5163806306483218,-3.323978660560789,0.027635705026873354,0.0,1.0096899130932102,-3.2403056914158923,-0.02616009658120043,0.0,1.439325052529363,-3.190468177118357,-0.05735084397622457,0.0,0.4521388114679588,-3.0204739187873777,-0.27905925153412137,0.0,0.9748099212258317,-4.217748537089458,-0.28184895497945933,0.0,1.3019986420661989,-3.7231721681811436,-0.21515659755516062,0.0,1.5845241191184307,-3.4006476152425726,-0.1784274304320192,0.0
0.0,0.0,0.0,0.0,0.3358379305887197,-0.18189611949262405,0.08455174837837275,0.0,0.704219506784615,-0.4723278758232517,0.09348475263111285,0.0,1.0365472337630335,-0.663215966709753,0.018048588824818055,0.0,1.279875861447115,-0.8656567234408863,-0.06057256061674315,0.0,0.27174356817366746,-2.530552614788583,0.5562461358985156,0.0,0.9174478225200198,-4.343296287713438,0.6015658308055226,0.0,1.508756354490121,-4.1849848227380075,0.3789196531655128,0.0,1.7357479769295328,-3.533921637742889,0.23503470650684663,0.0,0.12710303637746567,-2.651287454886888,0.3120294456562564,0.0,0.5399940789104009,-3.440058573295221,0.21938548023292334,0.0,1.0127516880946603,-3.2937842081288715,0.08232181768042525,0.0,1.4117868942299792,-3.1581511213722573,0.012113447963042387,0.0,0.15664200849529406,-2.796743861107521,0.04278469479660547,0.0,0.4814389776342466,-3.2795919522341306,-0.006961673442720765,0.0,0.9704481356362006,-3.1941684586135044,-0.06173814212655894,0.0,1.388695800722538,-3.114568558248776,-0.0907889346741846,0.0,0.43461321866762553,-3.0649936921965137,-0.27848578266316676,0.0,0.9498476195648429,-4.27975354563192,-0.29805559154450123,0.0,1.2659240315493667,-3.7368583156961743,-0.22818322971432722,0.0,1.5388504624628905,-3.389083921438404,-0.1869617289244396,0.0
0.0,0.0,0.0,0.0,0.36830409992780105,-0.19104316433693463,0.1561556048009062,0.0,0.7565834962493181,-0.5100883012841178,0.2383306513125239,0.0,1.1222683453584685,-0.7420147882489343,0.2106654991372001,0.0,1.3761185892116556,-0.955249770607052,0.16461667788989479,0.0,0.3782065834529798,-2.5656550577839106,0.8275789141811596,0.0,0.9543423541627322,-3.9415950645929523,0.9646697729064281,0.0,1.5250617988729736,-3.8875604227422103,0.8001688315971721,0.0,1.775776142612192,-3.3982281425675906,0.6421243649904707,0.0,0.24405179029816593,-2.757750501482098,0.5233706076399178,0.0,0.6533689548089064,-3.430995941214569,0.4692175069008806,0.0,1.1463760207667566,-3.339514264179131,0.3313277767091119,0.0,1.5719758295731403,-3.2396749738270167,0.2643293676184367,0.0,0.2709616009536777,-2.852687669010636,0.18443147608787064,0.0,0.616483011526857,-3.347501491460221,0.17922112154400135,0.0,1.115688892899545,-3.249448450919671,0.12225857380657366,0.0,1.5418824603007257,-3.169348194744124,0.08826714064719045,0.0,0.5484008349395806,-2.942137917423509,-0.17518756312750097,0.0,1.1238423018886117,-4.198935579696138,-0.12627634400032042,0.0,1.4274059958849605,-3.695170701999306,-0.07509911868010315,0.0,1.677497947872032,-3.327038310960059,-0.05232351342683687,0.0
0.0,0.0,0.0,0.0,0.35443608175878366,-0.18509914695791077,0.12039316698836774,0.0,0.7224232536292148,-0.46790162460166557,0.162218166185726,0.0,1.0760081961459038,-0.673800226484014,0.10711098115400848,0.0,1.3369879067641803,-0.890137310496937,0.04112003872447664,0.0,0.370753474933618,-2.5422444815409215,0.6995936956515068,0.0,0.9450859326732001,-4.0284160425685975,0.7678358163346085,0.0,1.5597668676603107,-4.017538222184173,0.5850034807032469,0.0,1.8075487133542516,-3.442354796844792,0.4263827524428756,0.0,0.2388200948855328,-2.736944683551037,0.4284796169339998,0.0,0.6198782670523123,-3.359315797558249,0.3313908566968499,0.0,1.0973271060068708,-3.2595241999729043,0.18764367259489986,0.0,1.5154089986137547,-3.162266159997857,0.11545084531411276,0.0,0.267054354922347,-2.8583161324035427,0.1208171028670365,0.0,0.5858290034927424,-3.2898269757136154,0.08181181205534523,0.0,1.0786847030281383,-3.2017833170565635,0.018359884918721585,0.0,1.5190856516038194,-3.1434290023335434,-0.01630440687302952,0.0,0.5437187855089364,-3.001631899382562,-0.22267270163888908,0.0,1.1327133659790818,-4.320115246364973,-0.2232594074659445,0.0,1.4178823604858046,-3.719552019530761,-0.16755566725420998,0.0,1.669759179888525,-3.330817102178443,-0.1368622748186832,0.0
0.0,0.0,0.0,0.0,0.3697814826712513,-0.15979355153352,0.1286062044609195,0.0,0.7796395253997097,-0.45342800087328994,0.18722840040715935,0.0,1.1501445466027376,-0.6497138410086771,0.14090811192483957,0.0,1.3864701663766472,-0.8082962057350798,0.08176714678362239,0.0,0.5678093620684529,-2.6411383844228538,0.815378824180627,0.0,1.1756838567346686,-3.9826021692916487,0.8997749965763305,0.0,1.7856938763950572,-3.953744735291251,0.7247828509721493,0.0,2.0489394997905115,-3.4116886611281254,0.5670012830088761,0.0,0.4235869021526024,-2.8509797170075526,0.5218648378811166,0.0,0.7735471702078672,-3.3288210839515733,0.4241314449981517,0.0,1.234116417161398,-3.2166054273770888,0.2814165284667277,0.0,1.6746159858993444,-3.1470975989208423,0.21711825946137558,0.0,0.4198833351661736,-2.928445280457094,0.18373536441118649,0.0,0.7114847460685833,-3.2362174657269205,0.1422929181188332,0.0,1.2243277915655084,-3.1844897790096627,0.08250957928017291,0.0,1.6831789287308825,-3.1366473221604614,0.05209384189223051,0.0,0.6353483655774552,-2.9723346712463163,-0.1709161884675838,0.0,1.218646312340828,-4.070127100364136,-0.16293658609239173,0.0,1.5593844658589282,-3.657713659820571,-0.12436867612004932,0.0,1.8370780803530355,-3.3143307743131594,-0.0985866191462428,0.0
0.0,0.0,0.0,0.0,0.3660862129700664,-0.15197922002787245,0.10431178223312162,0.0,0.7523510432514884,-0.40588757808088366,0.14519560140518603,0.0,1.0998374303755842,-0.5949027334063162,0.09729889415800004,0.0,1.3532895555519306,-0.7875416318436421,0.040149364038292994,0.0,0.5739630643639649,-2.6723753869614204,0.82526003126253,0.0,1.2489332139599092,-4.205117679809589,0.9598501190474232,0.0,1.6870061728745571,-3.8767686651557622,0.698233902261919,0.0,1.8362931192049283,-3.2885998455044043,0.5223790538211308,0.0,0.385562985838022,-2.83387088707068,0.5409661970961774,0.0,0.7739481983264718,-3.3962747609794013,0.43754553929546297,0.0,1.2136047888940775,-3.2481710526273413,0.2852074768209483,0.0,1.6336663811516825,-3.1562432734271977,0.22419262272560755,0.0,0.35714187184787755,-2.8793024081744494,0.2217083411697116,0.0,0.6594853461696273,-3.2036772102491486,0.1461912087754786,0.0,1.1481304033637918,-3.144744974625988,0.07641145275146452,0.0,1.5953994122717365,-3.09010556958667,0.04842751402647429,0.0,0.5294649824798716,-2.882011910939317,-0.10733102368038878,0.0,1.0933587846978494,-4.004804214792846,-0.1265474186203696,0.0,1.475370945518309,-3.6843342870352047,-0.09854337314077319,0.0,1.7958413143643708,-3.392157970390528,-0.06968711044399634,0.0
0.0,0.0,0.0,0.0,0.3783736360671305,-0.15401192254670754,0.1441295045051631,0.0,0.7958986202975329,-0.4168159646297308,0.22083775584062396,0.0,1.1649758665224876,-0.5961484463594621,0.18613973392089675,0.0,1.4065840766072593,-0.7553477451207328,0.13294335204334748,0.0,0.7170023703546322,-2.6515663760684203,1.0113993403994395,0.0,1.2878564269959574,-3.8033120188465785,1.1398447873661466,0.0,1.768811859016177,-3.682494585510839,0.9444090453659099,0.0,1.986039630021937,-3.2277802784742895,0.7781574579100029,0.0,0.5648191932083794,-2.943746680733589,0.7024815028882967,0.0,0.8839840770098482,-3.328682791441474,0.5727692918805863,0.0,1.3277085339827368,-3.2172269225727437,0.4081060052473936,0.0,1.7782569561418906,-3.1455949023631096,0.3472979767134649,0.0,0.5168016465211337,-2.9802165285845628,0.3086078034720315,0.0,0.7797499039929371,-3.189526326469144,0.2311025124706807,0.0,1.3075472665515981,-3.1662421268145997,0.15166474557362866,0.0,1.7764695649015068,-3.086905322747206,0.11648529351286734,0.0,0.6298211393345137,-2.8246281417443533,-0.07738187881569362,0.0,1.1549349860336804,-3.7405893907533576,-0.06963623714788197,0.0,1.560216757282888,-3.523729765207521,-0.05673981170388701,0.0,1.8924294158170787,-3.251556206893424,-0.04038204861243613,0.0
0.0,0.0,0.0,0.0,0.3979141656322698,-0.1434981600803183,0.14590981191215066,0.0,0.7962600790950009,-0.3868741780855288,0.22766140243517521,0.0,1.173320442979361,-0.5933748822950047,0.20497739356798578,0.0,1.4333477146866933,-0.7738905488947027,0.1603316239486013,0.0,0.797979925231647,-2.682312010259425,1.1036222071484538,0.0,1.365594806627353,-3.816115266466,1.2414197897309336,0.0,1.7488210910624886,-3.5583115706234176,0.9911919461330337,0.0,1.9120253838504424,-3.112963818797503,0.8183922412317547,0.0,0.630720984218616,-3.0018542733391,0.7952243033123801,0.0,0.9388014731013062,-3.3506523950624443,0.6464955284886899,0.0,1.373661355038052,-3.2297302429695876,0.47726789950617354,0.0,1.8333848110570126,-3.1841444656033286,0.43226889256373785,0.0,0.5610262212868942,-3.0059676393657107,0.3878761051680485,0.0,0.793028820130032,-3.1660274710090115,0.2912782187404353,0.0,1.3039927468803352,-3.146957300895519,0.2154889592905386,0.0,1.7967968452590892,-3.121984706656482,0.1966734350798261,0.0,0.6423672779026423,-2.779418505200959,-0.003523712312598626,0.0,1.199452644288038,-3.7836181261078696,0.009205329367406546,0.0,1.6042696766001152,-3.568200183775516,0.020050206765433513,0.0,1.9520353670159167,-3.319158571132508,0.04339894054172561,0.0
0.0,0.0,0.0,0.0,0.3890878663638119,-0.11221221418040944,0.0592265943466484,0.0,0.8282768855352184,-0.3415867049714048,0.06990283889405889,0.0,1.2136457195268011,-0.5539291793263339,0.008209517583837424,0.0,1.4730435084020477,-0.7526734212226676,-0.051462097102818655,0.0,0.854996594074833,-2.8460301764459324,0.8027203253669739,0.0,1.4451584227224736,-3.93583237127188,0.790200458690246,0.0,1.9824834979195145,-3.77806480288379,0.5945999544246676,0.0,2.252628213085424,-3.322767798390387,0.47232824113940347,0.0,0.6211031971983264,-2.84670872049005,0.5453807028179835,0.0,0.9940419053320176,-3.2360725249938893,0.40996287206474286,0.0,1.527408718634749,-3.2595978955544678,0.27175578035094455,0.0,2.045838107985553,-3.233527025918516,0.21463424742558673,0.0,0.5841328397817775,-2.8704364679451495,0.2877900750304095,0.0,0.8783310750186436,-3.1157620260831846,0.19545912586955436,0.0,1.4232243533756797,-3.1488867979018846,0.12616851755087566,0.0,1.976819828318196,-3.177545431920178,0.10880704052877871,0.0,0.7603188106518997,-2.9034236600528858,0.017465009636038302,0.0,1.5105436230569889,-4.23291969118648,0.007418568932967839,0.0,1.894187715458213,-3.8288245659157574,0.006198169389118175,0.0,2.1903936770680716,-3.442515488400749,0.02957490005907518,0.0
0.0,0.0,0.0,0.0,0.3873865752928644,-0.1056222608916874,0.03077542021629339,0.0,0.8301081227576852,-0.3294639130692146,0.016572133000533413,0.0,1.2015548558732219,-0.5157695381025106,-0.06023465444698355,0.0,1.4421413270497563,-0.6796511885955236,-0.12735531901438085,0.0,0.9093210864769,-2.9040195431623297,0.6911997707023286,0.0,1.5122702779591113,-3.9854340978485068,0.6408128875661039,0.0,2.0247111679625887,-3.7768678067135246,0.4377937942318638,0.0,2.2932776267890023,-3.320381447990613,0.32160158991647053,0.0,0.6570950084038805,-2.8434011006053925,0.4643628524812821,0.0,1.0241091672444722,-3.207933270810825,0.3221234528718759,0.0,1.5378766132472823,-3.209184432505633,0.1790564363035745,0.0,2.0504953436729783,-3.1816677140988148,0.11303871925343235,0.0,0.6255596972165617,-2.8669644127397467,0.24319020696239818,0.0,0.9207310548323838,-3.1127951796150772,0.1437003418123139,0.0,1.4635858458779398,-3.1437611800390286,0.06340460790004085,0.0,2.025272994947508,-3.1774870727082605,0.03353386216561172,0.0,0.814134894958631,-2.9523263164077247,0.003174808565441202,0.0,1.5919427891231341,-4.303668405031486,-0.03571383578012542,0.0,1.9646219097015272,-3.8668082651801217,-0.048807324822811755,0.0,2.2727146277618586,-3.4783963540683356,-0.0324561833161298,0.0
0.0,0.0,0.0,0.0,0.4119244835788289,-0.1297485358604032,0.07335685739880725,0.0,0.8813472079008928,-0.361835118177072,0.07358838695420508,0.0,1.2815977117198774,-0.5416729019601514,-0.010993491265628397,0.0,1.5036049920529144,-0.6722095399242783,-0.08923187144342601,0.0,0.822016275886882,-2.6656599022001144,0.7529819760100548,0.0,1.494991237516514,-3.7202075894409967,0.7769202816634769,0.0,2.1081321156790995,-3.6391644018141016,0.6289238728857685,0.0,2.3282604134774365,-3.12142965697048,0.4982001308537243,0.0,0.6339820821231734,-2.6653691023123423,0.4986985536043344,0.0,1.1118293348917998,-3.174297838671912,0.4121698293288516,0.0,1.719727529506807,-3.2310766524903793,0.3067361884355784,0.0,2.169967102954309,-3.0593406330655184,0.2518849639820707,0.0,0.6452419108445699,-2.7122869579159996,0.24909182730169335,0.0,1.0275575015726564,-3.1143987049780533,0.2045515751403619,0.0,1.621168354977028,-3.1542270921997617,0.17106701699628957,0.0,2.1605169597251312,-3.089057695597919,0.1700446733270993,0.0,0.9174315540729476,-2.791200032010302,-0.0280480622472711,0.0,1.8120454425756636,-4.35553293229329,0.011934419088208954,0.0,2.2020552739480244,-3.918589161973314,0.05058904848220074,0.0,2.439525333788746,-3.4272349363374555,0.08698410680906565,0.0
0.0,0.0,0.0,0.0,0.4178944669726843,-0.10485185706896276,0.09754123166684739,0.0,0.9010984697066835,-0.3528104139005188,0.1324932531792432,0.0,1.3178574185121883,-0.5249450277359842,0.0736518351606927,0.0,1.515755899808107,-0.6153239684881434,0.009887313663163352,0.0,0.8413860039042638,-2.5952976961613548,0.7808487584870727,0.0,1.458736594199331,-3.5352418493443967,0.7862109678113113,0.0,2.110636458948247,-3.558655858028187,0.655322069890765,0.0,2.3786007529057764,-3.1118547507642758,0.5228562864422334,0.0,0.6639698020346677,-2.6377967346792093,0.5048431163888768,0.0,1.1145880520806732,-3.104538628097254,0.40451618787138477,0.0,1.703026461980118,-3.1372706595199973,0.26974177064699206,0.0,2.2089222131887634,-3.0246409203021445,0.19624571681743969,0.0,0.6638281860367093,-2.6617959745025277,0.2280601369960348,0.0,1.0789254944283972,-3.1211798214551267,0.1880811697881634,0.0,1.6799530646644776,-3.130884030652211,0.11646201771884235,0.0,2.198226966760395,-3.0266731192092835,0.07724492971726288,0.0,0.8889500420778984,-2.679401051818827,-0.06807415622761685,0.0,1.8130363588471479,-4.211594732491676,-0.05272071546681082,0.0,2.2188763083807523,-3.8212550132517085,-0.03553684617439105,0.0,2.4656496391624034,-3.337737946270415,-0.01836766677875475,0.0
0.0,0.0,0.0,0.0,0.39358745776864884,-0.08891639091104424,-0.03749826919754299,0.0,0.9250594505196067,-0.31812245031137126,-0.140726938194556,0.0,1.3335139821711612,-0.4470901779011392,-0.2705794396845733,0.0,1.5174767593386507,-0.5278212651965956,-0.34880918028514335,0.0,0.8736397192778959,-2.5817393946043383,0.15118747301193064,0.0,1.5398838992115653,-3.4435428629349025,-0.03091811686432463,0.0,2.2535006133281246,-3.4249021210054797,-0.22204118194614803,0.0,2.48419660066435,-2.9016386020008293,-0.3062118868087492,0.0,0.6345588258999153,-2.3923067414434205,0.04299519481860139,0.0,1.2032873868705791,-2.9471867835402987,-0.089296343175231,0.0,1.8626618247844078,-3.0021912872314003,-0.2309316808404402,0.0,2.3221022217084277,-2.8263161643088712,-0.31757259141166755,0.0,0.6570559089631399,-2.3823127879596444,-0.08512844341478275,0.0,1.2331892413191794,-3.0698128558203286,-0.1742428026306565,0.0,1.9030097959031447,-3.1256376738981997,-0.23832899613267697,0.0,2.44229537993864,-2.990331437662717,-0.2694795419576058,0.0,0.9438161883618613,-2.4709726430346737,-0.2734511199512447,0.0,2.3875592476262724,-4.834715281730516,-0.4818925668012197,0.0,2.7736017821019012,-4.22649827274235,-0.4084728027190721,0.0,2.8760001104834463,-3.499511403736276,-0.32747373428665544,0.0
0.0,0.0,0.0,0.0,0.42321938447940666,-0.11452252718184168,0.09507638739603984,0.0,0.9473628907047473,-0.3776607823454397,0.09768385107422871,0.0,1.3936932800218063,-0.5308506808899268,-0.00524231913808126,0.0,1.5575105113375707,-0.5620842164721819,-0.10064965606689719,0.0,0.850362636482472,-2.4758755088762365,0.5601693249008424,0.0,1.5058183849747737,-3.363368897046999,0.49122022119566267,0.0,2.2780120171780576,-3.49118712267949,0.3756252592004196,0.0,2.5584005914866017,-3.010080711472601,0.25927726835530734,0.0,0.6915916757131974,-2.5065067973086887,0.2791439591447007,0.0,1.240237836351298,-3.0277334916400194,0.18588499399093475,0.0,1.8657999974291954,-3.048269934884102,0.06975269180947899,0.0,2.3232296790885543,-2.874821872819516,-0.0037993886540830927,0.0,0.6977358895795523,-2.4897633582169623,-0.011540718981977212,0.0,1.2561574234793123,-3.1168911286350407,-0.040129356752445,0.0,1.9109625635485372,-3.1187283581584824,-0.08968543256149472,0.0,2.39083088951337,-2.917357423304281,-0.12224489162638694,0.0,0.8955747711385279,-2.3865706027256373,-0.32987427893041277,0.0,2.0331234706382757,-4.16409748795618,-0.4236735676542212,0.0,2.468314650032417,-3.787557356677098,-0.3478510693400647,0.0,2.6620272101298266,-3.243768792614794,-0.29153895975556493,0.0
0.0,0.0,0.0,0.0,0.28073341535313817,-0.02341982061897163,0.074444482969376,0.0,0.664433441286314,-0.3117310713190258,0.11676063305969143,0.0,0.9725004252135829,-0.4353433424328566,0.09123097871697744,0.0,1.2548485561817304,-0.6036946916442674,0.07032202411168668,0.0,0.6523011332304284,-2.579785723666191,0.21045448989034823,0.0,1.3159683834615208,-3.3692081465088073,-0.029227097730088622,0.0,1.7757781804004173,-2.996732561249643,-0.16799865585537696,0.0,1.9925725081799572,-2.487966257825716,-0.20469467879693443,0.0,0.4657471616209074,-2.5312369781021173,-0.028199248193280083,0.0,1.0911524058955975,-3.012507240435508,-0.20426936622229588,0.0,1.683785645054632,-2.7829113897405895,-0.3136373364378654,0.0,2.0191015121628295,-2.367590802239138,-0.3487979041856357,0.0,0.45301472752637484,-2.469475294207629,-0.26864482675339263,0.0,1.0781475680852073,-3.1122699005685277,-0.38551333968137597,0.0,1.7146135833297704,-2.903440753443198,-0.4617620071124435,0.0,2.021933252974633,-2.4254980900299206,-0.46043012055242466,0.0,0.5910981914286779,-2.2911755828572766,-0.5231654868592437,0.0,1.5055375274791263,-3.9285639263757637,-0.8037782422949521,0.0,1.9989537077788129,-3.6277679157001463,-0.7662832631783977,0.0,2.2650197489589776,-3.162999460560674,-0.6988367240987235,0.0
0.0,0.0,0.0,0.0,0.4386412336362201,-0.14818828090549208,0.07145565901397874,0.0,1.020725812907813,-0.43350291032467964,0.034637051767159185,0.0,1.4493781793777456,-0.5025838865628663,-0.10021850300430965,0.0,1.5978201386079096,-0.5211282675587119,-0.20420693003766208,0.0,0.7202876837389084,-2.2611703428804155,0.3401438671495422,0.0,1.5249423126164257,-3.219003880365767,0.2279072879487415,0.0,2.4218313484924847,-3.4543716905524717,0.056898074990582144,0.0,2.629360067452347,-2.876105893598877,-0.0740765392870279,0.0,0.6155842785695178,-2.290341347858099,0.102784671779959,0.0,1.321417354437631,-2.951303704176918,-0.019577932552435284,0.0,2.054626284160916,-3.018077271601059,-0.18118133517018065,0.0,2.4893131604020238,-2.7110248723289807,-0.2905860900893543,0.0,0.7013124010010933,-2.3487196286898695,-0.15968506852565384,0.0,1.3985531727814573,-3.0910625189039247,-0.21730072252037774,0.0,2.1313541376728664,-3.120684454083511,-0.27755461893980066,0.0,2.576524981928315,-2.8006060407401456,-0.3119056456557563,0.0,0.9884269887989776,-2.2863696220598273,-0.48838837852892764,0.0,2.502909818905616,-4.490819182805759,-0.7250919765836519,0.0,2.8806918111068387,-3.972051022550498,-0.5821007652844508,0.0,2.9572820704006104,-3.2982485139390714,-0.4810663780921524,0.0
0.0,0.0,0.0,0.0,0.4450277220459314,-0.14372575612571817,0.07291262665820486,0.0,1.0235155604575186,-0.42305526288802014,0.0295154883641663,0.0,1.4573686091047249,-0.5186800723315419,-0.11476950014934253,0.0,1.576278537954757,-0.5120600344936088,-0.21982975841162017,0.0,0.735365323951196,-2.2817014409353944,0.3824757760831499,0.0,1.4664221585385744,-3.191237279939155,0.26676090973762795,0.0,2.3352498907188486,-3.416449762506955,0.09992172513260109,0.0,2.5958744151895976,-2.8779117022563208,-0.032011384526638605,0.0,0.622044189786552,-2.3041688080166316,0.14178149632137266,0.0,1.2943618794533551,-2.96354799552647,0.02881256334177006,0.0,1.9965974514459133,-3.011848111623442,-0.12207474864743209,0.0,2.4191934027598836,-2.717913384320112,-0.22494830590831025,0.0,0.6824527400301966,-2.3368229412487445,-0.12087134570704205,0.0,1.3664220213916225,-3.102855242234761,-0.1643286519369532,0.0,2.0810207195453723,-3.125010965625313,-0.2192770789253347,0.0,2.5346168750442453,-2.8345656823613483,-0.25927421685047536,0.0,0.9559985469454381,-2.2823837793602326,-0.44442450637875036,0.0,2.557294712844182,-4.649799460919641,-0.6530569814498663,0.0,2.9924110726598085,-4.155109055733551,-0.5142638256150078,0.0,3.0580772179045455,-3.4226827011146024,-0.41786191115420146,0.0
0.0,0.0,0.0,0.0,0.5627250861423571,-0.2731120528286785,0.07940082950369448,0.0,1.933249308731064,-1.4284275638170156,0.09327824607570133,0.0,4.6535690072121625,-3.645191914096732,-0.1107585442799181,0.0,4.050463648789599,-2.944369575277451,-0.289902554625711,0.0,0.7120862118301646,-1.777867062517574,-0.04257458068950987,0.0,2.3922185083306045,-2.6578128903268956,-0.3968783277077676,0.0,2.9722412016457267,-2.0494353694375667,-0.6340314702609746,0.0,2.485729811964693,-1.1287129459466154,-0.5737768459751167,0.0,0.6643533597405629,-1.7713519336290087,-0.1918051989014165,0.0,2.8705222299681235,-2.996138234416203,-0.7294656477083219,0.0,3.190904956177197,-1.938840395309302,-0.7855640201254618,0.0,2.432980041425135,-0.9089970858319051,-0.5881563556396038,0.0,0.7298757803851701,-1.7361492143864083,-0.40475161475623633,0.0,4.6882984725875705,-4.3372137460820355,-1.6987182045391884,0.0,3.480200827926688,-1.7804672030796769,-1.0302859281111054,0.0,2.3533564063223293,-0.6607735255841058,-0.6174612863583622,0.0,0.7671400227030224,-1.3124337265799775,-0.6241500787934361,0.0,3.9176180685596544,-3.093982838998004,-1.869706096198734,0.0,3.677243595720717,-1.8203284012053704,-1.3381244613701813,0.0,2.5891060659681955,-0.8131489152960358,-0.7926205979204423,0.0
0.0,0.0,0.0,0.0,0.43595856838111413,-0.10355487859693113,0.06809815958168769,0.0,1.0359466301773792,-0.3581737117363408,0.022055975694723628,0.0,1.4683603369282436,-0.41840149353379047,-0.12006924163556812,0.0,1.5684717815025173,-0.4043275073889115,-0.2192238390630186,0.0,0.8224348839622679,-2.270306352780838,0.37254541308531935,0.0,1.5511487011058975,-3.0751770732508232,0.2527641344259813,0.0,2.4878066546125535,-3.3470358681060057,0.090689540625536,0.0,2.7270235888055665,-2.788889705647874,-0.0479127603133103,0.0,0.6735057785188816,-2.262974350652513,0.126079267590179,0.0,1.3585105196204574,-2.8587513546111185,0.003837593720821922,0.0,2.1488357156550144,-2.968920684800449,-0.15847225480102822,0.0,2.603568302398771,-2.6405526700500515,-0.27046965684038043,0.0,0.7043684460157834,-2.272550536506752,-0.13400888318307588,0.0,1.4049107333607251,-2.9587209503127863,-0.19769744030317218,0.0,2.238608543597857,-3.0915043118895196,-0.27080884523776966,0.0,2.7280514908216564,-2.760472495671272,-0.3097243140613362,0.0,0.9589790635950002,-2.246011373883016,-0.45744589233670746,0.0,2.389440850458788,-4.144034431702186,-0.6576759618910374,0.0,3.0917779693528202,-4.022617074854343,-0.5925894279195554,0.0,3.271766445967967,-3.357973627220983,-0.505557245235265,0.0
0.0,0.0,0.0,0.0,0.5955353429745684,-0.24316460616377658,0.13268654220657516,0.0,2.0230155675895,-1.408268085152728,0.26965991782480647,0.0,4.3952560677373524,-3.246562666387744,0.2619914884426602,0.0,3.645653788892114,-2.4355396571702306,0.029100631457449008,0.0,0.7871474646972723,-1.761888205875594,0.02843938335726599,0.0,2.326699109476593,-2.444461986267984,-0.18215641085035614,0.0,3.002679993872856,-1.9801794242094775,-0.38901118915682026,0.0,2.64007943949612,-1.1639697881265059,-0.40411239719193953,0.0,0.7104025928081825,-1.7324652872384905,-0.12784558465905949,0.0,3.1674504636972514,-2.9639155637857026,-0.5096864794492101,0.0,3.294014096577545,-1.8121251646242866,-0.5505628446210772,0.0,2.539206176350548,-0.860965216652052,-0.4461874324653147,0.0,0.7647552172376249,-1.6750290255919562,-0.33016853305117455,0.0,5.228593982873283,-4.341201009534003,-1.4556387537283937,0.0,3.521379814297672,-1.6287425051899511,-0.8475254651008163,0.0,2.4129325505173282,-0.6078606880241444,-0.5422044716069984,0.0,0.7977320488718426,-1.272904357717471,-0.5381544293748529,0.0,3.8412021515803114,-2.719976744842042,-1.527960945410142,0.0,3.3846748919066654,-1.4371364389298715,-1.0640640355237991,0.0,2.4069608408971277,-0.5783880676128017,-0.6527772819532015,0.0
0.0,0.0,0.0,0.0,0.44552751370665855,-0.1153099151728684,0.0807868435459495,0.0,1.0324852856831732,-0.3679467768308592,0.05245416231030296,0.0,1.4600663120538406,-0.42888126373554797,-0.07820812186958362,0.0,1.6160579550489536,-0.46532954383179176,-0.1824217001334361,0.0,0.7855301384194314,-2.2349583050800814,0.38211078548951977,0.0,1.5674745119849807,-3.1068944561732073,0.2728216296925371,0.0,2.5010957111819163,-3.353541117618221,0.10761391232341608,0.0,2.7220835709973676,-2.768990469207928,-0.030957017430330764,0.0,0.6712651863139025,-2.2655187258898444,0.1340638169425955,0.0,1.385611697446809,-2.8877049713610297,0.01065639266455385,0.0,2.16530643800421,-2.964750032723533,-0.15391767337545978,0.0,2.5745574297090696,-2.6114846614766747,-0.2638266965069617,0.0,0.7388787333687015,-2.314245206516562,-0.13563511358703279,0.0,1.4414520861243996,-2.994826523487744,-0.20219088200273155,0.0,2.2474321594519155,-3.0655974129157784,-0.27402471889774643,0.0,2.697461711567633,-2.7150214496775464,-0.3125997902774553,0.0,1.029047661648154,-2.2909271311842367,-0.4747893196844234,0.0,2.436988036998033,-4.161111429144469,-0.6691711581889598,0.0,3.025222295012074,-3.910468616721992,-0.5793326009733581,0.0,3.190246151298424,-3.282535913129369,-0.4940924993137712,0.0
0.0,0.0,0.0,0.0,0.6242266368647471,-0.18411073612764547,0.1392364366734482,0.0,2.039575211678973,-1.1143379676289593,0.26505228803725717,0.0,4.598818437428735,-2.5381382884338164,0.23959330805715087,0.0,3.6654692442961028,-1.7374051809904303,0.0010917529267557037,0.0,0.8040071408770377,-1.6760233200266672,0.06302090361789703,0.0,2.462509984763833,-2.4229724381793534,-0.12692961581913972,0.0,3.2319339063793846,-1.962929424969871,-0.3635730326242378,0.0,2.7112321293486845,-1.0515967014930887,-0.3870645613429953,0.0,0.7540259698080837,-1.6703062185247386,-0.09931895218678269,0.0,3.0737985932920653,-2.782952186692248,-0.45224825507394567,0.0,3.4507552595633904,-1.8185271664864404,-0.5664312544429461,0.0,2.6169390661051524,-0.817246543853701,-0.46667238865263294,0.0,0.8504867599754204,-1.6555404692500126,-0.3112478546547562,0.0,4.750413167159282,-3.8264969214319415,-1.2807041867174227,0.0,3.7267646127549154,-1.6511324449645848,-0.8973650790443429,0.0,2.5224859764789564,-0.5896188143711625,-0.5790686674424805,0.0,0.9695297538957722,-1.3498053184376158,-0.563545880116175,0.0,4.267240966927978,-2.8574567164144775,-1.6166194647865644,0.0,3.6740272346783756,-1.4645297966721862,-1.1285168422069205,0.0,2.5328361754978705,-0.5479927332542953,-0.6868020760602376,0.0
0.0,0.0,0.0,0.0,0.4695000979026362,-0.15260375487586725,0.12691107056616605,0.0,1.0737050087879696,-0.4485173616583557,0.1333943827601415,0.0,1.5119277404893758,-0.514686295961027,0.002873202495791876,0.0,1.639561313723264,-0.5058339685064386,-0.11310898408676046,0.0,0.7419031042700196,-2.21660418817309,0.4353082390230629,0.0,1.5039780107728553,-3.029419839849949,0.3537010297534838,0.0,2.4377288208181747,-3.3112511539793426,0.21785126685385475,0.0,2.6641750252038228,-2.7571159252289603,0.0657655584607052,0.0,0.6369544931102348,-2.2740396954631628,0.14613651830998595,0.0,1.3958515657983697,-2.917192605498879,0.03608212181974274,0.0,2.181309192292635,-2.984904424030948,-0.12945058102936316,0.0,2.561227645256018,-2.599200957991259,-0.2474160308373199,0.0,0.6887863731337377,-2.2845119880695024,-0.16433016454329985,0.0,1.4625382481587592,-3.0390259022268435,-0.2189171596606436,0.0,2.313731963142227,-3.127533785449995,-0.29107396773669875,0.0,2.712488670813741,-2.6903168801853576,-0.33009989346764845,0.0,0.9105537645757689,-2.11492216373492,-0.5172979027516014,0.0,2.3191877525660898,-3.9995791359356834,-0.7458634503627715,0.0,2.959414537252283,-3.835396298624159,-0.6642350573009695,0.0,3.057847613530967,-3.163413455203089,-0.568083224416663,0.0
0.0,0.0,0.0,0.0,0.5971859661957956,-0.17791208427138192,0.14164422909821905,0.0,2.0808685551777635,-1.0560504575634706,0.28010032039906224,0.0,4.675480813391192,-2.2430485309131925,0.27077745505836553,0.0,3.5210964947823453,-1.4006319261451798,0.036217101785341654,0.0,0.8360120438455182,-1.6820252886344216,0.09617496684572924,0.0,2.4870253257106194,-2.3723772218915444,-0.03675078897790992,0.0,3.2967819868296555,-1.9483789954883735,-0.2531082425973523,0.0,2.8123640293345002,-1.0720440419236832,-0.30431180556120224,0.0,0.7954631090566987,-1.681969063456242,-0.059302345441469916,0.0,3.1320873385015986,-2.724343602734862,-0.31038282925721467,0.0,3.5177685892089667,-1.816398634033011,-0.4350534217420058,0.0,2.703732262730831,-0.8358623034270086,-0.38603784319575757,0.0,0.8929444927920791,-1.6768161197098315,-0.25767709078846013,0.0,5.191418469594821,-4.01794575801869,-1.0805479058702743,0.0,3.8870319601673318,-1.7071294883602708,-0.75069328888183,0.0,2.6059671262348383,-0.6143364104476513,-0.493995453087568,0.0,1.0082398118601663,-1.3864321208988664,-0.5009979276518705,0.0,4.6244183818766,-3.095362210295457,-1.4533328578042894,0.0,4.152038850605038,-1.72115302353552,-1.0566656506161936,0.0,2.762214344309088,-0.6604731479395833,-0.623866642766537,0.0
0.0,0.0,0.0,0.0,0.4866431572467872,-0.16353120365392762,0.15727894583831165,0.0,1.107886423686469,-0.46130381602357784,0.1783371889441132,0.0,1.5479743945808735,-0.5243016486520777,0.041481929018097996,0.0,1.6488732180179,-0.4896253513967438,-0.08578364412081686,0.0,0.811052324433884,-2.260101346170698,0.48643568060830655,0.0,1.4468054538297526,-2.886784424223703,0.38424151382717514,0.0,2.348138938636075,-3.1725028853905437,0.2786373690618094,0.0,2.6798042194094656,-2.7586829924697427,0.14120918909211966,0.0,0.7100533313994614,-2.3317144588305356,0.16499889468100684,0.0,1.4197548507363669,-2.883599737028321,0.06639416418054107,0.0,2.199633316032047,-2.9454107148860285,-0.08523992922282919,0.0,2.6320165903772126,-2.625239658786113,-0.20612018906932064,0.0,0.7269855760288351,-2.277445851757789,-0.17784559437972028,0.0,1.5296569671874376,-3.0869929119996504,-0.20701642010640367,0.0,2.4031872139835295,-3.176022127846204,-0.26678622690255016,0.0,2.8083642187243867,-2.7476533164736314,-0.3109228969407209,0.0,0.888920088867892,-2.013023380012973,-0.533305175103569,0.0,2.2790547444225076,-3.878200306060543,-0.7445990499612305,0.0,3.050270246537005,-3.896368347860989,-0.6809958617956501,0.0,3.1937193161549056,-3.263794312010609,-0.592872527478825,0.0
0.0,0.0,0.0,0.0,0.6070245292861468,-0.18141083933041355,0.10776516829947826,0.0,2.159105014624917,-1.1491662703843097,0.20006085306999813,0.0,4.703114451742327,-2.4482766608122306,0.12061042995087236,0.0,3.4067746334316107,-1.4853175861901067,-0.05041059064355694,0.0,0.8495605613975932,-1.7929823398921858,0.10373975753222628,0.0,2.4536773787069173,-2.581057703441837,-0.04589358235445665,0.0,3.260393966203796,-2.201637531184347,-0.2883748686384933,0.0,2.7870906233139916,-1.2746824285095142,-0.3471394041169473,0.0,0.8024077258519345,-1.791991690184215,-0.04796183123766856,0.0,2.930635166811605,-2.894396383317633,-0.30688566427430725,0.0,3.4966702569603565,-2.1512662395688906,-0.4686259237558369,0.0,2.7256114739901904,-1.078436905150673,-0.4169053619544263,0.0,0.8880131405174357,-1.7903238953150113,-0.2445944355332209,0.0,4.709933961870691,-4.204093229251996,-0.9923600308864602,0.0,4.029096932638028,-2.1739724770802282,-0.7738634453320814,0.0,2.715162207825723,-0.8936229308389751,-0.5007787570751095,0.0,0.9964618284084253,-1.480435010096088,-0.48875913889168243,0.0,4.603924757962709,-3.533802985852715,-1.4752434922067357,0.0,4.273969375681652,-2.111990843096636,-1.1093757576178171,0.0,2.8009966805487343,-0.8622288561013666,-0.6404572445538269,0.0
0.0,0.0,0.0,0.0,0.4548879777255147,-0.12664917800969447,0.12290212935928384,0.0,1.030920852888026,-0.4009742039700158,0.1335021052084364,0.0,1.4950742630060476,-0.5062932739244418,0.01560687407606257,0.0,1.7171031975757283,-0.5925644388209647,-0.1003698069116755,0.0,0.8104249204818306,-2.2615754426992964,0.43303029987271785,0.0,1.6189570680116867,-3.1272707606895556,0.34767691132098966,0.0,2.555671850937031,-3.357677372328009,0.2083217685158141,0.0,2.716809517398195,-2.7283347433159535,0.06454173858179199,0.0,0.6872936931749775,-2.305266448246849,0.14297158268352722,0.0,1.4262125344258179,-2.9215864878098583,0.03226671680564938,0.0,2.226625076915204,-3.0027006558560534,-0.1190035276555899,0.0,2.613560462607876,-2.6222354628379385,-0.2229294233650141,0.0,0.7330926472082515,-2.315596457882182,-0.16143039069749401,0.0,1.4508830236161572,-3.000788812925799,-0.20954852360276227,0.0,2.275385900851961,-3.079991024086148,-0.27193358724013494,0.0,2.693462061213708,-2.693424752464721,-0.30608066327889016,0.0,0.9628641119759673,-2.1844580937569185,-0.5087495303038762,0.0,2.34237532417663,-3.9654996184110405,-0.711752191123065,0.0,2.879127695262687,-3.662326193385746,-0.6142426423715116,0.0,2.9366010662911384,-2.9810633212641133,-0.5160924728026027,0.0
0.0,0.0,0.0,0.0,0.5923219537323511,-0.18181784229769596,0.10070772380621015,0.0,2.229603760009475,-1.174069791622258,0.18784116372045698,0.0,4.866099744999005,-2.4177495045545156,0.08991886906498357,0.0,3.3014748111663845,-1.3195818382275353,-0.068721983998179,0.0,0.9143013852862469,-1.821599491704463,0.1197806763948076,0.0,2.5109639978813156,-2.568487287389116,-0.0037452692304625903,0.0,3.310936539765242,-2.2143381155333137,-0.24331813444604208,0.0,2.847295319247163,-1.2901260921962916,-0.3172807177294202,0.0,0.8756908418349166,-1.8278026944119363,-0.02764815639541485,0.0,3.155856145366186,-2.9874994903748435,-0.2436650563073552,0.0,3.6345828227891026,-2.198671031481718,-0.4094413686843698,0.0,2.8051852137480915,-1.1031246491514966,-0.38289616423512873,0.0,0.9806023555301409,-1.8395165736096588,-0.22137537054733783,0.0,5.378579604481043,-4.597535447568243,-0.9562631251124737,0.0,4.284754038151624,-2.2976924959798812,-0.721673795773702,0.0,2.833497542329543,-0.9446462993294154,-0.4687511756562741,0.0,1.0917555725327444,-1.5204586183274713,-0.46498511096099643,0.0,4.969109229785082,-3.8233766815105326,-1.4014889851981636,0.0,4.982754528136808,-2.5853336996529426,-1.134184402028669,0.0,3.1206243683849055,-1.0597296086651056,-0.6225104035629944,0.0
0.0,0.0,0.0,0.0,0.456660013300013,-0.12899266485514715,0.10704815707799674,0.0,1.0634786560138556,-0.3857437965666321,0.07491803351539901,0.0,1.4858285439327743,-0.4384595799594644,-0.07916526448875692,0.0,1.605812937432183,-0.43759248934727724,-0.19928393175069373,0.0,0.9312947238524149,-2.3610147451242716,0.4095868584449235,0.0,1.474843156489185,-2.932720597656876,0.25119191280888925,0.0,2.3340431929835934,-3.153680778888856,0.1080116124246355,0.0,2.656872366984708,-2.718379082150871,-0.014864767125217842,0.0,0.773341261721474,-2.3649683942912754,0.10627687845030613,0.0,1.3770979917328086,-2.84155818650629,-0.0009897166478977906,0.0,2.1345079929246675,-2.9070302885962116,-0.1368160787582405,0.0,2.5636859076836243,-2.602376242442468,-0.23693782312400982,0.0,0.7411085494147694,-2.270785061522717,-0.20670245121585146,0.0,1.4863266899821688,-3.046872909636971,-0.24222695507963182,0.0,2.346687470900472,-3.159504036290162,-0.28497686620246904,0.0,2.7805428519690474,-2.7779519023318904,-0.3116018058349674,0.0,0.8722616290695913,-2.0289173077009943,-0.5358992804394143,0.0,2.3643182025273117,-4.058748200336446,-0.7902807707720096,0.0,3.2342318781800947,-4.131204195438942,-0.720492583473093,0.0,3.359927172129208,-3.4230843859226967,-0.602233002888743,0.0
0.0,0.0,0.0,0.0,0.6308682943574704,-0.24579693731034405,0.11460482251528994,0.0,2.337363546741043,-1.3806124344860626,0.24347213408499227,0.0,6.2756948403621955,-3.617118920291854,0.24413983391667546,0.0,4.088307875082063,-2.043232738929775,-0.004064178200926298,0.0,0.9074124111294973,-1.827846154960741,0.14096576154193335,0.0,2.5846264152837333,-2.617845155874507,0.04807006018554339,0.0,3.2395322566170472,-2.146785359407684,-0.15952344897566903,0.0,2.7892892500417594,-1.2818073515166888,-0.2361579804224699,0.0,0.8965632983496713,-1.8471001915061414,-0.005034410117448085,0.0,3.2856869174874612,-3.0910916920698215,-0.16708712644785115,0.0,3.5885493237330888,-2.1706996773407172,-0.30015465169168176,0.0,2.7696336147987477,-1.1184140570936245,-0.299854090348478,0.0,1.0201364712332919,-1.8590441754279605,-0.1973563426636228,0.0,6.2192346343553035,-5.121814282846722,-0.934509692192909,0.0,4.150178429373452,-2.140345344996028,-0.5882038100961324,0.0,2.7661810596095275,-0.8975120028252278,-0.39278633707937005,0.0,1.124585551922464,-1.5106596379632569,-0.4324518695028435,0.0,4.974236130711375,-3.6195173220270753,-1.2587128671115186,0.0,4.557853662425145,-2.23793041995598,-0.920893961313863,0.0,3.0237099555955274,-0.9921871916870788,-0.5341005923927445,0.0
0.0,0.0,0.0,0.0,0.42295235428396166,-0.11665141651278808,0.06912412504722076,0.0,1.0052688333142152,-0.40232291451726854,0.045746419369648114,0.0,1.4508938933232152,-0.5141906253950804,-0.07453774354742516,0.0,1.6860990736134283,-0.6365774704684214,-0.18008691011695177,0.0,0.9242478408048814,-2.49622618840027,0.39762348486187116,0.0,1.5763094482620983,-3.244867616809981,0.23365601394710772,0.0,2.4384640588484623,-3.402148472353522,0.051922670959688756,0.0,2.676223698758114,-2.8275590246249704,-0.06873807225882363,0.0,0.7288035899324243,-2.4441652050598033,0.13731277017102533,0.0,1.3239977389309803,-2.9546143824398468,0.0071364431025857595,0.0,2.050619951038663,-2.999516997236941,-0.14674615968210267,0.0,2.491327149478066,-2.7039372046768904,-0.2451832199402691,0.0,0.7113108086871681,-2.3934981822551276,-0.12799480365775667,0.0,1.3975339662325432,-3.1239402652898427,-0.19494276119026518,0.0,2.1730921993832695,-3.1624861788732024,-0.2570850946413696,0.0,2.637458832842641,-2.8177642575256496,-0.2851199322605506,0.0,0.8833299077889424,-2.279535521290486,-0.42931096069582836,0.0,2.2214653559535313,-4.220794835129419,-0.6322205831784127,0.0,2.8292276189935177,-3.9879077139419485,-0.5458242949900124,0.0,3.0388302083795775,-3.3843633528729846,-0.45369866586334134,0.0
0.0,0.0,0.0,0.0,0.6533445091631489,-0.28533488332370266,0.09907392991278725,0.0,2.430559011502394,-1.479146886134063,0.19748066325419975,0.0,7.001356636227617,-4.233616647180506,0.12687835638210168,0.0,4.226323611901753,-2.27801160192335,-0.08781208602413765,0.0,0.9392384601742736,-1.8606149270787695,0.14216778444634334,0.0,2.5787696247910774,-2.654116738687962,0.025808692783249633,0.0,3.3113948817901933,-2.241503245938641,-0.20766865081680447,0.0,2.8505101984400496,-1.3356590769801944,-0.28434589892473316,0.0,0.9341792057002956,-1.8892942548248395,-0.0013602669820003347,0.0,3.4032294205470763,-3.2051817097475737,-0.19981485577153235,0.0,3.6302246549368773,-2.1966755310476285,-0.3552372173997954,0.0,2.755696476853299,-1.1125339027050878,-0.3408305010535946,0.0,1.0729336637659936,-1.9218056366610756,-0.19628623444986548,0.0,6.428606945688965,-5.352551528512218,-1.0064652532418619,0.0,4.099392742492907,-2.159113857583952,-0.6316739296304202,0.0,2.7240521205335533,-0.9056270579863221,-0.421943549467193,0.0,1.1801775046382226,-1.5729099309460375,-0.43874701604090105,0.0,5.112951930249705,-3.7929493252459,-1.314146236560075,0.0,4.678282106469337,-2.3823255837147697,-0.9877461716717494,0.0,3.0409945481542002,-1.031974160851382,-0.5672470995215104,0.0
0.0,0.0,0.0,0.0,0.41951404409537574,-0.13488937052951466,0.07728339379952162,0.0,1.0186049758487343,-0.4133726388660673,0.03188399792815727,0.0,1.4457963856653204,-0.48675246294960206,-0.11774176399239458,0.0,1.600867513456889,-0.5328286454791913,-0.23259853591647134,0.0,0.8529633761429732,-2.398034274849307,0.42652822288024916,0.0,1.5665870790234304,-3.2723161574035418,0.3071646980227863,0.0,2.437927729512978,-3.465387273052648,0.13207777376789825,0.0,2.655597892850303,-2.8664739328680686,-0.009303625971834139,0.0,0.6907915274336168,-2.4072433679309873,0.15414799224216952,0.0,1.3246026010624279,-2.989890424890749,0.046361978919341525,0.0,2.0458733278793373,-3.0368756774376804,-0.09884842950510236,0.0,2.4563625810193312,-2.7045787169856914,-0.20135940817560796,0.0,0.6714269957650547,-2.372317879575171,-0.1300960331246221,0.0,1.3580632296039288,-3.0862800866930806,-0.16777783054122908,0.0,2.14039632234818,-3.17069155567132,-0.2148405156526019,0.0,2.61590726333011,-2.8641395905843754,-0.2535404258061966,0.0,0.8314670511982112,-2.2630012153057293,-0.45080014017757364,0.0,2.2184410435822106,-4.206995516251052,-0.6307784059607362,0.0,2.9135030840207485,-4.068780969305577,-0.5363982148557611,0.0,3.0884387025377618,-3.425184003251046,-0.4458455990484242,0.0
0.0,0.0,0.0,0.0,0.541121693480544,-0.2424480918123063,0.095300182507195,0.0,1.932837097378428,-1.3801205457595758,0.21584714621205486,0.0,6.522822033315729,-4.858823477800838,0.34000604680618907,0.0,4.887945923976099,-3.3826556888787755,0.0784694835931259,0.0,0.8480277120040344,-1.9765979831841194,0.1587394448722664,0.0,2.4057111787486054,-2.8935635692257953,0.05814706998083004,0.0,2.889688271765358,-2.383012634755791,-0.15478261120388512,0.0,2.591482260867295,-1.5747248017028905,-0.23397616568650578,0.0,0.82548200339966,-1.9841459016017118,0.017857722061629226,0.0,3.242805535535531,-3.632392869055382,-0.15272454574883185,0.0,3.4756820541414646,-2.6021655843095703,-0.3062892871508286,0.0,2.6864805116621797,-1.4241053622020128,-0.3047003216860423,0.0,0.9540869817552178,-1.9931301285113396,-0.16634733729138587,0.0,6.953233425662897,-6.625895317589504,-1.0178392926251068,0.0,3.9472595686635263,-2.5079058915817916,-0.5476620981905473,0.0,2.7022627304488105,-1.206246615583532,-0.36607504783960104,0.0,1.0371693420602357,-1.5533704063960005,-0.37902419424556005,0.0,5.13344308666845,-4.0298902796416245,-1.1652241939564276,0.0,4.226522729479557,-2.427042448023344,-0.735292651760314,0.0,2.9622767353602195,-1.305260519130252,-0.4340883048303492,0.0
0.0,0.0,0.0,0.0,0.3932783409409997,-0.12437594945764899,0.03895638838658898,0.0,1.0399506369756322,-0.46596740421247607,-0.015407889557397006,0.0,1.4458834518606478,-0.5377005922796836,-0.1375796334303118,0.0,1.5522301195077988,-0.5434873095136101,-0.2173398240238407,0.0,1.1283950426122895,-2.9637305288739544,0.3573770680321968,0.0,1.477566782483276,-3.3868513180603195,0.1397755343158791,0.0,2.1020705057860822,-3.3845335647887644,-0.06452497032263318,0.0,2.4079550919759716,-2.9346091035252626,-0.19122295929056307,0.0,0.8008809719433552,-2.7356672796092085,0.08791072190327713,0.0,1.3242087073716209,-3.2279166607368484,-0.041325641854383435,0.0,1.9467844573565076,-3.236340920699329,-0.20528747641319678,0.0,2.384087956865123,-2.9359384072155166,-0.32703030573098246,0.0,0.662435301893662,-2.531288932309258,-0.166354102156739,0.0,1.3687444408131741,-3.4143878987867864,-0.2309533914488222,0.0,2.0479899229439957,-3.4342849925439674,-0.27751232177888857,0.0,2.48066138503836,-3.0842464922083965,-0.31583851540716934,0.0,0.6929152748116543,-2.299069723905836,-0.4297690467600176,0.0,2.0000105471624656,-4.451292041165254,-0.6804264601666997,0.0,2.754710006980348,-4.518214980105672,-0.6226598876439101,0.0,2.927964831316532,-3.771930439576261,-0.5174476381627985,0.0
0.0,0.0,0.0,0.0,0.5338461067998298,-0.21763969759849924,0.08354818758327587,0.0,2.0173600225352475,-1.3433385413548602,0.20638796945957688,0.0,8.947780478042135,-6.5198313502328995,0.4633852055148095,0.0,5.62212175250385,-3.954517299134389,0.11863975656204832,0.0,1.0200822320190042,-2.031021932588693,0.20822647555004808,0.0,2.719771022815892,-2.9924388530977577,0.1613884959766004,0.0,3.195677915417948,-2.4427036817667727,-0.0650564939723735,0.0,2.77185210738108,-1.5730767527497709,-0.165352549658514,0.0,1.020991009028015,-2.054147092967247,0.07492927648492045,0.0,3.6923048841579615,-3.7424272085480266,0.015080354674016761,0.0,3.6390127069225304,-2.5335930584634196,-0.16818423332206373,0.0,2.776447736156045,-1.3983806398582308,-0.21398813198232236,0.0,1.1831632532276473,-2.0896531184349874,-0.09578811673864453,0.0,7.620085197765587,-6.716996229714264,-0.6405360620367203,0.0,4.125344091760449,-2.491070344127496,-0.37786483935202775,0.0,2.834837210747757,-1.2272906289377086,-0.275429378799795,0.0,1.319503253983513,-1.714369634907733,-0.31228642786232796,0.0,6.933392229274163,-5.164183233753378,-1.0927795595365337,0.0,4.67816842147286,-2.581227678986211,-0.5681425090519134,0.0,3.148399907736483,-1.3228804243969285,-0.3196623109906877,0.0
0.0,0.0,0.0,0.0,0.41339270982481574,-0.12090355159732254,0.050530651142497,0.0,1.0634606492774987,-0.4507042207745555,0.001919403990518191,0.0,1.4717413634302732,-0.5256933365156085,-0.12724226751926365,0.0,1.5544762479355472,-0.5127117117724215,-0.21332468876104138,0.0,1.1786315693600826,-2.895443411923989,0.434492248985451,0.0,1.5917417129452418,-3.443585411537845,0.2397688243428348,0.0,2.2217923292972075,-3.420667086566995,0.047295264907471705,0.0,2.507084092167339,-2.9443229425854405,-0.07475587237854711,0.0,0.8504937010049329,-2.717950435241713,0.1432295241179469,0.0,1.338454738710696,-3.1686983738309986,0.029569898722737,0.0,1.9637804160215984,-3.185820619712852,-0.11365071983750563,0.0,2.4132735881650595,-2.923691387442515,-0.21808442738147774,0.0,0.7163038509542133,-2.537243519002608,-0.1319702163812846,0.0,1.348896068015612,-3.304971172878316,-0.1744718213773259,0.0,2.078351282427265,-3.385362275023343,-0.21837108926752863,0.0,2.5806107403716982,-3.0933090807435146,-0.25849637829087063,0.0,0.7561629623736426,-2.322414354492993,-0.4135923336535633,0.0,1.8998690424310098,-4.159000682801852,-0.5948895473320048,0.0,2.676976327126069,-4.322359546331412,-0.557546555350885,0.0,3.016510782740208,-3.813614227598297,-0.4914179428899081,0.0
0.0,0.0,0.0,0.0,0.3928588263824471,-0.10550872200915773,-0.0967663865670971,0.0,1.0941512941465474,-0.4863247677533417,-0.24507198204954425,0.0,1.4484851161444572,-0.5873357856910977,-0.31381999179674724,0.0,1.4116310579122662,-0.47020252987031025,-0.3044497596126543,0.0,1.4422774264094498,-3.4339498820585725,-0.3305501067628194,0.0,2.1513765698963487,-4.870951807575699,-0.6340307776708968,0.0,2.1914053534858753,-3.7344572119934796,-0.6611237590273801,0.0,2.233575876503463,-2.9983614167899537,-0.6465661551296428,0.0,0.5661795612253162,-2.584185753836714,-0.20081820652652124,0.0,1.088593946295142,-3.398759422827813,-0.3576488712367407,0.0,1.516465619291766,-3.1327565938920197,-0.43954781729629344,0.0,1.9099656805952772,-2.9031216918195963,-0.5135710646978984,0.0,0.2662709824763071,-2.147836680992493,-0.16165428470828447,0.0,0.8572932392455549,-3.2467946131591052,-0.30059878144858937,0.0,1.4672157151198444,-3.3811663614904073,-0.35279628895823884,0.0,1.9543150874798478,-3.2542545522952206,-0.3743011340166421,0.0,0.20994515243447134,-1.93205772506365,-0.1697831345337062,0.0,1.0300553304431705,-3.712231067672354,-0.32388508436480506,0.0,1.759542760464187,-4.146865592910895,-0.31739335708780797,0.0,2.162707307219428,-3.8151799177187926,-0.25300715629162884,0.0
0.0,0.0,0.0,0.0,0.31385837824397217,-0.10628280707618526,-0.10262971255982652,0.0,0.9600325750680563,-0.5193018118637818,-0.2649217958470868,0.0,1.3860537607564658,-0.6532177389776594,-0.35885227384856505,0.0,1.4473504795352787,-0.6304051629399503,-0.38051195738817783,0.0,1.3331695338618446,-3.811634359444653,-0.3706230176642617,0.0,1.9627462278174561,-4.747612880315965,-0.6458307182455417,0.0,1.875879719924059,-3.324167823071916,-0.6205962152034361,0.0,1.8637102263294825,-2.5505990571998356,-0.5851759129951685,0.0,0.5999348519401798,-2.888303185127204,-0.23835748373665017,0.0,1.1163272612454942,-3.551802418873701,-0.38213070593852244,0.0,1.5431192653856602,-3.290282445873396,-0.4825511089184305,0.0,1.876502188655741,-2.9554611745841664,-0.5555494072702388,0.0,0.3463771608173968,-2.448027178853282,-0.20625320417255597,0.0,0.9879069506173834,-3.5863628031097385,-0.3436661894020715,0.0,1.5662575410002844,-3.6378365047540933,-0.4045523780824391,0.0,2.008310558888878,-3.438683013440108,-0.4511386536392723,0.0,0.3016075445599148,-2.200329286106665,-0.2259685174473329,0.0,1.1595392805281033,-4.1543122977366,-0.40214623990026777,0.0,1.8062531103286454,-4.428465493562642,-0.3950162310564512,0.0,2.1459179761111504,-4.03260563716926,-0.35041530217997274,0.0
