0,1,2,3,4,5,6,7,8,9,10,11,12,13,14,15,16,17,18,19,20,21,22,23,24,25,26,27,28,29,30,31,32,33,34,35,36,37,38,39,40,41,42,43,44,45,46,47,48,49,50,51,52,53,54,55,56,57,58,59,60,61,62,63,64,65,66,67,68,69,70,71,72,73,74,75,76,77,78,79,80,81,82,83
0.0,0.0,0.0,0.0,0.25847623785056945,-0.15460003052533253,-0.05518754626752258,0.0,0.6719586270080993,-0.5725329832965685,-0.18946307716001307,0.0,1.1008809180353374,-0.8537123770969564,-0.37891169426606375,0.0,1.413164945004716,-1.064713881151083,-0.5533519032499995,0.0,1.2432986491302545,-3.8826720237146493,-0.45843586301381706,0.0,1.0410313265844566,-3.608052285740448,-0.710966259859231,0.0,1.23362214359841,-2.910179529616916,-0.7928124370848039,0.0,1.3710034820618338,-2.3971467405597062,-0.7868935723605518,0.0,0.8515088202985867,-3.784309590916558,-0.6767220759127289,0.0,0.7990102700884558,-3.3292069462691622,-0.7327487123574453,0.0,1.226823679994286,-2.9147870022570888,-0.8409065440660799,0.0,1.4547240364298482,-2.426075829227874,-0.854600474782832,0.0,0.3638311941085499,-2.819239836771419,-0.7465167084132495,0.0,0.58427128655888,-3.4370628941484886,-0.9084793921695145,0.0,1.2841185597272515,-3.5524669453469078,-1.0999613352307052,0.0,1.6715078136602375,-3.0723237587625927,-1.0938569878838476,0.0,0.03711349837337243,-1.8088164014674257,-0.7102124227242248,0.0,0.31049531430387334,-3.3016448188311482,-1.159690852615762,0.0,1.1449179615478942,-4.633591102960352,-1.68360117109587,0.0,2.2053127336809912,-5.57961561767267,-2.1760166468611457,0.0
0.0,0.0,0.0,0.0,0.33054299811155047,-0.1917096216669092,-0.021261732861528566,0.0,0.8236990597720626,-0.6196370675116939,-0.1389292895719574,0.0,1.262989617627905,-0.8082392746613263,-0.3132389168250095,0.0,1.4515208283673307,-0.8421995106302101,-0.44896251220318184,0.0,1.417027019816906,-3.6249738226123225,-0.23802260593545171,0.0,1.1855958693218396,-3.5013439818706646,-0.5195821996407164,0.0,1.4182380711990652,-3.031510357119047,-0.6818325862247867,0.0,1.5522983102443724,-2.5489698245603214,-0.7236451723819647,0.0,1.1094539187540284,-3.7702808885316514,-0.5670708342631187,0.0,0.9263204298485257,-3.284536292209845,-0.6464653875138334,0.0,1.3397876451458546,-2.9587894413447877,-0.8065861326734133,0.0,1.5729291337264104,-2.520899592861688,-0.8687438026333405,0.0,0.5296735177192007,-2.7859475875078243,-0.7209624361439337,0.0,0.6768798219102954,-3.2799909862356604,-0.84793131555077,0.0,1.3693882512807964,-3.4554550493326395,-1.081844453564552,0.0,1.7872053080467305,-3.0635045606274387,-1.1389840310669854,0.0,0.12777267974612622,-1.7416594654380608,-0.7110254905308094,0.0,0.4744839530798992,-3.175729170150249,-1.1839369707580287,0.0,1.3428017906225393,-4.323977501965516,-1.7186776601526732,0.0,2.205179750584638,-4.694420495214933,-2.0635547372280247,0.0
0.0,0.0,0.0,0.0,0.38500719852617216,-0.2248241853422519,0.03285544078888136,0.0,0.9360739005520602,-0.713367342816859,-0.024995585683354637,0.0,1.4469127456090447,-0.9776310064360263,-0.17148042532182486,0.0,1.5550715336242245,-0.8816531071704046,-0.2732373090361044,0.0,1.5234158436142504,-3.5948586884841776,0.05014191509044334,0.0,1.415262745872499,-3.7547240328211777,-0.29197127198443074,0.0,1.6422682573519645,-3.2704073525173447,-0.4799992851075327,0.0,1.7328937433424392,-2.7112710973068124,-0.5354807611045914,0.0,1.343584341808407,-3.952603456367939,-0.3452366214626977,0.0,1.1480323302719415,-3.5175196428937925,-0.5013507195333692,0.0,1.485445270878141,-3.0831455132810337,-0.6308608941965466,0.0,1.7126039270008209,-2.654064197961819,-0.69367558868514,0.0,0.7520199212522257,-2.949594546999051,-0.6146793046212919,0.0,0.9276879994867916,-3.551271681920697,-0.759735386571062,0.0,1.5379888235488555,-3.573555261145136,-0.8942140350233664,0.0,1.9196178436243994,-3.18132218424944,-0.9235825882112153,0.0,0.3016465340060108,-1.835084568783262,-0.6695575108168206,0.0,0.6539224521054381,-3.2232698100192145,-1.057032253784248,0.0,1.365276341702334,-4.049304156012436,-1.3458160706281008,0.0,1.973518580612872,-4.186224980516003,-1.463855763483041,0.0
0.0,0.0,0.0,0.0,0.3685458153397413,-0.19756801168862084,0.023664225897773294,0.0,0.8727667236502309,-0.6381879958880716,-0.03395202890334658,0.0,1.3623575323156154,-0.9103320371970223,-0.17624810721203407,0.0,1.5733000171019202,-0.9456819192866966,-0.2956764011766743,0.0,1.5194420290394208,-3.4599583583829556,0.06870420630068506,0.0,1.4447195478848882,-3.7489449293642,-0.28179121555485154,0.0,1.550876386413401,-3.109694954308405,-0.44505419025078036,0.0,1.5949296265909114,-2.571823960829258,-0.48879908194620575,0.0,1.3636193588228434,-3.844025813596721,-0.30376003842031146,0.0,1.1652014113402214,-3.4789186456823087,-0.48515164106853664,0.0,1.4619674367029087,-3.0075268081697764,-0.6259906029595875,0.0,1.6644819335471228,-2.5815990245760605,-0.6927559626689372,0.0,0.797949805207133,-2.9727259179552465,-0.5853205541818399,0.0,0.9656342239349779,-3.586301383667421,-0.7593711640401505,0.0,1.5400495800228262,-3.5165358605689296,-0.9080223095683934,0.0,1.9039592491213475,-3.0940329557275357,-0.9466990089135983,0.0,0.3149499811992499,-1.869449744750346,-0.6460560381962566,0.0,0.7059376553119363,-3.319057095721888,-1.0733022852068477,0.0,1.4315637460115263,-4.0895259767814105,-1.385403701522871,0.0,2.0009523487043364,-4.079687818981677,-1.4855066291403582,0.0
0.0,0.0,0.0,0.0,0.35837899027437764,-0.19529147087303736,0.07523271343098817,0.0,0.8441841575664908,-0.5943751409382068,0.08736307512625417,0.0,1.3007891129895275,-0.8495717587547384,0.0046858136311454515,0.0,1.5867369824309814,-0.9608264146564659,-0.09090912865814656,0.0,1.613192452536054,-3.613517209390024,0.3867718045163054,0.0,1.5306068659130878,-3.7510262565546695,0.037674094986954655,0.0,1.7849229141554315,-3.318165752575967,-0.1617553468788679,0.0,1.8861515092620988,-2.789782826627004,-0.24265057301683288,0.0,1.4839893973890574,-4.118675879832022,-0.002776781715995908,0.0,1.206845845829403,-3.3445701597110173,-0.19802493205035432,0.0,1.5696240610482406,-3.012388919373558,-0.32499783200821025,0.0,1.8578561146579546,-2.680845858050387,-0.3956958016355855,0.0,0.9546766546775867,-3.3244356632774044,-0.3874714392186139,0.0,1.1012298030549976,-3.444134325087681,-0.4702496322435788,0.0,1.692872095544709,-3.402675850760123,-0.5671988854254028,0.0,2.0753228231073635,-3.015477687625871,-0.5919767820952992,0.0,0.5213622002078349,-2.266829771075653,-0.568576909739093,0.0,1.1680736792624158,-3.756918572350089,-0.9256474040279763,0.0,2.0117022556762807,-4.38682490181973,-1.1303653006213465,0.0,2.568764816898987,-4.17659896244842,-1.1490502118880037,0.0
0.0,0.0,0.0,0.0,0.36985820540350933,-0.19937720477618426,0.06990328398282403,0.0,0.8848795721018341,-0.6310153730039366,0.07967290076519454,0.0,1.3836446826252848,-0.9271989549788618,-0.008296894053861649,0.0,1.6489585598358074,-0.9990466603818541,-0.11151499363074056,0.0,1.6146279601796227,-3.4428877086366874,0.36420782301633325,0.0,1.5884104254130615,-3.7764506684282884,0.0188130154149508,0.0,1.7957135168997433,-3.2716352537061337,-0.1926585985294632,0.0,1.8599547061009978,-2.7222136215696784,-0.278492173841316,0.0,1.5757574853092806,-4.061727942787463,-0.021085210476600995,0.0,1.243554147059773,-3.3836940570565313,-0.23484482632960135,0.0,1.605268130678883,-3.035409526316,-0.3888677005236991,0.0,1.8542824336630541,-2.6623596665754192,-0.4721723165793477,0.0,1.056016616864727,-3.333320229587508,-0.4241002577008809,0.0,1.114539755917717,-3.464915097298416,-0.5253005280685339,0.0,1.699107800633071,-3.3769438427303866,-0.6543280123327104,0.0,2.0227805080514654,-2.919142530105828,-0.685436002783265,0.0,0.5612194318442574,-2.1913427087849895,-0.5934544774967404,0.0,1.1175956100245423,-3.6337697705441045,-0.9603648830071131,0.0,1.9524860947398908,-4.248127498880304,-1.2074325289212575,0.0,2.432277360618288,-3.9203150511692595,-1.2232521341393554,0.0
0.0,0.0,0.0,0.0,0.38475218027381025,-0.22176976004266027,0.11249825078603022,0.0,0.9119523308201769,-0.6768265437371623,0.1629895364581713,0.0,1.443904235501803,-0.9877586379154392,0.10467916152017102,0.0,1.7217284203608678,-1.049845095319551,0.013523532783182947,0.0,1.3809203078438792,-3.3339674347779105,0.4526951239022263,0.0,1.7227231218897845,-3.8021379902708623,0.1754452858550956,0.0,1.9935302430193236,-3.329204923659175,-0.02623752838626168,0.0,2.0216264503580637,-2.7227073554931134,-0.120575912155957,0.0,1.2199996064630485,-3.6315114042769925,0.06285919726543975,0.0,1.347275648027303,-3.3360923637968787,-0.12752329792435985,0.0,1.7526403919423774,-3.0077352106627124,-0.24912671630307698,0.0,2.0019864527140903,-2.6105817715445974,-0.30869782027935244,0.0,0.8907821857663764,-3.09064995586005,-0.32384027470922294,0.0,1.3969067514910982,-3.627928988067496,-0.45584578751085736,0.0,2.01274799583044,-3.4711025176428545,-0.5304667787530677,0.0,2.260611642020452,-2.892500154571248,-0.5217713555185381,0.0,0.6001517562366876,-2.2274346012655393,-0.5515740349079976,0.0,1.3919954226797067,-3.754277360734806,-0.9178507953659552,0.0,2.2242645183257586,-4.276241677440896,-1.0808290811418588,0.0,2.6163742507113086,-3.889791163026312,-1.0313132324290815,0.0
0.0,0.0,0.0,0.0,0.38091226018380964,-0.2275488379463883,0.10454637704857223,0.0,0.9281425997510048,-0.6916541145179098,0.14400038254129385,0.0,1.4789685485474646,-1.0169542573574062,0.07122029115417897,0.0,1.7356006945665403,-1.0537146100305539,-0.027928002876384445,0.0,1.277648185098117,-3.225755263175053,0.4334837000385038,0.0,1.6477341148804598,-3.7334999544585568,0.1747282146549734,0.0,1.9382860277868128,-3.3193226617036626,-0.02187949574445396,0.0,2.001674171641449,-2.757263722152747,-0.11914935060101708,0.0,1.1063606495448803,-3.449464895877867,0.06257624792841597,0.0,1.3469480272017855,-3.370464689003317,-0.1169235179494146,0.0,1.7595058475701009,-3.0396411368691894,-0.24129655679783427,0.0,1.9873479522435755,-2.6061217652260744,-0.30353517260912677,0.0,0.8401005601952154,-3.018893535946047,-0.3081700280058277,0.0,1.4175034095480055,-3.647997005249925,-0.4458392578446837,0.0,2.070097491510842,-3.5199561075914536,-0.5287348836274012,0.0,2.305791364577055,-2.907744778920919,-0.5243010907158038,0.0,0.6225971951516626,-2.2954033294698544,-0.5549009497938551,0.0,1.5478542314050068,-3.9758014576202583,-0.9245552764907381,0.0,2.486772362598516,-4.5406119398258395,-1.088257101837868,0.0,2.843988247945597,-4.008915463927611,-1.0206459607594405,0.0
0.0,0.0,0.0,0.0,0.27146276154392834,-0.1093478064126383,0.04351211473818692,0.0,0.6823605683023755,-0.4924094339757407,0.028177175382257356,0.0,1.1217687037949928,-0.7418832273872349,-0.06405528301002036,0.0,1.4919521812230874,-0.9466473939627356,-0.16888703048795115,0.0,0.8567375849748977,-2.9992314246941114,0.14044373982919175,0.0,1.1976679527899126,-3.589222380738359,-0.15159594376783891,0.0,1.513704241420395,-3.102783042129502,-0.30943453327630127,0.0,1.6382258694056668,-2.5439398838612046,-0.3521101242969868,0.0,0.6478799538570879,-3.089344038895871,-0.15574316886679843,0.0,1.0293078443678478,-3.294212440646374,-0.3373237528223674,0.0,1.4622519536629563,-2.8784705495061593,-0.4458578964669416,0.0,1.6884694134059524,-2.4047776753387673,-0.48224255618003337,0.0,0.43433204602886644,-2.6738216829039376,-0.4279207422620658,0.0,1.026064746031722,-3.5277030764139465,-0.6122850201326002,0.0,1.6005336532862116,-3.184182007228075,-0.6670949098635315,0.0,1.8020664668723654,-2.5435531997153897,-0.6239703929230113,0.0,0.28081084821850705,-1.9487256983612038,-0.5925652292265307,0.0,1.0712113460789316,-3.8981535848598177,-1.103706672974243,0.0,1.9701619236394712,-4.475625464293998,-1.3129838061187702,0.0,2.3831571185193865,-3.95419292832407,-1.2427618931142883,0.0
0.0,0.0,0.0,0.0,0.37023366416023784,-0.18605638563645455,-0.010567379725285384,0.0,1.319550896278746,-0.6528771360871782,-0.1879876064591692,0.0,3.4358468738693992,-1.0547545111116419,-0.6865977294308855,0.0,3.7656906272994255,-0.8031296662206526,-0.9273891144382901,0.0,0.8982580768217067,-1.4559079671257527,-0.2669956651659301,0.0,2.459551779966836,-1.9748452973055464,-0.760974610725741,0.0,2.5112410262054854,-1.3728431701086696,-0.7963741050450852,0.0,2.225237272098954,-0.8931986161931611,-0.6979304596704342,0.0,0.899207722935827,-1.43021708915837,-0.45677855115374516,0.0,3.0687929988283056,-2.2021399480799144,-1.1320446706187017,0.0,2.6740247789864444,-1.1909883649293913,-0.8800339386366717,0.0,2.1918501642795576,-0.644245674107421,-0.6753093600620281,0.0,0.8994875461320818,-1.1737912749744053,-0.7045819000944511,0.0,5.470079278937946,-3.1995784068267112,-2.7539398915761764,0.0,3.1979546084848125,-1.075635881106689,-1.349049526601299,0.0,2.3345405516193907,-0.47465328200408735,-0.8801466860225424,0.0,0.7141707832321711,-0.5022847091284868,-0.790973180961943,0.0,1.8384587376150698,-0.4919666942429365,-1.453759002701062,0.0,2.1681892686112665,-0.22494455507711567,-1.4251535668128212,0.0,2.0425387615181445,-0.0029323142749831744,-1.1771651558330973,0.0
0.0,0.0,0.0,0.0,0.4299396171303483,-0.24215820205938646,0.1303298668983831,0.0,0.9878766478160784,-0.7025057497453076,0.17706840340137836,0.0,1.5618494055428467,-1.017117466719572,0.09184456140169947,0.0,1.7535199609338616,-0.968570706949209,-0.028361940022168353,0.0,1.2034655521078206,-2.981073088618781,0.4462841261514908,0.0,1.768364638796975,-3.665753263166213,0.22137367970207192,0.0,2.159381326252599,-3.3443777681933775,0.006785102796968598,0.0,2.180899972270951,-2.6977466211867376,-0.11674004528217295,0.0,1.0437994334540672,-3.227027916869733,0.05419281502549866,0.0,1.4059235025713266,-3.297264241634753,-0.12843276258640718,0.0,1.8232608394166212,-2.9911810504672354,-0.2733174206610484,0.0,2.0336644157751897,-2.553626526815919,-0.35224675088360663,0.0,0.7999168048538307,-2.8250460924565455,-0.3394627926315915,0.0,1.408119303335879,-3.5127268727993695,-0.4882580299660991,0.0,2.094518221031488,-3.433240201010514,-0.5942425639523646,0.0,2.3034129215404904,-2.794304550194459,-0.5925745024276997,0.0,0.5965112597836859,-2.090416793337755,-0.595299601035142,0.0,1.447895331418795,-3.6092372242086244,-0.9792178315662036,0.0,2.2876886952848974,-4.08964629263416,-1.1500880306728696,0.0,2.5930402923677804,-3.602548662535032,-1.0868133838687437,0.0
0.0,0.0,0.0,0.0,0.3672320956295644,-0.14325342759830548,-0.031209635718280625,0.0,1.2300434381112153,-0.5540913879366053,-0.25250004322177827,0.0,3.1136763851267175,-1.0179522434150006,-0.8128848494748504,0.0,3.966769909231211,-1.0478253495777747,-1.237639932381705,0.0,0.8935832904684408,-1.4725424840123895,-0.37744742454608754,0.0,2.5372607100518163,-2.0613430737284695,-1.0292288404361514,0.0,2.458919671905202,-1.3735047965576053,-0.9982907537951511,0.0,2.1514853949840536,-0.879391961317468,-0.8562997523963595,0.0,0.875766446563305,-1.436287419245206,-0.5753296882898319,0.0,3.126149618157512,-2.3086830518198735,-1.4682868689186224,0.0,2.638831164627128,-1.2318509303143774,-1.1041059525148351,0.0,2.1487601800936496,-0.6874967690034471,-0.843291630602206,0.0,0.8271737298511473,-1.1477469844012678,-0.810117083587299,0.0,5.106653903573288,-3.2283415902825134,-3.1435256403703624,0.0,3.115859623624221,-1.1744791084914354,-1.5971408324483836,0.0,2.2817477824783454,-0.5530852629442516,-1.0435367709547583,0.0,0.6057050267523904,-0.4692137237982432,-0.8463637015498242,0.0,1.7025101367918494,-0.5104856420542989,-1.6234096670580547,0.0,2.1539120667907365,-0.30429861432288957,-1.6914383834825593,0.0,2.095771345953282,-0.11258575288013821,-1.4361692479000967,0.0
0.0,0.0,0.0,0.0,0.41593776461291765,-0.23550900842567493,0.12615777917195578,0.0,0.9397287971821159,-0.6544115978957699,0.16043721899692023,0.0,1.5047610497058914,-0.9658864684185203,0.06932224872334111,0.0,1.756827452607329,-0.978956285144868,-0.05599331041752148,0.0,1.237348951602906,-2.9625815593645486,0.4388983283006896,0.0,1.8473769943782434,-3.737559470531049,0.21234161713373578,0.0,2.1724467035015986,-3.3074644133376863,-0.010341421057275273,0.0,2.1489462798556,-2.6267947383784667,-0.1272195470167237,0.0,1.1020083269878527,-3.263833637305872,0.04617380132752699,0.0,1.3916443998691093,-3.253565262163265,-0.13261835031944522,0.0,1.785978761325279,-2.9273935841495615,-0.269519633211928,0.0,2.0103552416157937,-2.5162887295174237,-0.34811397078291656,0.0,0.8440925994458288,-2.861203391177746,-0.3514993441459348,0.0,1.4065467741321611,-3.469396349124234,-0.479676211123852,0.0,2.057730213764789,-3.3539300235520706,-0.5722130101843638,0.0,2.2885404198218082,-2.76427806018162,-0.5796005337672138,0.0,0.6221976077901477,-2.122106299720799,-0.6055754836290738,0.0,1.4778668953407872,-3.641714769020169,-0.9790276512601959,0.0,2.353026095387523,-4.157771957647753,-1.15261175211613,0.0,2.673387915026407,-3.675450999668156,-1.092543265843556,0.0
0.0,0.0,0.0,0.0,0.3137007616488965,-0.28213528012217476,-0.003498991058595296,0.0,1.292905845041085,-1.02949177389173,-0.14689642989577667,0.0,4.261107649059687,-2.6016096606154457,-0.682581713399439,0.0,5.125275182014799,-2.638699370973812,-1.0373464417815343,0.0,0.9417059329879055,-1.6293383866367215,-0.24904183330000285,0.0,2.7144960182796103,-2.339602034770146,-0.7979818022834673,0.0,2.591448237512526,-1.5478235630135082,-0.7982996948576384,0.0,2.250090505559482,-0.9996566904626569,-0.6918247204992397,0.0,0.9932904050582038,-1.638864158041805,-0.43649642805052513,0.0,3.459205331823692,-2.6821325328797054,-1.1879803193887464,0.0,2.747458454739584,-1.4097778237570757,-0.857874621431761,0.0,2.230662295400824,-0.8290013838931626,-0.6601739428313436,0.0,0.9993685591317348,-1.383338467404692,-0.6689206960543975,0.0,6.317972775037794,-4.141808392734941,-2.915297109777291,0.0,3.2395703370981455,-1.3371187087278746,-1.2746050612738602,0.0,2.3863895304147156,-0.6860338929703941,-0.8492066680325,0.0,0.7502332384857592,-0.6206442412865995,-0.7160395334956678,0.0,1.9230341787144827,-0.5914604554101485,-1.3072382291721427,0.0,2.1191334113504263,-0.3223637807167511,-1.2314420656165461,0.0,2.0304440996295736,-0.14710902920040303,-1.0583319971372702,0.0
0.0,0.0,0.0,0.0,0.4126975151967591,-0.2209204693231995,0.12713072328272373,0.0,0.9199962643803313,-0.6301306199406853,0.16552777454321166,0.0,1.454590097879592,-0.9220107476356936,0.07865287466972891,0.0,1.7228898008600488,-0.9621779432591193,-0.04516950020178218,0.0,1.2526903970491092,-3.0119048835051383,0.4779268191330252,0.0,1.64044337996324,-3.5482114464940597,0.23812739065860497,0.0,1.9617022839053988,-3.2237604846780834,0.02847947897844241,0.0,2.0188004236501507,-2.68540908772784,-0.09211301356164434,0.0,1.1502472387314475,-3.356837772097016,0.07815960792764796,0.0,1.385033720518634,-3.310293526820988,-0.10766177237004948,0.0,1.7796196936410953,-2.968110082577716,-0.25906597286239563,0.0,2.008370480937631,-2.5559659850652405,-0.3486647836834307,0.0,0.8889978569540365,-2.935516943797665,-0.3435864515220511,0.0,1.4275467135473365,-3.5616767103835296,-0.461005003222189,0.0,2.041852945070961,-3.3695841688328176,-0.550244310372692,0.0,2.241960894641769,-2.753887201144016,-0.5602173851455226,0.0,0.6416162958413963,-2.1176552989117465,-0.6023413280326045,0.0,1.5241377477737483,-3.7461926852873253,-0.9762108867792928,0.0,2.359474858530065,-4.178036314563384,-1.1192777957598248,0.0,2.6191902699607015,-3.6188506261212194,-1.0441143597120852,0.0
0.0,0.0,0.0,0.0,0.31608542692970976,-0.2801522735704095,-0.010911754213589801,0.0,1.2525386306536852,-0.9703872609320459,-0.16407251205880535,0.0,4.278862857578103,-2.457639155504809,-0.7491718542243864,0.0,5.6161649395281925,-2.6027727277633255,-1.2170028243021223,0.0,0.9474075129049689,-1.588619996083306,-0.24828521111255739,0.0,2.681662223579836,-2.228758529101408,-0.7785683787046863,0.0,2.579178637243584,-1.4729567740586973,-0.790503906138288,0.0,2.2400763042033467,-0.9416295070667356,-0.6884899501465697,0.0,1.0096478874248536,-1.6028613769378435,-0.43337591014622695,0.0,3.4388522238182007,-2.559584552575448,-1.1700554943917516,0.0,2.765212006893044,-1.3291568546179022,-0.8655300170594439,0.0,2.2359003400637807,-0.751552828305946,-0.6671661118576937,0.0,1.0347290521409118,-1.365854957906743,-0.6718216608426432,0.0,6.375195805653656,-4.0154553110040885,-2.9060235124744214,0.0,3.251616399229513,-1.2478267781958532,-1.2702964212998382,0.0,2.3654993688237975,-0.5982384127562416,-0.8372175654779554,0.0,0.7990127958322077,-0.6263891290788806,-0.7349204883748534,0.0,1.9236298057970276,-0.5656481778991754,-1.3170988335589031,0.0,2.134473282679169,-0.28519932981664875,-1.2499016602632125,0.0,2.035482354497667,-0.09862029916967242,-1.0629919301029376,0.0
0.0,0.0,0.0,0.0,0.3990351388661392,-0.21218826933815016,0.12562019371386446,0.0,0.8936583091727978,-0.6122040172950073,0.16084792674571782,0.0,1.424692889358326,-0.9025636812044345,0.0741577297472886,0.0,1.732446380363902,-0.9891927214962861,-0.04917821986860554,0.0,1.1978475435060563,-2.9686695449793556,0.44507518963570775,0.0,1.639755441822738,-3.5768488084240144,0.2120344563839207,0.0,1.9726526187775888,-3.238284237368247,0.006408153264708696,0.0,2.0232195840395306,-2.681464802108129,-0.10624725008876841,0.0,1.0799952834551239,-3.2678714193940293,0.0493397135919233,0.0,1.3792822481343845,-3.300792930311101,-0.1278031344209378,0.0,1.786189238747866,-2.94829333649817,-0.2700928816329688,0.0,2.0117642946212397,-2.5289807017992283,-0.35105072541201027,0.0,0.8426195387823188,-2.8741261933026063,-0.35525681199192616,0.0,1.4318670666157183,-3.559644185494377,-0.46917193856898726,0.0,2.0468518393107087,-3.3548634085978324,-0.542111858185136,0.0,2.249263222812854,-2.752395907602323,-0.5450895097198085,0.0,0.6370913452434569,-2.1225798800426636,-0.6137176530950773,0.0,1.545433590226234,-3.786787632323392,-0.9777326462279347,0.0,2.3854341816042868,-4.2150196515203335,-1.0968395784556388,0.0,2.6689136700560656,-3.6940673170517675,-1.0195533135989812,0.0
0.0,0.0,0.0,0.0,0.37303602498563837,-0.26545894736968256,-0.006948692925706308,0.0,1.4670686675577398,-0.9181640732661722,-0.17605222233593953,0.0,4.3428398741919905,-2.0156625598024345,-0.729474215824005,0.0,4.4234375653964015,-1.7058073401318519,-0.9432679162290014,0.0,0.9790183069853894,-1.5463829273343328,-0.28020507189321964,0.0,2.7724657674568243,-2.212613843060432,-0.8637285623939275,0.0,2.639844015768621,-1.4573841510235308,-0.8585886700379269,0.0,2.2699247705910546,-0.9266203943755319,-0.7381001290197216,0.0,1.0081948578451005,-1.5306420260831708,-0.47858085222655616,0.0,3.642118598285347,-2.591047031961468,-1.3448093239955268,0.0,2.814983542884432,-1.3043970529579634,-0.9514992804057282,0.0,2.2365977786819062,-0.728469073190177,-0.7208820113656883,0.0,0.9732959477294848,-1.241660588512558,-0.707266508989648,0.0,6.308647424830513,-3.8562571148453975,-3.1793251507498512,0.0,3.3422441059202113,-1.2645981274886182,-1.4288125464437713,0.0,2.3956008271318345,-0.5933987450113511,-0.9234975478409635,0.0,0.7290730048364134,-0.5440724994538454,-0.7565090846812147,0.0,1.8498385901341092,-0.555287642752949,-1.4050022963497586,0.0,2.238270502648068,-0.3214733574064619,-1.4192597725970282,0.0,2.1083126343403693,-0.10258991534189663,-1.1747992619796137,0.0
0.0,0.0,0.0,0.0,0.4033525841604589,-0.2139816074641375,0.12649560186256167,0.0,0.9216910289079637,-0.6318344476163438,0.17522379660428591,0.0,1.4758598797642595,-0.9330262087686629,0.10173050904309724,0.0,1.7614526099047363,-0.9923119484793804,-0.011461511508349108,0.0,1.3122769345955625,-2.967810087376673,0.5372353789235282,0.0,1.9410977107062997,-3.901580661307538,0.3495288328677497,0.0,2.1953345167071245,-3.386448685224567,0.11095547113550892,0.0,2.140145944221905,-2.6960103525158705,-0.020420803174673867,0.0,1.203739984802869,-3.3827690611641135,0.14841966859874192,0.0,1.408017293269466,-3.3333007222957933,-0.04971433570130479,0.0,1.7686261128772007,-2.953206899423953,-0.19276845260236394,0.0,2.010367612675887,-2.5695632375833513,-0.27349416624636963,0.0,0.8911103900324572,-2.9378555214942037,-0.2696310809977636,0.0,1.3577787330969449,-3.444272800888513,-0.37854344213269114,0.0,1.9545369940411699,-3.2893424153119257,-0.4644394417107956,0.0,2.2238294926611575,-2.7919130256748286,-0.4874512375147308,0.0,0.6422515673020583,-2.189805549989597,-0.5371116985719537,0.0,1.463226191367382,-3.6680520741568263,-0.8379447314771057,0.0,2.2742140272805136,-4.093666757934452,-0.9591297788203778,0.0,2.67343982612364,-3.7338240754529477,-0.9352117235766199,0.0
0.0,0.0,0.0,0.0,0.36013708673189515,-0.33500819237885315,-0.004434917835961378,0.0,1.4759369220712886,-1.1240879514763145,-0.15151947303718394,0.0,4.345969702215566,-2.47181266118423,-0.6326117334774041,0.0,4.322678042424185,-2.025422557637179,-0.8043208497794136,0.0,0.987040797941324,-1.5737943103204244,-0.25432531479582277,0.0,2.778178056964045,-2.250034714333531,-0.8135591074969738,0.0,2.6477233802879305,-1.4813774960527093,-0.8157586296326945,0.0,2.2682040302899904,-0.9382345662696159,-0.6982165463208703,0.0,1.0362414156724782,-1.5654221914887416,-0.4519288402905257,0.0,3.8446245902571103,-2.737501332867202,-1.349618197717231,0.0,2.8768855916880107,-1.3233177386860118,-0.931620001007467,0.0,2.246262692514664,-0.7157473784953907,-0.6916423097856285,0.0,1.0158215070503773,-1.2766331677329739,-0.6807524597913078,0.0,7.251702196785414,-4.318926118019907,-3.476524670095261,0.0,3.3444268645413384,-1.2168560567615576,-1.3712569812930828,0.0,2.361338868027152,-0.5492538079953473,-0.8706318867053227,0.0,0.7582747925244151,-0.5590277905516465,-0.7280501545891379,0.0,1.8022801458088678,-0.5172988295857984,-1.3033161810262535,0.0,2.136227046952254,-0.2771632148634076,-1.300783868219788,0.0,2.0230583279479246,-0.06717296458941613,-1.079720140937507,0.0
0.0,0.0,0.0,0.0,0.40182720669925065,-0.20134931192577177,0.12435186300202486,0.0,0.9157662111934542,-0.6166835526096173,0.17325144368384698,0.0,1.4544095866272255,-0.8996492232039396,0.10102859084319395,0.0,1.7542533433224485,-0.9759905361343055,-0.011950354336657606,0.0,1.3753717821791178,-2.9625920135911645,0.5216426348092656,0.0,1.9893305094569889,-3.9012467278939655,0.3208395813190666,0.0,2.1625746620341793,-3.317217514792293,0.07523063300816613,0.0,2.0828841582525737,-2.6444917860839734,-0.051718610201061194,0.0,1.314975003090126,-3.4694059563767174,0.1275422693863498,0.0,1.4431080239048324,-3.335755260320141,-0.08105968427896813,0.0,1.7846382067955704,-2.936947882781945,-0.23028211958890096,0.0,2.012266575118636,-2.544072802565583,-0.3141717753057979,0.0,0.96320987941928,-2.9883285131654747,-0.30543260621384544,0.0,1.3563494396676419,-3.4117718157244568,-0.4138124211371141,0.0,1.9335580299961228,-3.2374441130335447,-0.5093843322243017,0.0,2.1841275334479326,-2.722547713155246,-0.5325912215081301,0.0,0.6560975268958485,-2.161542685469886,-0.561982754833652,0.0,1.4293817285621593,-3.580761230544272,-0.88346376984816,0.0,2.2020829989469166,-3.961734195309718,-1.0241195427590248,0.0,2.549150692343127,-3.5576614743820265,-0.9960033092510563,0.0
0.0,0.0,0.0,0.0,0.368436470621993,-0.31472995739486637,0.0008374527291704773,0.0,1.4184553378469666,-1.0913118926815697,-0.1508149030173242,0.0,3.880208974593925,-2.373186170560342,-0.608074948350851,0.0,4.0447966391030885,-2.1347632255887756,-0.8197027901055511,0.0,0.9321301377784763,-1.6036375674940604,-0.29535632094011066,0.0,2.7166532277795605,-2.32282692345115,-0.909285653867429,0.0,2.604519319477658,-1.5260530434073936,-0.8907097668701485,0.0,2.232969552200367,-0.966059164595281,-0.7515438420403606,0.0,0.922379243840082,-1.5712104226586756,-0.4926590037577891,0.0,3.8021791262545537,-2.8466661105686133,-1.533313550382856,0.0,2.8315959822732695,-1.3330531680395423,-1.0171716757385914,0.0,2.215326439219266,-0.7103397037755027,-0.7438430926767864,0.0,0.8716641797217238,-1.2843294195345287,-0.7157452730294477,0.0,6.61636468948411,-4.19803501958609,-3.5493572657109014,0.0,3.276126998106755,-1.2556260551165688,-1.4502402203054525,0.0,2.344965350355836,-0.5838643312798161,-0.9170786070057291,0.0,0.6430385404454725,-0.6012005008337085,-0.7655626254449529,0.0,1.8453356618194157,-0.7273385669703742,-1.488374849109173,0.0,2.2997585535808622,-0.48439188167710534,-1.5049068420378828,0.0,2.129326221579612,-0.20689602975039803,-1.1988344116178848,0.0
0.0,0.0,0.0,0.0,0.40847952533193194,-0.23043917179557366,0.11367631983336637,0.0,0.9275430299226332,-0.6246142739132343,0.14046914343422162,0.0,1.4240415602345278,-0.8555094672269515,0.046055529823028934,0.0,1.7217225991331389,-0.9543988940476201,-0.06956877537606784,0.0,1.300593466962167,-3.0466404222598418,0.5042976558335167,0.0,1.7575882418047895,-3.7301807179302457,0.2721794000083426,0.0,2.0354313770862036,-3.326335835230212,0.05232542892337823,0.0,2.0440169672669284,-2.7343590620648777,-0.06699199177148674,0.0,1.1654510033725343,-3.3730920188172173,0.12515120284079018,0.0,1.4060958609309337,-3.3500847362042196,-0.07803604267886063,0.0,1.8015634184489813,-3.0151203143110994,-0.23003528015583016,0.0,2.0375033882143163,-2.599852224011685,-0.3126636124094573,0.0,0.8724853404460995,-2.945702426451766,-0.2779201264984062,0.0,1.3694195374504048,-3.4939380387593078,-0.3950494481670488,0.0,1.9849707179652054,-3.3665858044106187,-0.4838238773126538,0.0,2.250145705975106,-2.821864320578631,-0.4984159180912199,0.0,0.6388267083591532,-2.2114428159608717,-0.5444218478536225,0.0,1.5226452314906642,-3.8249282720647,-0.8793829596362152,0.0,2.3709419925578477,-4.291862030754631,-1.0100143371303203,0.0,2.736453198783841,-3.8465977433456318,-0.9632612739573684,0.0
0.0,0.0,0.0,0.0,0.39477296285539176,-0.3157429714429827,0.02368505279266869,0.0,1.596872639509225,-1.095371557899278,-0.10307769869326637,0.0,4.107592653172344,-2.12234890785682,-0.5030576213730299,0.0,3.7704877220183146,-1.5771703024190424,-0.6418709030262976,0.0,1.0030281594541928,-1.5949800909143332,-0.2548788393460511,0.0,2.7871622574600026,-2.2827405909085496,-0.8191308176577579,0.0,2.6951520357411263,-1.5363642863561744,-0.8351787228507057,0.0,2.3319545994385296,-0.98548126377683,-0.7259547184147936,0.0,0.9909638794282805,-1.562854673917251,-0.4665954987458514,0.0,3.7147226357688856,-2.716094069999625,-1.3790695278668539,0.0,2.9051533468155473,-1.3713401383262245,-0.987304351513307,0.0,2.301679757628736,-0.7517994417770616,-0.7454594996720031,0.0,0.9360931458841838,-1.2690775078896612,-0.7032264792083871,0.0,6.354919170862983,-3.9190359966078363,-3.2442946553909113,0.0,3.393140750128173,-1.2718118827166598,-1.4448810546588102,0.0,2.4202238540713754,-0.5895826003929227,-0.9182945161486321,0.0,0.7045057956044849,-0.5889706601150999,-0.7686543368811772,0.0,1.8939770010848247,-0.6860298198454524,-1.4427994480313433,0.0,2.330068273092736,-0.4432985865512987,-1.4520155789902136,0.0,2.1757863458534694,-0.18392062230509235,-1.1713971963935812,0.0
0.0,0.0,0.0,0.0,0.3995338747005895,-0.22552979326660405,0.11429586337946154,0.0,0.9237224293761227,-0.6490647350633544,0.14698130148792563,0.0,1.4563828302301447,-0.9241484201617953,0.05645287149835952,0.0,1.7217012774272984,-0.9658871744241391,-0.058484356285615734,0.0,1.279890683182071,-3.01964590044302,0.5145582386794318,0.0,1.747816368865728,-3.753590471900136,0.2803931856800728,0.0,2.0780219377320117,-3.3790705433019523,0.04783752637223518,0.0,2.0975785378133747,-2.750337110631814,-0.08062889966297257,0.0,1.1661388370791597,-3.4004447794863557,0.1383942225393374,0.0,1.3852908655409446,-3.3585810001920815,-0.07199271581379234,0.0,1.796615945601404,-3.036367529717403,-0.23313769413142732,0.0,2.038160616864538,-2.6175184291725024,-0.3233011544715415,0.0,0.8751043178256427,-2.9943179440307475,-0.27371332848880564,0.0,1.317409882138982,-3.4573085750748143,-0.38873085044393707,0.0,1.9325417035186851,-3.3453484032024408,-0.4895700934281899,0.0,2.2161598193810654,-2.8329133791465337,-0.5175486997113073,0.0,0.6290691380564051,-2.2471867342691816,-0.5444336803438478,0.0,1.4824994765446826,-3.8044120511354933,-0.8729328805769073,0.0,2.322654775551758,-4.256405104690532,-1.0129693480078212,0.0,2.6736523296831303,-3.790364828023503,-0.9711931979163267,0.0
0.0,0.0,0.0,0.0,0.4174305175729013,-0.20166103241614702,0.007528524143118643,0.0,1.5681035367728673,-0.9722512436418606,-0.1158543482694514,0.0,3.653883436964863,-2.0905481151015746,-0.4614269114216743,0.0,3.5569529715825987,-1.9220950841448774,-0.6120491046666373,0.0,0.8961325975858067,-1.7909612378075863,-0.25589121682568905,0.0,2.5076600755515455,-2.570748252151687,-0.8099634794385355,0.0,2.522654142569639,-1.7908875044989703,-0.8488268575998278,0.0,2.205003572053092,-1.1608766207148695,-0.7359868018567269,0.0,0.8142260949557957,-1.739062992859175,-0.4359070762749246,0.0,3.177052615823893,-3.0261287753752475,-1.2771216581261753,0.0,2.7751600105196648,-1.6912869018266654,-0.9991489682857323,0.0,2.2116395500193193,-0.9342306272046719,-0.7440372735823972,0.0,0.7175155918911039,-1.4503802691167875,-0.6399687593908734,0.0,4.6094785804607445,-4.0965404402949,-2.547302671093193,0.0,3.311770607693439,-1.8162952026582038,-1.4825396807502165,0.0,2.3659950827151772,-0.8639238965349243,-0.923510853931295,0.0,0.503517967385174,-0.7610556494223092,-0.6986126100030281,0.0,1.766584531858096,-1.2795156128480991,-1.5290986406128388,0.0,2.6098160965161363,-1.1791666545849089,-1.764435587191097,0.0,2.351935000159204,-0.6599723344659592,-1.3401765051872954,0.0
0.0,0.0,0.0,0.0,0.39735015406771934,-0.23215323948189082,0.1099348538115923,0.0,0.9329215860284888,-0.6621688755138693,0.13679302155585304,0.0,1.4685315593379111,-0.9244134711865482,0.04257749197358343,0.0,1.6993090405339109,-0.9332208498519521,-0.06832225368801445,0.0,1.215361431551101,-3.067932518787233,0.4514223794546938,0.0,1.7634176099239902,-3.786774878817264,0.22005439353948747,0.0,2.1566827490975773,-3.4404206336586,-0.0007648191235365452,0.0,2.2064012098394046,-2.800748602273037,-0.12122072652749553,0.0,1.0430854653358097,-3.291929384105195,0.08311597349333412,0.0,1.3763387345642724,-3.3348546301754256,-0.10175022172360862,0.0,1.8133873789174693,-3.0413674446346164,-0.2464218725720776,0.0,2.074275727672422,-2.6405176253421048,-0.32985256931800927,0.0,0.799148921594937,-2.9102658439983005,-0.2915928294976922,0.0,1.318922511746955,-3.462807140810265,-0.40965619162058753,0.0,1.9543568543075542,-3.3793598882464844,-0.5020633479859558,0.0,2.25959415488915,-2.8889991967199076,-0.5265203104525308,0.0,0.6178248494445915,-2.2433799683268036,-0.5539946895391533,0.0,1.4868255173524751,-3.8316556339503376,-0.8857906022752733,0.0,2.3049780314368884,-4.264594332386856,-1.0073192193258587,0.0,2.686426608778391,-3.856656873072204,-0.9688785595076806,0.0
0.0,0.0,0.0,0.0,0.4276063159653008,-0.2222716064318688,0.029812164989037132,0.0,1.778435225397674,-1.1952196182422963,-0.044023300298165896,0.0,4.085788664064236,-2.5641676060430516,-0.3139630564090423,0.0,3.215257963851682,-1.817774613965278,-0.3711192332297105,0.0,0.8836493067676424,-1.9739144707600635,-0.12968325961947189,0.0,2.5523924184959927,-2.906052821275614,-0.5473535637285107,0.0,2.5782296998501635,-2.0976053154830523,-0.6292823606694431,0.0,2.2795219305766317,-1.4170860083573749,-0.5761359642146899,0.0,0.7675416543163736,-1.899770975829333,-0.2810518301235447,0.0,3.0638019629192508,-3.328799924138485,-0.8660631237148951,0.0,2.8035222503578225,-2.070489578363459,-0.7368944821799095,0.0,2.298358381853829,-1.2562397772057867,-0.585386164317797,0.0,0.6850041717282584,-1.657841395686894,-0.4627192042755688,0.0,4.712785493851059,-4.832704305789833,-1.9960131409671975,0.0,3.5026152654008436,-2.3446767217729456,-1.2238208769039287,0.0,2.507598914713204,-1.2122682828895137,-0.78029301585052,0.0,0.5148125734615995,-0.9946412579113549,-0.5551848780940558,0.0,2.0182097068851417,-1.7208035636179513,-1.314688489667522,0.0,2.866085159103559,-1.6061316020778664,-1.4797370989944794,0.0,2.5261898021227336,-0.9950459104476769,-1.118394195070353,0.0
0.0,0.0,0.0,0.0,0.4053893145517902,-0.23722684057892185,0.12526291234313808,0.0,0.9434227523391936,-0.6686272233914936,0.17477615565342547,0.0,1.4744946686965485,-0.9374361665465286,0.09869688409457042,0.0,1.7211121463291317,-0.9678703542929724,-0.0083409836401066,0.0,1.270145175571214,-3.0271516265554435,0.5681513181424872,0.0,1.8200736875846968,-3.851244708342146,0.3738133410987341,0.0,2.1752446386541933,-3.485720404221471,0.14248744334818683,0.0,2.202405402709561,-2.8469930025929218,0.0021352665962171015,0.0,1.1347455179685884,-3.374059058415821,0.19051585275674826,0.0,1.418378746503942,-3.412260854740561,-0.006236529727982947,0.0,1.813787107254371,-3.069060549953674,-0.15940468974967012,0.0,2.070349149920856,-2.6822551271218344,-0.24953221159303685,0.0,0.8573173146358559,-2.978491281487645,-0.22128311160280864,0.0,1.3270531737323685,-3.4593382186789605,-0.32328849181297514,0.0,1.923406061551434,-3.3454167741361895,-0.41267338704771817,0.0,2.233828600593164,-2.9001545125313717,-0.44969638516692,0.0,0.654627972717016,-2.3076614464968523,-0.507576298783259,0.0,1.5073563166027089,-3.8154774263525932,-0.7759031953283207,0.0,2.286750360702414,-4.1876761431352945,-0.8672050078886475,0.0,2.685229017534063,-3.832223353425828,-0.8462002279358476,0.0
0.0,0.0,0.0,0.0,0.45446415665152545,-0.23581794164090486,0.06654151853437879,0.0,1.7122114300089395,-1.1779598066399593,0.05723608583181723,0.0,4.333631002790732,-2.8210806651242235,-0.14397320878492215,0.0,3.4086616762021933,-1.9243595150419501,-0.26222357599215,0.0,0.9299408986558829,-2.057421874427107,-0.02768760371619065,0.0,2.5770873992871803,-2.9368580756314255,-0.31125777020583284,0.0,2.6834705483852486,-2.196978686478457,-0.4410016867720297,0.0,2.4106549572760336,-1.5125347957601565,-0.44342415514785655,0.0,0.8175239801223196,-2.0006587772841016,-0.19056066366721702,0.0,3.1212751338950797,-3.3892405803923262,-0.5806114801725173,0.0,2.9060851822318856,-2.179532100975813,-0.5403507606581828,0.0,2.4019326453751324,-1.3496415078584585,-0.4612915055378764,0.0,0.7546697757686943,-1.8187829432975804,-0.3842683687244593,0.0,4.78543446915263,-4.934587384369562,-1.5348842846933588,0.0,3.5508903436291215,-2.4495374431620602,-0.9691117381678076,0.0,2.5855086679033805,-1.3124274634968576,-0.6521174533343506,0.0,0.6061848510525237,-1.1950766257885983,-0.5168637661336579,0.0,2.3882911657450605,-2.171154501085375,-1.2419226846049256,0.0,3.2715445828293728,-2.0249776131420862,-1.3524407076537557,0.0,2.7903553113681516,-1.2706464019222383,-0.9991565121507177,0.0
0.0,0.0,0.0,0.0,0.4055675611952569,-0.22409121985517633,0.11950191765279602,0.0,0.9378178223032255,-0.6337208652123254,0.1568393355268351,0.0,1.449400389790671,-0.8791828241635418,0.07209324885755017,0.0,1.6579181717265308,-0.8719563447252373,-0.03492526268952541,0.0,1.2326908408603228,-3.038899725763053,0.5023253195115123,0.0,1.6920271267465425,-3.7075385540289347,0.2736696293735861,0.0,2.0804181136185,-3.4137617421018343,0.06265518399582644,0.0,2.171224665880653,-2.8370100493775317,-0.061512993030774,0.0,1.0655433010581492,-3.2964738140674714,0.12071023935638396,0.0,1.3405255518547157,-3.3134819214720466,-0.06644258199065373,0.0,1.7853122261770764,-3.0489927153182674,-0.2142483278245966,0.0,2.0708004124197696,-2.675997516040501,-0.30212220260286965,0.0,0.8138028844960151,-2.898264826463916,-0.2740570010144208,0.0,1.2809451705724937,-3.4194796414518795,-0.3750636289077995,0.0,1.9111046912616045,-3.3537209672414154,-0.4654788532340355,0.0,2.2421201071418544,-2.9106214031826547,-0.49820295973113793,0.0,0.6362553400820542,-2.229536470217557,-0.5486018884387558,0.0,1.4585639138354831,-3.7735981937899994,-0.8440467185251032,0.0,2.231320325131793,-4.16658615156481,-0.9447240554379758,0.0,2.635836375678965,-3.839189636018474,-0.9222672493603554,0.0
0.0,0.0,0.0,0.0,0.47147884124132927,-0.2368288265554889,0.06760131435639812,0.0,1.7835643836815591,-1.192491908655467,0.07262087074070701,0.0,4.2608078805508836,-2.787734351251424,-0.09272902390000015,0.0,3.417037746627667,-2.047479062798424,-0.21663760506765498,0.0,0.9471936553931912,-2.1026894460996743,-0.007101142475088672,0.0,2.617599539089784,-3.0462274761497885,-0.27956813301209693,0.0,2.715997228369471,-2.290413091555583,-0.41547343608359966,0.0,2.433385602083532,-1.5925916517660643,-0.42401782669076843,0.0,0.8320842000020314,-2.041849906737919,-0.17010015925955146,0.0,3.1469955612774188,-3.498653641731224,-0.5470855750960424,0.0,2.9453084423350706,-2.2761862394649746,-0.5261412291889727,0.0,2.4291596488742835,-1.419058210921482,-0.454909360421654,0.0,0.7825002181373126,-1.8763901185630152,-0.36357698460809856,0.0,4.860745147741925,-5.114406166673752,-1.484159432553386,0.0,3.5822346814961072,-2.5354806311124345,-0.938552004736865,0.0,2.608816797878702,-1.3630015934789388,-0.6359468412655919,0.0,0.658072854558924,-1.2839595187454695,-0.5075624692170264,0.0,2.567210618398019,-2.433606506088871,-1.254520123726678,0.0,3.5127838380192546,-2.314984766705584,-1.3790108869382336,0.0,2.911645376124889,-1.4297522857703349,-0.9986867607963631,0.0
0.0,0.0,0.0,0.0,0.4178604422931212,-0.22623499530592842,0.12797169756741317,0.0,0.9761936391707604,-0.6579615211986655,0.17974117861005295,0.0,1.4889824193105752,-0.8987741940400273,0.10344873530758711,0.0,1.6877538735824886,-0.8821736210123051,-0.0026390909834748517,0.0,1.316013815925081,-3.062191836538189,0.5588957337186412,0.0,1.862642550736093,-3.820034266935006,0.36238570324527436,0.0,2.2357879115196377,-3.473866911931876,0.13711542853018943,0.0,2.248910191612399,-2.8049867083981654,-0.005593442818741463,0.0,1.1598269160252797,-3.3668406953062284,0.16828321358793993,0.0,1.3976245880408766,-3.3288273156810475,-0.024096054943110953,0.0,1.8204576332515223,-3.0460046737563995,-0.17462136365469633,0.0,2.105287613249772,-2.6754426240926574,-0.26619018764219404,0.0,0.8859728468461449,-2.9452807229741125,-0.24429780535689014,0.0,1.2891849784615637,-3.3656956618282976,-0.3361481304594077,0.0,1.9084974620001744,-3.314333480380829,-0.4245035726444733,0.0,2.254305358503909,-2.8993537308655983,-0.4617449493877974,0.0,0.6807788905210257,-2.2305576736868367,-0.5259425277692236,0.0,1.5014606503488594,-3.742007184135055,-0.8047414113664062,0.0,2.243499245139989,-4.097621703423077,-0.8869381217929504,0.0,2.6090916411656346,-3.7464938151311986,-0.8546264909345391,0.0
0.0,0.0,0.0,0.0,0.5121857891819862,-0.3259280128396086,0.08322462187661217,0.0,1.8774141409618637,-1.516948148115987,0.09584932910874139,0.0,4.211434418184296,-3.3215829727090127,-0.08136767366874544,0.0,3.3168436877400285,-2.3295063743088757,-0.22619413907680325,0.0,0.8797855961801326,-2.166235393605796,-0.05101033002056043,0.0,2.463052771635113,-3.1014256847793478,-0.3462930282728994,0.0,2.6829078929252224,-2.419238228477583,-0.4887238726460596,0.0,2.420399166695954,-1.678544028296147,-0.48985041939830526,0.0,0.7715944562047272,-2.116095028768125,-0.2269350216938558,0.0,3.0640124961427277,-3.710429366122495,-0.6968065026783414,0.0,2.936942092299245,-2.4664430138781603,-0.6566496884709208,0.0,2.4200518559582425,-1.5247078103000389,-0.5545716687529373,0.0,0.7256086602785615,-1.9281695053683232,-0.43735240311244733,0.0,4.973267260163783,-5.681086597882375,-1.8400869474573487,0.0,3.5955731316770985,-2.752753407127599,-1.1318384769863412,0.0,2.5671080529864,-1.437631161167765,-0.7499217619256234,0.0,0.5979124903042756,-1.2543825381471125,-0.5654289199451766,0.0,2.3410799286488304,-2.455561704833455,-1.3290952016513147,0.0,3.359980912319585,-2.455194480241809,-1.511205180658819,0.0,2.7666827111431167,-1.5061250533671686,-1.0855172009914633,0.0
0.0,0.0,0.0,0.0,0.3916378784539427,-0.19655346937753654,0.12242223026731164,0.0,0.9217407589917352,-0.5839628452930691,0.17064349774381773,0.0,1.3937079884291605,-0.7901683468863718,0.10151905467636355,0.0,1.6377294808384217,-0.8380143536578196,0.01103674079630511,0.0,0.9900300202233273,-2.7261296614864423,0.5020184040103343,0.0,1.7897672847501964,-3.885176658428744,0.38054197092880426,0.0,2.2019296058761926,-3.499398497545629,0.158034192134967,0.0,2.203858478370312,-2.7882452245949394,0.025498756623936275,0.0,0.8556136007192644,-2.9286984452428486,0.16255069511092743,0.0,1.3163173047072807,-3.260451811411413,-0.0012356653847132026,0.0,1.7601778227554659,-2.966780239420389,-0.14144534033143424,0.0,2.058051409244955,-2.6246080256416526,-0.2226541340936029,0.0,0.7658892126553666,-2.7623769586951488,-0.19952936494511184,0.0,1.247923404007055,-3.300476667141522,-0.28072147725935187,0.0,1.8299997637072718,-3.172589165918466,-0.3504897381540642,0.0,2.170233560067486,-2.8019379389865122,-0.3845250754525796,0.0,0.7654613055605172,-2.335353223942741,-0.5104784416259331,0.0,1.668241223189635,-3.9709809128442433,-0.7575161032166295,0.0,2.3399160558279126,-4.1076707148907525,-0.7730010395041675,0.0,2.6533433514002147,-3.6811160139315366,-0.7184409255464775,0.0
0.0,0.0,0.0,0.0,0.5209127001179,-0.33509513711611444,0.08422439568608235,0.0,1.8793295511697523,-1.5311530364460895,0.10391651523500176,0.0,4.210419016813504,-3.355125682443707,-0.07000303504961765,0.0,3.2853673075016188,-2.3343598420663554,-0.2189961054105566,0.0,0.8189484880221006,-2.16617435664205,-0.019904633472788296,0.0,2.2652615129553295,-3.0214470258984565,-0.2720757703201812,0.0,2.6267565853935513,-2.4896695769344817,-0.440124073510019,0.0,2.438121000434118,-1.7749896046325715,-0.4661241069369224,0.0,0.7347733796559963,-2.138666346354326,-0.19468300542972142,0.0,2.849490549820247,-3.5864843432820708,-0.5889436174441107,0.0,2.9177378003131405,-2.5379990280096547,-0.6234443814979657,0.0,2.44914791023415,-1.5886833620836553,-0.5484726240854928,0.0,0.7295823009206552,-2.001268748115623,-0.41288224876108887,0.0,4.887751824630626,-5.766486340746774,-1.6880178382653108,0.0,3.582957480829263,-2.8520803113663398,-1.0783733781840716,0.0,2.5769878171542953,-1.5048152393382572,-0.7306390774758804,0.0,0.6346474106145028,-1.334890602058955,-0.5595825353723497,0.0,2.38580770963076,-2.6022145016488154,-1.2819199352943222,0.0,3.4605064145585027,-2.706576836984534,-1.4855105656701801,0.0,2.8754505936149566,-1.710854527547335,-1.0826829820829198,0.0
0.0,0.0,0.0,0.0,0.41049201557732273,-0.209016635730672,0.13873636090396665,0.0,0.9018171984388297,-0.5502851257485816,0.18081809166611554,0.0,1.3480473691154937,-0.7343315071700455,0.10037374924867695,0.0,1.6040389116246028,-0.8023949630872963,-0.004445841529608403,0.0,1.0413362388988157,-2.7932255112274817,0.510611908527186,0.0,1.7689304748580195,-3.8248922136741226,0.3693220866403453,0.0,2.2699272332104035,-3.5582334112795295,0.15048837395407264,0.0,2.2859946970729044,-2.8099597472411015,0.008098181101450223,0.0,0.9053255291227894,-3.034325596120823,0.13900320547659945,0.0,1.2823120168318531,-3.2229793897955465,-0.014727502170032061,0.0,1.7418885842423075,-2.9811961620382075,-0.14819595896910137,0.0,2.0503196200778477,-2.6442402847811124,-0.2345308940840936,0.0,0.7934531756714621,-2.8306139388366702,-0.25244470778996764,0.0,1.2238589320160222,-3.263410664989977,-0.30341140755000856,0.0,1.8235532188267927,-3.202313254410185,-0.3701868161445589,0.0,2.200302780563667,-2.876643805626154,-0.41543259320803955,0.0,0.7847608611194992,-2.3706034930025206,-0.5777824022608781,0.0,1.585020947240402,-3.80508168691375,-0.7708153266636067,0.0,2.2427466827586073,-4.001527902737333,-0.7832274250980752,0.0,2.6399155973861737,-3.721847124850265,-0.7576132205209296,0.0
0.0,0.0,0.0,0.0,0.530696087315015,-0.3908159484895257,0.08326741655582513,0.0,1.8895952900111397,-1.6329771147675125,0.0774089614621961,0.0,4.218006358215918,-3.52058748513196,-0.145183585185903,0.0,3.387032732060131,-2.5817843995282557,-0.2992139806090568,0.0,0.8477208509860663,-2.1688897748215235,-0.06434135053057562,0.0,2.3860572602484504,-3.076973559486395,-0.37497271257555814,0.0,2.704354835791323,-2.4954069728859967,-0.5458113126222149,0.0,2.457221503439379,-1.746783760839577,-0.5519828503109034,0.0,0.7848348865885725,-2.165708775241708,-0.25393752515611856,0.0,3.1181133177543456,-3.7773569240841534,-0.7642913329896767,0.0,2.9677989643632467,-2.5074481093294545,-0.7305635969060249,0.0,2.415331539181989,-1.5241585424405257,-0.61494021121146,0.0,0.7814286829901592,-2.0072738842652815,-0.4921400650118056,0.0,5.371146983453635,-6.138979199110682,-2.112610314948304,0.0,3.5486160999422784,-2.7605424386066106,-1.2039388084570983,0.0,2.5092421461646257,-1.428169844765866,-0.7956971464560797,0.0,0.6569207945757113,-1.2901882960337987,-0.6259408497374784,0.0,2.2106442591621787,-2.3451092338809185,-1.336272260792298,0.0,3.3607404680877653,-2.657180609483832,-1.6467676252649723,0.0,2.990933016556348,-1.8753571130757514,-1.2931111998889941,0.0
0.0,0.0,0.0,0.0,0.43007528504413434,-0.21520513584221776,0.15969843334158323,0.0,0.9512842473074922,-0.5772022861180369,0.22759441130259717,0.0,1.4166440658724075,-0.7609290944436454,0.16072835483264616,0.0,1.6548975044273733,-0.8104998150096867,0.06066860049547511,0.0,0.9743143068461657,-2.6598643732152376,0.5806802848476608,0.0,2.042251862537245,-4.038188831792894,0.5611132454831462,0.0,2.537647674302522,-3.589941898649958,0.31450646821322203,0.0,2.394514767894804,-2.6348931744877286,0.13280105410954032,0.0,0.8447201720107091,-2.888218916708508,0.2099571317859663,0.0,1.2733715892307609,-3.1641385319645843,0.06855040921261278,0.0,1.7689394897262787,-2.9802747982882485,-0.0583710401264443,0.0,2.100404987095704,-2.6560900643550984,-0.14142297954646602,0.0,0.7747449467084694,-2.7251953184399054,-0.186912711505189,0.0,1.1984467818152904,-3.1725397739899637,-0.23143610382631308,0.0,1.7913484234868446,-3.1335763440209607,-0.2885839126942547,0.0,2.187519530073292,-2.8488100716596216,-0.3321533934544136,0.0,0.8155610432191863,-2.293227171292295,-0.530399263534616,0.0,1.569636088043556,-3.6734187213824736,-0.6965797531208481,0.0,2.1407693203236753,-3.79401151468966,-0.6810172535528645,0.0,2.479634879658306,-3.5155170932946285,-0.6447123787505689,0.0
0.0,0.0,0.0,0.0,0.5184510911067002,-0.3844014690885923,0.08921638761948028,0.0,1.9222797799259481,-1.743939924574743,0.13417828068101764,0.0,4.98198004619371,-4.496134810150011,-0.017573208203852803,0.0,3.62965902545658,-2.996897497425218,-0.1921628959727407,0.0,0.7927389784420583,-2.185142978204387,0.032146102486032765,0.0,2.3171027181451707,-3.1644975671499087,-0.20344087274934602,0.0,2.7095057243137837,-2.6183962144697714,-0.4001881264096417,0.0,2.4655440282120407,-1.8241258456544853,-0.4356005416264987,0.0,0.7563724978041422,-2.2042161741458046,-0.14014326686700693,0.0,2.982132389354155,-3.8101766253321547,-0.5042879691532777,0.0,2.987455499502734,-2.6514617402682314,-0.5590673183634095,0.0,2.449124858993112,-1.624087016000149,-0.4950310832538575,0.0,0.8178820767668544,-2.1510563115239445,-0.3690861411258392,0.0,5.620258671618057,-6.631127174869672,-1.6682701498930748,0.0,3.63923456121051,-2.951316381102233,-0.9621336195189659,0.0,2.576707175910602,-1.5486201940838629,-0.6496857829115154,0.0,0.7655664434605176,-1.5054905680523172,-0.5474561793632049,0.0,2.745349866678821,-2.910892031599594,-1.2435367802797785,0.0,3.6489443340256664,-2.8646125325051717,-1.340356177412671,0.0,2.971570177140792,-1.8359714525121222,-0.9692639446444969,0.0
0.0,0.0,0.0,0.0,0.42057716513504956,-0.2014405601840519,0.1451030661628295,0.0,0.9364456052310888,-0.5604388644819801,0.19863723511332082,0.0,1.4062981765194602,-0.7542403978551033,0.12218926703483299,0.0,1.6408718407950538,-0.797870326242349,0.018251595624618047,0.0,0.9880087711236605,-2.67418476986153,0.5502150396388249,0.0,1.908661369036537,-3.9295189049945254,0.4759240207060213,0.0,2.4177074681841795,-3.580639052123585,0.24411825258956044,0.0,2.3558018665829774,-2.729231520691553,0.08205263007223193,0.0,0.8570801787801247,-2.9038324463499148,0.18601859132514573,0.0,1.2760461766057365,-3.1920275032758862,0.03519526448201502,0.0,1.758423284397343,-2.983914841659693,-0.09582626385318403,0.0,2.0771264120236395,-2.6555131780552577,-0.1786486021489726,0.0,0.7830146751420196,-2.7507974219953573,-0.20754004677984061,0.0,1.2083685444010168,-3.2109655417388465,-0.26266806849206215,0.0,1.8007173248024047,-3.1520783733413547,-0.32303115783190495,0.0,2.187884128159645,-2.8484087397317817,-0.3648516849800323,0.0,0.8117001913164977,-2.32066136552399,-0.5483952399398065,0.0,1.5899827809529536,-3.740860571108847,-0.738949194958454,0.0,2.1697130411725043,-3.8462502176685365,-0.729673912850369,0.0,2.504304344915435,-3.541654240452734,-0.6922936117196262,0.0
0.0,0.0,0.0,0.0,0.5406384421098318,-0.3680061026158584,0.09304839614036911,0.0,2.09521931613454,-1.865861011015841,0.15791003810322912,0.0,5.178654384793439,-4.574198935854689,0.027526766946875003,0.0,3.4827305797239623,-2.752313926359595,-0.1428081424517597,0.0,0.8636467259736266,-2.2446149191026628,0.05863124212815736,0.0,2.3962486333698463,-3.2401814807984546,-0.14225615230863858,0.0,2.7901491475377322,-2.7084544274950977,-0.3459817966225268,0.0,2.5223315216776694,-1.8991454705083604,-0.3981927447704323,0.0,0.8379237208261636,-2.2732747041479184,-0.11853868075928861,0.0,3.224320875074594,-4.087264756035106,-0.4661431891277839,0.0,3.1452047267307583,-2.819285033153982,-0.5300171946874968,0.0,2.536706276423985,-1.7263607048985732,-0.47703501202800885,0.0,0.9171234084447203,-2.2110550830552973,-0.35214840952301985,0.0,5.950984391352494,-6.998182621467223,-1.5901180247092561,0.0,3.8684402060921643,-3.2332472161849544,-0.9270900621830556,0.0,2.7279022311686227,-1.736294175084033,-0.6289740931320709,0.0,0.8560858949100905,-1.5029404248057707,-0.5281460810723838,0.0,3.042548404221601,-3.1711043948403796,-1.229811498207392,0.0,4.177345654455871,-3.353486902889048,-1.3653057073281447,0.0,3.297107306150615,-2.155612163690705,-0.9581728499168685,0.0
0.0,0.0,0.0,0.0,0.42252529181642406,-0.1939740225871911,0.1441693894839163,0.0,0.9111953139590435,-0.5125758503185085,0.19267066716134018,0.0,1.3385809297653652,-0.6647478955944158,0.11850109826262022,0.0,1.5959588506577536,-0.7437576463777706,0.021758530502392816,0.0,0.9754868199843109,-2.6919348408341226,0.5431754676382897,0.0,1.962810011147522,-3.9512170334360652,0.4771669346915081,0.0,2.3555339527606,-3.41322527319773,0.2394477157774597,0.0,2.256505609277281,-2.578317583067915,0.09065570854077638,0.0,0.8138432762288519,-2.8465146310380063,0.18534304738830337,0.0,1.2536182804451357,-3.1499173029945697,0.043655197688842566,0.0,1.7350681998758,-2.963419404621995,-0.0799517497283325,0.0,2.0695982994753184,-2.6764231871611552,-0.15770234797686256,0.0,0.747666432605208,-2.682340785228228,-0.1854253257710186,0.0,1.2065657428016359,-3.1961317959330167,-0.2425439124631407,0.0,1.7797913358536657,-3.1178117158349554,-0.29477827772269055,0.0,2.1651713890746342,-2.831201271502877,-0.3295371991032916,0.0,0.7975816153259557,-2.25065169445766,-0.5113378635153645,0.0,1.6803478493153132,-3.8656123596922862,-0.7354599836466901,0.0,2.2279642217318623,-3.89083786689615,-0.7033959393652096,0.0,2.484728214805339,-3.486556560000213,-0.6363232687609791,0.0
0.0,0.0,0.0,0.0,0.5548710538644321,-0.4263076739485206,0.09776133193881047,0.0,2.0163507418128392,-1.9263798823644838,0.1486456147376986,0.0,4.199425031760109,-3.9881328101401903,-0.008344394974199419,0.0,3.2246815173306085,-2.784494670595113,-0.17591197934275424,0.0,0.8380016829802618,-2.312596185176829,0.016067456965606006,0.0,2.2635421520519303,-3.2664590649487484,-0.24488752753757725,0.0,2.679688137137818,-2.769885514433979,-0.45543926935638407,0.0,2.4351747479968173,-1.9472721545456175,-0.48673075491487355,0.0,0.7901795986441711,-2.3398049117225534,-0.185782341026509,0.0,3.0502771433326674,-4.171375534056569,-0.6529596553430194,0.0,3.0306295141720745,-2.8898224230894263,-0.6918643102528611,0.0,2.4377687906990704,-1.7384836130166783,-0.5852734679943362,0.0,0.8273960059691775,-2.224701573684888,-0.44654207238953897,0.0,5.0756785638280135,-6.577757594835846,-1.8597620092914737,0.0,3.6403562052898497,-3.2597003713923955,-1.1584517794274565,0.0,2.5653038808028334,-1.7016480690204652,-0.760461040771812,0.0,0.7250278788736828,-1.4428301708336906,-0.6056769906733256,0.0,2.4176854962092227,-2.915589614478313,-1.3394696464220563,0.0,3.669499055709588,-3.374242860803562,-1.6460973534367325,0.0,3.1008206944276555,-2.2825725913913164,-1.2255962421790192,0.0
0.0,0.0,0.0,0.0,0.42522885302930535,-0.19648554283147815,0.14147705960393187,0.0,0.9411128246956904,-0.5326934588422255,0.1848722882436967,0.0,1.3999077428439959,-0.688500928790611,0.10470403149264335,0.0,1.6579454673572134,-0.7495068309873145,0.002998774580901954,0.0,0.9617040194303681,-2.5730949795729288,0.45501507668466645,0.0,3.0109848421908407,-4.847445682172592,0.48746658655258385,0.0,2.9748559743249636,-3.1935961672797375,0.12431470243633369,0.0,2.3182723619885137,-1.8312709321196654,-0.021079472239033125,0.0,0.7813193579957166,-2.7101737022715673,0.10247533269331702,0.0,1.232495485461315,-2.9801738714608104,-0.03360405833351335,0.0,1.7254158390532746,-2.8129353706718327,-0.1379567673867864,0.0,2.0460001401597636,-2.51684838712984,-0.2021054051025727,0.0,0.6874512317972284,-2.5354588340172493,-0.24843027200818746,0.0,1.0847546590776258,-2.8999560325437486,-0.3045283013090505,0.0,1.6738522734244576,-2.9041509141440374,-0.36522697253573266,0.0,2.0815011708953266,-2.6787608089430917,-0.3981358854845366,0.0,0.7611171891901523,-2.2220649670020522,-0.5711495553129509,0.0,1.4277207142208492,-3.376528861076729,-0.747782150344964,0.0,1.9718256650926684,-3.5006109775812,-0.7428568144828255,0.0,2.3365646881986044,-3.3099803500331313,-0.7081170467638945,0.0
0.0,0.0,0.0,0.0,0.5675240978314646,-0.4079778202684588,0.11404524194145589,0.0,1.9284216136737464,-1.6837489625263373,0.15894421364761052,0.0,3.7871777485307883,-3.1772463058172664,-0.01673025163131617,0.0,3.1026438214328524,-2.3088326788958797,-0.20137574302786357,0.0,0.8525194569705726,-2.271722733024251,0.017290049502669172,0.0,2.2164909037350333,-3.1735202684163606,-0.23997550555482822,0.0,2.715067365993277,-2.767178740614454,-0.4670030040283317,0.0,2.476077185884,-1.9370502185824425,-0.5041980297629938,0.0,0.809010424383966,-2.3041583942585278,-0.21355904467622636,0.0,2.9821050352549285,-4.032676974463228,-0.6772706165563462,0.0,2.958894726677955,-2.8093580778617304,-0.7156405659902623,0.0,2.4227282376426595,-1.7319589854674906,-0.6192615044634445,0.0,0.8393210197189982,-2.1409376364511767,-0.4996527307283112,0.0,4.581491744116158,-5.91972024999131,-1.7923669947052525,0.0,3.6121271725687945,-3.277181720281106,-1.2137457618303948,0.0,2.6222778313044346,-1.7973483102590244,-0.822298908912688,0.0,0.7343477656849086,-1.352722611062822,-0.6620383312606744,0.0,2.4085024379156743,-2.87593576893712,-1.4198457495779966,0.0,3.8294585408970425,-3.549323821532328,-1.7953102603605247,0.0,3.261674295201976,-2.440429514256159,-1.339410415018877,0.0
0.0,0.0,0.0,0.0,0.4381587863665986,-0.21099730059653204,0.13299841722837505,0.0,0.973597394368807,-0.572433360859136,0.15808102175374597,0.0,1.4645790070106393,-0.7671389905419623,0.055020936969197194,0.0,1.639487869896374,-0.7480851221609892,-0.059395997144818524,0.0,0.8989025383456969,-2.6226393865747246,0.4126042026549643,0.0,1.722129012554412,-3.6772532471199177,0.26882530710000024,0.0,2.2550997058780236,-3.4060010167099386,0.07284477218590962,0.0,2.293093128261911,-2.679046991325363,-0.045785373057201,0.0,0.7316765790529093,-2.699701877549687,0.06588199220448142,0.0,1.2522306943494592,-3.113152823383767,-0.07344989248542522,0.0,1.8153714800769098,-2.9966767980586475,-0.19416707926484011,0.0,2.154815150440352,-2.6573998179985074,-0.2688104933074939,0.0,0.6950934528806038,-2.544763810712796,-0.2873245014654475,0.0,1.264884150632789,-3.2514290667053176,-0.35858400976457805,0.0,1.9120620879724652,-3.220032852040592,-0.40091319643293455,0.0,2.2912278904664216,-2.8682228724651404,-0.4229661398546541,0.0,0.7574050299099513,-2.1009842150158162,-0.5974913067532402,0.0,1.7403469894942512,-3.922892398912058,-0.9142593285771451,0.0,2.351521203275108,-4.062383617039871,-0.88796497901868,0.0,2.59195903767862,-3.659187609313307,-0.8029844417911471,0.0
0.0,0.0,0.0,0.0,0.5754033813615801,-0.4908546787872663,0.10316134815473418,0.0,1.8700109495155637,-1.8878014652311323,0.09975159524676382,0.0,3.3116971644353623,-3.2039423606533726,-0.1313136618241753,0.0,2.782828885145603,-2.3824113824182356,-0.2944670761800686,0.0,0.7522637529810313,-2.3238907407274763,-0.06631983897405959,0.0,2.0622489958073564,-3.2368930991690905,-0.4146860178266643,0.0,2.4953669489867156,-2.7595449199280053,-0.6351411510875734,0.0,2.2933712524638596,-1.9423060745478486,-0.6348742494947486,0.0,0.6720407921472435,-2.3293249656464448,-0.3066974566649677,0.0,2.881779986677854,-4.305170156295987,-0.9867843158116792,0.0,2.818033409753141,-2.8847428678219287,-0.93457431660655,0.0,2.2952237328648883,-1.7380478166726168,-0.7580469289249742,0.0,0.6374029501883687,-2.0617913789615763,-0.5865347086456041,0.0,4.072318827756993,-5.936119209140209,-2.2015434579182283,0.0,3.412514532812764,-3.390909133638457,-1.5013237663227286,0.0,2.4824247372156822,-1.8301544902069502,-0.9812765286926409,0.0,0.5066748851013454,-1.231633727226449,-0.6987457750350597,0.0,1.7608648411007037,-2.5327141409995333,-1.452226141404677,0.0,3.177251228211263,-3.497941833342413,-2.021605169289732,0.0,3.0493627341941787,-2.699020091589287,-1.6569185063186784,0.0
0.0,0.0,0.0,0.0,0.42869698553641117,-0.20208235277675674,0.10354943826928878,0.0,0.9844500064435989,-0.5641453432705945,0.10077319470112346,0.0,1.4791467698953225,-0.7515514825607068,-0.01956974396616227,0.0,1.6117811659927195,-0.7047302121518011,-0.1270348937821477,0.0,0.9190203690531143,-2.6940325868082255,0.36222305654460457,0.0,1.5442890345943037,-3.543956259845648,0.1749952838547269,0.0,2.141526904520309,-3.46390048094333,-0.019896700924675076,0.0,2.27971700177489,-2.855100118668559,-0.13749592970195643,0.0,0.7381538122657988,-2.727076378291882,0.03821442621527894,0.0,1.2424298297465675,-3.1644932716451613,-0.11029650108816377,0.0,1.8163667380601634,-3.0732338015003147,-0.24253673761654376,0.0,2.1325138934990138,-2.70500354375748,-0.32072740066975625,0.0,0.696279280278599,-2.5677567358031466,-0.2950744622285511,0.0,1.284373986850796,-3.349228463930995,-0.38774574703842013,0.0,1.9149070670710675,-3.306568234920142,-0.43131951834354043,0.0,2.278563068436185,-2.932148697039885,-0.4500481165838737,0.0,0.7551150681291537,-2.1196836203137486,-0.5945789910934927,0.0,1.9031066944463395,-4.2647553087674215,-0.989504876018799,0.0,2.45169442273772,-4.254784767162656,-0.9208222331968756,0.0,2.5721972271498883,-3.669540035308482,-0.7958898278536392,0.0
0.0,0.0,0.0,0.0,0.6109622913344815,-0.4319736758969413,0.13653143984639582,0.0,1.759429897649836,-1.5334894831033656,0.17287853836002318,0.0,3.039686184733868,-2.591568055200873,0.007455938665295529,0.0,2.8436031770980836,-2.180215374567583,-0.19869135866562296,0.0,0.8831630093843507,-2.291420528856683,-0.051062164095636554,0.0,2.346857542715592,-3.263093733938051,-0.39936068199721264,0.0,2.764219995681923,-2.774022029089272,-0.629982403085494,0.0,2.459097847564559,-1.9064612775494825,-0.629831979160117,0.0,0.8148906045719646,-2.3312260702019607,-0.32908945492578845,0.0,3.0848487959483943,-4.140253985606881,-0.9993053721653838,0.0,2.889520436776215,-2.7526258326402337,-0.9331363267922763,0.0,2.380455116315947,-1.7051748403125484,-0.7785419041452695,0.0,0.7753566067370431,-2.0599872463068163,-0.6457551150068687,0.0,3.9307014369603035,-5.217788531726126,-2.1121022970969183,0.0,3.2972088528974206,-3.082302393274933,-1.4792305883673045,0.0,2.497013602285535,-1.7694097432765719,-1.0163125093518708,0.0,0.5977965008531162,-1.1830329408744786,-0.7560292126458826,0.0,1.7450270091003672,-2.266552818030468,-1.4718686100376157,0.0,2.87524728008588,-2.969716062165881,-1.9358689617137064,0.0,2.8981196330498364,-2.4652214222511826,-1.6846962641498935,0.0
0.0,0.0,0.0,0.0,0.47254033298892584,-0.25110910553470844,0.14941740778184945,0.0,1.0917486812539843,-0.6642942203576763,0.1885671351266462,0.0,1.5814116040793627,-0.8238077182610071,0.07492570752269048,0.0,1.6614030694011448,-0.7294410608923537,-0.043372978909905276,0.0,0.9491591487114251,-2.5919188338165147,0.49933904732826195,0.0,1.6744648488586789,-3.574566846257494,0.37140498688359247,0.0,2.2407561526796838,-3.46295522370432,0.18263854256295026,0.0,2.3428237690104154,-2.8196484579775953,0.03852646770554246,0.0,0.7823043249085468,-2.709053906245073,0.1324267840979496,0.0,1.2840460113642498,-3.171359345869828,-0.026420230621209816,0.0,1.8537837829401156,-3.0957805557465683,-0.1654129131450684,0.0,2.2080348563729473,-2.746626183686255,-0.2519325496551079,0.0,0.7091437812349767,-2.502717370138357,-0.24928120674904247,0.0,1.2787411389929575,-3.2889437402573054,-0.3417565586273761,0.0,1.9329200624932323,-3.3113332046881165,-0.392376544010779,0.0,2.3236624410459417,-2.960688770974356,-0.41531605813025474,0.0,0.72803545232768,-1.9964532335534986,-0.5665258566020616,0.0,1.7267601249507667,-3.8364076715241358,-0.8998645709651164,0.0,2.3215411690840493,-4.00177341289975,-0.8816446586736022,0.0,2.5108581798101,-3.5422360920452722,-0.7853040804480036,0.0
0.0,0.0,0.0,0.0,0.5586939706609081,-0.49572302791514206,0.12826269673080165,0.0,1.5978110754615569,-1.7550410034843875,0.15080253091602333,0.0,2.76225974831344,-3.0078450895747335,-0.030946082533296004,0.0,2.6436848777096715,-2.6039036578683477,-0.23728975961793972,0.0,0.7245015339083586,-2.3913833137187495,-0.09595645996350281,0.0,2.0547384502071266,-3.3928388951236004,-0.48972462877697226,0.0,2.449164841635458,-2.870153764501823,-0.690381309728012,0.0,2.245137950916692,-2.0246655847087203,-0.6684601871572922,0.0,0.6394567553228186,-2.411919643474293,-0.380535481491202,0.0,2.8124253522826357,-4.459284142543057,-1.1610143541337694,0.0,2.699623402234661,-2.9308374711177394,-1.0213080707143447,0.0,2.2299270394242603,-1.7935151195966956,-0.8112125765810165,0.0,0.5784641310079525,-2.056690316944474,-0.6856176376440734,0.0,3.4586773355024434,-5.427784113354857,-2.2714057222771897,0.0,3.0360706562181576,-3.23556042500865,-1.5678514819639684,0.0,2.330516461544148,-1.8567609710253778,-1.0528208140027147,0.0,0.43327934660517337,-1.151618383814507,-0.7617807018464764,0.0,1.4525330127105995,-2.3603415047744787,-1.51787717452891,0.0,2.5419211196603237,-3.1827505079240512,-2.0197054303709847,0.0,2.6310903946614443,-2.6703913559852825,-1.7510405830984843,0.0
0.0,0.0,0.0,0.0,0.44947428807670825,-0.23034825071601395,0.1352570716939293,0.0,1.043780666258316,-0.6326081842094406,0.17471218653966736,0.0,1.534179059415002,-0.8033937065495179,0.07496593641483516,0.0,1.6530773237995433,-0.7398582674029041,-0.03347528260686978,0.0,0.934934221551044,-2.5785621741467883,0.49427805039644424,0.0,1.7535565088642904,-3.701067771944639,0.3835849663524312,0.0,2.2699900492713185,-3.4811538460776874,0.1761436585149658,0.0,2.301799288746686,-2.7658565332904517,0.029843575032315217,0.0,0.7611101891993115,-2.700099779260399,0.1408505477358762,0.0,1.2960197957470247,-3.2051299588616096,-0.01922059671964714,0.0,1.8642799018545908,-3.1109183840751466,-0.1657229854416772,0.0,2.187837373114747,-2.7261073052511735,-0.25255041056081967,0.0,0.6920402004832161,-2.5265040903029856,-0.2282567018993609,0.0,1.284245751930697,-3.3105519722688457,-0.33192738307431924,0.0,1.9157697618264269,-3.270128979720371,-0.39254662889594305,0.0,2.2596855480092204,-2.867864170828162,-0.415605983809729,0.0,0.724474454266372,-2.0802617094232927,-0.5486006301626717,0.0,1.6903004869674898,-3.8488994687110774,-0.8521889645235798,0.0,2.2482294397182194,-3.924232758030278,-0.8300253788647224,0.0,2.4337802206122263,-3.4529103617295958,-0.7435717465938652,0.0
0.0,0.0,0.0,0.0,0.5729380970418925,-0.4049061535738542,0.15977459953066095,0.0,1.5453829208990464,-1.3284697753273553,0.19764556536248823,0.0,2.5772957148301905,-2.1143153996157436,0.048502591567848925,0.0,2.567194162377668,-1.8501848097857414,-0.16339150778262557,0.0,0.9115014685119577,-2.3354114682619582,-0.11675272805642133,0.0,2.2543381759241976,-3.2065220429734618,-0.4841361269987979,0.0,2.6429492731476074,-2.7349643918438677,-0.6831038208162442,0.0,2.41841883051629,-1.94709036193561,-0.6779222868817237,0.0,0.8415392289023259,-2.387364111992098,-0.4473477559758785,0.0,2.8890357206058344,-4.031063069984644,-1.1423719717454575,0.0,2.748038269479968,-2.7289510217564357,-1.0169830770215131,0.0,2.3385575636028526,-1.7522137100678639,-0.8560662924661157,0.0,0.7545216397655625,-2.00301400637193,-0.7783710179368193,0.0,3.3888898707634163,-4.6715669729870255,-2.176729758896964,0.0,3.1259099391945773,-3.035031288398304,-1.6189650640232043,0.0,2.448555414589254,-1.818914547296529,-1.1398603636576121,0.0,0.5486749732411806,-1.0913734351611146,-0.8403525442373933,0.0,1.5083955995555394,-2.0243861666992817,-1.523996710854646,0.0,2.4469460609716758,-2.6431586815274097,-1.951831138627653,0.0,2.593873981929663,-2.3410241739734157,-1.7773573797403408,0.0
0.0,0.0,0.0,0.0,0.45904034170961067,-0.24418400704250667,0.16679263571923753,0.0,1.0578942857683789,-0.668166567535149,0.24510068086433062,0.0,1.564188796564423,-0.8621184773820888,0.1662343838902826,0.0,1.6685526418423784,-0.7744405538117425,0.052130796831310465,0.0,0.9032118945403889,-2.5472884156405096,0.5962051445701193,0.0,1.756071107376071,-3.700334745112738,0.5532504840997061,0.0,2.2746987645904415,-3.4811053678715145,0.3550898651165976,0.0,2.3162072921734262,-2.775766738645994,0.18889140926434117,0.0,0.7634597989613735,-2.7158370087761843,0.2323131059489992,0.0,1.3034639862720518,-3.2279313350455174,0.08857168155042813,0.0,1.8476411328484843,-3.1042366497929867,-0.04864831358507106,0.0,2.1850248558838405,-2.742152375202872,-0.13449258567959121,0.0,0.7178059125113312,-2.563878641809956,-0.15914658927840938,0.0,1.2784882107272804,-3.296146874482361,-0.23354218236856575,0.0,1.888823802471667,-3.249608464443071,-0.2850404831838673,0.0,2.2581628884065994,-2.898353921360315,-0.3160764670315659,0.0,0.7613992370321321,-2.102966515878007,-0.49718119420394863,0.0,1.6944117125068554,-3.8108848718629202,-0.7374898995496187,0.0,2.2379523129136034,-3.880778340558825,-0.7083339752957785,0.0,2.4599994380838948,-3.462379660858898,-0.6425793855229066,0.0
0.0,0.0,0.0,0.0,0.5717032035905069,-0.4686614496982398,0.17310264754823965,0.0,1.5746526547817128,-1.5722342177389275,0.24507813047885502,0.0,2.6663098981659092,-2.561006463473066,0.10877959607031956,0.0,2.5715539577053725,-2.175184425464813,-0.11169295035698394,0.0,0.8204381950846152,-2.4100556761644856,-0.03547538121616652,0.0,2.0782094708450654,-3.261895144907543,-0.33880076477579185,0.0,2.511806328978029,-2.848492259512694,-0.5437206907803214,0.0,2.354349840736625,-2.068534236038747,-0.5719242261374416,0.0,0.7395233669421014,-2.4642585362506386,-0.35638424271047714,0.0,2.8386069775430145,-4.3419763223630605,-0.9956241539323271,0.0,2.7779988444911594,-2.9520772811829437,-0.9246342647129966,0.0,2.307170263062402,-1.8166754060307901,-0.7638413585483491,0.0,0.6552523828819014,-2.0853753159721595,-0.6898473460561094,0.0,3.338953971755418,-5.067859335436805,-2.0149750870117558,0.0,3.084041990610842,-3.199456352250732,-1.4772573155610245,0.0,2.372725287967547,-1.8492389734592225,-1.0135301007862831,0.0,0.4670444745632016,-1.1422056956738413,-0.7706094896421076,0.0,1.426551288373003,-2.233786565191397,-1.42391700823248,0.0,2.4481169001580265,-3.009052249498425,-1.8689076938817908,0.0,2.634530700359977,-2.6707149514044652,-1.7035575689592806,0.0
0.0,0.0,0.0,0.0,0.4518607775401818,-0.23653058516426267,0.1533224430684093,0.0,1.0401298659185778,-0.6471240290165738,0.21602201313170658,0.0,1.540881715552152,-0.8307825392301122,0.13090118882620472,0.0,1.6628499481520613,-0.7566253392555631,0.018891913161007835,0.0,0.935594982607845,-2.547511795623381,0.5413596824810091,0.0,1.987469701951788,-3.9410742494411357,0.505106880182459,0.0,2.387742930566023,-3.482355471086465,0.2718951296298253,0.0,2.332280357268555,-2.6709678536757075,0.11521257031922137,0.0,0.7826427065766827,-2.7103781205820807,0.18184735407448638,0.0,1.3155824201271193,-3.200932901415508,0.03408504627842462,0.0,1.8387286334787736,-3.05476054628766,-0.09141869715528715,0.0,2.181147911637981,-2.7051218972294366,-0.1651192911721437,0.0,0.7315575231847987,-2.5569844655956726,-0.19775566990901533,0.0,1.2644965497089853,-3.2329022264828318,-0.2736089099173337,0.0,1.854807796613161,-3.185054432079315,-0.319810543497638,0.0,2.2419359878984593,-2.880490685686934,-0.346324473340858,0.0,0.7807282661643499,-2.1280047922633183,-0.5287744763693645,0.0,1.6724568863403229,-3.7622798081787097,-0.7665272012171428,0.0,2.2211796149359615,-3.867117676988523,-0.7419677015501952,0.0,2.508862173828724,-3.543505488861114,-0.6857254828731322,0.0
0.0,0.0,0.0,0.0,0.5935496482682686,-0.4642672385310935,0.21232777127286181,0.0,1.5534628638692893,-1.5120800252867772,0.33683023302787773,0.0,2.6127064896965706,-2.5192326488342087,0.25421321555290977,0.0,2.622091841159319,-2.249557706076601,0.015661900260230312,0.0,0.8211252397924673,-2.3691362164520413,0.051741702514151625,0.0,2.134522871501182,-3.309826179285862,-0.19987263753821463,0.0,2.6494416169064485,-2.9436103616612486,-0.4247574432502444,0.0,2.4330365190767393,-2.0819436786637073,-0.4742860705254106,0.0,0.7619791491518841,-2.4567214585450854,-0.2838120036620521,0.0,2.9725661136994876,-4.397019241176339,-0.8497689505145032,0.0,2.8130216993856387,-2.9337543649710796,-0.8030505188752198,0.0,2.3241323350416323,-1.7990181688216837,-0.6801926733856204,0.0,0.7023512693420002,-2.132673602387077,-0.6447121433846045,0.0,3.468238936642605,-5.064261324776734,-1.8673087851864516,0.0,3.0805616775294205,-3.146966777969365,-1.3437812495314616,0.0,2.382754669919084,-1.8445503760351247,-0.9400361894819068,0.0,0.5234649704223207,-1.2188320706244427,-0.7685791853929909,0.0,1.496010798127454,-2.2553549968112923,-1.3710601892727676,0.0,2.4206632497927694,-2.870291397438643,-1.717491601496085,0.0,2.5391323822318377,-2.4689268924595305,-1.5353465723558295,0.0
0.0,0.0,0.0,0.0,0.4403601624869609,-0.21285056388886883,0.15128462345139593,0.0,1.0041583528222908,-0.5983740924266324,0.21104990397425796,0.0,1.4941192487289288,-0.7804822407638908,0.12932595528968344,0.0,1.6562362299692412,-0.7521203904333684,0.021114869009796228,0.0,0.9561577194402433,-2.5990692516871325,0.5474190676316677,0.0,1.8675087204989191,-3.805853815116989,0.4836210464859974,0.0,2.342880953817357,-3.47819167936133,0.26753334884347457,0.0,2.3532138773851305,-2.743887706245785,0.11621113041098081,0.0,0.8043605488053204,-2.748203039100386,0.19017579631269085,0.0,1.3343147841824932,-3.197663286751048,0.049461600684003536,0.0,1.8596999964911791,-3.042429527684245,-0.08101566201921362,0.0,2.216363664894158,-2.7242266201263075,-0.16365356015076357,0.0,0.7544281043086329,-2.603949301737273,-0.18316857576454743,0.0,1.2789895205669757,-3.2178969521317686,-0.24245433338930167,0.0,1.870812949481761,-3.1679306594789614,-0.292751027947667,0.0,2.292200557029268,-2.9166097398332043,-0.33428445031293325,0.0,0.8136769669329325,-2.197029925412296,-0.5144942988365044,0.0,1.7704227684591605,-3.8786506739788353,-0.7325896457637854,0.0,2.3288365022863378,-3.924082828412716,-0.6930024256013451,0.0,2.612782826500837,-3.575326934271394,-0.6390368590477483,0.0
0.0,0.0,0.0,0.0,0.5887002772613035,-0.496433143804822,0.2238793032914659,0.0,1.9030595277099156,-1.9141945482277267,0.482549744860344,0.0,3.7392536996966217,-3.615815312780081,0.5410225794928485,0.0,3.1035679859288083,-2.6178559364354492,0.20566969744752303,0.0,0.8166333852371032,-2.397572210310826,0.264575784409341,0.0,2.116562267642817,-3.2758969380699843,0.21893961743073298,0.0,2.709563929531072,-2.9893332607815837,0.01668698986799725,0.0,2.5393768367853995,-2.1718376650606754,-0.11900768876332696,0.0,0.8061657735535934,-2.505439566879246,-0.000911457355883134,0.0,3.0769677929927752,-4.452715550336429,-0.12557729732041725,0.0,3.03577012466315,-3.110094938853811,-0.29270286500463977,0.0,2.4554044683286507,-1.8916427674010035,-0.33208494004061484,0.0,0.8546473023826299,-2.4008841370513765,-0.3232596126679845,0.0,4.660380162098938,-6.477782804070808,-1.0553710189867485,0.0,3.5624635536166824,-3.523528459337577,-0.7381501308692753,0.0,2.602174899609486,-1.9703388999241163,-0.5417410199895248,0.0,0.736828044009105,-1.5744343806791148,-0.5471212421155691,0.0,2.2985339350031717,-3.1547153184422845,-1.0103109134160937,0.0,3.838034144303102,-4.186431645805841,-1.2821593796268205,0.0,3.481920054507531,-3.167266004409185,-1.0135806340955875,0.0
0.0,0.0,0.0,0.0,0.4360979339752187,-0.22441696385441315,0.14250383661429808,0.0,0.9884194690986577,-0.6033250713716103,0.17926578861773612,0.0,1.4756950195818346,-0.7823041345228251,0.0783914239483015,0.0,1.640645780969421,-0.7532503754366392,-0.03638465191895232,0.0,0.8541115640385941,-2.55051443263321,0.48239951522066005,0.0,1.8293830208596704,-3.8126186155875432,0.412683907573067,0.0,2.303073749647117,-3.4410406713938193,0.20599110631561252,0.0,2.305335288088967,-2.6828247444255644,0.06906433457431792,0.0,0.6988923276142206,-2.648988886115426,0.1389460665315746,0.0,1.2850389677588223,-3.1698130878023054,0.008906983465904884,0.0,1.8539600215086858,-3.069268044435223,-0.10856139583838055,0.0,2.2076103986386593,-2.722915072628284,-0.1806070572580857,0.0,0.6753885289038472,-2.5273816831444282,-0.21483223372575017,0.0,1.2480353996203564,-3.2167487364140523,-0.2700101473251922,0.0,1.858394299050302,-3.1921240723779767,-0.3003309307628331,0.0,2.270238253681686,-2.924507144056898,-0.3255564475413553,0.0,0.7712408132866105,-2.1498898637956847,-0.5403155571933353,0.0,1.8004240006408816,-3.9876503403225976,-0.7930999043064051,0.0,2.367599880031524,-4.046833815903776,-0.7305800567170095,0.0,2.5957213379606054,-3.6467853190935626,-0.6465473335188687,0.0
0.0,0.0,0.0,0.0,0.6174257433485392,-0.49803422697558397,0.21556745219984902,0.0,1.8861536075918819,-1.7952556302237295,0.4076878870962669,0.0,3.457733791755156,-3.1574624077743842,0.35601071889409314,0.0,2.9398526611841613,-2.3454676426055197,0.06381682196252994,0.0,0.8477452422333881,-2.360455123305088,0.2048439459048681,0.0,2.189588788013429,-3.255159655072842,0.09168255937128553,0.0,2.7622035888270235,-2.9295260218307213,-0.14132535606155092,0.0,2.543217096618261,-2.0822540332163255,-0.26002064436352923,0.0,0.8270654572614412,-2.4776286347529037,-0.07482292492688211,0.0,3.051032078917044,-4.358274717943147,-0.33248311926496565,0.0,3.0463007911851783,-3.0787094146276046,-0.46935945786788963,0.0,2.4656176337344458,-1.8594781538382672,-0.464050078400413,0.0,0.8411520524659655,-2.3503605343267315,-0.4161975459968838,0.0,4.235327962183141,-5.908809477321828,-1.3345477918145412,0.0,3.55964963518181,-3.502766287094348,-0.9906161824075225,0.0,2.6012345842507676,-1.939105438148516,-0.7042317658536116,0.0,0.6844492277631267,-1.4993663762580418,-0.6269355764050959,0.0,1.9917633768782523,-2.727576906135316,-1.137800941001877,0.0,3.2642952435733457,-3.507640849626868,-1.4537636980697375,0.0,3.1460090964813108,-2.7937585011357426,-1.2309788503829897,0.0
0.0,0.0,0.0,0.0,0.46021911992002473,-0.26205024641547514,0.15627316509593628,0.0,1.093827343167657,-0.7050136004427269,0.21644220715421608,0.0,1.6133605355548934,-0.8844833734280391,0.11510163125800967,0.0,1.6743795039929168,-0.7648453541637047,-0.002211851034867421,0.0,0.9311165095174961,-2.6029128388900613,0.5891900718339055,0.0,1.7950522589394267,-3.7567228849547787,0.5292866407675197,0.0,2.3521867403190915,-3.567167898406975,0.32719692300362463,0.0,2.3985388365214564,-2.8397004641642343,0.16307531083986285,0.0,0.7700730338445113,-2.7259084278038763,0.23210332102402415,0.0,1.3205900232932792,-3.25538973324726,0.08885891144839708,0.0,1.895325238211388,-3.166352566433352,-0.047301556575359636,0.0,2.2462984356034905,-2.7969360493876017,-0.1310273109449382,0.0,0.7045405215175218,-2.5507094309906297,-0.14412337760369884,0.0,1.2677256010843077,-3.304679889194675,-0.21325792641804647,0.0,1.9129914491528823,-3.332513506683973,-0.26039835814538903,0.0,2.343009689967025,-3.0537661106465577,-0.29129792813368716,0.0,0.7545194451618349,-2.1289320780773795,-0.47702338842828973,0.0,1.7121786564180077,-3.8980703036217412,-0.6925593965397322,0.0,2.324131420102035,-4.04135172065398,-0.6568340336072082,0.0,2.590633019612863,-3.6344746756266675,-0.5851899030040063,0.0
0.0,0.0,0.0,0.0,0.6659300769252565,-0.5062053973044326,0.22694081361959742,0.0,2.0338003776309317,-1.771692480406119,0.42488315359973733,0.0,3.474642587337795,-2.8300038968747105,0.3402401829601419,0.0,2.8651191208360016,-2.02092478592189,0.05501103197941416,0.0,0.8563556490285965,-2.2573935975722503,0.2070257961554871,0.0,2.2527905861989694,-3.153449254215546,0.11204761997746768,0.0,2.8620832055377043,-2.844789210756596,-0.1204741469099492,0.0,2.611824505041006,-1.9913078055054036,-0.24555205589073975,0.0,0.8573741726973025,-2.378698868157657,-0.06729016358411677,0.0,3.2078084166164973,-4.280214457339896,-0.3133754227197495,0.0,3.1588025780106967,-2.986353663049847,-0.45548138608071437,0.0,2.5316864887391075,-1.7887489707323747,-0.4588075838750571,0.0,0.9021256184354502,-2.272371557022664,-0.4086298643043497,0.0,4.521485457558362,-5.832140046309808,-1.3229683669366714,0.0,3.7547713081876735,-3.460646254308117,-0.9873544361203156,0.0,2.728168153044518,-1.9211565306984613,-0.711500420833232,0.0,0.755466979836493,-1.4506730311439795,-0.6278640342306792,0.0,2.1146476413955333,-2.6294682444644963,-1.1298028521528098,0.0,3.380968759384371,-3.339777027824012,-1.4277452648547715,0.0,3.228687405578425,-2.644103797364646,-1.2102317275308638,0.0
0.0,0.0,0.0,0.0,0.4545466249587924,-0.21471640986920687,0.16385356197946233,0.0,1.045942391169271,-0.6079100368421875,0.2430361193389408,0.0,1.5336885696175167,-0.7806591974564786,0.17110176227583482,0.0,1.6594777184983163,-0.7262803555722025,0.06549610580515969,0.0,0.9922492889397546,-2.5976039590539566,0.6231800308651085,0.0,1.9003000390748468,-3.78932299632672,0.5993048931705581,0.0,2.354829754848395,-3.4709632810326725,0.39025713383059674,0.0,2.357270303689617,-2.7574837903039553,0.22412924670003373,0.0,0.8111619901819429,-2.732275899132429,0.24769683133649675,0.0,1.3984219404097482,-3.2783668182440864,0.12889648015535393,0.0,1.9370381806460606,-3.1294355981017485,0.0042799120932650245,0.0,2.26273418976247,-2.754552150593036,-0.07543057138931034,0.0,0.7423227460978419,-2.5684340534577124,-0.13979923337023029,0.0,1.326578310192838,-3.2797286178472502,-0.19312278086068493,0.0,1.9250085846957983,-3.231182861948379,-0.231973106027658,0.0,2.3138294179028733,-2.9228645120090535,-0.26277462259402523,0.0,0.7906837443265844,-2.16695388495431,-0.4806345298011415,0.0,1.6724141039743683,-3.6974150822147185,-0.6515118174046372,0.0,2.2078839746244014,-3.7671479944496125,-0.6138804856611345,0.0,2.4857488338904847,-3.430069052006084,-0.5629911058422762,0.0
0.0,0.0,0.0,0.0,0.6623985379122296,-0.45533815758653035,0.2150477171897053,0.0,2.0349741534625867,-1.726786983056371,0.415744099117655,0.0,3.451548192670628,-2.769762816408185,0.3494643546166243,0.0,2.896487810976568,-1.9943339974042293,0.0770525387519318,0.0,0.9168708976096877,-2.244695905585503,0.17813902910592688,0.0,2.374725876389438,-3.1126941852358434,0.06877791091282716,0.0,2.879764837271963,-2.7248684446783358,-0.15057881349530394,0.0,2.605597797403633,-1.9025917751405024,-0.2623310652005995,0.0,0.9106143949910962,-2.352745856927836,-0.09886679583554482,0.0,3.408607232812315,-4.259781432409343,-0.39840079650123933,0.0,3.196612179071131,-2.867398057994299,-0.5018153187909649,0.0,2.5350887567838862,-1.7053534322962927,-0.4811933680323487,0.0,0.9350394178155818,-2.193505227182404,-0.43961374786317264,0.0,4.76537927279549,-5.777009723618833,-1.4721717822827043,0.0,3.736640273317145,-3.264265846114454,-1.0434717966470908,0.0,2.699787184327647,-1.8062760971762992,-0.7414157748849302,0.0,0.7440522101734902,-1.3283126058198735,-0.6316443085549114,0.0,2.0171977386093563,-2.4111909028178653,-1.1363126282420328,0.0,3.230032835909356,-3.114108227285783,-1.4694011497639001,0.0,3.1912426198189014,-2.572454262685784,-1.294534199094559,0.0
0.0,0.0,0.0,0.0,0.43950277490372486,-0.23773651026096743,0.1465807471346187,0.0,1.0357254126116664,-0.6524521674509873,0.20202202597635407,0.0,1.535805458824301,-0.8241308344696481,0.11145791450235311,0.0,1.6697137193130822,-0.7618931521085878,0.0002774133992847652,0.0,0.912839793978669,-2.552989705032321,0.5089038470450777,0.0,1.980966158907194,-3.90166362214078,0.462705823670817,0.0,2.4393666728777457,-3.4952120720837345,0.24630447492333662,0.0,2.3909297292920497,-2.679945401647832,0.09650077184311223,0.0,0.7486087078600934,-2.6700485551924764,0.15865637738258773,0.0,1.3633520489584163,-3.218761824110375,0.015001171679693899,0.0,1.9214271492149448,-3.0768293676856815,-0.1146754942748545,0.0,2.2507066724181892,-2.681200107286925,-0.18999819488043246,0.0,0.6980140885445787,-2.523718961125676,-0.2014407824602183,0.0,1.2618716802151078,-3.183575123084688,-0.2712313385483165,0.0,1.8841901109537325,-3.1698604530740817,-0.3236853923461181,0.0,2.2952716655721455,-2.8766631245223713,-0.35693987741115263,0.0,0.7631209198365763,-2.1511486452321065,-0.525818540247182,0.0,1.6762956124760588,-3.7671375550020714,-0.7445208355372034,0.0,2.2585703163100233,-3.895230489350011,-0.723491480652897,0.0,2.587797722651856,-3.608177621390456,-0.6780178459141305,0.0
0.0,0.0,0.0,0.0,0.6077717137097856,-0.4657319692734597,0.21886133167248198,0.0,1.841275853868772,-1.7366002948528476,0.4210177461204419,0.0,3.3354605937933566,-3.0180539660694667,0.3916616255121383,0.0,2.9155377545716523,-2.2873227054461656,0.10636492858051107,0.0,0.8530872227652387,-2.3172089849037825,0.17625256286580113,0.0,2.2537140582268655,-3.2370690971712355,0.05441914413809601,0.0,2.7675893412017025,-2.8358025239909033,-0.15836749877540576,0.0,2.5308673489003604,-1.9899949361329625,-0.25884774301112606,0.0,0.8329397506373565,-2.418652552000909,-0.10942433399461123,0.0,3.2075147596747406,-4.3848700447552,-0.40855921705823267,0.0,3.081334178779408,-2.9612118775313316,-0.49144644621039807,0.0,2.4628401727588725,-1.7669452858984371,-0.4615124567122268,0.0,0.8359469851195451,-2.2337683585256114,-0.4497259530868866,0.0,4.245749314780565,-5.64425572358783,-1.4042323381972643,0.0,3.491745187236439,-3.2473237069776606,-0.9954650356968062,0.0,2.5689083574633713,-1.8006464152445303,-0.7014763387353179,0.0,0.659539887558006,-1.363220744736028,-0.6337555326620979,0.0,1.9459853262127074,-2.622572788133594,-1.168228855447377,0.0,3.2193312174209745,-3.394876856482438,-1.4977310103042962,0.0,3.1232341998791084,-2.7097457657173694,-1.2656786193091423,0.0
0.0,0.0,0.0,0.0,0.4351727846980553,-0.23813650771201603,0.16757852784452937,0.0,1.0083461698160279,-0.6512836345090429,0.24523369534965636,0.0,1.4927467463830097,-0.8145450851699108,0.16902781612586668,0.0,1.6591510814722652,-0.7775411652746477,0.059388539307869054,0.0,0.8198608759915823,-2.4512777570082553,0.5362572510881781,0.0,1.9504300364189253,-3.9110737674941447,0.5414944041162046,0.0,2.47827698096747,-3.551492179962025,0.32087079693796794,0.0,2.402418420762795,-2.67936597249,0.15163577860655694,0.0,0.6968457169422331,-2.616025657178258,0.18594381299527873,0.0,1.332173499984756,-3.22337697609968,0.047940146465688956,0.0,1.896145246610942,-3.0718084401284322,-0.08424262754809692,0.0,2.221926923201196,-2.678578147410658,-0.16248094964038617,0.0,0.6790706796614578,-2.5185700882981563,-0.18543651187164112,0.0,1.2289550467699781,-3.1414146556939775,-0.2470024714567294,0.0,1.8403849348458607,-3.1108310826471905,-0.30081957854595975,0.0,2.242725313974828,-2.8316326726355987,-0.33741927428787194,0.0,0.7908858546578721,-2.199588831801686,-0.529343403157946,0.0,1.6625975466345966,-3.7006083653926476,-0.7131524965310162,0.0,2.2077897748197235,-3.733241893583115,-0.6785731693815766,0.0,2.4904842909289653,-3.398031000064238,-0.6276651141312514,0.0
0.0,0.0,0.0,0.0,0.7166953281178602,-0.45711039952298044,0.20354259240887296,0.0,2.163526998711159,-1.7164737167176534,0.3804101021259957,0.0,3.6400141260400893,-2.7840674958562177,0.29500709118030644,0.0,3.0272873793920474,-1.9854589935172524,0.030469028241391628,0.0,0.9541167535429951,-2.2008352274195295,0.15287294996401488,0.0,2.402878461653952,-3.000079708288637,0.02507856476488703,0.0,2.9125843099076003,-2.6103061910302157,-0.19893788327543802,0.0,2.6283512196482546,-1.819296058354955,-0.30216507287925776,0.0,0.9413688619545912,-2.2952524110842907,-0.10825693555264745,0.0,3.5494296680224258,-4.182552660369036,-0.44393123993005856,0.0,3.2705462716018565,-2.7416385452392493,-0.5365833520406494,0.0,2.5664241723344636,-1.601350605454457,-0.5015539236280442,0.0,0.9645583810019412,-2.152415521147377,-0.4331751417285669,0.0,5.302393432864608,-6.006323974780018,-1.619522573606422,0.0,3.871792311898791,-3.1374793346503096,-1.0750312817911565,0.0,2.7461215808045703,-1.6901511687081328,-0.7490117126288628,0.0,0.7714746626671649,-1.325481465784084,-0.6253774444671997,0.0,2.048948160257484,-2.3152599749029315,-1.135121664332942,0.0,3.300534249410825,-3.0171132973514863,-1.4962854328236341,0.0,3.31726641661085,-2.5405407471996657,-1.3439618355609033,0.0
0.0,0.0,0.0,0.0,0.4480961416290315,-0.23695916868038464,0.17974523822456165,0.0,1.0032697118087666,-0.6427538539144656,0.2724134282744493,0.0,1.4829221122114815,-0.8116729372911325,0.20775601628472048,0.0,1.6400967277855643,-0.7558642672776571,0.09920112596929445,0.0,0.9171449517850295,-2.564664748570114,0.631497222822841,0.0,1.837149699488314,-3.726292290308415,0.6181913127982498,0.0,2.3677292311526035,-3.4788747987358546,0.41633425080278813,0.0,2.370900623700426,-2.72938831599262,0.23688317667491354,0.0,0.7871131177708164,-2.7529706627454202,0.2628841810030121,0.0,1.3900260898964856,-3.2740160988571256,0.13619116192829958,0.0,1.9370190941211505,-3.1255590781441205,0.00107540518314662,0.0,2.2589410869674893,-2.7420461593686247,-0.08849190193759464,0.0,0.7343249917991618,-2.6155004529720345,-0.132295129747751,0.0,1.3102483697142877,-3.24740136825444,-0.18409527783776447,0.0,1.8900442179544017,-3.1676270115824594,-0.23614232624331,0.0,2.254086636120853,-2.8497540936778525,-0.2782043965465291,0.0,0.7974354493166472,-2.231903161878161,-0.4823623796924597,0.0,1.703903924061341,-3.7353599390673735,-0.6526428952774829,0.0,2.243283524796501,-3.7583645003936232,-0.619510850681642,0.0,2.4723554180161935,-3.347968516063181,-0.5654792543152526,0.0
0.0,0.0,0.0,0.0,0.6674694512520413,-0.46595728704125705,0.20736998577078072,0.0,2.0106402155892655,-1.7056596576477947,0.37752568925090707,0.0,3.3955028016176962,-2.7549870338986864,0.28912251421435115,0.0,2.9217070154587397,-2.0565892432858366,0.02692874966526545,0.0,0.9185680124268867,-2.2304355643493743,0.1402763384195917,0.0,2.37420749637397,-3.1128073481657497,-0.010794915352080813,0.0,2.8281192600190184,-2.6561357638030256,-0.23778732632991761,0.0,2.5353448157434437,-1.8268778602888085,-0.3293647376178396,0.0,0.9059612478398098,-2.3319653246920087,-0.13995208801592118,0.0,3.4481059029103185,-4.29336314991859,-0.5212958135874252,0.0,3.1461612607008287,-2.762295684272917,-0.5854578273807236,0.0,2.4638616494494645,-1.598549556352443,-0.5316424979638799,0.0,0.8992685264318541,-2.1247277187272156,-0.4767239067453881,0.0,4.816915364080297,-5.801000859078282,-1.66468282048639,0.0,3.6581081559959765,-3.1023016480204246,-1.1215044360743136,0.0,2.606895919463611,-1.6612018452547423,-0.7767964980825297,0.0,0.6813553023606617,-1.2535045522591983,-0.6440498489132805,0.0,1.861896319179729,-2.2829461667833773,-1.1618303959322853,0.0,3.124305184379521,-3.058697675066897,-1.5598885569462455,0.0,3.1492385997523877,-2.5586959557806392,-1.396937388927757,0.0
0.0,0.0,0.0,0.0,0.4169692610710974,-0.20378102611289234,0.15344043564640916,0.0,0.9374101469836801,-0.5788009545293644,0.22218705323586846,0.0,1.414005688319826,-0.7683519910740609,0.1552784755805143,0.0,1.64955993631803,-0.8001404524133244,0.05477199747260059,0.0,0.9334878436655524,-2.6171327618845477,0.5971445495440643,0.0,1.8969530434672233,-3.8331874216942254,0.5753537813137767,0.0,2.381961314044545,-3.4918237572855166,0.3538976507604745,0.0,2.3565086864744376,-2.7227537951584946,0.18189552883382762,0.0,0.7985179759069839,-2.7920567176070237,0.24501096159889643,0.0,1.3931892216925423,-3.2749858584724776,0.12205300203409532,0.0,1.9084501829129465,-3.078375162083056,-0.013685436216882707,0.0,2.2110606430636275,-2.694809483316627,-0.10342458566176668,0.0,0.7522298161500014,-2.68113584439936,-0.1300936116655474,0.0,1.3094954687218825,-3.243153497364392,-0.17682219145120998,0.0,1.8757691665968732,-3.1357367003075134,-0.2280442779640027,0.0,2.2405689179160264,-2.818563106144644,-0.27224213574010303,0.0,0.8287668528639635,-2.3399198368492957,-0.4754433431824192,0.0,1.7518737958976103,-3.8520529789722637,-0.6347236320743084,0.0,2.29496697149592,-3.839381033116404,-0.5942332880229236,0.0,2.545145861284,-3.4243107076652675,-0.5434573369986825,0.0
0.0,0.0,0.0,0.0,0.6058399651753088,-0.45873264646787254,0.1936766721300837,0.0,1.5834762807627936,-1.4788472876779475,0.2830313201708734,0.0,2.6239954284434654,-2.38400321961913,0.16515558271730718,0.0,2.6185359938105996,-2.1034817970475874,-0.06443786117380634,0.0,0.826441312198928,-2.283753650254562,-0.006718547112518899,0.0,2.170463469214642,-3.152617715164882,-0.30657140440982594,0.0,2.675937861656398,-2.760371000944319,-0.5347387991109261,0.0,2.4330307108797498,-1.9023412050223425,-0.5552807840136362,0.0,0.7319959251091399,-2.3321216543581134,-0.31826955308638893,0.0,3.0181668340928214,-4.220933222049482,-0.9941824093496914,0.0,2.9074563282801655,-2.7880695733151764,-0.9253968527123593,0.0,2.3402545175451746,-1.6248146487162778,-0.7444810606716076,0.0,0.6324885044237095,-2.013375338824374,-0.6524025751757911,0.0,3.4077828907388086,-4.76764595938325,-1.9920148511869402,0.0,3.107993023744951,-2.9143231002547765,-1.4668369747438823,0.0,2.3594898827790223,-1.6134759595765928,-0.9978268605933461,0.0,0.43527597606083024,-1.1491990256390496,-0.7638652164173787,0.0,1.4102940585658903,-2.12928007337143,-1.4102472583487944,0.0,2.374165056666833,-2.6856418270441,-1.8039291840581368,0.0,2.519825140800075,-2.265290063836497,-1.6176292675644728,0.0
0.0,0.0,0.0,0.0,0.4328334246316484,-0.21362671438562675,0.1731711047399797,0.0,0.9773237817978851,-0.6085903891289308,0.2702368892882463,0.0,1.477247958378721,-0.811299005608283,0.22490158182895717,0.0,1.6651819175173548,-0.7919463273395473,0.13002802461729382,0.0,0.948112542830913,-2.6026539456794495,0.622690551124176,0.0,1.8848484221503465,-3.7660542945048814,0.6076850293041626,0.0,2.3996582086988583,-3.463078667368066,0.40380712243957917,0.0,2.379557820549281,-2.693367467148232,0.2293944960790893,0.0,0.8084514130869621,-2.770957343409131,0.2600552048233348,0.0,1.4125534615254827,-3.2759106169087167,0.13810446412884547,0.0,1.9453786658684569,-3.079871360062474,0.002823681073899651,0.0,2.236716660230566,-2.6774955352076697,-0.08640159443310828,0.0,0.7556396851774277,-2.630205512849787,-0.12089644729810382,0.0,1.3141525011375756,-3.2373288626944734,-0.17559575876802996,0.0,1.9117668310454043,-3.1472718956296593,-0.23927919018522775,0.0,2.2583998121223403,-2.7902357719842468,-0.2859884342211258,0.0,0.8241288237803311,-2.265400299062521,-0.4611480628181424,0.0,1.7128569723044753,-3.7454475729018544,-0.626891340614599,0.0,2.2453481103996755,-3.7311054747621712,-0.60560682326074,0.0,2.4785821116697533,-3.3057714091712525,-0.5631878469662898,0.0
0.0,0.0,0.0,0.0,0.6732381825253254,-0.4318661198466049,0.1874089585162357,0.0,2.115244265021073,-1.695290985160714,0.35437298574538545,0.0,3.8004864875607707,-2.9460357521888154,0.2750200775790559,0.0,3.027993248580905,-2.0233714776492455,0.012031167237322525,0.0,0.9342076158628811,-2.227088636132957,0.16393610370214304,0.0,2.389670999721615,-3.072744888476857,0.04787903843579932,0.0,2.9433061716693483,-2.7172084152363003,-0.17991829996444053,0.0,2.6491192744975494,-1.8786578832471383,-0.28720145329662905,0.0,0.8955294554038834,-2.294214164856702,-0.08268822492113345,0.0,3.408392506032641,-4.163139128312826,-0.3837398047748346,0.0,3.302631396504018,-2.875805783861892,-0.5079940443727307,0.0,2.593929604662765,-1.6799587536273977,-0.4795714013799015,0.0,0.9193875555942346,-2.1937910968214753,-0.38665932382174123,0.0,5.130221214004988,-6.0327728769382905,-1.4637252975682866,0.0,3.8817556069263692,-3.2379764255172745,-1.0190179954401912,0.0,2.7258862067948337,-1.7041631033819802,-0.7038834024061886,0.0,0.7862017868644567,-1.454544173847994,-0.6036024123639481,0.0,2.3236705422632196,-2.664676388856291,-1.1646272204645483,0.0,3.5994760687712417,-3.2548261824780726,-1.4736626789582827,0.0,3.3262459366702473,-2.4606886287146432,-1.220586016624763,0.0
0.0,0.0,0.0,0.0,0.4259180074251885,-0.21290030457257816,0.16574009108954116,0.0,0.9515325910426234,-0.592235336320771,0.2530310477723665,0.0,1.4308181495930774,-0.7895766747905907,0.20448139534721252,0.0,1.6484733160951326,-0.8072051638591853,0.11407680249736107,0.0,0.9343497180641372,-2.6304537594477497,0.6213317736992688,0.0,1.81040523709291,-3.7534370425549533,0.5846328028814821,0.0,2.325832703630858,-3.4792569040277224,0.37492231072053717,0.0,2.331437942678553,-2.736955607020254,0.20383607865146025,0.0,0.7976340924783492,-2.8001708192619823,0.26537167113131754,0.0,1.3899455279359212,-3.2953517761753184,0.1394781964195823,0.0,1.9132892981287337,-3.0883724984327827,-0.0028703584725796837,0.0,2.2028157273239337,-2.6848573487856746,-0.09597665749413133,0.0,0.7485069187410583,-2.671261530528263,-0.1123387668148113,0.0,1.3113130875153272,-3.2789711758922495,-0.1674290798129707,0.0,1.8904847074819005,-3.161456597136209,-0.2303843964604601,0.0,2.230696412941535,-2.8006194697050106,-0.27725085528940396,0.0,0.8172311507432074,-2.309145263302737,-0.4531525121661915,0.0,1.7427713099765665,-3.8585610068648606,-0.6206960538974619,0.0,2.277876608404018,-3.81917406694963,-0.5902438334221185,0.0,2.4974854345588025,-3.35847333541294,-0.540565107281438,0.0
0.0,0.0,0.0,0.0,0.7007865628072836,-0.460969491336989,0.20625482692862349,0.0,2.1938297612128372,-1.757816473939137,0.4115934986693346,0.0,3.8480300286333198,-2.957747945220525,0.3590809591694077,0.0,3.097038028540062,-2.068990944542309,0.0784715318428835,0.0,0.9579400163641358,-2.2045355573940113,0.1984364013631153,0.0,2.3890360638673167,-3.019048438862218,0.10261773411223409,0.0,2.9336686375734247,-2.638081533693792,-0.11839896420637155,0.0,2.6289740170130957,-1.8052731117963206,-0.23158479228654966,0.0,0.9331074042183518,-2.2807818143010334,-0.057923432955861984,0.0,3.435299225701138,-4.107120349122508,-0.3073430473966713,0.0,3.307393915685744,-2.7871004169336975,-0.4425228807020986,0.0,2.5782332042697673,-1.6091105336967249,-0.43118328295460817,0.0,0.9585952118129236,-2.144950156915618,-0.37348723877999945,0.0,5.183111486958573,-5.925877096032667,-1.3753644898950668,0.0,3.893177183647023,-3.1511847231947385,-0.9546256005408584,0.0,2.732964205617329,-1.656202158050959,-0.6648736952498183,0.0,0.8007260915527373,-1.3654533688210124,-0.5868329589100003,0.0,2.288201496097805,-2.536134703752088,-1.1056969322064039,0.0,3.600874894670402,-3.1494852902001558,-1.4038026008427162,0.0,3.3396612201269376,-2.390011183390416,-1.1634741201931889,0.0
0.0,0.0,0.0,0.0,0.42117948843275094,-0.2002427543373153,0.16965100192855265,0.0,0.9408449844199966,-0.5752857038564214,0.26232254233308855,0.0,1.4168794741908324,-0.7701792860224367,0.21926384800849086,0.0,1.6384431752418604,-0.7985737243714996,0.13143479252367207,0.0,0.9016298971501584,-2.589442374296595,0.616157315568701,0.0,1.8935997260367488,-3.8627847614470094,0.6284371335055216,0.0,2.3807005278958377,-3.5119881056610187,0.41264217899121763,0.0,2.3477305655999756,-2.734306992017268,0.23703077289378333,0.0,0.7729651219549033,-2.754810653979376,0.26286375538857437,0.0,1.4129057247356474,-3.3076238746260485,0.16110738210328832,0.0,1.896227956670393,-3.0488885650166906,0.027162020859224176,0.0,2.1836156574175782,-2.664169268752458,-0.061572138326249096,0.0,0.7373974140360859,-2.6390541166578227,-0.10626403532104804,0.0,1.3161537547625006,-3.2608555993037815,-0.14224463336645374,0.0,1.876083779623328,-3.132353603315457,-0.19518883525418895,0.0,2.239833634798106,-2.8170832377422843,-0.2437606179231646,0.0,0.8294707937095679,-2.319613066870876,-0.4438254247802132,0.0,1.7344458494118251,-3.8214003006753323,-0.572165451553941,0.0,2.243557578443848,-3.767933689206594,-0.5257327150716945,0.0,2.4972182535861065,-3.375227317041698,-0.48351794965567035,0.0
0.0,0.0,0.0,0.0,0.6573114237077405,-0.47065055894028845,0.20391899611898054,0.0,2.1112793004494415,-1.7914229836447355,0.39668903114374177,0.0,3.759101234272366,-2.9876269062213816,0.32679638717527254,0.0,3.045354341816319,-2.0863632390695357,0.04742766333333186,0.0,0.8947769044103876,-2.201902529438712,0.17734739387015894,0.0,2.362946969099156,-3.0837630902173467,0.06888593526877569,0.0,2.861756715192164,-2.6533089737252955,-0.15305976979865626,0.0,2.560093442165983,-1.8165299892256028,-0.25669330096811477,0.0,0.8772874527844079,-2.283592423182004,-0.07938399401674684,0.0,3.346643774668406,-4.154016658565381,-0.3480162738436382,0.0,3.2013127427895003,-2.7925160978978307,-0.46400380763079546,0.0,2.50551788775497,-1.61405284690967,-0.4438331464349268,0.0,0.9041448653841032,-2.1461164630664613,-0.39531469902134736,0.0,5.007627853955057,-5.944232679664117,-1.4259861229074635,0.0,3.80670355253081,-3.1683285505594285,-0.9780207609217078,0.0,2.6697577397953993,-1.6582440288044087,-0.6744653888951647,0.0,0.7598694508776268,-1.362949744483513,-0.6021382670426758,0.0,2.1838983693513923,-2.512079750662107,-1.1143441179840161,0.0,3.5386449707744787,-3.208380170833493,-1.4357405418972677,0.0,3.3343180196105107,-2.4881092440617687,-1.2035101444849412,0.0
0.0,0.0,0.0,0.0,0.42029534306095206,-0.197724384529049,0.1658791294951813,0.0,0.9289244940020902,-0.5657736139807555,0.2506931513095215,0.0,1.3848242862770355,-0.7429889521390679,0.20087821404510686,0.0,1.6133384961141815,-0.783297704474138,0.11310084400844965,0.0,0.864720205241463,-2.593611270519852,0.5847566626301668,0.0,1.7611302031905043,-3.7539713475944345,0.558223758432597,0.0,2.296812723183341,-3.503879300053782,0.35961773664412844,0.0,2.3184659279874387,-2.779090932231768,0.19860143005777228,0.0,0.7388969137802428,-2.7313659244467914,0.23738734909343584,0.0,1.3860168204568122,-3.2983900758082867,0.1331209497596854,0.0,1.8919139296610716,-3.051443033519996,-0.0026722481820814943,0.0,2.1742447094551127,-2.644076833201012,-0.09123833960498363,0.0,0.7181339848922631,-2.624630886229924,-0.12352777780824149,0.0,1.323491218903027,-3.295108644679975,-0.15931022678188853,0.0,1.8856780754370943,-3.1443761766350042,-0.21045729438737718,0.0,2.2262400772676045,-2.793640506028605,-0.25466092878318713,0.0,0.8268766627491854,-2.307593620778613,-0.4586320714960968,0.0,1.7942078628755644,-3.934231538759833,-0.6015344799837239,0.0,2.284636475275452,-3.8227519262470393,-0.5390472107750683,0.0,2.4952926632889287,-3.3685000143600665,-0.4826452321203135,0.0
0.0,0.0,0.0,0.0,0.6351432188814924,-0.43423598082822185,0.16864710639158526,0.0,2.430608682375973,-1.9962244477806532,0.4115517808587017,0.0,5.380003427032165,-4.29764388261321,0.49308011070422464,0.0,3.5840470231210935,-2.5440319186503904,0.13752433741378833,0.0,0.9772468415834402,-2.227319792382901,0.2427331146055102,0.0,2.5028527021195046,-3.1164827141601332,0.21766221361288504,0.0,2.9973830746264007,-2.659143506010673,0.007383588325440604,0.0,2.6703407403896775,-1.8157243321242384,-0.12142811573586026,0.0,1.0005289702785056,-2.313652322733123,0.039246896774893805,0.0,3.526039783033038,-4.128071750472219,-0.018700887498807987,0.0,3.3905255851244447,-2.813064109715844,-0.21039266118017447,0.0,2.633841908582427,-1.6397454902402513,-0.2727106321460992,0.0,1.1297629093084942,-2.28873785996266,-0.22277376310589492,0.0,6.340766752330731,-6.930860579956815,-0.8945326851206249,0.0,4.128112234543058,-3.220774742672874,-0.6004901101465563,0.0,2.8349451680330313,-1.666988516083504,-0.4468874889227164,0.0,1.0407110849141148,-1.5484071584148698,-0.44775813819100996,0.0,3.2174372677635725,-3.185926755294504,-0.8855704597291597,0.0,4.928139982604771,-3.93671710904641,-1.0721325958317232,0.0,3.9250875944839807,-2.6247979575147995,-0.7760054298775858,0.0
0.0,0.0,0.0,0.0,0.4176334978117239,-0.1993421734704287,0.16234184123784043,0.0,0.9582413126317181,-0.6060923994709795,0.25345734599102665,0.0,1.4697811323868082,-0.8184210410241661,0.20571031086525143,0.0,1.6338989364890795,-0.761693098616689,0.1078863234794342,0.0,0.8461808312697724,-2.5013868974647444,0.5690455141055916,0.0,1.9624498559150854,-3.966312740565678,0.5990255070184902,0.0,2.4616044343505887,-3.5746040205204213,0.37613777715108637,0.0,2.3871696018212765,-2.707517489256545,0.20152984340547747,0.0,0.7262701263639806,-2.6686663910955017,0.22878125606724334,0.0,1.3794208811761446,-3.296605257951434,0.10865867163110052,0.0,1.9184883838041116,-3.1087596564550846,-0.01713028209218946,0.0,2.229014928992936,-2.7094325068317175,-0.09434226305358474,0.0,0.7085081788070926,-2.5868441372508473,-0.1322014436750233,0.0,1.2790358030612248,-3.217359755164654,-0.1899581093296957,0.0,1.8455955058644478,-3.1137510655942595,-0.24385901911341984,0.0,2.2158576454204475,-2.807865468639446,-0.28337677859324933,0.0,0.8305407893275447,-2.318931484819119,-0.47452274985504705,0.0,1.72722504615921,-3.7835394935313857,-0.6320104461365705,0.0,2.1721077313867108,-3.624153973144897,-0.5805778519512302,0.0,2.3591853198710773,-3.180652108113549,-0.5255712817936028,0.0
0.0,0.0,0.0,0.0,0.61614348573126,-0.4002246887769913,0.14171443156421953,0.0,1.9954475566768457,-1.702718362756244,0.2479925143464265,0.0,3.894384999320174,-3.2879072328710484,0.14313964841779692,0.0,3.211815794611092,-2.4041860272271096,-0.08469375231836235,0.0,0.9101839200395774,-2.2386990892128042,0.09364488493036231,0.0,2.4761828924142453,-3.312614375854902,-0.12832492669660914,0.0,2.8935490504244314,-2.761654064557224,-0.36913294560323967,0.0,2.527258342346667,-1.8398736115555436,-0.4220094606504638,0.0,0.8876720682596754,-2.3052666543669766,-0.14652516101620666,0.0,3.340245042749322,-4.29343081350793,-0.6042651526746271,0.0,3.1513323297410745,-2.819620645771278,-0.6615069615964961,0.0,2.456626454069991,-1.6150322408285198,-0.5644137519643947,0.0,0.9369368250513976,-2.178453161578549,-0.4498720962630289,0.0,4.747789649180356,-5.825648051209199,-1.6664737720207274,0.0,3.6118239641076406,-3.0832370977475687,-1.1197498635865797,0.0,2.583442435117494,-1.6362772411858544,-0.7550076960153833,0.0,0.7866607132958329,-1.3507348704975624,-0.6267493556954449,0.0,2.377838760728984,-2.7538973700731892,-1.320861587059324,0.0,3.811072410391203,-3.519211574763973,-1.7170295790708354,0.0,3.328945345569623,-2.5439777126210266,-1.324743420233726,0.0
0.0,0.0,0.0,0.0,0.41514418032834655,-0.19876261122594993,0.16154391920393388,0.0,0.9427112331821734,-0.5857942159888142,0.25158311476658324,0.0,1.4241384770037784,-0.7933868073049145,0.21149907625564973,0.0,1.6338811975689298,-0.8014414650160286,0.12679976067616372,0.0,0.8405404720186762,-2.5322127131632723,0.5532939912189292,0.0,1.8873290955352702,-3.9157004755941704,0.5564959462518041,0.0,2.4138967980380364,-3.573577621069915,0.34572496377057305,0.0,2.360496165359533,-2.732309585939769,0.17943730942772582,0.0,0.7123689640507455,-2.678624320397299,0.21267457606533463,0.0,1.3697716534091315,-3.2838311144977506,0.10240557596912826,0.0,1.8767415578979982,-3.053628988352757,-0.020992321602242466,0.0,2.163045361566437,-2.67079090629534,-0.0996811644074094,0.0,0.7032496947166603,-2.59500080344968,-0.14226546494253337,0.0,1.2865802826676374,-3.2246184132343205,-0.19806821222965296,0.0,1.846855648943417,-3.098153330270676,-0.2495480546653325,0.0,2.2056618799916423,-2.7907580633654168,-0.2896784899780473,0.0,0.8240392817387887,-2.307644359926931,-0.4761381939706809,0.0,1.7416989484699241,-3.8220041579950936,-0.6413964877180088,0.0,2.2280950244731526,-3.7242656988293676,-0.595257721115298,0.0,2.46221503916802,-3.3270905024021116,-0.5467146342633157,0.0
0.0,0.0,0.0,0.0,0.6445956900034582,-0.45926861152546233,0.1474315625019389,0.0,2.1947985842722164,-1.8690240961542244,0.27379362631080856,0.0,4.664022986926073,-3.862745451812201,0.17946242411603494,0.0,3.4576609861087864,-2.5273006373640916,-0.07577485613998401,0.0,0.9064502379349071,-2.225911627446953,0.14903849526543234,0.0,2.4553120205607613,-3.2338073602609327,0.008393909481875668,0.0,2.9602803882670314,-2.7641742345020304,-0.23635673693767514,0.0,2.595650557449954,-1.8380179344302137,-0.32335421283861976,0.0,0.9051824319356904,-2.305377915201324,-0.06886268386691997,0.0,3.3523419662626868,-4.219033987845261,-0.36258405430904844,0.0,3.2656170408038148,-2.8580627743690976,-0.49127809097595354,0.0,2.527604758407698,-1.62752799296006,-0.4533456240532322,0.0,1.0032645727847822,-2.2567007299041695,-0.35559149654300726,0.0,5.251282986286627,-6.259416326277025,-1.3720948902750447,0.0,3.8566973430360076,-3.213449475473689,-0.917818078258769,0.0,2.6902270824034784,-1.665532922961091,-0.6226528199748746,0.0,0.9005465609790344,-1.4831498589077825,-0.5661534037271214,0.0,2.736252329291962,-2.984131232694841,-1.1759312457214732,0.0,4.404095425940089,-3.854252474278085,-1.5157787097749256,0.0,3.705077693143088,-2.724750543370641,-1.1292309421365152,0.0
0.0,0.0,0.0,0.0,0.42930542281981166,-0.19550354369275436,0.19150662802552662,0.0,0.9267939770123296,-0.5445643369491253,0.30475153970936814,0.0,1.3850175730452832,-0.7399962282481327,0.2829478401529243,0.0,1.6019573908213482,-0.7724093258284239,0.2082170137618685,0.0,0.8927208655603898,-2.595668401991937,0.6797468337953668,0.0,1.6920070281371917,-3.6344601571345194,0.6649767267216103,0.0,2.2518232909122156,-3.453214517664536,0.4865851654908599,0.0,2.3170290500564272,-2.7809640491453456,0.31679984779993436,0.0,0.7632398902067481,-2.760209039063503,0.31118953138231686,0.0,1.3793793054946049,-3.2885566593634703,0.2104804478609588,0.0,1.9122176549230974,-3.0948461624923063,0.07630381945491166,0.0,2.2222749246312956,-2.721102758603424,-0.015092973987679429,0.0,0.7295938836270143,-2.6343550288017465,-0.07448066073799285,0.0,1.3091280074296385,-3.2664204603723324,-0.10489279285022642,0.0,1.8700769686478207,-3.137262628506396,-0.1581334115281725,0.0,2.2298870358885154,-2.826695061260913,-0.20639677343022875,0.0,0.8278983665903015,-2.2974581111276167,-0.4216719840854537,0.0,1.7333510329128592,-3.779935531916382,-0.5408650350529566,0.0,2.191639907520049,-3.643813297626986,-0.48950062997229626,0.0,2.3922722536140832,-3.2035240430287364,-0.44352649496523294,0.0
0.0,0.0,0.0,0.0,0.6472262737195863,-0.46611656316672234,0.15275329096465698,0.0,2.09334492680232,-1.8063240260705724,0.2554180382059704,0.0,3.826415905079254,-3.1717909105558806,0.10992530206192626,0.0,3.0375526466605627,-2.1935957276056834,-0.11367349045038885,0.0,0.8576161769702804,-2.217215139087281,0.10494750857595762,0.0,2.364758783571127,-3.2554959112666526,-0.10817149927955433,0.0,2.8423841741965084,-2.758897735829448,-0.3642793723969017,0.0,2.5014321264665456,-1.8371508094484215,-0.4267053383892419,0.0,0.8544169513084116,-2.3063570206928388,-0.1365209298352637,0.0,3.214474219726977,-4.262994496148734,-0.5688024597106385,0.0,3.1092835301435033,-2.8552778059010686,-0.6536806046088627,0.0,2.442736996199129,-1.6374859121812546,-0.5711525365676838,0.0,0.9167302626074975,-2.1948091932197915,-0.4475780332934569,0.0,4.756859229775287,-5.993957499468952,-1.6690058426468712,0.0,3.734330307389008,-3.2915988536797185,-1.149171209068139,0.0,2.6468474386869536,-1.7384814718216686,-0.7734302661877015,0.0,0.7739830271768161,-1.3667902254175308,-0.6326121995880446,0.0,2.2248278741581244,-2.6177153858759232,-1.2557364020542618,0.0,3.764250247007201,-3.5767472131541505,-1.7058670712718325,0.0,3.442280616092825,-2.738474245377849,-1.3742123836591835,0.0
0.0,0.0,0.0,0.0,0.42015662046104285,-0.19284707328818246,0.180924369370409,0.0,0.9159332355034405,-0.5405810109351528,0.2828643047549967,0.0,1.368147313931179,-0.7247941426323778,0.25218414915850734,0.0,1.5964172679980766,-0.7706124067758797,0.17611929551143415,0.0,0.8744028530776042,-2.6053071608019156,0.6495873092483299,0.0,1.7088726368730063,-3.689907471462185,0.6352040228842936,0.0,2.2627641953733475,-3.485836805899702,0.44749437781075707,0.0,2.3090432419658904,-2.788583543765375,0.2781284611713751,0.0,0.7476940090789024,-2.7587689291863704,0.2909187724448428,0.0,1.3629350540862977,-3.282841489728392,0.19112087864512978,0.0,1.8839685484649846,-3.078075038299662,0.05597178545363322,0.0,2.192104661909494,-2.7102235303909517,-0.03593553134518593,0.0,0.7216797921565969,-2.645176840573177,-0.08298102674262822,0.0,1.3047373473355552,-3.27664306067372,-0.11360096530647067,0.0,1.8621032589156727,-3.139403263646939,-0.16684148416513195,0.0,2.225991240923622,-2.834142726011781,-0.21588708617825672,0.0,0.8283333691332407,-2.3236204843518014,-0.4251178081319649,0.0,1.75787485713376,-3.8577855686955576,-0.5447207284161891,0.0,2.227114340741923,-3.7211130199082274,-0.4874087422516719,0.0,2.4381174692910847,-3.2817699055693517,-0.4394527802845924,0.0
0.0,0.0,0.0,0.0,0.7199169920624635,-0.4141350924724625,0.14957341450028866,0.0,2.5853941388886197,-1.9419194138090545,0.34685404059309927,0.0,5.527263539508242,-4.10224537569281,0.3506486740712455,0.0,3.567704592973242,-2.3015068363505904,0.05261223864295079,0.0,0.9580369467438028,-2.150407910422198,0.23041689685942263,0.0,2.5547795167571343,-3.0832742775413267,0.20153350313935214,0.0,3.1230229735420596,-2.6772999600317675,-0.03068024860811091,0.0,2.7584885917193382,-1.8198478959356987,-0.16916364954695515,0.0,0.9780514595494669,-2.230002359782141,0.046868975921030745,0.0,3.6041775312127657,-4.073786527623449,-0.04358384852762336,0.0,3.4923247769058583,-2.778389585239372,-0.24548042700853331,0.0,2.685920031222551,-1.5925545831580292,-0.297681066175114,0.0,1.134845436590803,-2.2597267387460254,-0.19896329567019116,0.0,6.861596786035998,-7.177220401606577,-0.9659364500525058,0.0,4.27008071268082,-3.191038412727083,-0.6296641210455153,0.0,2.911734824415554,-1.6424073698360122,-0.46157758314486586,0.0,1.1120434741573269,-1.6329584734046785,-0.4426048388077667,0.0,3.434416453583552,-3.272344283066229,-0.9381125413435064,0.0,5.023371492016583,-3.8792622798788416,-1.1328309245304988,0.0,4.05589486925883,-2.6533023659009047,-0.8411547604496601,0.0
0.0,0.0,0.0,0.0,0.4215483257737059,-0.1847383502426649,0.18422148978213965,0.0,0.9401252909404321,-0.5541165257741667,0.2930703174952208,0.0,1.4371570473120996,-0.7632704952879867,0.2615872383840695,0.0,1.6141540699642478,-0.7378983962427028,0.17019201042497015,0.0,0.8475706974964884,-2.528705093005341,0.6424353129655078,0.0,1.6497053609197514,-3.5605377971199603,0.6264691847371743,0.0,2.2516723401433825,-3.4348718595536973,0.4656114293105114,0.0,2.343766317241419,-2.7852888524356922,0.3050880554272027,0.0,0.7300591936241099,-2.6732444886319415,0.28651515700933533,0.0,1.3799906497092598,-3.27046279368788,0.19571810953582283,0.0,1.9578162790127356,-3.124233510389695,0.06980532505120088,0.0,2.276972520745697,-2.744917557455138,-0.018727467465124367,0.0,0.7259518031087049,-2.5858342107722896,-0.08709926278310555,0.0,1.3416932920551643,-3.2718684629730275,-0.11193003129536377,0.0,1.9194458314179834,-3.140574628348358,-0.1580333461582022,0.0,2.2752409303711203,-2.8138786404311964,-0.20192999720630123,0.0,0.8492179935264353,-2.275611254062519,-0.43561539932273446,0.0,1.7997136449921742,-3.817694540594737,-0.5559189557357084,0.0,2.2414771596238885,-3.6328261130348625,-0.49050062991510635,0.0,2.4182770122227555,-3.1689708997430728,-0.43927376351651953,0.0
0.0,0.0,0.0,0.0,0.6447436402384796,-0.4170250180828265,0.14554979011358601,0.0,2.408627694624386,-1.9415107712459707,0.348071507251813,0.0,6.358374679969509,-5.094745376951377,0.4496875670895339,0.0,3.9052588132750907,-2.796921643082941,0.08442230807463233,0.0,0.9544882473767916,-2.189859461131868,0.2565371467694882,0.0,2.540075122406889,-3.134307509978785,0.2365962635298435,0.0,3.115655975178865,-2.6841238224016886,-0.0005925927629925492,0.0,2.7161502622331404,-1.776327718767951,-0.1400802663956385,0.0,0.9558486935831114,-2.2579749807993315,0.07491675159105816,0.0,3.514678615620872,-4.07573637805646,0.02487939025494117,0.0,3.4803946240823715,-2.7959319108476057,-0.1944879998522134,0.0,2.6462609952396168,-1.5684752429100546,-0.2605075961165868,0.0,1.0755362213623547,-2.290143652611235,-0.15791069856219025,0.0,6.265569173588903,-6.812710535778556,-0.7410373537394103,0.0,4.193749075468674,-3.1699021337081708,-0.5392375931515513,0.0,2.8258764154467073,-1.5629094639257721,-0.3989491145695158,0.0,1.0641510121710034,-1.7291094760322603,-0.4044887639491826,0.0,3.8456276975581365,-3.8706282424681206,-0.9275097998760701,0.0,5.275800280304305,-4.100148325315438,-0.9972390879979335,0.0,3.7762331015798414,-2.3650453344285407,-0.6412562467542636,0.0
0.0,0.0,0.0,0.0,0.42131396842713675,-0.19017480698701397,0.16571642466510017,0.0,0.9433744700819243,-0.557605537632813,0.2534811860320709,0.0,1.4321500123158386,-0.7580864860463951,0.20688570314437812,0.0,1.6289183306959105,-0.7628635148131557,0.11677336393974092,0.0,0.827470183140794,-2.515538986108728,0.5852345510637231,0.0,1.7047152160024124,-3.6851496032986963,0.5644552257273806,0.0,2.306556802169546,-3.5228760321633423,0.37925341697749426,0.0,2.352707047890958,-2.8023247554090354,0.21618611546061856,0.0,0.7078148379252318,-2.6501677138580013,0.24664726900332937,0.0,1.3635294398170559,-3.2769286677307994,0.14305670169974435,0.0,1.930586739249173,-3.1256853744019533,0.0110321207948457,0.0,2.2461846056788097,-2.7471044484286358,-0.07843352744630049,0.0,0.7137902866738796,-2.591058953970414,-0.10948860398106909,0.0,1.32489973165843,-3.275763103307621,-0.14823759338139622,0.0,1.8909385305662676,-3.1386288520709376,-0.19643084723788537,0.0,2.2476902612413276,-2.8151089056225707,-0.23908078248002002,0.0,0.8523559815570964,-2.319382133972612,-0.4530415042349039,0.0,1.8444786660683319,-3.9430401127478807,-0.5982967136045675,0.0,2.2761137791325963,-3.7179951806368745,-0.5249817952457774,0.0,2.433272171163122,-3.2156459556983066,-0.46429262789471826,0.0
0.0,0.0,0.0,0.0,0.6235569339372014,-0.3847192027837244,0.14171114405639684,0.0,2.296000458617163,-1.7547086051405414,0.3169168375545166,0.0,5.326145941549422,-3.955136609249486,0.3265739684898626,0.0,3.620530613702785,-2.3999582922048575,0.03969598748641763,0.0,0.9121918082135518,-2.1242251909965915,0.23024771253104773,0.0,2.5105391184064976,-3.089656314055652,0.19107771396507184,0.0,3.0943084803810845,-2.668379819981873,-0.05409730075908514,0.0,2.6977668054186608,-1.7637189249717409,-0.18730088145661863,0.0,0.9297327119686456,-2.2056938897304037,0.04540783861596456,0.0,3.4248573589177598,-3.969566476069888,-0.06658022266158609,0.0,3.4385987306596513,-2.7697606894482933,-0.2836046295650576,0.0,2.6298514323754376,-1.5523135791926366,-0.32702080646483417,0.0,1.0720986198221134,-2.255110966336701,-0.19826057292602545,0.0,5.941371158058455,-6.451006128178775,-0.8995502473773878,0.0,4.161540357128349,-3.133862215388278,-0.6625146337541552,0.0,2.7993545331549075,-1.5296540155003169,-0.47587760711258853,0.0,1.0953656313764994,-1.720648785384246,-0.4575118986931306,0.0,3.631043649592773,-3.5653224551019007,-1.0276516507946096,0.0,4.869649992620898,-3.708815978380276,-1.1259618083355831,0.0,3.614539030461517,-2.2131261342024433,-0.7642571761256148,0.0
0.0,0.0,0.0,0.0,0.41598138762422743,-0.1894761727516355,0.16713912190294344,0.0,0.9303365803553236,-0.5577335509893807,0.261165906340467,0.0,1.4110067204603383,-0.75705304233703,0.22520952754144585,0.0,1.6090981781880986,-0.7513282432094766,0.14127044237831463,0.0,0.8361980026268072,-2.501235924348197,0.575324536009691,0.0,1.8979657610762257,-3.904821599628732,0.6041269625769073,0.0,2.446434429851249,-3.574143152227224,0.3923562817029543,0.0,2.3770376860422306,-2.7136731647040024,0.21434494869437784,0.0,0.715959760854924,-2.663179610885833,0.23552192768685637,0.0,1.3719552477023886,-3.27465099563032,0.13205200687197877,0.0,1.9149153728102641,-3.0823665908179065,0.005229456331241449,0.0,2.222524287330301,-2.6981557293349367,-0.07888329177265786,0.0,0.709431817405973,-2.595188192633256,-0.11909042040885068,0.0,1.2666474926539257,-3.1833739942393313,-0.16075742270221993,0.0,1.8374244128410906,-3.0798687688864383,-0.21573412949792253,0.0,2.2120273729089437,-2.788918954984285,-0.26198496432641744,0.0,0.842964771563968,-2.3484179919947312,-0.45746366528036697,0.0,1.7123547064178397,-3.7569693476466712,-0.585998706782573,0.0,2.171866386203078,-3.613539046780506,-0.5381982904501669,0.0,2.3898243509303536,-3.199183436141977,-0.4935830254243995,0.0
0.0,0.0,0.0,0.0,0.6120275998863101,-0.36659172036447724,0.1334277695515865,0.0,2.272206945447554,-1.6942993726570188,0.26576682023895604,0.0,4.311368018231377,-3.0241020819888207,0.1767391471570715,0.0,3.219885432522218,-1.9737166618354285,-0.034580779632936355,0.0,0.898496280944623,-2.094176529754647,0.13924484498755926,0.0,2.572566132447407,-3.1566214303633813,0.012193832892595584,0.0,3.036300201842316,-2.6456024740873225,-0.23673315520382085,0.0,2.620040084366179,-1.737640239599642,-0.3265244916152912,0.0,0.9503271792506848,-2.199216597355335,-0.06567781283242177,0.0,3.486212312859877,-4.03909943473,-0.34756797292620234,0.0,3.292857154290119,-2.689247026781061,-0.4873895230351409,0.0,2.5517169658612104,-1.5397686338988974,-0.46636679558499733,0.0,1.1173383320174781,-2.1953310835325617,-0.3490918913068009,0.0,5.859532702368228,-6.3124694562932575,-1.3958582661389614,0.0,4.010320068910289,-3.088088348191854,-0.9211848000362686,0.0,2.794231571285234,-1.6171176419012656,-0.6534265723653842,0.0,1.0470100664415762,-1.4580404510120746,-0.5698991939316306,0.0,2.9939810000821545,-2.8789172104236287,-1.1752128214083846,0.0,4.559313234788168,-3.6146074917950437,-1.5068061601223401,0.0,3.7799700943951016,-2.5370482172577318,-1.1559640836720444,0.0
0.0,0.0,0.0,0.0,0.42124681735911895,-0.20396470395716954,0.15799838021905954,0.0,0.9525126893413797,-0.5847580401904604,0.23605909574292408,0.0,1.4332916380257041,-0.7710366067566916,0.17901697957941048,0.0,1.6078391104417775,-0.7369046238607828,0.08265041447791306,0.0,0.8196794694305349,-2.4846174850015386,0.5339568370026175,0.0,1.9368969860765595,-3.9611361267825997,0.5505366249164201,0.0,2.4837966799612263,-3.611734765996919,0.3305328459871844,0.0,2.396137066755339,-2.7163813819985183,0.15827927062771216,0.0,0.6933480055611037,-2.6310861298068584,0.1985939704195524,0.0,1.3682576183055037,-3.281704826909596,0.08167697220250258,0.0,1.9094038686059895,-3.082586885939117,-0.04892507955871639,0.0,2.208266250218889,-2.6783117600235493,-0.13065062939236946,0.0,0.6818169694593298,-2.5593603507231926,-0.15141392236095189,0.0,1.2580914286122047,-3.1834705804174077,-0.20713703758126445,0.0,1.8346609935698135,-3.08192806453603,-0.2652121709172536,0.0,2.2018404966379266,-2.7722486547050442,-0.30790257313437397,0.0,0.8116470667688932,-2.3202290817966365,-0.4877646826253414,0.0,1.6911408243905748,-3.7623215572408966,-0.636711494872138,0.0,2.173327825229516,-3.6640423939413838,-0.5910520705416544,0.0,2.4090078880091514,-3.2726126760622285,-0.5434699688876854,0.0
0.0,0.0,0.0,0.0,0.6590313824788632,-0.3978511372147,0.1501636786792975,0.0,2.4645534144852923,-1.831225949334024,0.3437937131071844,0.0,5.2298932158292235,-3.7405329924592996,0.3402065100816409,0.0,3.419121349807772,-2.1146570482355918,0.05668197773145303,0.0,0.9249460438910388,-2.124490188672997,0.22963399762299969,0.0,2.4735031547511785,-3.038295548683702,0.19723301925904654,0.0,3.101722431577107,-2.651026755467881,-0.02543320353310198,0.0,2.728529418350786,-1.7564937147610806,-0.15298852998119375,0.0,0.9204827999889905,-2.178414922423864,0.048493011117584445,0.0,3.4014577917626605,-3.9485889047690015,-0.03135606288058963,0.0,3.5218957548774883,-2.819915230020023,-0.23279646993637784,0.0,2.6836830010903645,-1.5689991171296023,-0.28248260094491356,0.0,1.0390649261987508,-2.183500620424598,-0.18379561315742515,0.0,6.075050535541679,-6.5253968917408836,-0.8355502461748479,0.0,4.223660088166779,-3.131825528174674,-0.6067149399974395,0.0,2.821557824008079,-1.5060693931193878,-0.43289065129197213,0.0,1.0370408411579308,-1.6162554652727734,-0.4212657309594992,0.0,3.6976626974323206,-3.6266516623598597,-0.963304259132324,0.0,5.294006647815648,-4.020198462311265,-1.0915327360581786,0.0,3.7642113998916154,-2.2939190630777806,-0.6990781032078517,0.0
0.0,0.0,0.0,0.0,0.4168277479714159,-0.18831577099927463,0.15809049203244524,0.0,0.9240687211167223,-0.5472014029368311,0.23115764036303277,0.0,1.3860601982672134,-0.72128113454949,0.1734178242618433,0.0,1.5831049260820416,-0.7156646361306014,0.07959666971202022,0.0,0.8165594545935393,-2.510773201671847,0.5027700501321071,0.0,1.7147602668487076,-3.700525483264155,0.4513844850056561,0.0,2.308060713742451,-3.5196361994196192,0.26672282130289565,0.0,2.3483382111726128,-2.785976900207333,0.12066517324495016,0.0,0.7066528181579231,-2.6502927445293163,0.16557416860706062,0.0,1.3607575011325532,-3.2470526460747835,0.053064992542046024,0.0,1.9087389484124908,-3.052390260056229,-0.06991237563177995,0.0,2.2002375404724273,-2.647307371833181,-0.1489927433162875,0.0,0.7189926260413573,-2.588057259479256,-0.18857786834779564,0.0,1.322887105908022,-3.245813949239488,-0.23137223691692155,0.0,1.8823345631635742,-3.0931036069524938,-0.2733828188785774,0.0,2.2153531421134542,-2.7518015453693354,-0.3087595892864457,0.0,0.853041833989549,-2.2974876729733955,-0.5261729616326298,0.0,1.8183701311501712,-3.8968435120718907,-0.7003261386669788,0.0,2.275496722020862,-3.7365436628226183,-0.6298557311834285,0.0,2.4605959370281547,-3.2812876828972635,-0.5655603155509371,0.0
0.0,0.0,0.0,0.0,0.6136250260006609,-0.3985021462940967,0.13535546605208634,0.0,2.1693954409721474,-1.7419782139968523,0.2638138649120615,0.0,4.383920510994794,-3.3721231123067636,0.1846072262047675,0.0,3.279756023219068,-2.192649032166184,-0.039682494825710006,0.0,0.8697376246491175,-2.1655017172704216,0.1435835937666546,0.0,2.4457488790899276,-3.195472296824081,0.0021058748270060858,0.0,2.9401485041338855,-2.7039826843283463,-0.23858509552730287,0.0,2.5764493801943247,-1.7954907718026345,-0.3208995093746444,0.0,0.8674621888865252,-2.232507776963784,-0.0590969090256669,0.0,3.297616901820228,-4.080678033378441,-0.33573958064542936,0.0,3.251887030753633,-2.8076252665919066,-0.4706673991058714,0.0,2.530087083958243,-1.6101947266502752,-0.4422400364048669,0.0,0.9684029995852641,-2.207453204642584,-0.32600812833822906,0.0,5.303765121396647,-6.180567766132688,-1.314286240099468,0.0,3.9177635632459844,-3.1889200394597066,-0.9099780153987881,0.0,2.7187328658939096,-1.62475138552651,-0.6250213625141249,0.0,0.9115874523276248,-1.5367871280416936,-0.5476267095177875,0.0,2.9298362917791487,-3.1778578004038716,-1.1993735126585487,0.0,4.485995475137432,-3.8038713213255204,-1.4923331524100403,0.0,3.545506081297718,-2.4284996728230848,-1.0577505467488,0.0
0.0,0.0,0.0,0.0,0.4187791470895367,-0.19131005766726503,0.17838680296938586,0.0,0.9098875744594322,-0.541918071166546,0.27631206495264254,0.0,1.3656269913574797,-0.7160294930922653,0.24003270706321217,0.0,1.5840997230872862,-0.7241837912773315,0.15405167423727223,0.0,0.8648990469599911,-2.5320808958712195,0.6026624395316107,0.0,1.9300533515377691,-3.875232415389908,0.6418480079326098,0.0,2.4656501068471823,-3.543017389235229,0.427672365050107,0.0,2.380767212069093,-2.689910337814425,0.2397344716726367,0.0,0.7596770477154141,-2.7324759113625543,0.24785513976859477,0.0,1.416257130831341,-3.29629356969791,0.1419398988574991,0.0,1.9286111913891777,-3.062094516643243,0.012413224116657715,0.0,2.2120414320988417,-2.659382921316064,-0.07194347942423174,0.0,0.7411565083287377,-2.64141013385663,-0.12924221756001059,0.0,1.3086105842975597,-3.2107970446088934,-0.17071600469270776,0.0,1.8483332940807515,-3.06443603761943,-0.22245158679778806,0.0,2.1980319919724987,-2.7532039757545905,-0.2657783753989869,0.0,0.8489564573952986,-2.3278708470928717,-0.4772559637161148,0.0,1.7132105815443737,-3.697615580782324,-0.6116008937687631,0.0,2.130465825729511,-3.5238176106870287,-0.5545660868489394,0.0,2.3189694389777253,-3.1063715797029228,-0.5042424728778766,0.0
0.0,0.0,0.0,0.0,0.6283087309774069,-0.38736123578075715,0.13907806240543708,0.0,2.337346227193499,-1.7791776246783286,0.29412011024760987,0.0,4.761669714425641,-3.484031078906137,0.22532442051131038,0.0,3.2087152275947637,-2.0427263629625028,-0.01451760296807299,0.0,0.9089333953458286,-2.172370889775489,0.20986096901491114,0.0,2.378989430745321,-3.090735212161322,0.13849250259477322,0.0,2.9890434000092707,-2.7198440133325854,-0.09984199199185073,0.0,2.6518355665991593,-1.825358265319793,-0.21980714766148668,0.0,0.8943797059751305,-2.2251322462911394,0.018346775808736147,0.0,3.321577094081811,-4.048274419199219,-0.12778386478394982,0.0,3.3896746023887125,-2.878681027840734,-0.3234934874161953,0.0,2.6153808952669046,-1.6378275986606934,-0.35067813803183223,0.0,0.9963526124942894,-2.215441274559178,-0.22739094609397395,0.0,5.78227153015118,-6.576876441275149,-0.9999630148013127,0.0,4.226741157464436,-3.3644359561521537,-0.7238845100891614,0.0,2.8415849250970098,-1.6578524091791558,-0.5044359747807451,0.0,0.967553643450801,-1.6016428389649688,-0.4630486687820568,0.0,3.3656499319398363,-3.5111934671377734,-1.0375394342874555,0.0,5.1461507007908125,-4.181700189015008,-1.249834766755199,0.0,3.740924579149119,-2.4400725261309266,-0.8114459342074817,0.0
0.0,0.0,0.0,0.0,0.41523480399616547,-0.20520785323952523,0.16795276584173904,0.0,0.9194448662781283,-0.5907079220932807,0.2594186556683934,0.0,1.3768482527874273,-0.7780402726482372,0.21650876470741307,0.0,1.5758901362960152,-0.7749601078194394,0.13061407542841472,0.0,0.8048943462272824,-2.5895274833594932,0.5595725514629035,0.0,1.671357780133808,-3.717584452049889,0.5159527453301922,0.0,2.2710304875939307,-3.5517210431707635,0.33131206690069054,0.0,2.3317419514835485,-2.8269558522598923,0.17593994143560757,0.0,0.6853421553899482,-2.724080296474511,0.2142016365651673,0.0,1.3321035373873946,-3.2978440318304063,0.0978757489821537,0.0,1.871180328194644,-3.0842472734228217,-0.03769485535845536,0.0,2.170287898513939,-2.6760920488683566,-0.12377897527996082,0.0,0.6811935338605452,-2.6341627738933044,-0.1467041212815366,0.0,1.2778759780973994,-3.2928779190593094,-0.19061051627906403,0.0,1.8439563446170069,-3.145317337326671,-0.24510397207756668,0.0,2.189456180642982,-2.797855241124754,-0.2882097791597087,0.0,0.8033921793958924,-2.32017021069671,-0.4845513782530872,0.0,1.7282469013487871,-3.9127171318695404,-0.6442952635598473,0.0,2.181187628988957,-3.753368552735287,-0.5841519541191554,0.0,2.3838475972339253,-3.304484951573503,-0.5291310775892484,0.0
0.0,0.0,0.0,0.0,0.6448208383750433,-0.3962046380620869,0.1406240942215652,0.0,2.2093569380899396,-1.6916886059262441,0.25639694147428693,0.0,4.095396724106454,-3.016357377267548,0.1321423477619894,0.0,3.0726426108895097,-1.9869852667551553,-0.07713811458800619,0.0,0.8811218610291113,-2.1601018075583167,0.14912003995163944,0.0,2.3438621337022996,-3.105719606194786,-0.0011539292577288744,0.0,2.9381387856982144,-2.7381666393985227,-0.25418977024045036,0.0,2.6015222680160344,-1.834032855811454,-0.34390894542952827,0.0,0.8610468671051402,-2.2179639711470567,-0.06520246473107696,0.0,3.2719175386451966,-4.075795434954845,-0.3842691361013848,0.0,3.2787056868931397,-2.846554701290845,-0.5331564464157073,0.0,2.5389064358054143,-1.6157512850268487,-0.4878969506909998,0.0,0.9339080665283228,-2.157669689426814,-0.3424168375322603,0.0,5.195925094412508,-6.107017302141637,-1.3985500791381664,0.0,3.9620121954395917,-3.2473856067907816,-0.9850764866931009,0.0,2.726726746209114,-1.6368619914743054,-0.662574748828329,0.0,0.8524297937239281,-1.4630392592546622,-0.5626455815405624,0.0,2.733787864166511,-3.0111874629468556,-1.2115596412153604,0.0,4.372513711099757,-3.769776821610264,-1.5631330978740454,0.0,3.5313348830413256,-2.4490877337954213,-1.1248593900540989,0.0
0.0,0.0,0.0,0.0,0.40466086849367366,-0.18735174338673832,0.16130873049270678,0.0,0.8937387237696366,-0.5442327477642185,0.24122770373943855,0.0,1.3516970342567316,-0.730858922780639,0.19625366150555906,0.0,1.5724136419266717,-0.7485687640103683,0.11043193153605975,0.0,0.8681802703838852,-2.634912211602292,0.5285800522619889,0.0,1.809628295209793,-3.8614622799470912,0.49043136646052254,0.0,2.324239762527446,-3.56316859341787,0.2886703837831012,0.0,2.322479734843444,-2.809158394835536,0.13799206755163848,0.0,0.7399397072201238,-2.773408327905206,0.17637921247342891,0.0,1.4027381865998148,-3.3412154288133276,0.06695858907272006,0.0,1.9003913204142286,-3.0894392314790315,-0.05302979338424908,0.0,2.184725074129727,-2.7022291836242776,-0.13002830862790368,0.0,0.7219084267443594,-2.664816683053845,-0.18494577887680436,0.0,1.3034317437092933,-3.275568313138139,-0.223725335367075,0.0,1.8441105012567602,-3.1296632490769265,-0.26120313760397473,0.0,2.2032692920273673,-2.824615246256342,-0.29658908191422123,0.0,0.8343535999657684,-2.3416950624959743,-0.5190559775727212,0.0,1.7485325960354081,-3.8576765224785983,-0.6844385121135934,0.0,2.1602214559874384,-3.659813671480339,-0.6083839038469874,0.0,2.346375601055658,-3.2272015075309177,-0.5448351103215974,0.0
0.0,0.0,0.0,0.0,0.6521759079624027,-0.42176729056303025,0.15030593714178206,0.0,2.101950779271779,-1.7289281651338961,0.2710777375588821,0.0,4.1186743744294025,-3.397416184689513,0.17960569763965772,0.0,3.2576912421062905,-2.396690089316191,-0.05817290241795903,0.0,0.8924857787626385,-2.178444467960513,0.1050022948199359,0.0,2.3789853549507334,-3.0972988217415933,-0.08152020321677216,0.0,2.9187182941355645,-2.668224435180112,-0.31666995156165184,0.0,2.5863363028311253,-1.7866166143298308,-0.3832891135245551,0.0,0.8649924925567631,-2.2314797842992067,-0.1201616746661077,0.0,3.3183769794984905,-4.052864964914428,-0.51863744939557,0.0,3.2131465265517836,-2.7096000479531086,-0.6037288582719899,0.0,2.5079221077560154,-1.5429245893532533,-0.5283134592861866,0.0,0.9077381554019537,-2.110180346951106,-0.40575287743876476,0.0,5.157334158166414,-5.98571581533248,-1.626153733578283,0.0,3.7160467355744475,-2.967423692318146,-1.050914209182324,0.0,2.6096597557103016,-1.5114653257299084,-0.7059520379900643,0.0,0.7756417162655543,-1.3501704412370565,-0.5919906347329589,0.0,2.443190387438012,-2.733925668816579,-1.2528538280239914,0.0,3.9354098107074247,-3.455244350208888,-1.6367668986471906,0.0,3.377240608951996,-2.3890396966210026,-1.2454223278151484,0.0
0.0,0.0,0.0,0.0,0.4203741236880359,-0.2041626017870629,0.16572839016480345,0.0,0.9260525947915829,-0.5802072461896035,0.25113901681381257,0.0,1.380440920758259,-0.7476814779441394,0.19977191705952127,0.0,1.5456797610240203,-0.7063293200356413,0.10861703928368488,0.0,0.766191709767535,-2.5291940503274386,0.5364918400136843,0.0,1.6362734900385174,-3.6811909287853934,0.4981840495986434,0.0,2.27595012391523,-3.573569376236881,0.32572516779230726,0.0,2.35704543543408,-2.8649891355336528,0.17482883479534397,0.0,0.6563236033958058,-2.6612359608358362,0.20072238822283628,0.0,1.3309307330615237,-3.2776140045527336,0.09622862306428862,0.0,1.8903932590675114,-3.097895518933072,-0.027844795095991744,0.0,2.1926891255234073,-2.7026142659506758,-0.10963075157524642,0.0,0.6759177342916597,-2.613608673363969,-0.15278480905808356,0.0,1.2974035165945657,-3.284267067929022,-0.19154800633349828,0.0,1.8673899014489879,-3.1410544430380565,-0.23990604823403158,0.0,2.2113652657948486,-2.7989976092628854,-0.2807244899017782,0.0,0.829310432888142,-2.353297034311705,-0.4973698989221803,0.0,1.7723179226961765,-3.9129785635372665,-0.6487067765315064,0.0,2.2106453405654265,-3.7191369854134524,-0.5818297181664537,0.0,2.400380175282451,-3.2601474835369877,-0.5256419422405141,0.0
0.0,0.0,0.0,0.0,0.620661205512039,-0.37484348223922115,0.1361244995546732,0.0,2.17151257481244,-1.6596102415622933,0.28637961188498595,0.0,4.7723209898270715,-3.5451899652556875,0.2630437136825072,0.0,3.421708566748545,-2.192234198465789,0.009443820111440586,0.0,0.9163609090208527,-2.157135075377142,0.21440852521982084,0.0,2.5033448893688384,-3.1310345041404264,0.1440480982663746,0.0,3.052747362695786,-2.6947314880186988,-0.11021421572116458,0.0,2.654850732387613,-1.773589623796389,-0.23487759381737855,0.0,0.9063614868950136,-2.2204794170227555,0.020471759079332418,0.0,3.358506076320332,-3.963860031391153,-0.15922887301921582,0.0,3.317818891892557,-2.741525962665737,-0.36340127780198805,0.0,2.5650581038862863,-1.5516668666408002,-0.38178107024775904,0.0,1.010167939627041,-2.2278018542819926,-0.22996126846433873,0.0,5.385104432648548,-6.094749404607049,-1.004493761011538,0.0,3.9665662561383215,-3.15654575368847,-0.7596886193578425,0.0,2.745519867793096,-1.6049235447456642,-0.5453439054245649,0.0,0.972628942160799,-1.6320767229481927,-0.47154097000899836,0.0,3.119831711329997,-3.290142303626367,-1.0481168139974892,0.0,4.810681267731747,-3.9763658137662348,-1.3352263284537733,0.0,3.7177838817826876,-2.498922049450841,-0.9412533113531675,0.0
0.0,0.0,0.0,0.0,0.43521840288963143,-0.22544912842862938,0.1817561123777678,0.0,0.9884345668514949,-0.6412045843211648,0.2939323908199801,0.0,1.5026415230976822,-0.8581652838278967,0.2578106628916846,0.0,1.6117532754875357,-0.7513296614910931,0.15859752376364225,0.0,0.8070659277258544,-2.5544844462186056,0.6249641930336424,0.0,1.6871256814777125,-3.706409999469819,0.6326633762129054,0.0,2.2694459900552744,-3.5564178440504666,0.47217640242084075,0.0,2.3614948852841544,-2.896765348012301,0.3133863654286822,0.0,0.6883282755665605,-2.686079483139242,0.28000782316717415,0.0,1.3905160187159984,-3.3519702616236606,0.1878039803408017,0.0,1.9662982897904728,-3.2193630375709503,0.072355671605391,0.0,2.2881408309234765,-2.8418467343450913,-0.006678320805829077,0.0,0.6997172318097787,-2.624805853426114,-0.08224905635554931,0.0,1.3393918785104861,-3.3577121971664377,-0.12200328935204954,0.0,1.9202218987716289,-3.251846914151761,-0.16517151735630267,0.0,2.2953275770740977,-2.9400457064642795,-0.20377957921406145,0.0,0.8372487497289968,-2.3524551686165203,-0.429112036522289,0.0,1.7734309237889567,-3.8904545830707593,-0.5626550515847513,0.0,2.183995186631929,-3.6879932971935574,-0.5020968189874145,0.0,2.3580285783258885,-3.2382506415304544,-0.4539629260183444,0.0
0.0,0.0,0.0,0.0,0.6454883568024969,-0.4412453525519007,0.14440463728057393,0.0,2.4993126419267333,-2.117784909744357,0.3819551711077431,0.0,6.849290973388899,-5.9500849522059,0.5789654912690082,0.0,3.8539492548305154,-3.1244443267730273,0.15534044953138562,0.0,0.8961291964970403,-2.1731427009143656,0.2648045313042212,0.0,2.3909747592587127,-3.0738352950376253,0.23554558788845903,0.0,3.017657608215782,-2.6769981309099165,0.009534224321689112,0.0,2.674012675027584,-1.7889142484220393,-0.12176103171918129,0.0,0.8994903542523569,-2.2362014162790373,0.09692430054627184,0.0,3.4527408926353496,-4.088152001474914,0.04810377876367286,0.0,3.443260844545148,-2.7964411575877315,-0.17154758060734335,0.0,2.6266863982398103,-1.5568440772683054,-0.23491460167461628,0.0,1.0198056326788991,-2.2683997615659957,-0.12021494804378709,0.0,7.149004754593896,-7.744346143757559,-0.7516459269167663,0.0,4.161238361824358,-3.119778719083498,-0.4897002354131162,0.0,2.7706727004227982,-1.4983737012510985,-0.3556525000807366,0.0,1.0468287940021272,-1.7683183054777436,-0.3631323362117983,0.0,3.906283557788742,-3.890884305801545,-0.8534191030992317,0.0,4.82361775587155,-3.6459098214510566,-0.826222626761993,0.0,3.3959804120179737,-2.0045742174036567,-0.5119380170314815,0.0
0.0,0.0,0.0,0.0,0.4256697926807608,-0.21486817571643962,0.16405550815574765,0.0,0.9309910741181516,-0.5885090485023107,0.24171752951334438,0.0,1.3873119245083394,-0.7654279948275976,0.1836743170492791,0.0,1.5524391609964148,-0.7294774876681197,0.0887717448024785,0.0,0.7277687250057734,-2.5021031995428733,0.5237576288010268,0.0,1.5885103935925429,-3.692635802356432,0.4874326827632395,0.0,2.200298785219499,-3.570122703726133,0.31608510245583793,0.0,2.2956375378554377,-2.8930311335215264,0.17030234586267018,0.0,0.6061227247580132,-2.6057670212131763,0.19125683359531673,0.0,1.2896407179021834,-3.285381203228943,0.09271685409843144,0.0,1.8589459254320368,-3.150103299088439,-0.026248526965748812,0.0,2.170540511977842,-2.777153297664334,-0.10682675165909523,0.0,0.6445736131943809,-2.5801718864884706,-0.1558308892410343,0.0,1.2592321225306093,-3.2939156419121343,-0.1952768445335365,0.0,1.8313317753569502,-3.174408167550762,-0.2374934192710805,0.0,2.186829058784189,-2.852144690675301,-0.27503515897645175,0.0,0.8281407160464143,-2.3374514889736706,-0.5010413030481233,0.0,1.8223600309820391,-4.032317677698478,-0.6715430937115806,0.0,2.2099540433716665,-3.7348878925127247,-0.5802782139387092,0.0,2.3378416399730124,-3.206526438884084,-0.5091844291200708,0.0
0.0,0.0,0.0,0.0,0.5988533718972662,-0.3304370846632505,0.11475579034789457,0.0,2.1883148922508826,-1.603421582240836,0.25458697318011536,0.0,5.700116768830299,-4.201377333135876,0.27807923239198606,0.0,3.8494868601769245,-2.5896296194907182,0.017057067554060237,0.0,0.9439396178406012,-2.1294506456174966,0.2197068202730022,0.0,2.4813746190593404,-3.059468742398308,0.15062083811805796,0.0,3.056264780159379,-2.6405636070521936,-0.09542207367310433,0.0,2.693371022306186,-1.758536542510633,-0.21724391163160192,0.0,0.9707852463468186,-2.2078322845421776,0.0482763079948915,0.0,3.3739220732519817,-3.863019345103359,-0.0930809438727989,0.0,3.364436941152238,-2.696968971366858,-0.30671237959942305,0.0,2.6313580755299473,-1.5531080354030253,-0.3444043823067429,0.0,1.12966891413001,-2.255759440544877,-0.18091551910408663,0.0,6.291412538826008,-6.6394869866167685,-0.9083422173751898,0.0,4.097413638615696,-3.0356378527028296,-0.6370710885970763,0.0,2.812225395816044,-1.5204456323949596,-0.4660392600741758,0.0,1.162098510882605,-1.734290603394964,-0.42876721966761605,0.0,4.072441154830411,-3.915271463026243,-1.0726972332091467,0.0,5.1784711227782845,-3.853169064102147,-1.1413056350133477,0.0,3.591281954479891,-2.1080103003607897,-0.7257318196825974,0.0
0.0,0.0,0.0,0.0,0.4318680872266565,-0.2149506141832921,0.20261004391398962,0.0,0.9402949445994073,-0.5876244641231665,0.3280327409733844,0.0,1.409024059230352,-0.7759357374530695,0.30847490735141475,0.0,1.5595280809752414,-0.7078660153256576,0.21897133818398848,0.0,0.8329059983156067,-2.5576092287977943,0.6423018270286791,0.0,1.693779873130899,-3.6456479042196426,0.6531443541510045,0.0,2.2495749311987114,-3.4698680425633763,0.5003996190216957,0.0,2.3267197119772867,-2.8229636446212947,0.34245313341577704,0.0,0.7224391417092098,-2.7169408748892363,0.2731853073574053,0.0,1.3935457596186627,-3.3100093442947287,0.18577951860951625,0.0,1.9202602694085942,-3.113555862556036,0.07877358053210015,0.0,2.2262669710096024,-2.741796987625239,0.006431367933479716,0.0,0.723981012254491,-2.6150278894384456,-0.11382467331709548,0.0,1.3434095667903687,-3.3104124058052475,-0.14323590329880054,0.0,1.905488335289321,-3.1738555223698888,-0.1778410648261242,0.0,2.249332680256662,-2.830924414711589,-0.2107507271521823,0.0,0.850010501457747,-2.2789364446944376,-0.4665868975230462,0.0,1.7166107232812577,-3.6921429574172544,-0.6025019538143147,0.0,2.1056163046080636,-3.5005368338983405,-0.5428923243527474,0.0,2.2715672184915188,-3.0702556119633053,-0.49173965005925896,0.0
0.0,0.0,0.0,0.0,0.6275754215063041,-0.43122483364390196,0.13997274629572867,0.0,2.338019175914722,-1.904319193116269,0.3228580938983717,0.0,5.546313482024026,-4.401690591668399,0.3451673387910308,0.0,3.603645410752321,-2.573309973911117,0.05030160582212857,0.0,0.8480067047250855,-2.1368835224422327,0.2426195164038911,0.0,2.312904980597761,-3.0506511717153124,0.19406389293737672,0.0,2.967340770418556,-2.702710466503533,-0.042165313859705185,0.0,2.640474985190336,-1.8040460453721225,-0.17066574001297324,0.0,0.8311150812717749,-2.1875846945501296,0.06790882990707672,0.0,3.2731015715612455,-4.000038282695702,-0.03710547788119136,0.0,3.3962961965639336,-2.83661009831103,-0.25803170701045564,0.0,2.576762113570469,-1.5544039004331607,-0.2975868143476113,0.0,0.934154670188979,-2.2164013904240507,-0.15760352186249876,0.0,6.148142101372986,-6.944704829022772,-0.883844139011695,0.0,4.079263400410066,-3.1320718113516746,-0.6179763933014943,0.0,2.6849113844805124,-1.4543776676311055,-0.42642891534573835,0.0,0.9663338508410232,-1.7408208186509102,-0.40775827935509695,0.0,3.559075227215412,-3.7515070493105265,-0.9702049337284234,0.0,4.7708623039683555,-3.772092027860136,-1.0368421185366556,0.0,3.3838393030710163,-2.0732855658950515,-0.6536939649540233,0.0
0.0,0.0,0.0,0.0,0.42266981434391937,-0.2030501706849826,0.16932128097666985,0.0,0.9124783843571147,-0.5670608474449398,0.25464500830526865,0.0,1.3880787393604224,-0.7790738540574277,0.20468264158099742,0.0,1.5576427882981225,-0.751816485269696,0.10796017203032683,0.0,0.7736167768588754,-2.5989445782584473,0.6105599340994918,0.0,1.450054651512898,-3.4811138836055475,0.5383427860734938,0.0,2.106220303216262,-3.4882738152025756,0.3879609129305724,0.0,2.2849425457578865,-2.9193735100256246,0.23852708556431398,0.0,0.6536810388089938,-2.7354128091386345,0.2607640543891093,0.0,1.253618420176579,-3.2597270005542143,0.14980813441269522,0.0,1.854124315524201,-3.1688068381660095,0.014764551275849046,0.0,2.1942970781728848,-2.8074957147396113,-0.07847249616064597,0.0,0.6654630550481005,-2.6738430849633095,-0.11410316987957944,0.0,1.2404757941282551,-3.3195685003670987,-0.1492554021767785,0.0,1.8420191534633201,-3.2299376923769634,-0.2018842422161564,0.0,2.2157061388254893,-2.905254457552323,-0.2458679800933654,0.0,0.7912760035648434,-2.3152219963418705,-0.4693514460630481,0.0,1.7442613612169349,-3.9804171918836264,-0.6300361870236523,0.0,2.1721445175191927,-3.7595293595669377,-0.557483873681054,0.0,2.332737392909782,-3.2535156041546585,-0.4946225899395141,0.0
0.0,0.0,0.0,0.0,0.6079098254368215,-0.36222814794384967,0.10717092687974875,0.0,2.20654919875559,-1.6102953516939709,0.1890598055986066,0.0,4.571947067236521,-3.18749660165688,0.05358664089381049,0.0,3.266456597004371,-1.9900267846284938,-0.11801210330053427,0.0,0.851088627325537,-2.0803892414202956,0.14232083567024192,0.0,2.3796354809285107,-3.046266853192759,-0.008775140399562831,0.0,2.993460871658795,-2.6483364129773754,-0.2636219764618742,0.0,2.627221899007246,-1.7329053564966186,-0.3439333873958113,0.0,0.82469433744471,-2.1101028493818945,-0.03595201070325513,0.0,3.1841393426753624,-3.801401855890674,-0.3167926438160238,0.0,3.275352138231172,-2.7067777511172273,-0.4772583372056809,0.0,2.5757245211888713,-1.5580820996517948,-0.44821700926497,0.0,0.915914291534722,-2.091872310742018,-0.27009579487303864,0.0,5.457910872818162,-6.061033070943336,-1.2544617805015095,0.0,4.007632861419484,-3.0725972352201554,-0.8671443032003617,0.0,2.750240722040414,-1.5187696677135103,-0.5805375216344909,0.0,0.9374024910861101,-1.5842154797924437,-0.50580665895082,0.0,3.426944499608856,-3.4842217561958515,-1.2489781040612684,0.0,4.860473423249521,-3.750613851613524,-1.427937834058364,0.0,3.4736316366823683,-2.081259858000157,-0.9000933040101674,0.0
0.0,0.0,0.0,0.0,0.4260487796213057,-0.2086639173600504,0.1921456365845394,0.0,0.9092278958736599,-0.5596721525107125,0.3000559294525676,0.0,1.3574313511186202,-0.7415347976072383,0.2702859973125536,0.0,1.5288030469024523,-0.7097703286874721,0.18443580489904085,0.0,0.8377237544348798,-2.6347075185795985,0.6346594143143782,0.0,1.5111661909607959,-3.4850413607380837,0.5727047461083249,0.0,2.124914383755311,-3.436765421155289,0.4343668922735965,0.0,2.2884523726305375,-2.872356379331667,0.2900324138412278,0.0,0.7255740323264522,-2.7999135177194896,0.26382588251934475,0.0,1.3145517394610424,-3.2611776924973563,0.15473221374914234,0.0,1.883802054832593,-3.123831114072819,0.03612652586198038,0.0,2.20527451670292,-2.7629732735984693,-0.045482087009018006,0.0,0.719362695787381,-2.6910392386050836,-0.1303209050771537,0.0,1.27893103004454,-3.302318026466007,-0.1627403959040246,0.0,1.8673706294862689,-3.1972283287346923,-0.20798267146611216,0.0,2.2215748488713296,-2.8623568796279106,-0.24685683641586084,0.0,0.8223576139015849,-2.2904143069844167,-0.4836669264431669,0.0,1.6835257062675837,-3.7606858171390574,-0.6418894990611651,0.0,2.0934170804451178,-3.5725896279781106,-0.5863447035075356,0.0,2.2615240471817533,-3.1163245647952227,-0.5319279166323848,0.0
0.0,0.0,0.0,0.0,0.6059529082512567,-0.3056234337990844,0.11570067723768004,0.0,2.2663076118435583,-1.537053877220693,0.2373723831558486,0.0,4.8775467754368815,-3.1697528777465447,0.17520631852474072,0.0,3.389074022434755,-1.9277414123152914,-0.02787718333089996,0.0,0.9098334443652523,-2.0708939729350253,0.17867193721228922,0.0,2.451443413071979,-2.9930512581508277,0.11322475758788222,0.0,3.019519396097659,-2.584465850270148,-0.10712439362652006,0.0,2.6813789822697074,-1.7508231135074253,-0.21704760536577497,0.0,0.9323450837540141,-2.1289554034788645,0.008995683654967314,0.0,3.3781054746903676,-3.8103106248074754,-0.12888544282008021,0.0,3.3710539517804676,-2.658466632653205,-0.29586306721700245,0.0,2.6469553671148267,-1.5540193594751335,-0.32792927085591445,0.0,1.0905469400863848,-2.142635777049304,-0.21731612469202527,0.0,6.3952766152638665,-6.564094737705081,-0.9643794966852157,0.0,4.2769323632265115,-3.09292380076138,-0.641136269518799,0.0,2.928739603434308,-1.5643481938931127,-0.4627391021140385,0.0,1.1251853707493993,-1.5924550488384033,-0.4494429486846331,0.0,4.1753005251358735,-3.8628911764654483,-1.1055285186608481,0.0,5.594909957612233,-4.063708812102345,-1.1889301989743903,0.0,3.84113232473859,-2.2436653919031637,-0.7400816629569972,0.0
0.0,0.0,0.0,0.0,0.4262754306209802,-0.19576326583521614,0.16495695248613215,0.0,0.9382272096972297,-0.5643602334561346,0.24977243706700672,0.0,1.4387148430614962,-0.7929799476390861,0.19913536016107042,0.0,1.5957642015602351,-0.7541927599086502,0.09998357836662572,0.0,0.8252434273885028,-2.602593069510205,0.6433467260781974,0.0,1.4815238175331629,-3.4812768224256567,0.5768711157498475,0.0,2.1265048220149145,-3.484962671888243,0.4249617675347739,0.0,2.3010003759921287,-2.931809687433245,0.27027532691694706,0.0,0.6986835120430749,-2.7367475576330764,0.29511295518825065,0.0,1.2873102829715384,-3.281656400828758,0.18598462173277008,0.0,1.8831686445918525,-3.1923889180873855,0.04121809820845149,0.0,2.2074243652492305,-2.8225310594931527,-0.06029302281496913,0.0,0.6938323052745303,-2.658189995843189,-0.07820099656945705,0.0,1.2757516759415841,-3.3540072363377593,-0.11667827085929024,0.0,1.87819032827444,-3.2572318041929367,-0.17727734873561196,0.0,2.23387222483632,-2.910131248287905,-0.2251428894652047,0.0,0.8001171607616023,-2.3047271919923134,-0.4288948130215085,0.0,1.7772710827443265,-4.014647773683346,-0.575395367846101,0.0,2.2079500576591022,-3.793377219886989,-0.504112427295713,0.0,2.3579248904069425,-3.2772385456652473,-0.44410412256357334,0.0
0.0,0.0,0.0,0.0,0.6378093055614434,-0.38700075655944954,0.12038410417988087,0.0,2.2589883239896302,-1.6752264963060648,0.23206827426298998,0.0,5.139004231406647,-3.6781139811560246,0.13815681833612728,0.0,3.5268831286706095,-2.2745949395906293,-0.07502245165374122,0.0,0.8459758264556072,-2.094006735931252,0.1982325332838899,0.0,2.3044953902416783,-2.9884201688234118,0.12202511746045122,0.0,2.9449804298908626,-2.6380797834616807,-0.1115487423614689,0.0,2.632118831064026,-1.777676676591231,-0.22426454920244246,0.0,0.8390058012249335,-2.1421786890613896,0.028977507317474498,0.0,3.15850872632554,-3.8016593606948716,-0.11339463299412848,0.0,3.3130554740943547,-2.7435042332132853,-0.3046424212572371,0.0,2.590095274621679,-1.5642813955130341,-0.33212550413594827,0.0,0.9524190432507981,-2.1523544840892725,-0.19535974559831204,0.0,6.020835988593874,-6.626969098369112,-0.9608864482390392,0.0,4.172331147480221,-3.1488294867779296,-0.6615095948068715,0.0,2.7847857078054608,-1.5016020468899047,-0.4552785941958061,0.0,0.9839685351261811,-1.6337321130225342,-0.43527600545418127,0.0,3.730017257154064,-3.7297611157886505,-1.0561287798082821,0.0,5.110437423670662,-3.8998714720959633,-1.1361612127048162,0.0,3.579737884293835,-2.1514584189594936,-0.7033207509494509,0.0
0.0,0.0,0.0,0.0,0.42875422523652573,-0.1981872560805178,0.1488604866006746,0.0,0.9430114844994204,-0.5560279550307824,0.20825566374463877,0.0,1.416119037133679,-0.7516740755435053,0.13838184291160008,0.0,1.573423810633287,-0.7209633336961578,0.039548869617308254,0.0,0.7726544934646814,-2.5521735553900773,0.5165965651627088,0.0,1.509870191464016,-3.557733581682873,0.4340098937277999,0.0,2.1490423781537933,-3.520220356274996,0.2667219090864258,0.0,2.2948766925811195,-2.921536955486991,0.12565147046543124,0.0,0.6325890050608151,-2.6295493118571156,0.1840472295314749,0.0,1.274486023846894,-3.257886627948556,0.06874585381203098,0.0,1.8715168320857107,-3.1640114723125463,-0.06675159805250913,0.0,2.1957621287108515,-2.802368396136729,-0.1585766353512301,0.0,0.649904365100406,-2.5749580288763596,-0.16153344900858674,0.0,1.242685836760349,-3.289981843014849,-0.21213566812171947,0.0,1.845220643761586,-3.2138176464298303,-0.2651899726664157,0.0,2.219482760339095,-2.903916415563454,-0.30814518290223325,0.0,0.7954431686112329,-2.2851354778797526,-0.49815823961156797,0.0,1.803769222306044,-4.068642816732458,-0.6919073837126335,0.0,2.242643945205692,-3.8475163646261246,-0.6097717545971831,0.0,2.395027950621106,-3.3331138215251714,-0.5390801980133553,0.0
0.0,0.0,0.0,0.0,0.5637700210176756,-0.26916551703457603,0.1110641579618455,0.0,2.103860550269607,-1.4227117168898709,0.24702751851716784,0.0,5.161053682821759,-3.46189218438656,0.27469637348759957,0.0,3.7741244597661314,-2.3191488042950494,0.04433316271287306,0.0,0.9709527437891712,-2.1185327890935404,0.21085022808246812,0.0,2.5292884285327264,-3.0699684730214853,0.15559201012837598,0.0,3.1054431129430857,-2.6437721959915716,-0.08101134886702135,0.0,2.719529860726066,-1.7677075430529547,-0.200444142632078,0.0,0.9843082066171128,-2.1742956418868555,0.04174960783115392,0.0,3.363073560710605,-3.785639436710533,-0.051390475204768485,0.0,3.418643017587891,-2.6782774496850132,-0.24291231425829837,0.0,2.6691468772291245,-1.555492495092061,-0.2945442581842237,0.0,1.1632215022120351,-2.2365501397375747,-0.17802886013098698,0.0,5.896017408066898,-6.106103518309862,-0.7533455470414089,0.0,4.159806121297609,-3.0164978545824646,-0.5591062705579984,0.0,2.890498718113206,-1.5470664996314114,-0.4222237258695567,0.0,1.2505819849297224,-1.7650066950553032,-0.4262268916710654,0.0,4.7190936533512575,-4.357356672213606,-1.1041241829489081,0.0,5.499593168627925,-3.8980282927161687,-1.0355211732157543,0.0,3.650744854172608,-2.0425415523890593,-0.6275797377609553,0.0
0.0,0.0,0.0,0.0,0.40420947422960246,-0.18335597581700502,0.15287393847686567,0.0,0.8854671984105033,-0.5245960770320177,0.2276899139305985,0.0,1.3176887228198924,-0.7077803205981301,0.18216328085305789,0.0,1.529231349528168,-0.7414023751247371,0.10394160234587228,0.0,0.8163049685699431,-2.6687671649294917,0.5716824153264803,0.0,1.5018557589024177,-3.598339788435917,0.4943944403466983,0.0,2.083154721641243,-3.5062300283223826,0.33023940818046,0.0,2.234980193796194,-2.938879395927198,0.19215960456555178,0.0,0.6760842501500987,-2.759250776072974,0.22870738158888923,0.0,1.274745458609596,-3.304359174016987,0.12052107173064466,0.0,1.829821184529763,-3.157628104156594,-0.01012283571940225,0.0,2.148881372264137,-2.8039550168683425,-0.09682741463475042,0.0,0.6809156206729061,-2.6937066706779733,-0.12630393024257608,0.0,1.249519801063691,-3.3303489823393893,-0.1636617551366936,0.0,1.802686537311645,-3.183814481274316,-0.2136915029806453,0.0,2.1485407156890957,-2.8634452386199842,-0.2542017880770825,0.0,0.8156781359096965,-2.3935385994873855,-0.4659856822450848,0.0,1.7789793723217604,-4.061259648105811,-0.6204529693419794,0.0,2.171978389539214,-3.763297602621949,-0.5382812191752167,0.0,2.3181871526348026,-3.246399481303982,-0.4726912424590675,0.0
0.0,0.0,0.0,0.0,0.5958069936744187,-0.3923699743978094,0.10842906108977,0.0,2.209105752805258,-1.7202340638212763,0.22813299124037367,0.0,5.620349549192363,-4.218960171406074,0.18607581642884066,0.0,3.7115937879132486,-2.516216521536853,-0.03477049906403744,0.0,0.8578910835184128,-2.1281089020536683,0.22620850468843856,0.0,2.3733136785390894,-3.095942149868695,0.16491177609497878,0.0,3.011964428351732,-2.7052244199650026,-0.08569844297115732,0.0,2.6343423733317586,-1.766881825746482,-0.20627937137295022,0.0,0.848614794740655,-2.1772800439012965,0.06728201065111622,0.0,3.2003235296223447,-3.906970047333681,-0.04086751259870148,0.0,3.4021247472134686,-2.837535267963185,-0.26454987916419015,0.0,2.6010914796706874,-1.570193620624967,-0.30487919516004036,0.0,0.9891544049040968,-2.2527287267587535,-0.14162271811257385,0.0,5.66298915693668,-6.3990263254301505,-0.7601760526126354,0.0,4.167035629687871,-3.2171691532871054,-0.5987351642750453,0.0,2.771708401175901,-1.5160907452260513,-0.4199358799519964,0.0,1.1032602129117821,-1.8665888615756214,-0.39923570433907385,0.0,4.3069016515443215,-4.379256707248757,-1.0513000552683944,0.0,5.165918958310064,-3.9556879038928137,-1.0083046650992016,0.0,3.4653190669612752,-2.0622638948463083,-0.6025479988706408,0.0
0.0,0.0,0.0,0.0,0.40234755980163306,-0.1761514790849898,0.1580645470754743,0.0,0.8882915440772102,-0.5253925981747293,0.24276395498373626,0.0,1.345418698285225,-0.7219676005339489,0.20282768829910677,0.0,1.5349952129862316,-0.7191456697717136,0.1205475839386288,0.0,0.847778742620757,-2.6778347069023143,0.6191740704243425,0.0,1.5979795132946857,-3.6489501123791475,0.5710183396192511,0.0,2.195376004767354,-3.5318177461173725,0.40112119268930585,0.0,2.3110444460841073,-2.9076498880042028,0.2475001109410494,0.0,0.7148256190435234,-2.8000769591765864,0.2745453683449181,0.0,1.3214783503449639,-3.313536822323458,0.16278937504649935,0.0,1.9031917375022482,-3.1928693650528337,0.02894779116249624,0.0,2.246160185844928,-2.8396901822775735,-0.06017994519610772,0.0,0.7113148167333498,-2.7373928385952357,-0.08588774295495273,0.0,1.246263244523976,-3.2791824074225007,-0.12208997222270487,0.0,1.8221639261082083,-3.180827808542737,-0.17764576630917311,0.0,2.2087356773650026,-2.8990107893301613,-0.22291263774400738,0.0,0.8415317267985725,-2.457324333052665,-0.43350438744234315,0.0,1.7260514839177385,-3.9291708277487816,-0.5500035198956575,0.0,2.1179891375377933,-3.668640872345073,-0.48431218946322774,0.0,2.3002953454462896,-3.2159240510616613,-0.43452481711231505,0.0
0.0,0.0,0.0,0.0,0.5149826354116706,-0.3037853806674126,0.09714700120918664,0.0,2.067552167803572,-1.5521486904272976,0.21519808190176595,0.0,5.379946233198379,-3.87628214859197,0.21880975155725155,0.0,3.7161848840172333,-2.4306496375171838,0.006200936549349878,0.0,0.9650694101751576,-2.160604017660878,0.18569980203109737,0.0,2.496083185658389,-3.1161220787261557,0.0830826099252694,0.0,3.0624153348332666,-2.67972402921257,-0.15384941502080257,0.0,2.6786764123232745,-1.7712498099426235,-0.24856182002564142,0.0,0.9607082986004496,-2.2031258674721297,0.017498232340485146,0.0,3.300374005713427,-3.8103449761006485,-0.1424690518634732,0.0,3.3555594146171077,-2.7008941745065895,-0.3173395363671905,0.0,2.6298557876784496,-1.565177482757115,-0.3347889151546003,0.0,1.106626310639493,-2.237907823989128,-0.20161087218784038,0.0,5.67204930589858,-6.063787151091635,-0.8917792671440715,0.0,4.027704418598821,-2.9999122476194975,-0.6410444275502875,0.0,2.796258481745243,-1.5219691016781556,-0.4567732683337899,0.0,1.1541863013489628,-1.7447559146675307,-0.43683963758752137,0.0,4.478332583423891,-4.303970662876642,-1.18454117489414,0.0,5.301964304184526,-3.893043746443357,-1.1404276896063494,0.0,3.5625316276463685,-2.0562574763655226,-0.6859025705233881,0.0
0.0,0.0,0.0,0.0,0.40121961309843523,-0.1822929352588809,0.1521083208214762,0.0,0.8670728344825452,-0.5232066893438531,0.22190553837288834,0.0,1.307131371987002,-0.720337526954831,0.1719130334754941,0.0,1.517276081284371,-0.7490097726882977,0.08792511973250991,0.0,0.7805769397708873,-2.678056262782869,0.5644340860729112,0.0,1.4396563785395902,-3.5426518728679217,0.47738329033791976,0.0,2.0668815521966226,-3.512146708950008,0.32350539930573324,0.0,2.2453226023915067,-2.958485777049619,0.1867960298855061,0.0,0.6411425029266128,-2.7615166428274396,0.22401951839566547,0.0,1.2360797251301083,-3.2705063717217,0.11598817943051919,0.0,1.8265312743174886,-3.16947647863637,-0.014671211661187632,0.0,2.1662590024663184,-2.830344328744965,-0.10473834735400141,0.0,0.6573117307978908,-2.710221758977995,-0.12788765606703414,0.0,1.202995067018798,-3.292564454795651,-0.15987699649786624,0.0,1.7842609528504727,-3.1887208402614853,-0.21253268955571156,0.0,2.1603524444773092,-2.902217612762268,-0.2580098616172738,0.0,0.8051830995960694,-2.4149980205319466,-0.46928846407244956,0.0,1.7535423416687872,-4.080603087256649,-0.6152980527137597,0.0,2.1649415500201554,-3.800492320276024,-0.5349559954095177,0.0,2.3330544623812735,-3.302130368886208,-0.47425130769939444,0.0
0.0,0.0,0.0,0.0,0.5424687219348373,-0.3661202292130438,0.0862080877213664,0.0,2.0547147071788925,-1.7036741279302625,0.17844022363169984,0.0,6.157058331457925,-5.118629302057215,0.14637094462594785,0.0,3.965359260205938,-3.0642370670633703,-0.057504569796349055,0.0,0.8699803583367741,-2.181012942346763,0.17474845378535586,0.0,2.3903011500958073,-3.1635975815705777,0.045773508431267644,0.0,2.9418164708391696,-2.705428485925583,-0.19961030359637078,0.0,2.5880238000139446,-1.7994354726184871,-0.2851176404767388,0.0,0.8522036754496007,-2.219780913324853,0.018541225822574135,0.0,3.231731625553369,-3.967963325977175,-0.19339555511208337,0.0,3.3084910822144864,-2.7788018879499328,-0.37021399940254185,0.0,2.5536355116419207,-1.5701896426018385,-0.36088825671250635,0.0,0.9750326146891706,-2.2760532986818522,-0.18988356238947077,0.0,5.739173441904996,-6.5422148376275935,-1.0229769957858297,0.0,3.971929610401487,-3.082474430429362,-0.7032613549643454,0.0,2.693461514165771,-1.4929115717764587,-0.4731974953972561,0.0,1.0467034185545019,-1.8609355582100175,-0.4299438961082777,0.0,4.156814335543473,-4.37093906224245,-1.2123861127069326,0.0,4.893421246408936,-3.844612727518297,-1.167686235511704,0.0,3.3686516995503406,-2.0554444470298137,-0.7085039450225171,0.0
0.0,0.0,0.0,0.0,0.4026182970188516,-0.18483901596719363,0.15519067528709968,0.0,0.8791190701003037,-0.5235287524065195,0.229370279639215,0.0,1.3238447660487507,-0.7074271746357207,0.18340324610651382,0.0,1.5320505920875902,-0.7307625065812025,0.10206653672720621,0.0,0.8234248480960996,-2.6922134467741983,0.555424939948896,0.0,1.5758608425578169,-3.649388572483341,0.48933584039807393,0.0,2.1703834964778355,-3.5287874871135654,0.32314754185277955,0.0,2.2829990796048762,-2.902314781503337,0.18200257726309357,0.0,0.6954453645666991,-2.791051593613281,0.21589955443729225,0.0,1.3164118962494116,-3.30034570016203,0.11214785536878244,0.0,1.8651487381308445,-3.13507723574281,-0.010474941682234357,0.0,2.177867397097777,-2.7736634710786867,-0.09107431482441217,0.0,0.705909044636728,-2.722636026499027,-0.1340739736269184,0.0,1.2832908457639478,-3.337803751520498,-0.1665801323824264,0.0,1.8503660291280541,-3.205734424689111,-0.20813632905337037,0.0,2.2030336922457954,-2.881971037073979,-0.2420311916963178,0.0,0.8467475128884817,-2.4135597623247866,-0.4711288884218338,0.0,1.8056130763175844,-4.053093254149157,-0.6217640170326261,0.0,2.193952381042981,-3.775536990098287,-0.5368360843019998,0.0,2.347976927640611,-3.281877109224176,-0.4680897069866798,0.0
0.0,0.0,0.0,0.0,0.5606352838156636,-0.3416492659554714,0.09170302942212766,0.0,2.2926319898715786,-1.7009470167692182,0.17891142721617517,0.0,5.13894775176153,-3.6145925339450993,0.07649043234134051,0.0,3.4246420408292546,-2.1392301062352117,-0.08422648776880541,0.0,0.9511850657173546,-2.15111289378734,0.13237354272867416,0.0,2.4685548833169273,-3.0753771085932526,-0.002518961881261366,0.0,2.9927452847958684,-2.616089304653032,-0.22669697248222764,0.0,2.6398699443661386,-1.7432441607597517,-0.302206929439973,0.0,0.9291023095987179,-2.1701324129706823,-0.03566808560587127,0.0,3.2734036942459115,-3.813385336633281,-0.2589274787715642,0.0,3.2963418649804894,-2.6894698125193486,-0.3962937057218723,0.0,2.6115467840207933,-1.5867642002537707,-0.38728722182735337,0.0,1.0284282915968816,-2.1255993245909757,-0.25393323716971855,0.0,5.941529281250389,-6.376712607243394,-1.1395151874973688,0.0,4.1742511005862095,-3.1235523976176673,-0.75543074220097,0.0,2.8464072742281616,-1.5550213108056479,-0.5111498436327198,0.0,1.022369226816375,-1.5491324717856458,-0.46189865429504534,0.0,3.9469103210002903,-3.7966560663664537,-1.197373351988023,0.0,5.292133346369906,-3.890891124998792,-1.280062571316717,0.0,3.5954952924530077,-2.0697919639267885,-0.7675746300462195,0.0
0.0,0.0,0.0,0.0,0.3997837620747854,-0.17792441766121206,0.12885301427696447,0.0,0.8627399672362532,-0.5149141899264548,0.16996039077279043,0.0,1.2977833227759659,-0.7049625087327293,0.09658252305047807,0.0,1.5479807366594247,-0.7764941917253587,0.0007153826381116926,0.0,0.7973125380938664,-2.6865996383124524,0.4567786486024845,0.0,1.4552320707420903,-3.5754518153049966,0.32559560015703054,0.0,2.120809370278763,-3.5821261666900597,0.15188305675355918,0.0,2.304226085497376,-2.9904243983410614,0.024124865271447155,0.0,0.6628522190464563,-2.7685307851346246,0.1303570259420536,0.0,1.2422427479312002,-3.2674340675216333,0.007824291199750281,0.0,1.8227472053308595,-3.162397840127294,-0.12363268481615841,0.0,2.1495710093635436,-2.812071921421107,-0.20924794328937837,0.0,0.6966276110767089,-2.7497227388171215,-0.21576233974117615,0.0,1.2566258972872124,-3.3463352112938973,-0.26132124982880184,0.0,1.807494754320918,-3.187916779339786,-0.30557788295378735,0.0,2.155805410173756,-2.8637399862299375,-0.3414340263270065,0.0,0.8598750401322319,-2.4587805490316677,-0.5608105854490121,0.0,1.8769452772622348,-4.228877230297895,-0.7735857789279229,0.0,2.203949732073294,-3.80349645572417,-0.6537735691075338,0.0,2.3174505574865045,-3.2496479164946526,-0.5674093620812228,0.0
0.0,0.0,0.0,0.0,0.5598851377327629,-0.3601088228126627,0.08189366465774328,0.0,2.0511788564684275,-1.6594058513264816,0.10123807290097468,0.0,4.640901588540966,-3.6747330589504332,-0.10196397821252702,0.0,3.398830809169918,-2.464008051744928,-0.23449264590297744,0.0,0.8560522503667477,-2.1431558770930352,0.025999074537934208,0.0,2.3969389050639043,-3.153613838932538,-0.248542415322421,0.0,2.850511553635383,-2.6209413624858686,-0.4761743916620182,0.0,2.5085436186428667,-1.735563663947045,-0.4921069516601003,0.0,0.8210708739088515,-2.1602446149561563,-0.15771784764901048,0.0,3.175826056645708,-3.94353249075737,-0.6309488328456527,0.0,3.150242456312698,-2.6800038121582284,-0.6766394995876672,0.0,2.475443497405748,-1.5367310257854432,-0.5589234496572059,0.0,0.889303762860055,-2.0741529357406536,-0.403682038851197,0.0,5.429458644968719,-6.217589747811787,-1.7921615761109178,0.0,3.83849729069081,-3.0074282086961865,-1.0979304147847866,0.0,2.6651715714093624,-1.5119792894834616,-0.7072064677253205,0.0,0.8333364904465361,-1.4059362143762968,-0.5880737443879739,0.0,3.017607952120683,-3.1301694894677126,-1.439791821498776,0.0,4.478128007602605,-3.5907410985589787,-1.7200886918560254,0.0,3.42375443977274,-2.2072351554805683,-1.151683025337865,0.0
0.0,0.0,0.0,0.0,0.40983672530747356,-0.18172732792307755,0.17769476743854332,0.0,0.8724761007305788,-0.5084966699746016,0.2737835946995004,0.0,1.318879550691587,-0.6950845329145471,0.24048588491540993,0.0,1.5742152803079945,-0.7746319738243501,0.16404876652428457,0.0,0.8334076209648261,-2.6026610058951807,0.667514456688939,0.0,1.595164867713799,-3.6409756798889266,0.6497035492776713,0.0,2.175444042359911,-3.51034377291552,0.4853477129790584,0.0,2.2832324248198095,-2.8773973817484517,0.3254930528884905,0.0,0.7266189916324649,-2.8146834866550035,0.3097703863283064,0.0,1.288686996506982,-3.2877875610302265,0.1991373668806158,0.0,1.8265166118691067,-3.1363860342954886,0.07277595547258782,0.0,2.175284040750407,-2.8191432757654122,-0.010203981710063443,0.0,0.717988130518233,-2.738611765229398,-0.08039414653773984,0.0,1.242260120514487,-3.285663317400535,-0.1154661788303119,0.0,1.7907358293290296,-3.1600672082785186,-0.16193505260947438,0.0,2.169930385335384,-2.8875260917117114,-0.2017900319005095,0.0,0.8313015189362817,-2.384439463547876,-0.441039784530124,0.0,1.667707150861618,-3.791158121433569,-0.5645859843922773,0.0,2.047613193307193,-3.54955674627539,-0.49983427089195415,0.0,2.2405645600917814,-3.130426400351048,-0.4501674194631972,0.0
0.0,0.0,0.0,0.0,0.6206846947132386,-0.3640092811646803,0.12465843310840818,0.0,2.341031078015665,-1.668909693131866,0.24934242798454836,0.0,5.052674853210253,-3.434621687069074,0.17378930746253377,0.0,3.4361428808818286,-2.075922283560359,-0.03757500439753537,0.0,0.9133802312213052,-2.0755342804299306,0.1579113446632425,0.0,2.4319271763023633,-2.9651550703483065,0.05939848904743969,0.0,3.057650290261631,-2.608317622002411,-0.15634800870407628,0.0,2.7374664060398444,-1.7638058405095207,-0.24965607672121704,0.0,0.9062412726551331,-2.1133310814364883,-0.019029561424232705,0.0,3.4250710360180374,-3.8462893853072178,-0.2125487672631877,0.0,3.4267225651858313,-2.6724029674778635,-0.3466718166114003,0.0,2.6645207572882494,-1.5410806278634848,-0.3457359720120982,0.0,1.0137719266214165,-2.078834218690263,-0.25135944239892577,0.0,6.576796489000993,-6.6827157252111435,-1.216179000118521,0.0,4.133624122119024,-2.9197567050389663,-0.7149109217714358,0.0,2.8195598151406553,-1.4580021344198766,-0.48438179068917714,0.0,1.002145033149787,-1.4947305126046606,-0.4720518046190056,0.0,3.7483116822823255,-3.405708321257288,-1.1410445483967246,0.0,4.972066924537899,-3.499078437076598,-1.194684673056578,0.0,3.6290845793032043,-2.0537803249310103,-0.767881457395794,0.0
0.0,0.0,0.0,0.0,0.4353909701221211,-0.22022239225832727,0.10102691851671453,0.0,1.085788693049991,-0.6714859777727452,0.10892057410672165,0.0,1.6082382642086568,-0.8593631433113649,-0.018594013325179567,0.0,1.6563021052992788,-0.7885923010784899,-0.11754629355962629,0.0,0.7565325804291116,-2.4416664341286762,0.5620293648286346,0.0,1.768446540192241,-3.9480088119168713,0.592296210227278,0.0,2.5557364184811924,-3.9611383926670354,0.3851549349209644,0.0,2.548571106130874,-3.0423718428446342,0.176811043076349,0.0,0.6064397739132633,-2.553744464874519,0.2697923638510405,0.0,1.1892084185091822,-3.262902798535446,0.13359336812465997,0.0,1.825226065017933,-3.283059254789696,-0.03355889206110487,0.0,2.252717526589028,-2.9862724537020515,-0.14672142682689984,0.0,0.570364279764506,-2.5010901935061036,-0.048161069990988147,0.0,1.0943225453565437,-3.197247463515134,-0.12217533260715344,0.0,1.7769842497028232,-3.303589192002768,-0.1892301639927211,0.0,2.283518283819861,-3.1063762017642604,-0.2406844669161214,0.0,0.6963324135362656,-2.317762081934961,-0.37742536855965686,0.0,1.6663896010737078,-4.077605875039267,-0.541150717697405,0.0,2.231075447465836,-4.032640647822299,-0.49492745853942777,0.0,2.4954216633921384,-3.5909205934659787,-0.44662733866104654,0.0
0.0,0.0,0.0,0.0,0.5797029597013145,-0.3939679696869414,0.10299651040202938,0.0,2.121206318825815,-1.632912958220338,0.14583488764936212,0.0,4.3491171702151465,-3.128953109337854,-0.04260238260434068,0.0,3.2144573010269935,-2.073405229488166,-0.19511035073708385,0.0,0.8459272385954087,-2.099704870526895,0.07679377876978039,0.0,2.3598575879474413,-3.071824951605113,-0.1437898427915613,0.0,2.937878510058882,-2.6554166623768616,-0.3958509388697669,0.0,2.5902953671249858,-1.7538662131716887,-0.4421647276511427,0.0,0.8223953636033697,-2.1363308757081594,-0.11403851684109183,0.0,3.1684832165610537,-3.865772978371929,-0.5100400184738813,0.0,3.2098552300158993,-2.6858110669656647,-0.6129452623620886,0.0,2.5116520771543263,-1.5308492867297183,-0.5290983906717153,0.0,0.900296300785554,-2.086670300034437,-0.36841982390021,0.0,5.346824536773344,-6.037698418824678,-1.5914201559420376,0.0,3.891456701968478,-2.9926531129189384,-1.0239973192789364,0.0,2.684406741770843,-1.4857363711632428,-0.6682378582713792,0.0,0.8572099860851634,-1.4728795063209388,-0.5812743295230371,0.0,3.0275122444718674,-3.1402792644520807,-1.366141081110157,0.0,4.505171987210372,-3.5541184972622246,-1.620510152934974,0.0,3.439588867343224,-2.1433313717706253,-1.084923076893225,0.0
0.0,0.0,0.0,0.0,0.3866584887908711,-0.17265740372134,0.11955971359429486,0.0,0.8980776971560424,-0.5076337600826953,0.15625181834775626,0.0,1.3621459303027754,-0.6672227321830757,0.07645665146705134,0.0,1.593631378133601,-0.7461615013277567,-0.017841648592243825,0.0,0.8296840631696376,-2.579851685171782,0.5281520953342825,0.0,1.842361024665806,-4.011596001527778,0.5204136823960113,0.0,2.3515722955936726,-3.6601067258478452,0.2988991230664451,0.0,2.329679244472719,-2.8740508947996264,0.1387343861395545,0.0,0.679578855750466,-2.717017277178422,0.21523615759155726,0.0,1.2407739210058162,-3.246828458371569,0.09292070793883171,0.0,1.8011829770102352,-3.133585247785187,-0.046605623255918806,0.0,2.1885021359521963,-2.847958237226312,-0.13884475092546997,0.0,0.6640576662297508,-2.6821047641805085,-0.11111587478132776,0.0,1.1203879130485446,-3.162561663036787,-0.15963409722602706,0.0,1.730571908397813,-3.1566438408880817,-0.22141708377825464,0.0,2.187396663751174,-2.955849506467977,-0.27133838584993913,0.0,0.7958577851542458,-2.4871252734391778,-0.4394137405101762,0.0,1.6003850933429264,-3.8838383986426046,-0.5708000111585153,0.0,2.0904327166224843,-3.7631495483060267,-0.5325111786091046,0.0,2.3779916867817574,-3.400617540572643,-0.4954369758969452,0.0
0.0,0.0,0.0,0.0,0.5458874782930195,-0.3398091699489841,0.09489722557038141,0.0,2.1104402696820848,-1.6096241522535577,0.15757191796453218,0.0,4.94080381355197,-3.522865912438707,0.009274041926362404,0.0,3.323810846300682,-2.0885082109981514,-0.14384006437362834,0.0,0.8549797382013071,-2.100770747247104,0.11168988929223682,0.0,2.3119345603976766,-3.021854676072841,-0.0402868198838335,0.0,2.936664454899285,-2.668815247701525,-0.2678267667142981,0.0,2.638703079895689,-1.8158624304957045,-0.3405145819713375,0.0,0.8677042830849988,-2.1520011300531503,-0.06204288925125678,0.0,3.1308240520911164,-3.763447695124047,-0.3121595296200791,0.0,3.259172001526552,-2.721880507387958,-0.4350469393415931,0.0,2.6025185556331194,-1.6145250382105965,-0.4135455232455868,0.0,1.0104628518985297,-2.1439231359519395,-0.30150341370928146,0.0,5.809153250223594,-6.322967960760474,-1.2584443653394377,0.0,4.065564279377529,-3.090576320681781,-0.7946979979449156,0.0,2.8187929885946543,-1.5749015177868047,-0.5371621109176323,0.0,1.01723857257652,-1.5299050622476538,-0.5202886239601767,0.0,3.896858311462562,-3.7443692554463146,-1.3057005507188617,0.0,5.092901354477055,-3.823416450094121,-1.3489618330698696,0.0,3.623706061503513,-2.189887174474309,-0.8454926134130255,0.0
0.0,0.0,0.0,0.0,0.422966063283666,-0.18044895505524158,0.1369197100025284,0.0,0.940106063361162,-0.5568232466507651,0.1796759410992947,0.0,1.417366266669592,-0.7460003343159163,0.08660155411080349,0.0,1.6077319471460387,-0.7811773053192348,-0.022545767881586656,0.0,0.684738756897533,-2.472261978369422,0.5064551180555277,0.0,1.3503722189004272,-3.471572606900262,0.419674164704893,0.0,2.0166997743205806,-3.5254635472429388,0.260120441011389,0.0,2.2722546288180605,-3.0457511124087944,0.1269472532191308,0.0,0.5636241131394679,-2.5804152498170994,0.17990125390334716,0.0,1.167073034762739,-3.231875401622946,0.06315755263575865,0.0,1.8019125082338934,-3.2201480436176118,-0.07510340455193809,0.0,2.1987305856157975,-2.9404408740495414,-0.17262533390769771,0.0,0.5989691728968345,-2.5722458186432755,-0.1744998359931485,0.0,1.186563165227662,-3.311435578364592,-0.2228286501984314,0.0,1.806475413981343,-3.2540585941311013,-0.26059675195261295,0.0,2.2321129595905593,-3.0026574403705064,-0.3004617155236003,0.0,0.7750862682928124,-2.3032759514307752,-0.5317560403405538,0.0,1.7169542747897446,-4.02713745649268,-0.7234841977584167,0.0,2.1515004673975926,-3.798103468192812,-0.6277456348245279,0.0,2.353350825939121,-3.3561245288328525,-0.5621978996336913,0.0
0.0,0.0,0.0,0.0,0.5308872785802654,-0.3543735785150219,0.08075391558005615,0.0,2.0404001517613524,-1.574542273740339,0.11946606881867129,0.0,4.855426322248965,-3.4875944472125164,-0.04915790016177946,0.0,3.4067711277882458,-2.210792138694346,-0.1784276917089166,0.0,0.82427774714575,-2.1067758397887975,0.11449400134969813,0.0,2.3618945234677375,-3.141669869424491,-0.04881700606831959,0.0,2.9465770549250876,-2.7165285617934822,-0.30068080211846687,0.0,2.5824537274584194,-1.7892795361769982,-0.36601118843311203,0.0,0.8305964235271021,-2.1561718956555573,-0.046677862319989424,0.0,3.1761593342464876,-3.9107700042462943,-0.30665540333952385,0.0,3.2551109119079786,-2.7764323272503093,-0.45208648504737825,0.0,2.543905915191898,-1.6077159237085838,-0.42416990115280506,0.0,0.9862127853349715,-2.19650087263912,-0.2715357508672479,0.0,5.732421162316018,-6.442584846193401,-1.2219403719736808,0.0,4.055799846600604,-3.1797856416038255,-0.8002325444071194,0.0,2.7897400385691915,-1.6040749892856545,-0.5385147293891103,0.0,1.0491897631433116,-1.6769981471438766,-0.5036973458265867,0.0,4.093716623126062,-4.068270844479027,-1.3340092390084295,0.0,5.2190803397309935,-4.023199322861347,-1.3508658879928486,0.0,3.6050945886762267,-2.2315198870390986,-0.8165741990857615,0.0
0.0,0.0,0.0,0.0,0.4199042537776623,-0.18929891175273708,0.12838004459375787,0.0,0.9379841204965423,-0.5493754873514449,0.1600537979198699,0.0,1.4029848698945901,-0.7127229706598063,0.06292463443455092,0.0,1.5847037117808986,-0.7318376102336545,-0.043534878619660454,0.0,0.7662031906598281,-2.5637388793943163,0.48297716072401253,0.0,1.5575389205381764,-3.71586874705201,0.4133437590941147,0.0,2.283050784397138,-3.7330940492199702,0.23864898514412397,0.0,2.3892601112294685,-3.003117322278764,0.08404549161019038,0.0,0.610601648398981,-2.6627818041264306,0.15398241876261431,0.0,1.1793562284122379,-3.21996947963938,0.031148718603619764,0.0,1.7916115585377321,-3.1843498187025974,-0.10459877048131748,0.0,2.182253655696953,-2.894682968356371,-0.20117608441605211,0.0,0.6036597631851741,-2.603287741272501,-0.18763412555172,0.0,1.1188554048002903,-3.199242821535278,-0.23304463329642516,0.0,1.7385406512557553,-3.203584705121654,-0.28398227288571426,0.0,2.184916414678953,-2.99052945739798,-0.33263168027570755,0.0,0.7506555430298804,-2.3451751780927066,-0.5278990712824325,0.0,1.6403314762753691,-3.9557663552622535,-0.7181690843676499,0.0,2.1094322085238364,-3.8034341953416195,-0.6487706364549766,0.0,2.341739029244243,-3.3702165120445255,-0.5895639731469959,0.0
0.0,0.0,0.0,0.0,0.4887322435518322,-0.34969954188289076,0.08940934699770196,0.0,1.9052677755213663,-1.6135153482527358,0.15470139780370518,0.0,6.413365727662371,-5.244181320207296,0.06854943057607236,0.0,4.176380767057089,-3.1410913330242747,-0.13077942489686034,0.0,0.8479832065712911,-2.1206742280928164,0.10954557264372101,0.0,2.404395741463941,-3.120406163721552,-0.04596703352941541,0.0,2.9871247788976234,-2.6734702408571227,-0.2698646814801467,0.0,2.624335116819956,-1.7738865524117344,-0.3263103675953549,0.0,0.8709146151771101,-2.177649410515676,-0.0496788704813326,0.0,3.2567327632449636,-3.8676378248953145,-0.28304006424162226,0.0,3.2407449911560904,-2.663301535018645,-0.38219042273143816,0.0,2.5561052895576815,-1.563162762642786,-0.3582607216023354,0.0,1.0283425105168813,-2.2040516987198364,-0.2703470850234145,0.0,6.243918741520583,-6.677465477234327,-1.2086869501549882,0.0,3.9041179921621842,-2.906242666798099,-0.6854514932180542,0.0,2.7295064632475072,-1.4939247812527439,-0.4641346179131599,0.0,1.0802473920240852,-1.654405668028553,-0.48921142359811187,0.0,4.518380924361743,-4.224251497497006,-1.3291532136382596,0.0,4.838006164580376,-3.477859145986598,-1.11582723166713,0.0,3.3848543488887066,-1.95003878051815,-0.6757875328793322,0.0
0.0,0.0,0.0,0.0,0.444847244376138,-0.2085739383922232,0.16236534807717276,0.0,0.9700408014033773,-0.6069894205755192,0.23115752961822025,0.0,1.4310198928939335,-0.774943774523326,0.14991225420419976,0.0,1.6014260968854541,-0.783235794403009,0.04327323104846505,0.0,0.6536378455446905,-2.4349404998485142,0.5048542593766849,0.0,1.320248089527504,-3.4463064128417558,0.42189170075804666,0.0,1.9804864369761634,-3.514468042372385,0.2734994856827627,0.0,2.2215153353274424,-3.0316127659764396,0.1443439668953619,0.0,0.5485782749696669,-2.5620384260759352,0.1650484461519915,0.0,1.1515915410399473,-3.235868195878431,0.05178822654534742,0.0,1.7814730679390207,-3.2185667418595028,-0.0709791596516457,0.0,2.17267435384278,-2.9341963487153984,-0.15578990974800347,0.0,0.6059909554308854,-2.5489383875297347,-0.20651647791063382,0.0,1.1926023407870636,-3.3277864370179,-0.25489550031647,0.0,1.8135590582744803,-3.273831779347894,-0.281703942415466,0.0,2.227786395598712,-3.0086833138272215,-0.3106713717304318,0.0,0.7947077775196236,-2.2392150644891458,-0.5688310932327862,0.0,1.7161118664029067,-3.945346933744981,-0.788023528641456,0.0,2.1228168181984857,-3.716349534131368,-0.6881249231226402,0.0,2.2952256803469537,-3.2597819381473947,-0.6106706410264278,0.0
0.0,0.0,0.0,0.0,0.4674358918442392,-0.3721111094714871,0.06972790168947522,0.0,1.7562342073867927,-1.563598067626577,0.07919103921375051,0.0,6.1955054065957516,-5.188740002859163,-0.1676545714220675,0.0,4.441913816727006,-3.473710978802091,-0.31557906043805256,0.0,0.812044322839641,-2.098105781965746,0.04000699772661195,0.0,2.3770430884300486,-3.098888704808726,-0.1884668978092444,0.0,2.9256599571325195,-2.6305159708632564,-0.415713363097313,0.0,2.5757701168074205,-1.749142179328501,-0.44022370801950356,0.0,0.8374220727298994,-2.155726408432239,-0.11797693573497499,0.0,3.1826235691270806,-3.794746401884888,-0.46496656318840396,0.0,3.181219053917014,-2.6197502926015477,-0.528930550853611,0.0,2.5392239668516807,-1.5534833951399063,-0.4601505139093097,0.0,0.9970707535306913,-2.1871223088906895,-0.3445451873840772,0.0,6.089874590498153,-6.507138736869667,-1.4948815072312518,0.0,3.7466259323581754,-2.7657883476875886,-0.8092728419666347,0.0,2.6484861291090023,-1.4283569611299871,-0.5400748167257615,0.0,1.0586607629474398,-1.6548489162803008,-0.5623252836728413,0.0,4.359232572055347,-4.076962886128779,-1.5341857944525314,0.0,4.538817238185982,-3.2134658285967777,-1.2695972300128189,0.0,3.1949928259592064,-1.7777827250485314,-0.7746700621937819,0.0
0.0,0.0,0.0,0.0,0.4112187882517332,-0.1888516535836223,0.12550353937417782,0.0,0.9348220562596223,-0.5521422463387047,0.15839761869768648,0.0,1.395998856814525,-0.6942878990631346,0.06533007681882438,0.0,1.5628663462410173,-0.6981836059835331,-0.0331851079242139,0.0,0.6620839389979805,-2.417907505141781,0.45163256773308197,0.0,1.7852001257897594,-4.063153405861285,0.4611659359813344,0.0,2.4944990453947575,-3.8577300609165444,0.25488955038523603,0.0,2.4144599219391734,-2.8525598768198615,0.0880421367562268,0.0,0.5348219048983659,-2.533859336234052,0.1502587797719532,0.0,1.1449773636466183,-3.188239043891943,0.029457786667914588,0.0,1.7154227863822138,-3.1145890069209314,-0.09286833167526841,0.0,2.109185180915559,-2.8681721525962844,-0.17590192645399713,0.0,0.5603322671198087,-2.527888437247918,-0.1669979819966632,0.0,1.0673540871888851,-3.1256270131480477,-0.21700188408240292,0.0,1.6568614304567317,-3.1307457841014985,-0.26207533307603376,0.0,2.1306059726221256,-2.9973020187745254,-0.30636947775510776,0.0,0.7719928106537309,-2.3920876060953944,-0.5068529216374582,0.0,1.6415876044200068,-3.952695931271784,-0.6769361255797584,0.0,2.046580687147328,-3.7101959227633334,-0.5946802234913315,0.0,2.278508405485417,-3.3223362889177785,-0.5394308409979882,0.0
0.0,0.0,0.0,0.0,0.4869879336046775,-0.36777311301729315,0.06792626318178441,0.0,1.8488873462111335,-1.6412828229584941,0.09590592656594085,0.0,6.814983051047698,-5.860838934937313,-0.09188309637325959,0.0,4.468495860015259,-3.6842890671856123,-0.23603031003017869,0.0,0.7886610714409905,-2.0895299091010617,0.07251121241217844,0.0,2.3740377705322087,-3.128631314707608,-0.12647614193311807,0.0,2.938384950804356,-2.64212558830448,-0.3537194267833429,0.0,2.576526936099952,-1.7387339417573784,-0.38882775489898036,0.0,0.8244708990047583,-2.152519591071698,-0.07380295478412022,0.0,3.1641998318380313,-3.815737522254373,-0.36434912727888835,0.0,3.162273623649209,-2.618966414477084,-0.44799352574351986,0.0,2.5190183520036453,-1.5433727000556239,-0.40243750381272175,0.0,0.987535112346486,-2.186405690958198,-0.28489783862697327,0.0,6.1126987178290175,-6.624911068670488,-1.3151102719053254,0.0,3.7592604127105123,-2.7930707531786068,-0.7296991132700841,0.0,2.6369607952875525,-1.4164745460126171,-0.4894982231311387,0.0,1.0740088967498398,-1.6834199837092172,-0.5011390076262761,0.0,4.578834833214519,-4.343576236907691,-1.4515847197695966,0.0,4.615909967622142,-3.316735673780742,-1.1792384371522713,0.0,3.1945707544821786,-1.7900309487098414,-0.7104509422991476,0.0
0.0,0.0,0.0,0.0,0.4382294039963864,-0.22038515601908557,0.13006768970427182,0.0,0.9957709834719757,-0.638227081077852,0.15987897432428394,0.0,1.4485295464117192,-0.7786944682288948,0.050504167593801136,0.0,1.581137085044434,-0.7564969616265115,-0.059253698024429285,0.0,0.613008796800616,-2.465150680148695,0.4062550959698958,0.0,1.214114489200499,-3.368683111663248,0.2792887605179388,0.0,1.8596117850153229,-3.4726261050952503,0.12252818736465115,0.0,2.14481948217975,-3.076944594789919,0.0036959737702561917,0.0,0.5000735483161659,-2.535466309084236,0.09130169726115503,0.0,1.1481484491752938,-3.258434884665263,-0.03260355162793538,0.0,1.7642311612143935,-3.235748346390208,-0.16496798822197134,0.0,2.156421328181713,-2.9703218305889756,-0.25405234128129894,0.0,0.5670390455420987,-2.528462068654251,-0.252248900107111,0.0,1.241147467672147,-3.454896310189743,-0.3214464699741372,0.0,1.8569901226524226,-3.369358268610945,-0.33933681413214795,0.0,2.2553877028868405,-3.072669971310899,-0.3585912912951815,0.0,0.7651361359667102,-2.2170099645514356,-0.5975821999483675,0.0,1.853611538750928,-4.295003600036272,-0.9097005114226349,0.0,2.2787639853442987,-4.0538470818595655,-0.7812393992126976,0.0,2.435564017729919,-3.533629774470438,-0.6763824124962026,0.0
0.0,0.0,0.0,0.0,0.44045541185134385,-0.34838678598982414,0.06906226856183002,0.0,1.7251592683838575,-1.5470775787395976,0.08867974379438692,0.0,6.553689578616493,-5.528397674247095,-0.1207312941479381,0.0,4.627340403308049,-3.6645947808605435,-0.27771875096102555,0.0,0.8159080928304585,-2.065023468545372,0.03882602689862631,0.0,2.454123336639417,-3.107406985173198,-0.18777944265009763,0.0,2.9461045150023444,-2.560649962775007,-0.40022277319319094,0.0,2.572823104743788,-1.681203401011205,-0.41811290109934857,0.0,0.8570535900656702,-2.1255943523209573,-0.11827255795140541,0.0,3.2478625448502765,-3.753739142172623,-0.4543704033778631,0.0,3.147465148668145,-2.4998869386236664,-0.4923589021854972,0.0,2.5181765761612276,-1.4765998156743998,-0.4260746592358676,0.0,1.0218651706336634,-2.137621418109575,-0.3407052399092467,0.0,5.8746925602216375,-6.111704003642143,-1.3707372221805854,0.0,3.7090569746456654,-2.6666864979993123,-0.7446198549187351,0.0,2.6554830615155383,-1.3898014152493863,-0.49720509968174686,0.0,1.0949281246419846,-1.6028581517542786,-0.5538502205263742,0.0,4.667035215187925,-4.1945966824649386,-1.5628294577640152,0.0,4.592098160279842,-3.1256682264447666,-1.2092345382890939,0.0,3.1954070285089053,-1.689014180228687,-0.7216436375139513,0.0
0.0,0.0,0.0,0.0,0.4161976338255515,-0.19165206899577833,0.132139773351246,0.0,0.9180568439780386,-0.5640028603743465,0.1701490378796919,0.0,1.3574941320838854,-0.7252042889678386,0.08241454065100114,0.0,1.5475427339333847,-0.7559738402899998,-0.019157293370823877,0.0,0.6665624252609087,-2.5478854050308417,0.4017905527766655,0.0,1.265307392560934,-3.440065175453809,0.26391458587908134,0.0,1.9036411133201059,-3.491753473199343,0.09989325938194964,0.0,2.158179795940465,-3.0483762573781075,-0.017422280461614124,0.0,0.5343723590206548,-2.6047694445082246,0.07719392029894453,0.0,1.1481273498894968,-3.2539720959754956,-0.05786864822805351,0.0,1.7427167240225734,-3.1863383778520284,-0.198575136862504,0.0,2.1194567066519308,-2.9189041096493593,-0.2930264487883189,0.0,0.5704839430982379,-2.560517859394464,-0.26418649328874516,0.0,1.176133319550111,-3.376584837956863,-0.32940594411539065,0.0,1.7516460278999995,-3.264063001547202,-0.3701363881269951,0.0,2.139953341672281,-3.0045755263982916,-0.40860773649817794,0.0,0.7448485361229731,-2.2514684649441485,-0.5972463034222968,0.0,1.7856231421999933,-4.242223631529219,-0.8900689070996713,0.0,2.1278540620921254,-3.8543284813338423,-0.756610143048505,0.0,2.259296314866085,-3.3374679261200977,-0.6648137976868967,0.0
0.0,0.0,0.0,0.0,0.4736996388966531,-0.3224178727961323,0.04739047886347285,0.0,1.7655065357599367,-1.4510627545682862,0.024477495203547247,0.0,5.1622766432983145,-4.070595916544378,-0.2414991742284451,0.0,3.9732851741391895,-2.9488995017602724,-0.3355814393639171,0.0,0.7826928577268469,-2.087247815514731,0.006183265188390398,0.0,2.3311331962241075,-3.144446622211151,-0.2664883909908288,0.0,2.825033682468841,-2.625781216283203,-0.4857823631940873,0.0,2.4920757706473164,-1.7492261515877345,-0.49238887210690635,0.0,0.7829874089300128,-2.1143762741229692,-0.1462116757377804,0.0,2.9886508641299803,-3.7259406215892676,-0.5430774167163701,0.0,3.0208558570900426,-2.5841439897783913,-0.5905459934445714,0.0,2.4417132758828393,-1.5465172847368267,-0.5026078672401393,0.0,0.9028785149286238,-2.084871836204928,-0.36328458276008446,0.0,5.533547262064256,-6.215427298997392,-1.6074261125572014,0.0,3.6576537339303137,-2.798247213220003,-0.9232703246021977,0.0,2.5896453858794577,-1.4343786601983133,-0.6073921370145225,0.0,0.9516444168629322,-1.5289168686594845,-0.5603305995772696,0.0,3.899020058354812,-3.8500676346418667,-1.598224281878877,0.0,4.632059258296538,-3.5060774531279124,-1.5550341665395568,0.0,3.267090592519666,-1.9567538620967453,-0.9636333627800222,0.0
0.0,0.0,0.0,0.0,0.4330399039299676,-0.22205139551387687,0.15427879314629897,0.0,0.9490368917159426,-0.599308169208277,0.22050253345009738,0.0,1.368974219029784,-0.7359575671377708,0.1485637857201963,0.0,1.5209521297379824,-0.7372402517596492,0.05973188786605839,0.0,0.6173514322173919,-2.474728840953753,0.521022394687929,0.0,1.2480495841685078,-3.485238321509895,0.44252791625784677,0.0,1.8308301465234595,-3.468168200240927,0.29179410595829897,0.0,2.0565768181389767,-3.0090907529171043,0.16872657926249415,0.0,0.49257988139818343,-2.56873392303337,0.19722150602726565,0.0,1.1098290590834363,-3.2872645288902764,0.07244281327719584,0.0,1.6870562436204357,-3.212034166938067,-0.059448903507079105,0.0,2.067826990517281,-2.955143156216937,-0.14258609271492412,0.0,0.5341179291817959,-2.5488940401851736,-0.14574352738513768,0.0,1.1214096359794827,-3.3904311169536716,-0.20765809956927342,0.0,1.7029443854959891,-3.3007664901391736,-0.24785920478225446,0.0,2.1180445751713406,-3.0680488352737316,-0.2818790032218492,0.0,0.7343285634624416,-2.302181284311757,-0.490522528210479,0.0,1.690189762256563,-4.178136627881241,-0.7124342291460917,0.0,2.064076985806919,-3.8541981016751534,-0.6171528326364782,0.0,2.236998076123522,-3.3688306452175483,-0.5478365130527727,0.0
0.0,0.0,0.0,0.0,0.5072841485330928,-0.3143281771027707,0.05443551360023604,0.0,1.8065201669001623,-1.3925836560009945,0.0358515133254967,0.0,4.520243116580509,-3.3406241813577293,-0.20284718574310887,0.0,3.5586558781486843,-2.43319510685252,-0.3023840492673661,0.0,0.7082104625434584,-2.0279055268758084,0.016279193015844882,0.0,2.1508417072039094,-3.017660662257409,-0.23507349192331722,0.0,2.7625157591647533,-2.6359383710579762,-0.47276468533975136,0.0,2.4757257725648385,-1.7709789859643947,-0.49206850029144666,0.0,0.6942664305077028,-2.0439216394223716,-0.1349908170397748,0.0,2.8449042424515163,-3.6569607786013933,-0.5392444630680071,0.0,3.050391037909055,-2.6347586849176086,-0.6245090436895091,0.0,2.4514857406397654,-1.5444456934364739,-0.5268088027362426,0.0,0.812009464302901,-2.0278189369262836,-0.35013110877904224,0.0,5.185574992054085,-5.98626213791372,-1.5582115044320353,0.0,3.67647553612842,-2.8612369953641816,-0.9520146563533183,0.0,2.5920119798750516,-1.4478225048858337,-0.620482236801195,0.0,0.8954848933470921,-1.528713742419706,-0.5617622185471111,0.0,3.7728596583982448,-3.7943990438668864,-1.5916617435459874,0.0,4.50410668777387,-3.4078967909471722,-1.5333743057626215,0.0,3.1497157638730826,-1.8402042838477926,-0.9326146799330721,0.0
0.0,0.0,0.0,0.0,0.4265388391881857,-0.21851337633409124,0.14341408783683468,0.0,0.95922261670661,-0.611307400621061,0.20025682742843834,0.0,1.3884072453836493,-0.7445082597953703,0.1206617264784344,0.0,1.5184834841963648,-0.7164866779692042,0.028760839874030497,0.0,0.5998699391213542,-2.46532325959678,0.49021639162552605,0.0,1.2955627119501505,-3.5622438527740674,0.4267102734832002,0.0,1.9153078170803985,-3.561247571417145,0.2717584525491547,0.0,2.123181382341471,-3.042504138637624,0.14091047205728158,0.0,0.4762689249087619,-2.546533263124361,0.17867117716739675,0.0,1.1109176578759623,-3.285621471885403,0.0554850105814831,0.0,1.6846745779741128,-3.208531144822531,-0.08346380112566716,0.0,2.0878878044424645,-2.9736249000196047,-0.17543687383164633,0.0,0.5148283783369549,-2.5266106242390927,-0.1481433961471445,0.0,1.118156396458767,-3.395526814851096,-0.20638144710738468,0.0,1.6933018768595869,-3.3045571361104,-0.2552140555551887,0.0,2.1250126105431777,-3.0931238792537457,-0.3004854822523948,0.0,0.7222027692542535,-2.321196670566369,-0.48488113590868986,0.0,1.7140413651199689,-4.26901337857097,-0.7024408074550349,0.0,2.0512509356994206,-3.8704703422318283,-0.598693716317497,0.0,2.2153089749909767,-3.3848310104470842,-0.5357892346046415,0.0
0.0,0.0,0.0,0.0,0.456500142875163,-0.3493550926592062,0.07192427343946947,0.0,1.8488384406509468,-1.7177556925697974,0.12765870599548768,0.0,6.2148504194155665,-5.54698282898635,0.04833582198590473,0.0,4.0071023202925895,-3.303646413196133,-0.11361864656268957,0.0,0.7650464426551444,-2.0808897091201763,0.05949161685182525,0.0,2.349528764288053,-3.1435933743887996,-0.13534218627602523,0.0,2.828856269213973,-2.6107152414798094,-0.33545436137687495,0.0,2.511423719754588,-1.7550443647889742,-0.36932692345456775,0.0,0.7824673167285446,-2.1165250415503123,-0.08974392851537182,0.0,3.108921974661718,-3.8143655670734096,-0.3880558459866829,0.0,3.0603898404678,-2.590232273178463,-0.4472262184823282,0.0,2.4699570015572583,-1.5521879046113036,-0.40019818533200086,0.0,0.9138414370438941,-2.0816716630763277,-0.2956012801692492,0.0,6.188755660748957,-6.75092375054378,-1.4297824809348532,0.0,3.6482856149328184,-2.719650240596265,-0.7436882160115026,0.0,2.572552444417126,-1.3899687582993527,-0.49550150191616105,0.0,0.9744817820202111,-1.5244675064455364,-0.48696066713242425,0.0,4.007211015483345,-3.7432208330872276,-1.3497899019530935,0.0,4.177053678120717,-2.9297554400154664,-1.137286677053012,0.0,2.99742986498379,-1.6245125493225405,-0.7121618075894172,0.0
0.0,0.0,0.0,0.0,0.442339011656865,-0.23032296049603976,0.12492432655956841,0.0,1.0354136492430523,-0.6547504362762656,0.1534201733207462,0.0,1.4763577871695046,-0.7760919180680438,0.04318964771638434,0.0,1.5430607615013892,-0.7000140050011604,-0.05623104250775593,0.0,0.639439240596305,-2.48237803223233,0.4953106410335396,0.0,1.307271368334863,-3.5397709432483295,0.4251972263094671,0.0,1.955083688608841,-3.610463310252898,0.26767604031606,0.0,2.1964984486205674,-3.131101590969136,0.12858361853082348,0.0,0.4935018879896534,-2.531605786165853,0.18695595406524415,0.0,1.1247163574439234,-3.307003919070062,0.06782637961422719,0.0,1.72178627848723,-3.2853764969316424,-0.08153246363408849,0.0,2.146987477505282,-3.0637285949668183,-0.1852576686620014,0.0,0.5147361810518317,-2.4936191527836997,-0.13633637871152884,0.0,1.1254333697280594,-3.417803721339108,-0.1921166124761207,0.0,1.7345118914109052,-3.3939031659311065,-0.24115249608108166,0.0,2.199630816622104,-3.2101867942670026,-0.2901210224114675,0.0,0.7000862683069979,-2.2769656650896906,-0.47229830328564765,0.0,1.7244202454997108,-4.328752680395977,-0.691784684558473,0.0,2.1326807234382494,-4.051637969169963,-0.5953558713434162,0.0,2.3233714546089663,-3.5703986952995512,-0.5320902243320347,0.0
0.0,0.0,0.0,0.0,0.4469824226326037,-0.3569597493490809,0.07379054725305635,0.0,1.8575014877424014,-1.5673448058419617,0.05098362872951787,0.0,4.244517596381014,-3.0121370310427396,-0.21168479212062227,0.0,3.0710910018243776,-1.8526250612958686,-0.30003934931337123,0.0,0.7538526195123169,-2.0202514422902005,-0.0388440045713434,0.0,2.1912401956095757,-2.940925176177231,-0.32305161073491667,0.0,2.760667377167073,-2.549258746449017,-0.5425779269100072,0.0,2.5215120488185967,-1.7473265116023136,-0.5515940879825072,0.0,0.7512401303035519,-2.0395759911619433,-0.22575634755705834,0.0,2.889623856655343,-3.569820256613556,-0.6869246406498825,0.0,3.0024734515879317,-2.535323126034957,-0.7171925286905999,0.0,2.479963724048671,-1.5275000520010862,-0.6061648205532054,0.0,0.8302388306774998,-1.9047007591981113,-0.4707524779536171,0.0,5.078626256234289,-5.673908185414547,-1.800344799423405,0.0,3.656056584209158,-2.7774758842410154,-1.0710758996578236,0.0,2.616146557917849,-1.4293508760983102,-0.6983963430046805,0.0,0.7859974781716134,-1.2109241022296926,-0.6274152770648572,0.0,3.1106376863612133,-2.971624533130183,-1.557115717688952,0.0,4.3708786097086465,-3.2037944598100534,-1.7072747092442582,0.0,3.2222573073276,-1.8560723384051407,-1.0817644236619512,0.0
0.0,0.0,0.0,0.0,0.4027120951710246,-0.20859253830089036,0.10943393967079743,0.0,0.94014915804995,-0.6301025495732948,0.125792162500757,0.0,1.4145432703623775,-0.8171427466852252,0.020401531504395286,0.0,1.5737357018804914,-0.8330177460850389,-0.08440686844285743,0.0,0.5811317192660301,-2.528850522283805,0.3907335987719674,0.0,1.208309185133163,-3.5331065438830938,0.27451356452724,0.0,1.7576880780500503,-3.4778497383660354,0.10523338034220342,0.0,1.9905931704940574,-3.059696308952532,-0.005153859135412822,0.0,0.4612822834164846,-2.553507501426875,0.10252462638345115,0.0,1.1094043903535362,-3.3256608511140553,-0.017183046284718076,0.0,1.66435183252036,-3.2213617759153514,-0.15265615297884136,0.0,2.0310924094288927,-2.96070680229626,-0.2388227083927565,0.0,0.5262842533231609,-2.558410635203084,-0.2027264036887238,0.0,1.1837621477972955,-3.5346652511217833,-0.2596104313307752,0.0,1.7484334314675938,-3.3729149436499193,-0.27869959831491825,0.0,2.1291234363255693,-3.070353263528027,-0.2996275546889357,0.0,0.7433150549062196,-2.318108308396998,-0.5235531859810068,0.0,1.9515901595448444,-4.794823068502434,-0.8133926336256148,0.0,2.345484409429953,-4.368226805355565,-0.6541680011058307,0.0,2.47060154940276,-3.7144197041944054,-0.5398715659293457,0.0
0.0,0.0,0.0,0.0,0.3638107293742738,-0.4092637250733815,0.09700830953391218,0.0,1.5794742089871547,-1.8547706732015798,0.1763678801285688,0.0,4.932892093358529,-5.2833934434348375,0.1445553753153546,0.0,3.7871874982744704,-3.6055019963525448,-0.06953245822353404,0.0,0.8513025297518844,-2.254849528975035,0.045224796988964956,0.0,2.42048295711829,-3.366075731583183,-0.18397134836455242,0.0,2.778419958147763,-2.732983710781684,-0.36894147438745356,0.0,2.4597961258620478,-1.8540327669154295,-0.38613386459660554,0.0,0.9120282501501618,-2.3464976717565302,-0.15099104465283347,0.0,3.2737183135658805,-4.163461211822543,-0.5171986360353551,0.0,2.9573012847018263,-2.6597170140253588,-0.498631572348962,0.0,2.3986723415698727,-1.6259607364515745,-0.42667394433276046,0.0,1.0326124533094214,-2.236928158297162,-0.40656652401725446,0.0,6.438721035437695,-7.261873805768367,-1.7292701251589955,0.0,3.4941910539953485,-2.7825903139277544,-0.7917683590103053,0.0,2.5346261845401417,-1.5200128103845683,-0.5293610807741314,0.0,0.925705911277705,-1.3993637396805276,-0.5550380903142602,0.0,3.4469526573176936,-3.3733533957919755,-1.3392460071522776,0.0,4.13096869285684,-3.18360580256352,-1.2572142306757146,0.0,3.114688315528622,-1.9665573167960662,-0.816967171375153,0.0
0.0,0.0,0.0,0.0,0.4337401285480939,-0.23805431993002255,0.09720233997110878,0.0,1.0487266850530215,-0.6816211278792308,0.09417682602158933,0.0,1.4666398495886197,-0.7697634615378288,-0.03034669992410251,0.0,1.5185658560325574,-0.6855127863552631,-0.12240844197983348,0.0,0.5907230546352095,-2.515816514987793,0.4530025862944707,0.0,1.2638892717707633,-3.5692619504972223,0.37456813217096163,0.0,1.9542757334213583,-3.7054194578840125,0.21121934692573446,0.0,2.2197747981173372,-3.21507678752513,0.07108565473455769,0.0,0.4504493032470466,-2.5206394823459677,0.1744764040036018,0.0,1.0935517905590157,-3.305647564268984,0.051440320883791746,0.0,1.7074448974588712,-3.3241940656760325,-0.1027156508620236,0.0,2.140545257259206,-3.0939711648440134,-0.20762313745649988,0.0,0.4819428784722908,-2.4984415485065266,-0.11956362049669317,0.0,1.0890758877689009,-3.4170685004632078,-0.17844904189096664,0.0,1.715763037849777,-3.4353090034583635,-0.2249376522470857,0.0,2.2048038290925813,-3.2681123031189947,-0.2676214913240212,0.0,0.6928974250799436,-2.330707230100055,-0.4444865969097896,0.0,1.797663987920866,-4.609891043002774,-0.6661124322738633,0.0,2.230953613332385,-4.315029088873112,-0.5568460697132362,0.0,2.4232084734472767,-3.7823194464866177,-0.4820348356998267,0.0
0.0,0.0,0.0,0.0,0.4919887411321472,-0.37735675533880847,0.07589646700784215,0.0,1.913121105181865,-1.6426945529988464,0.09095523395413911,0.0,4.920579205184803,-3.8254478689978266,-0.12272245465962528,0.0,3.528137699271778,-2.4336225055549514,-0.24209135436358475,0.0,0.8117033840840504,-2.129893623682534,0.04529470520179158,0.0,2.272928978954555,-3.09100701766814,-0.18845104953248742,0.0,2.816964301156559,-2.6588213004355556,-0.4166607959186863,0.0,2.522242902102236,-1.7956413099755957,-0.4454262665478809,0.0,0.8136006401896346,-2.168693042777403,-0.12873454937149834,0.0,3.0176599491853677,-3.8032266994031407,-0.506061181499852,0.0,3.1417226679181214,-2.7276588845761296,-0.5881961656237077,0.0,2.530498520018428,-1.614284384830184,-0.502714008116064,0.0,0.9440480683987232,-2.1295791762602194,-0.3714981003251082,0.0,5.237999543537493,-6.057177833613196,-1.4605288349666234,0.0,3.7640827622970843,-3.04944991430144,-0.9076605176582728,0.0,2.691492351894839,-1.6068268471655975,-0.6002652171094386,0.0,0.9348849561905407,-1.4452020391354574,-0.5643878695527397,0.0,3.548246463534059,-3.532368049831643,-1.4194112456597359,0.0,4.8726980852197945,-3.812794028863863,-1.5287346149666812,0.0,3.48580014168002,-2.2084474450001217,-0.9403939584256897,0.0
0.0,0.0,0.0,0.0,0.4134775111123432,-0.2411204328574533,0.11568514700567518,0.0,1.0050472315890466,-0.6752549801878464,0.12439653549175111,0.0,1.435161778019612,-0.7843776702182317,0.0038136119174897658,0.0,1.5360229553565619,-0.7320952703025547,-0.10138033320811726,0.0,0.5580841040248904,-2.4526797769653657,0.3661408046512825,0.0,1.195512106529483,-3.4910038478388397,0.23722177945793124,0.0,1.8007976298611723,-3.5410147395674763,0.05584833835769831,0.0,2.0673537773590973,-3.1152514600985186,-0.06436778507548947,0.0,0.46048260604661173,-2.521189243847454,0.06955490084606797,0.0,1.104042740691924,-3.293011059189468,-0.07250855199511097,0.0,1.664102738167469,-3.210205123671035,-0.2236692704428423,0.0,2.0804914917645023,-2.9993755977469267,-0.3260810469894741,0.0,0.5295635198150909,-2.529981645744934,-0.2542899016575994,0.0,1.164532017648642,-3.4993697630870257,-0.3268560422329946,0.0,1.7524639780131526,-3.386756542819027,-0.34951144006939855,0.0,2.1842565681135646,-3.1352545373055003,-0.3749189981084491,0.0,0.7475050853355337,-2.2799357103468,-0.5915735619747112,0.0,1.8593271273363865,-4.5804096198232065,-0.9075240297042487,0.0,2.275053785283474,-4.240120986101842,-0.7535735607784446,0.0,2.4308144654416903,-3.6540038046844106,-0.6365497326843514,0.0
0.0,0.0,0.0,0.0,0.4683743281021486,-0.38495277328313016,0.06390637079983619,0.0,1.7503858079215637,-1.6340401996296827,0.0519931644454232,0.0,4.868175532016487,-4.277972505312263,-0.20296718435121322,0.0,3.649449985735741,-2.936408060833863,-0.32181431026938107,0.0,0.8019127224511194,-2.1970637257830763,-0.002469494049805735,0.0,2.2731454367603474,-3.2143458252947794,-0.29062205468652746,0.0,2.7327411116072176,-2.7125009321485507,-0.5151208873718158,0.0,2.4455490883155124,-1.8485518636467744,-0.5267298050688586,0.0,0.794415171384048,-2.236750592561305,-0.1808180144222293,0.0,2.9747435162580533,-3.8986897519545467,-0.634319061604755,0.0,2.958423917908893,-2.6863770214562255,-0.6798238879391969,0.0,2.3998987497457183,-1.6117071650904429,-0.575568886639543,0.0,0.8970275567150634,-2.1779853827772437,-0.4263806301180751,0.0,5.1717617945924985,-6.304714233142838,-1.7493099247036914,0.0,3.5700762635403627,-3.008759605998309,-1.0545479693263649,0.0,2.5545313735769244,-1.5778446705203615,-0.6997533452793917,0.0,0.850398569690653,-1.4529773069031375,-0.5952368813049553,0.0,3.0682708694337393,-3.301849998336498,-1.4813743024995074,0.0,4.331483000807045,-3.62825703411112,-1.6998312844845136,0.0,3.257545732487233,-2.195558611215952,-1.1189806332452312,0.0
0.0,0.0,0.0,0.0,0.43461114513092813,-0.2333330189789927,0.16575095530869036,0.0,0.9656043645979012,-0.6310269835180036,0.24574628580452343,0.0,1.3905653936924474,-0.7626516997884006,0.17598820135004745,0.0,1.5263605013369281,-0.7412587406918578,0.08319451588334188,0.0,0.652087662836966,-2.5690696741868524,0.5828425456006834,0.0,1.2284768368536139,-3.446081582796482,0.5136856318135434,0.0,1.804084445993295,-3.4753832348601303,0.3767880149290676,0.0,2.063907004838212,-3.084768003592195,0.2522735818058257,0.0,0.5340635099489853,-2.668221196481413,0.24412942640242336,0.0,1.1466550961954043,-3.3551671608324414,0.13702486812120876,0.0,1.7056883911626708,-3.270574410253807,-0.0034104955717676896,0.0,2.117048711966248,-3.0542991148131056,-0.09691555281443859,0.0,0.5683316448684766,-2.6101530602518097,-0.11498339991104015,0.0,1.1687342686164361,-3.492771050032451,-0.15250381529404453,0.0,1.7236473017449758,-3.3693530703778563,-0.19389505628227624,0.0,2.1383409980160066,-3.145117694457505,-0.2345119537532924,0.0,0.7464911230061444,-2.2841552659286046,-0.4620180548833576,0.0,1.7063998532161058,-4.211639592657615,-0.651312065130133,0.0,2.0258542587357384,-3.8456533220212603,-0.5458567388360596,0.0,2.1907147557722717,-3.3826180668273556,-0.4826890266196185,0.0
0.0,0.0,0.0,0.0,0.48525471225951716,-0.3910753580582821,0.0675914872575787,0.0,1.78017330696243,-1.606311098967238,0.043585599576234556,0.0,4.433730376897567,-3.69295249088598,-0.2239187774035201,0.0,3.464549751087572,-2.593182136334372,-0.34629434404071796,0.0,0.7776229318688337,-2.1407702193802858,-0.03654018082288104,0.0,2.214490868449562,-3.1269423547372903,-0.3470571589214728,0.0,2.709478261961476,-2.6738281092208958,-0.5699951802023595,0.0,2.4522088024830455,-1.8265930502336432,-0.5712144792599257,0.0,0.771289404494411,-2.17525515335065,-0.22622443517560298,0.0,2.947195719105188,-3.8419710553688806,-0.7343369094670523,0.0,2.9466058057022617,-2.643389720136639,-0.751284129317637,0.0,2.401666245924957,-1.5809722325431859,-0.6249153992191679,0.0,0.8734938563837072,-2.0848410460892524,-0.4849397772954211,0.0,4.954864929193571,-5.977611212964971,-1.876756532021575,0.0,3.5167027340282497,-2.924968220179153,-1.1332611783351387,0.0,2.5407272486628627,-1.539139532015505,-0.7497210527430086,0.0,0.8299915801783543,-1.3487247063046062,-0.6462494265257804,0.0,2.9136492434419257,-3.075771629249145,-1.555036483655703,0.0,4.236962628705701,-3.4984608209006787,-1.8184150211131114,0.0,3.235908316162378,-2.1414792675504732,-1.206258125678219,0.0
0.0,0.0,0.0,0.0,0.42421980674906334,-0.23175827347749978,0.1479610462696916,0.0,0.9523145759882271,-0.6285797130226264,0.2101639753258098,0.0,1.367246123408784,-0.7518770621878282,0.133815483757774,0.0,1.5067199421298374,-0.7354508840788475,0.044807204138099334,0.0,0.6138132638412596,-2.5642230862829556,0.5288626220708894,0.0,1.199222020507209,-3.496333032898215,0.4443799770304489,0.0,1.7582001763432609,-3.4918105041654797,0.2958965469758293,0.0,2.001479704732681,-3.076626719995182,0.1762541342172684,0.0,0.4891223179387196,-2.6426706253480816,0.20971147104548535,0.0,1.1022402288717652,-3.332537142255479,0.09710389542847897,0.0,1.6550774659346983,-3.2504134136306946,-0.03563215353903741,0.0,2.0524937132108643,-3.035101511152613,-0.1217664813026972,0.0,0.5338358997944216,-2.6167914711261107,-0.12565413973401277,0.0,1.130757774821012,-3.476910087405751,-0.17362088956071758,0.0,1.6955697046269695,-3.374816780836018,-0.20985244225926425,0.0,2.1232601990075186,-3.1626881802447495,-0.24408865713300476,0.0,0.7366075180034871,-2.3461332635937837,-0.46364701323401486,0.0,1.753610739570065,-4.409299108891515,-0.6781783555550768,0.0,2.1184880521299077,-4.042690378136263,-0.5678566902605573,0.0,2.2864813725817763,-3.5224688991561077,-0.49206318509186536,0.0
0.0,0.0,0.0,0.0,0.49271358060887943,-0.36703258550145734,0.05192588043797633,0.0,1.8840202509685113,-1.6159045001362766,0.026326603960412805,0.0,5.132854451210009,-4.148802490627134,-0.26506610280414133,0.0,3.7053375919507796,-2.738298041912667,-0.345966755718643,0.0,0.8188939060535322,-2.157750815017415,0.020215675213285374,0.0,2.214768563440516,-3.0987345711768,-0.23614520854882848,0.0,2.76219616723998,-2.7070246187757654,-0.47318729879090543,0.0,2.496115654865178,-1.8616105065231197,-0.5009676285742721,0.0,0.823838583797113,-2.201803662312257,-0.14555292550777837,0.0,3.008028221859441,-3.8591290146681048,-0.5688268394320375,0.0,3.1023100489136692,-2.754667922985851,-0.6561337318374688,0.0,2.4886647532974813,-1.634775291275658,-0.5575381725836126,0.0,0.9557761453500572,-2.176057420327366,-0.38211916877908747,0.0,5.4119551272213435,-6.332165053506102,-1.6361115741126944,0.0,3.7366873107245144,-3.0451900787823654,-0.9974238079561837,0.0,2.6487030192358065,-1.5805465114449535,-0.6569947896815108,0.0,0.9647620849305549,-1.5216993653559001,-0.5761772037607755,0.0,3.6770740338599786,-3.7694549659147882,-1.566508851092934,0.0,4.581725332633257,-3.6134467457776798,-1.588272945793344,0.0,3.231214112746054,-2.0024710912928185,-0.9759322909337785,0.0
0.0,0.0,0.0,0.0,0.42409625067158213,-0.22552340139634203,0.12135499952073042,0.0,0.970119287395341,-0.6233351506678447,0.15004535606562783,0.0,1.4080317177766315,-0.7537763225896981,0.05098477614622865,0.0,1.5238686981498841,-0.7125701009614988,-0.04554568802867528,0.0,0.6496800424843382,-2.53696411329518,0.45358414815593806,0.0,1.2707160423036061,-3.5505437401449877,0.3475498658854599,0.0,1.9190912929648816,-3.6368506999228822,0.18329170497694436,0.0,2.1783950578290088,-3.181566303367637,0.052933029492086905,0.0,0.5243571310220698,-2.606145408114478,0.15249163988539838,0.0,1.1099696577336364,-3.310441302026892,0.024287969683738187,0.0,1.6866011499863127,-3.268880000599519,-0.12468365912840548,0.0,2.089558566922221,-3.0425656387162685,-0.22867734722320474,0.0,0.5700915903412052,-2.59596707039038,-0.16924506725058158,0.0,1.1335635538612112,-3.4374835806107087,-0.22579115184793042,0.0,1.6868450217077666,-3.3404983664694683,-0.2753392104043476,0.0,2.110591456944954,-3.1375284718028102,-0.3243140644005591,0.0,0.7771772704819117,-2.3820315246088337,-0.505397865256018,0.0,1.8413606917359715,-4.532157866543086,-0.7478537848759175,0.0,2.1125806275763055,-4.0083321027977785,-0.6131337596292862,0.0,2.225406302255895,-3.4567473606676598,-0.535278627231707,0.0
0.0,0.0,0.0,0.0,0.49538846762719396,-0.38776438474903896,0.059849987568614406,0.0,1.9031574551724344,-1.702718269593727,0.0733858593820094,0.0,5.908086143995503,-5.136310825020829,-0.13951336371574638,0.0,4.014183131742812,-3.310854003574251,-0.2510336648387216,0.0,0.8301863449933841,-2.1932601714990296,0.0684694452356209,0.0,2.3305839261205517,-3.2355875831452825,-0.1588668250561331,0.0,2.8570467677786855,-2.7637284887794182,-0.40250197541419075,0.0,2.513733931950103,-1.845938686800634,-0.4366395783184236,0.0,0.8400081835043011,-2.245545595944623,-0.0879970378742013,0.0,3.1047166920370906,-3.9720661115403986,-0.435191061114494,0.0,3.1261714309109054,-2.7887733170181352,-0.5369514986437204,0.0,2.487476338579773,-1.6539115588409705,-0.4717093633586173,0.0,0.9857367362335407,-2.2646120554942306,-0.31192755644532005,0.0,5.904398782248785,-6.868051294349193,-1.4909585920893087,0.0,3.8035819306238405,-3.0969687958706884,-0.8730523110927781,0.0,2.6587952536323227,-1.593474106599087,-0.5759657890906686,0.0,1.0188329074988798,-1.657979725222078,-0.5193238585585721,0.0,3.8907773131602417,-3.9646382198070915,-1.4207471153161937,0.0,4.5942327109690995,-3.611357997770302,-1.3678474727888128,0.0,3.2570564713452805,-2.039312278697371,-0.8451940349362526,0.0
0.0,0.0,0.0,0.0,0.41617215398437973,-0.2316688766582182,0.1707200965878181,0.0,0.902982613718479,-0.6432603200413541,0.27068578372667057,0.0,1.3593474115139255,-0.8868898594653952,0.2417935957052919,0.0,1.6002760559423397,-0.9930897152715353,0.1737849618188003,0.0,0.5627292910655659,-2.5139700612681875,0.5463068422278555,0.0,1.1897173454279626,-3.534118622182997,0.48284770946224337,0.0,1.760422628997601,-3.5246568945803616,0.3365340091339754,0.0,2.0039820865143296,-3.1027344001064554,0.22022390317959706,0.0,0.4835427100339312,-2.649440517915931,0.22075776609223097,0.0,1.1429348952051377,-3.421401008718701,0.12439398689193823,0.0,1.6923689962840813,-3.2802262534339466,-0.0001224940277185405,0.0,2.029039799364396,-2.9875819901020084,-0.07778224123093765,0.0,0.5786706956835372,-2.679853405005191,-0.1372004330800955,0.0,1.1992365501412054,-3.5530290873801182,-0.17675495291851842,0.0,1.7185835675511256,-3.323966229624421,-0.20286800465859645,0.0,2.0625654826820052,-3.014717125020971,-0.22834309932461117,0.0,0.8124879443924155,-2.368609795440263,-0.49149890431716514,0.0,1.8018777288597005,-4.348805524117418,-0.6873212334487577,0.0,2.061117893698687,-3.8275503460703133,-0.5486479743425973,0.0,2.1733337777134247,-3.295931742405231,-0.46866035206019563,0.0
0.0,0.0,0.0,0.0,0.47655559338976466,-0.4257826330707874,0.0698033365030758,0.0,1.8832640251653847,-1.8165942745473243,0.09355292707183843,0.0,7.093131527873167,-6.522077569629624,-0.14425021569148955,0.0,4.293050206953881,-3.7435567619972505,-0.27263472107107245,0.0,0.8411282182890056,-2.1493539157489203,0.06924286240183418,0.0,2.339672567857156,-3.1327503501688567,-0.1513126073836527,0.0,2.882810360322235,-2.6809026300717855,-0.38193210128265664,0.0,2.560047792760499,-1.8023785301195985,-0.41585836752517136,0.0,0.8871743173230608,-2.228855128939063,-0.09039863327120844,0.0,3.3121295308439875,-3.9925822353888445,-0.4436072951090233,0.0,3.2231295183325828,-2.6838373873431673,-0.5214530295501464,0.0,2.532338860448222,-1.5578443895813305,-0.45178478333768934,0.0,1.0681648589841082,-2.268563061363583,-0.32226754525123574,0.0,6.5873371041073945,-7.096227507505325,-1.5476557389226806,0.0,3.7430024256559693,-2.823846543593377,-0.795686846738007,0.0,2.643120987041559,-1.4646691014312785,-0.5326940595880123,0.0,1.1058498485183015,-1.6714949992514532,-0.5362102651736637,0.0,4.201531994423039,-3.9594033122316543,-1.4306065177726566,0.0,4.373810759714106,-3.1389755411679117,-1.203577240060687,0.0,3.1167323202756556,-1.753699800445516,-0.7459756345347966,0.0
0.0,0.0,0.0,0.0,0.39811417739278715,-0.21402760316451216,0.15140622122761033,0.0,0.8936010776730915,-0.5830921962701691,0.21031826435742387,0.0,1.3541072948211026,-0.7630198986741007,0.14007074379789924,0.0,1.5503222377153894,-0.7957851999898974,0.04531010873616152,0.0,0.6822791733731963,-2.6447616881538916,0.48399163560343555,0.0,1.3398336182739101,-3.6231841202099977,0.3912806869629494,0.0,1.9710462760853729,-3.6191351896941146,0.24074022988079657,0.0,2.1806936904629515,-3.0853697435963396,0.11795084626695321,0.0,0.5648448223685861,-2.7535557151044525,0.15045655585392895,0.0,1.1370651609975693,-3.2916254942672696,0.041878978282915376,0.0,1.6438496630944721,-3.1310462554909235,-0.0675295432732463,0.0,2.0125459632651648,-2.906682212660587,-0.14388358024665943,0.0,0.5674808855614972,-2.639010216170769,-0.19582753085819268,0.0,1.1548850840196403,-3.4247241490444136,-0.23980814859083077,0.0,1.710935293067858,-3.3033372616209205,-0.26677241301812327,0.0,2.113212507667221,-3.0663616512411953,-0.29959829437151503,0.0,0.6994540969431848,-2.2761032475994654,-0.515392266735213,0.0,1.723344896565327,-4.247776795188389,-0.7690590451405444,0.0,2.093555757601055,-3.9295501597817957,-0.6604426614051222,0.0,2.237833919805139,-3.4305922159736277,-0.5785008131364688,0.0
0.0,0.0,0.0,0.0,0.4632796318111161,-0.4104455566854621,0.0817665198334384,0.0,1.8517646603690465,-1.7505484734769448,0.14660542832643042,0.0,7.730262914530228,-6.851457198663768,0.06699485033873603,0.0,4.5827404710003865,-3.775894339664018,-0.15051882624331822,0.0,0.8412030685100755,-2.1237531931783376,0.1328536636418459,0.0,2.3989489657967726,-3.144587901048672,-0.018558775642495657,0.0,2.9417267134801333,-2.6745535671304967,-0.2507099339505776,0.0,2.5758726508421863,-1.77071051303963,-0.31324613362136233,0.0,0.9177632660902514,-2.2321819376054997,-0.02090344938383085,0.0,3.316889872124966,-3.938541163453579,-0.24892011285020826,0.0,3.256274564545873,-2.6886072606155236,-0.37476136786664377,0.0,2.5471282793624517,-1.550838813018458,-0.35598146750042287,0.0,1.1457898113211027,-2.3359690011654655,-0.24707865697449136,0.0,6.463057918308046,-6.877143050357387,-1.1365066357951195,0.0,3.8030768532175387,-2.83537616550204,-0.6372030685320776,0.0,2.660220921138567,-1.443833642587343,-0.43990168510335287,0.0,1.2503691878416987,-1.8168682478090166,-0.49047609400240855,0.0,4.70773655578609,-4.369578522756879,-1.29571624080906,0.0,4.504804881992046,-3.160320613071147,-1.001105708792156,0.0,3.112164709656732,-1.6780241465339578,-0.6077624589979728,0.0
0.0,0.0,0.0,0.0,0.3987623568026352,-0.2230021062430577,0.12076602811209576,0.0,0.9301950343608864,-0.6202823320864629,0.15464249563022656,0.0,1.385925282975615,-0.7701610904444439,0.06625421792411391,0.0,1.551348867776929,-0.7807833359939744,-0.027356386199421805,0.0,0.6052645233112249,-2.4654890619683036,0.4046542850912301,0.0,1.379011711668054,-3.7309667800498745,0.31566800084731533,0.0,1.9849700067048468,-3.646048904475524,0.1373476406739181,0.0,2.140846219030137,-3.0306728860935537,0.015595230933553753,0.0,0.477561103384536,-2.534314128456552,0.11445447646713496,0.0,1.1195420368853066,-3.3093053496038185,-0.018040813066029646,0.0,1.6894834073144858,-3.213536778882565,-0.15858617876580478,0.0,2.0626737845255794,-2.93586301135557,-0.24982521250329873,0.0,0.517277050995637,-2.5255096154605274,-0.18892370251172524,0.0,1.1123654661334512,-3.3710293113590586,-0.25504994100243883,0.0,1.6689400913313048,-3.2619852466713617,-0.30656848962255234,0.0,2.07981824249924,-3.0301151538643016,-0.3523412609966284,0.0,0.7231226935011804,-2.357566905182836,-0.5074907632171669,0.0,1.754864493098838,-4.413421465211178,-0.7541217666522344,0.0,2.102751484324901,-3.9762022729550237,-0.6417276319506845,0.0,2.250156762520279,-3.4313449688387405,-0.5645852629369462,0.0
0.0,0.0,0.0,0.0,0.43461844532228194,-0.38024803929511714,0.06390902260040163,0.0,1.8024662725206768,-1.733298966251241,0.10780354747526834,0.0,7.7220480784387995,-6.96578590603439,-0.024823868730776598,0.0,4.472878076508143,-3.7319498143086403,-0.17093172364602952,0.0,0.8155687548652744,-2.1313485498547045,0.11756722771990227,0.0,2.449036712710587,-3.263742857948364,-0.05593736539928367,0.0,2.97636230190423,-2.752217900267652,-0.3017219024198362,0.0,2.5590682378035408,-1.7897828141517695,-0.35140683075082585,0.0,0.8834353091229914,-2.233163662600515,-0.02806355586833103,0.0,3.40569003073574,-4.134378345919787,-0.2998990207936929,0.0,3.3073505364224314,-2.7701684328946756,-0.4204225697357589,0.0,2.525177869911253,-1.565322476459193,-0.3770817259457033,0.0,1.1146766768405412,-2.3621896798193087,-0.24529366170065428,0.0,6.5563467618850915,-7.147872069768547,-1.2307226249969505,0.0,3.8233576759754904,-2.9150153591114547,-0.6703048440671002,0.0,2.65840721785588,-1.4943078288085332,-0.4494861820546896,0.0,1.2612156782928359,-1.9131616942506224,-0.49505337632969565,0.0,4.961646980589162,-4.691477924907099,-1.3977595837630372,0.0,4.595707024444112,-3.321870583473005,-1.0414084806932844,0.0,3.206261076558336,-1.8408438882264129,-0.6311107019495048,0.0
0.0,0.0,0.0,0.0,0.40065202338276745,-0.20315241139169826,0.12021917825164465,0.0,0.8978316259365284,-0.5662902648076427,0.1478587468660435,0.0,1.3324580783695836,-0.7187786976901992,0.05849481296736624,0.0,1.529563555850124,-0.7680561885234056,-0.03807125045337142,0.0,0.6118355680928513,-2.5192382489333016,0.3907278698584325,0.0,1.2596757397310068,-3.5614880381372704,0.2703071052705467,0.0,1.8877290078515037,-3.572775887377188,0.09904420611157308,0.0,2.1065096866228266,-3.0636544803784704,-0.018668238067715857,0.0,0.48336947117263057,-2.571046006411062,0.09108204256344928,0.0,1.0890941648518166,-3.275991541851711,-0.036127321853576776,0.0,1.6646652808923659,-3.189119394520075,-0.17244647145819228,0.0,2.028334903726428,-2.9127752756003464,-0.2643523367627054,0.0,0.5240223565869999,-2.5451789336549955,-0.2231751304799876,0.0,1.1161870059313963,-3.3763852584548806,-0.28310204601872696,0.0,1.6647928381142199,-3.246616931567573,-0.3244670840608832,0.0,2.0534658733091526,-3.0041911230790794,-0.3661967797426081,0.0,0.7232847853872474,-2.314565127659754,-0.5450614220855344,0.0,1.8248662761327077,-4.482360718088838,-0.8306257468952074,0.0,2.134357284291889,-3.9716882908070392,-0.6866881138281375,0.0,2.2461146713015965,-3.4001010425542675,-0.5950569768274255,0.0
0.0,0.0,0.0,0.0,0.43566753021484145,-0.3860346525384914,0.0542747099356262,0.0,1.8006470556178689,-1.7925134194407957,0.07079838280891254,0.0,7.578636021312955,-7.242863105015623,-0.16425157455079847,0.0,4.400062980655995,-3.891763384475,-0.25222002548001954,0.0,0.8204789304829878,-2.174463588288889,0.07246458789745351,0.0,2.4513356289903014,-3.317198650139425,-0.148376835528526,0.0,2.8859917734732217,-2.727994177064575,-0.37770680737530954,0.0,2.500739642902118,-1.8056218071751524,-0.40565155656729135,0.0,0.8716660544440983,-2.259368424563301,-0.07444851420807048,0.0,3.420769519939816,-4.216348691013503,-0.4232612717048685,0.0,3.2367751528894493,-2.7550800076543798,-0.497436704015145,0.0,2.4944560830697826,-1.5841269344816804,-0.4265419211606027,0.0,1.072558982849757,-2.3414630275480146,-0.292071402579992,0.0,6.520043606545684,-7.275295873726866,-1.4401618653137733,0.0,3.7575529085291017,-2.9322523304362345,-0.7526475998329603,0.0,2.636650044103536,-1.5264209441652687,-0.500239334449529,0.0,1.147601222961217,-1.7876948725112243,-0.5099543190703878,0.0,4.613112301142341,-4.52678805916329,-1.4684581764747555,0.0,4.620294280588216,-3.4692247427941822,-1.1847116200866423,0.0,3.2200178056721502,-1.929604735178848,-0.7167824746053884,0.0
0.0,0.0,0.0,0.0,0.4081705873501843,-0.20837892355587959,0.1084011864364367,0.0,0.9550115629636702,-0.6030430878483148,0.11865769487161812,0.0,1.409387985935025,-0.7423534115594885,0.007038440241071078,0.0,1.5442689477861389,-0.7296412250988359,-0.09466483578890243,0.0,0.6020189293367928,-2.4507146064469856,0.3997196445602757,0.0,1.3059418291268396,-3.599167684687467,0.2992183901669482,0.0,1.970861877111722,-3.643922143783672,0.1183861332140901,0.0,2.1744495697400184,-3.0853425407360184,-0.012811689785500678,0.0,0.4733972941422395,-2.502406781966371,0.10915715903223001,0.0,1.0957349549960742,-3.274773803779898,-0.021252792241677074,0.0,1.6895676673748634,-3.214718220355328,-0.16860541105749968,0.0,2.0711697387661547,-2.934457545472067,-0.26756486329302354,0.0,0.5048925565499555,-2.4791461573701006,-0.19902452686260644,0.0,1.0925773438235504,-3.333427009813026,-0.2614124977683084,0.0,1.6800623207827796,-3.2737232304744026,-0.3061354850944307,0.0,2.1132807697502143,-3.0651974921652623,-0.35092055923209725,0.0,0.7012756901273585,-2.2781533717744984,-0.5238916878824247,0.0,1.7833620890661321,-4.420373650022138,-0.789031506793037,0.0,2.1725721842661665,-4.043416033114881,-0.6648280257615484,0.0,2.336648760835698,-3.5148131663830484,-0.5821315336953649,0.0
0.0,0.0,0.0,0.0,0.45594646781582715,-0.3933871189939968,0.058605249623732626,0.0,1.868985139844836,-1.7913016276354863,0.07857670836127756,0.0,7.509169265764309,-6.857264423299871,-0.1624122094386748,0.0,4.299811269460385,-3.610147262656136,-0.2535091617254263,0.0,0.8263462381460523,-2.164786065526334,0.09219479151707385,0.0,2.4056168316779707,-3.253277659082447,-0.11385842836648259,0.0,2.8950458549702685,-2.734975172280668,-0.3544387624936607,0.0,2.5265638719268795,-1.8170019393986263,-0.39524297092667054,0.0,0.8777656036223943,-2.2532370901196965,-0.058835084927904284,0.0,3.3742100500278642,-4.160900990871298,-0.3881480377022172,0.0,3.258695120591803,-2.781044271681627,-0.4889044299285435,0.0,2.5156794053708373,-1.5969873512929034,-0.42699809461951477,0.0,1.0818919488682515,-2.3415596919529915,-0.2827986127068587,0.0,6.454788350654742,-7.206945402285778,-1.3939913963516593,0.0,3.8186501153484262,-2.9941379730970983,-0.7568594908174757,0.0,2.668988845005292,-1.5512112328889567,-0.5041709251496044,0.0,1.161122788323894,-1.7983603742151155,-0.512787453772868,0.0,4.517034036780993,-4.425859906858096,-1.4295909794176649,0.0,4.690607845676494,-3.529646969644929,-1.1939877991768015,0.0,3.271588667744864,-1.9650772977076736,-0.723262943526183,0.0
0.0,0.0,0.0,0.0,0.4128911738900628,-0.19742607118896963,0.12108955844174821,0.0,0.9401226054602503,-0.5780441042733261,0.14377616716860533,0.0,1.3831208725734605,-0.7164516580918485,0.040779645516949,0.0,1.5355375365771677,-0.7223282658775616,-0.06252728666733856,0.0,0.6524521964505048,-2.5225773199256505,0.4040610303631461,0.0,1.2317782413483405,-3.4691322723730242,0.27589975082377804,0.0,1.8434284331450477,-3.5032572851181563,0.1133517121356036,0.0,2.095252399852748,-3.07099692925202,-0.0009882176744037453,0.0,0.5161754443134121,-2.5726662413263592,0.09231757939813913,0.0,1.100710825570564,-3.2597352264578183,-0.02407605541995741,0.0,1.6687191894206377,-3.1817102632368943,-0.15356836691994702,0.0,2.043934161983397,-2.9360263272516907,-0.24368137461083353,0.0,0.5410639947410874,-2.5177596551658525,-0.23326390437045713,0.0,1.1542427579684336,-3.4115452794565653,-0.2869338760000961,0.0,1.7267728855161257,-3.2959356376064575,-0.31820708803935116,0.0,2.117435602630325,-3.0323410333191725,-0.353405301107011,0.0,0.7205438949082019,-2.2494564954889134,-0.5587963743922659,0.0,1.818065858692453,-4.397184901016346,-0.8393792930813817,0.0,2.2221040447805884,-4.0567392878274395,-0.709402823041592,0.0,2.377776244747127,-3.505864905296758,-0.616300531398577,0.0
0.0,0.0,0.0,0.0,0.47701312308297356,-0.36471323395734584,0.06203073939093007,0.0,1.7853199701465052,-1.6409789567377466,0.06962936659884351,0.0,5.9108279929087635,-5.419435462862771,-0.1720695596429244,0.0,4.18824837964252,-3.668095323467454,-0.30452652737211344,0.0,0.8192077277689789,-2.1788453422818583,0.035794685304360946,0.0,2.402924615521085,-3.286993669341515,-0.23681724906051566,0.0,2.896607818990214,-2.74015739893999,-0.4762375042953424,0.0,2.497289269053828,-1.777049088755439,-0.4797403341656761,0.0,0.8117663865950298,-2.2140641574314794,-0.1257259111300685,0.0,3.2929315522321927,-4.13009821690625,-0.5688757397690901,0.0,3.2000956470506323,-2.741032273685894,-0.6123445839121596,0.0,2.471252023048646,-1.5519890368633686,-0.4987438777488091,0.0,0.9338305432151026,-2.2164779104092927,-0.3530493783289014,0.0,5.524306015259068,-6.433438083392377,-1.5643733147424157,0.0,3.684477864055907,-2.960571158944036,-0.910344674479185,0.0,2.6000318670115283,-1.5195760940703777,-0.5917900998129527,0.0,0.9672198603671129,-1.6559165121775894,-0.5629642906425587,0.0,4.080789938508204,-4.287728827323883,-1.627347956290703,0.0,4.665517139912366,-3.697846279380709,-1.4849754950932592,0.0,3.1826889338672553,-1.9663558344367855,-0.87412952098084,0.0
0.0,0.0,0.0,0.0,0.4255636496081321,-0.21228877538791363,0.15106989245140295,0.0,0.9269179336118438,-0.5859037252811853,0.2088963424205902,0.0,1.3571011044335548,-0.7191296020096053,0.12843942259873992,0.0,1.5372338868342779,-0.7399540912673382,0.031751040603502735,0.0,0.6608620302332121,-2.5045099814022898,0.5055019048417764,0.0,1.4201874064862385,-3.707248639278274,0.45827098363865276,0.0,2.049125628755028,-3.644076610297802,0.29349717872946457,0.0,2.192676221586516,-3.034361480224279,0.15640385092585912,0.0,0.534934679033116,-2.6202590218421666,0.1784176456382722,0.0,1.1290512777335748,-3.2766867582759747,0.07812146069758073,0.0,1.6933704894181791,-3.178781456010985,-0.041547943930150474,0.0,2.0640191301524413,-2.932247311682112,-0.12422101345383219,0.0,0.5683017201151019,-2.5972058095083557,-0.16364708350553864,0.0,1.1002467955050315,-3.294575102568844,-0.1913590273607076,0.0,1.6808818408262844,-3.2390431171726575,-0.22800057667349571,0.0,2.1165063553121044,-3.0639740536325175,-0.27005025701828467,0.0,0.760482775365146,-2.3598079438208575,-0.5054669072419339,0.0,1.6542968403546412,-4.078972315359083,-0.6638123056587701,0.0,2.082956357965678,-3.8503940120254616,-0.5718963761564743,0.0,2.3263239629857897,-3.4501295583026494,-0.5150262491790613,0.0
0.0,0.0,0.0,0.0,0.4930372784188801,-0.37762621612824576,0.06516627236223455,0.0,1.8927950507879765,-1.6459249076462334,0.0654160602888671,0.0,5.142319764462199,-4.136305009495322,-0.18677927560169938,0.0,3.561242056824973,-2.5516145840286413,-0.28362872052307847,0.0,0.77684329278356,-2.1404753961666074,0.056535710693127204,0.0,2.1928889710055532,-3.0948532361718932,-0.16493896346473885,0.0,2.802360902881099,-2.7253998078136306,-0.411090699562198,0.0,2.513415761137026,-1.8434503956888353,-0.45217760801303797,0.0,0.7807217134407594,-2.188747128322163,-0.10443658678147147,0.0,2.974308088642758,-3.8553711718269317,-0.4633911745107,0.0,3.155092984927984,-2.8058713161755153,-0.5796353184845852,0.0,2.5193565333392742,-1.6493183528773254,-0.5056771721470329,0.0,0.9204369389179431,-2.21533740937057,-0.3337364237943882,0.0,5.405148395089027,-6.4053275407428,-1.4390445088113257,0.0,3.836170061742885,-3.133125367368049,-0.903247442412099,0.0,2.6775711485336897,-1.5914776039701093,-0.5922006108279818,0.0,0.9803884948240464,-1.682390837582805,-0.5573427914216375,0.0,3.881508841497448,-4.0958880273856595,-1.4966180104872093,0.0,4.753858455082548,-3.7878394988091686,-1.4562590701127252,0.0,3.2774231477431055,-2.039414401142226,-0.8705238278549507,0.0
0.0,0.0,0.0,0.0,0.40345904216053813,-0.20113733939830936,0.12549057741231062,0.0,0.9018982289017995,-0.5724158656563075,0.1584875595270015,0.0,1.349013558800705,-0.7246652093779248,0.0661536083556536,0.0,1.5338360965314797,-0.7474042313397783,-0.03381566861202663,0.0,0.6499010899798536,-2.502167593378591,0.4579789470017939,0.0,1.3786667632352474,-3.7096849537691012,0.3712276385899051,0.0,1.976131113660513,-3.619009860892088,0.1840608098069155,0.0,2.1237250502069522,-3.002576750123803,0.050240857940972126,0.0,0.5127506042809062,-2.6037845222436964,0.1473194102303905,0.0,1.0955247848637402,-3.282238435703582,0.02535689592228404,0.0,1.662795252789999,-3.2013742140194084,-0.10716906602201959,0.0,2.032689406423939,-2.935032239191803,-0.19754926571071815,0.0,0.5349750469656603,-2.5847563349346907,-0.1819778268029855,0.0,1.083640967857739,-3.319597708932182,-0.23556147041086178,0.0,1.6450642684317605,-3.240757702589433,-0.27814100167760974,0.0,2.0689905345553474,-3.039358636206265,-0.3223924967248898,0.0,0.7155684338938842,-2.3690884997984556,-0.5181812018985306,0.0,1.6906582518879367,-4.252960329984784,-0.7427298082553515,0.0,2.09060936173623,-3.9378715003898552,-0.6409327964428579,0.0,2.2802609613871403,-3.4489608242610057,-0.5692457420288974,0.0
0.0,0.0,0.0,0.0,0.5031445984761604,-0.38854236971604605,0.07108187189776201,0.0,1.954073706807958,-1.7616209234240165,0.091057309703827,0.0,4.77722642924103,-3.9765862927756292,-0.10194536603709804,0.0,3.391321407007118,-2.537739689220551,-0.21612942396201412,0.0,0.7620936932950373,-2.1682888881247724,0.05874670961254994,0.0,2.2440170468244216,-3.2306948799863044,-0.1679359997523916,0.0,2.8084390900211,-2.7963913649313703,-0.4162614859882303,0.0,2.4897785530436596,-1.8753755472652827,-0.45540172652220423,0.0,0.7622815340354985,-2.2156379920125655,-0.10491766841552846,0.0,2.930140282250914,-3.9361815191874356,-0.47531011120847716,0.0,3.0645706231186653,-2.839939218216783,-0.5931914939955281,0.0,2.4613255810201613,-1.6884384926636316,-0.5232956300094775,0.0,0.883171540750886,-2.213806522468048,-0.33393266633441776,0.0,5.3355462817021575,-6.573333370502632,-1.5165228507655146,0.0,3.775356366244898,-3.208822252216316,-0.968015326299399,0.0,2.6387593707353214,-1.6432924306534138,-0.641488282019183,0.0,0.9155390501437998,-1.6387909561450005,-0.5413552461291224,0.0,3.4561772619157476,-3.7950774561468004,-1.432182773748135,0.0,4.475087739618657,-3.750404460287576,-1.5211894449870886,0.0,3.2326692411286233,-2.1523474858658758,-0.9690045062721746,0.0
0.0,0.0,0.0,0.0,0.40225539930562043,-0.1931307743119307,0.14300122989163222,0.0,0.8790270578187477,-0.5613320836343435,0.1973461817478836,0.0,1.321188148958511,-0.7420083500553587,0.12574502692833275,0.0,1.5535493485315266,-0.8158474514677024,0.03096729212519147,0.0,0.6689356714558995,-2.5546169866913893,0.46515016120523667,0.0,1.3358280874205426,-3.639786882828936,0.3646427842804661,0.0,1.9427314038991172,-3.5845619187786704,0.1911841995485,0.0,2.1138117117217705,-3.0075458539216275,0.06557695465938378,0.0,0.5374857765260145,-2.654271119227695,0.1338240840774237,0.0,1.1049597609606583,-3.284997166734002,0.017174385356697977,0.0,1.6717487823336692,-3.175642245291378,-0.10698628552870462,0.0,2.032498480521036,-2.8965360177339696,-0.19042846345772133,0.0,0.5583743671937043,-2.600851720358754,-0.21180054705957704,0.0,1.1088235274047273,-3.3303373822970737,-0.25467756952201154,0.0,1.6617453994152571,-3.2131439950440726,-0.2870252229701263,0.0,2.0591499671626132,-2.984655535101224,-0.3226398969059854,0.0,0.7264921629572264,-2.308427051697457,-0.5449599224640214,0.0,1.697601631928382,-4.175414256693482,-0.7679284452516653,0.0,2.0848034013302583,-3.8401918422464987,-0.6513723107434912,0.0,2.2619530998669592,-3.3523741805187774,-0.5707686620403841,0.0
0.0,0.0,0.0,0.0,0.4957139274530588,-0.38735207042298025,0.09086336189749455,0.0,1.9472397201162062,-1.7805581388725453,0.1558011949277756,0.0,5.074969972105741,-4.359685153105303,0.04633066897665454,0.0,3.638989036816263,-2.8827456408963212,-0.12868539913637556,0.0,0.816739967750859,-2.1680493695326817,0.06485092030738317,0.0,2.391760295913288,-3.2570527982031394,-0.15464104029250567,0.0,2.8652410875552508,-2.72536505723011,-0.3819661172781913,0.0,2.51297312091489,-1.8106763635486314,-0.4145668674293061,0.0,0.8236396332015684,-2.2146284044766595,-0.11074234617914226,0.0,3.2487241382484613,-4.089001096803748,-0.48744615462576674,0.0,3.1231844605006973,-2.7325396014002683,-0.5489449115658882,0.0,2.470204436073475,-1.6038789512131795,-0.4764331584556897,0.0,0.9403300579582329,-2.1709967362068716,-0.34714446907206864,0.0,5.879749546166528,-6.784592537869167,-1.5879452843163473,0.0,3.7649393180258923,-3.0407339848783743,-0.9036227927533331,0.0,2.6544158925585855,-1.5862933656779736,-0.600720896873499,0.0,0.9220767380747062,-1.5204714422314927,-0.5366976824767047,0.0,3.471050243459723,-3.565961565529003,-1.3670544840128847,0.0,4.608556162718149,-3.6922163409531366,-1.4582496356796555,0.0,3.3353379910378953,-2.1617004355852796,-0.9209686233925862,0.0
0.0,0.0,0.0,0.0,0.4201504989335891,-0.2414414015810613,0.13176389152183857,0.0,1.007756218800039,-0.691222269577002,0.16793579795775615,0.0,1.4942927128889096,-0.8389034722670276,0.056269276536860445,0.0,1.6052485465088637,-0.8080929704000334,-0.050393751816440104,0.0,0.6140946852111725,-2.395461585490368,0.511572795613125,0.0,1.613545652504085,-3.9913231459368883,0.5333056029694129,0.0,2.2876211503299912,-3.8613783020508707,0.3260664105094632,0.0,2.3025438928977073,-2.9923783431216324,0.14679058933967915,0.0,0.487647932091247,-2.5288490122498217,0.20274612229325958,0.0,1.1118769968697204,-3.345429550873767,0.0825787237663186,0.0,1.6997736782697506,-3.2801053504597784,-0.05527831691089341,0.0,2.099249097671952,-2.9994255024167638,-0.1463187143438699,0.0,0.47961049950421797,-2.4668042258122234,-0.12997441156966363,0.0,1.0208546561446377,-3.256657803365449,-0.18646086894140837,0.0,1.625143608914145,-3.2898532881113822,-0.21880204733744363,0.0,2.1033090711306177,-3.1491301690252067,-0.251169404975797,0.0,0.6394585191118654,-2.2492583874439553,-0.4657940155728562,0.0,1.5643560615033074,-4.06210769330412,-0.6657222677972604,0.0,2.01611266779636,-3.8884035185262626,-0.5756639828479768,0.0,2.220751101925595,-3.448269104517126,-0.5007123245058779,0.0
0.0,0.0,0.0,0.0,0.49877487281926736,-0.3782898871080193,0.06329758071079375,0.0,1.8735310354875023,-1.6727376925398527,0.0834287555773681,0.0,7.0069240264694015,-6.099608688091247,-0.14010025815706248,0.0,4.391823805937398,-3.6365051052044692,-0.2582133885920519,0.0,0.792115569956596,-2.1369215513273905,0.08792329131591801,0.0,2.301435857641552,-3.141600101100306,-0.0933471033644228,0.0,2.8828110640420177,-2.7326778625501857,-0.32433804196672766,0.0,2.5701817851665782,-1.8484382693664756,-0.37566626970513517,0.0,0.8167931628316418,-2.1955089692339538,-0.05457903525962715,0.0,3.189443575465775,-3.953798411433226,-0.33934670103050163,0.0,3.23563823536885,-2.776899560519311,-0.455735004293978,0.0,2.5499824854125293,-1.6227840634326243,-0.41227791858467405,0.0,0.9943214486986052,-2.259832539737611,-0.2609509178709673,0.0,6.51621532415044,-7.233474543044127,-1.3281543801351232,0.0,3.837870509859111,-2.9836301683641526,-0.727058750255221,0.0,2.677547218290366,-1.5315611930610062,-0.4901925504073345,0.0,1.0887590027613632,-1.7552748305654382,-0.4788387736378352,0.0,4.534557877850514,-4.406463503818167,-1.3688288676258245,0.0,4.694601361554584,-3.5078996846353983,-1.1431342477314306,0.0,3.249045615263057,-1.9371510994002485,-0.6886906837916236,0.0
0.0,0.0,0.0,0.0,0.41629009191354255,-0.21481438911940823,0.16444234978059408,0.0,0.9356965122521961,-0.6048595891106694,0.23159013181346005,0.0,1.4057909474337462,-0.7831785038733623,0.15249658527797214,0.0,1.5919399855918517,-0.8128187880861213,0.044707338375631824,0.0,0.642449646285117,-2.4654436635229606,0.49745161874002763,0.0,1.3534086328272095,-3.5615089040460126,0.4360059786238815,0.0,1.9803151088200308,-3.5556873548191454,0.28421762287082636,0.0,2.182378162419569,-3.047665723038339,0.15639953055718211,0.0,0.5171099205885559,-2.5831420038292983,0.14618455085658336,0.0,1.134026942239011,-3.280817016588255,0.03963827254519786,0.0,1.723685293969474,-3.19351462877303,-0.08228511475569329,0.0,2.122581409966255,-2.9607688486658037,-0.1667994343009674,0.0,0.5321479005289049,-2.5028285158180554,-0.22163439498263957,0.0,1.1032430034778744,-3.2908444829041317,-0.27335948944264693,0.0,1.7292031527339398,-3.2507502448757704,-0.301928467126102,0.0,2.1681716014103367,-3.0385038505475994,-0.33275456665521286,0.0,0.6822316681779087,-2.165202907248347,-0.5615986259941226,0.0,1.5615588535690195,-3.820501710582754,-0.7908691892398457,0.0,1.9914674786752984,-3.611152800307542,-0.6962284292445796,0.0,2.195140425642306,-3.193356514343477,-0.6188728249654212,0.0
0.0,0.0,0.0,0.0,0.5138124090168423,-0.35457719287262207,0.05402644277266668,0.0,1.9817117162026416,-1.6458457586779494,0.04730266332808714,0.0,5.485351910503453,-4.342288567875565,-0.20065791212968145,0.0,3.740617014904423,-2.7162482933789702,-0.2791611477992269,0.0,0.833075859865489,-2.157126650405278,0.05077658992351438,0.0,2.27481159712166,-3.0886154172245552,-0.15803654003485484,0.0,2.8070074065553174,-2.667299540033457,-0.38546150029321957,0.0,2.529673490323282,-1.8329081775212999,-0.4312909969279105,0.0,0.8123852841458964,-2.176453309099955,-0.09767781313834137,0.0,3.080484851982396,-3.860877003193907,-0.44329994696884584,0.0,3.1778848489255127,-2.737328560322567,-0.5523826507852363,0.0,2.5127970085537594,-1.5997488876636294,-0.4823871845127221,0.0,0.9202738725341941,-2.1556236566885443,-0.3042196903285409,0.0,5.808940775944134,-6.664892965500913,-1.4615590264551823,0.0,3.866057514724558,-3.0348595493093216,-0.8817553036012343,0.0,2.658652446635358,-1.5144222252127701,-0.5752717381949906,0.0,0.9334068000388398,-1.5624561476034455,-0.4937796869933016,0.0,3.7452623447219344,-3.8227753666640587,-1.3747944892003847,0.0,4.805168984196489,-3.7167362806407542,-1.431683689095787,0.0,3.3204385141900916,-2.015841149249083,-0.8642800580231422,0.0
0.0,0.0,0.0,0.0,0.4163883780143351,-0.22446837810162026,0.15886763782001617,0.0,0.9114932441813164,-0.6453996529937364,0.2424409173912692,0.0,1.3866441933451308,-0.8742437177212683,0.1939288095211642,0.0,1.6321481766444017,-0.9615573456546574,0.11115019886581388,0.0,0.66756337892594,-2.551874058261026,0.5010074291279958,0.0,1.3567194157028397,-3.6662393032024223,0.4199296321814585,0.0,1.9595190233460065,-3.603131746506017,0.2551336481535645,0.0,2.1304797752511697,-3.0314773735045994,0.128101723699113,0.0,0.5555823686693865,-2.6647725714224886,0.16724171215656897,0.0,1.1573213748640518,-3.354677060789532,0.05603594491139713,0.0,1.7112883391986193,-3.203271277198019,-0.06669643665820055,0.0,2.0361861174681737,-2.8799537059052853,-0.1451656467444146,0.0,0.5990883397518568,-2.6290155298135343,-0.18576628180248728,0.0,1.188147175604757,-3.4403085975712773,-0.2273570454538203,0.0,1.7291810578760893,-3.2686385227663015,-0.2575730412538503,0.0,2.0822835053373656,-2.977709876720202,-0.2877418873732027,0.0,0.7823599450289299,-2.3294411922064304,-0.524472127586356,0.0,1.7747480149778447,-4.2637982533225784,-0.7297815551735649,0.0,2.1501518731561937,-3.922599788661653,-0.6120558960082928,0.0,2.3086612498389347,-3.4128562355774963,-0.5324083141945831,0.0
0.0,0.0,0.0,0.0,0.49817829058997964,-0.35313032150787077,0.0603072592115216,0.0,1.8325774962671513,-1.5804884105400236,0.04652722524143928,0.0,4.68362733438434,-3.9032216164198124,-0.19420275995598066,0.0,3.609345732182543,-2.8228430303830683,-0.31353812356211486,0.0,0.8130706312388591,-2.1618594400308746,-0.019501922451463146,0.0,2.3008634807115165,-3.1579412422967943,-0.3210843269095613,0.0,2.767016221305151,-2.6327999292007136,-0.5441546344445325,0.0,2.4631896189818394,-1.7633438890656172,-0.5464371616645142,0.0,0.7824638336501448,-2.173377687050149,-0.1914066410787361,0.0,3.0109136115897406,-3.859081714334831,-0.6761875170074177,0.0,3.0218331601403747,-2.6456290127495583,-0.7143382221628556,0.0,2.4286343544886044,-1.5599950486835257,-0.5948717160729978,0.0,0.8578115323266042,-2.0855347511785323,-0.4240543937800659,0.0,5.089296565356071,-6.073545688183127,-1.7735225363106821,0.0,3.657520505583164,-2.9858044740745036,-1.1024030544987629,0.0,2.601876009794821,-1.5443312424751312,-0.7241221831974205,0.0,0.8223153313289371,-1.4182600424170033,-0.5919563582802294,0.0,3.1418702770095597,-3.3268432711511164,-1.5395963006740805,0.0,4.432307861796195,-3.604533882697554,-1.7554352295337399,0.0,3.252742712489056,-2.096017836046698,-1.1203042865293844,0.0
0.0,0.0,0.0,0.0,0.4068401283531126,-0.2305084703145077,0.18773694561915746,0.0,0.8990342840023087,-0.638124415391762,0.2900119647402352,0.0,1.3784591646690334,-0.8462874640841401,0.23821775494686684,0.0,1.5981072412398827,-0.8911590555013854,0.13761115649527791,0.0,0.6682976272126461,-2.5433667516511753,0.6496605647444189,0.0,1.379167336033499,-3.64155404992703,0.6380353967243857,0.0,1.965977918284911,-3.5709265973388686,0.47258766037633054,0.0,2.1258249205036277,-2.993443500384975,0.3130307986848607,0.0,0.5701457940285566,-2.7511489862347034,0.2908444989686756,0.0,1.1693920190617295,-3.389575412047184,0.19155578079368188,0.0,1.6969780199349789,-3.221370733477676,0.06068944997168929,0.0,2.0551893961167433,-2.928259587509941,-0.026235980588612515,0.0,0.5674995468333377,-2.6542544922824227,-0.10648361924648647,0.0,1.144097848398523,-3.4170432038481064,-0.13582768361939407,0.0,1.69528700197444,-3.291124117314202,-0.16714143115050442,0.0,2.093311623808526,-3.047602964607691,-0.20382364392350982,0.0,0.6862468956182566,-2.2618381622463404,-0.46445166195037063,0.0,1.5938743628190506,-3.9582255633429395,-0.632123456310336,0.0,1.9679391351375193,-3.6950781436008633,-0.537552125657177,0.0,2.132263029930221,-3.2508764039769322,-0.4731277908115542,0.0
0.0,0.0,0.0,0.0,0.4378922577249288,-0.37389653227148234,0.07746966701523895,0.0,1.792582804167808,-1.7238882552265289,0.11118454951383068,0.0,5.498029176912029,-4.945222634910502,-0.049558142825563596,0.0,3.9738699584853743,-3.272943943144912,-0.2194145671827747,0.0,0.9198699848469691,-2.232282962717032,0.016769246737367457,0.0,2.41343529794436,-3.1879084395470247,-0.22659733812008898,0.0,2.819509950571775,-2.624036948578367,-0.41986097682139634,0.0,2.5197079202618973,-1.7927067532722312,-0.4392241085784078,0.0,0.9261055745816452,-2.275597996232742,-0.16636130205130786,0.0,3.216829464368493,-3.9208690785364495,-0.5493532320350166,0.0,3.0648036386117874,-2.6034789911197,-0.569350300128053,0.0,2.480154922564829,-1.5714445166212487,-0.49290231551837344,0.0,1.0198876896194367,-2.1808156826493144,-0.40668441918455894,0.0,5.941732131691495,-6.61654314524157,-1.6770403037220103,0.0,3.683993877994725,-2.8601486913994116,-0.9134157703061925,0.0,2.636134900746883,-1.512212067058273,-0.6173268562914869,0.0,0.936658920543968,-1.4353506476835605,-0.5664581294503588,0.0,3.604191279918135,-3.5622998860801767,-1.4674093456980128,0.0,4.485891933750231,-3.408541443908038,-1.4679478290580554,0.0,3.212358393064195,-1.929658282032907,-0.921558515680186,0.0
0.0,0.0,0.0,0.0,0.40674334894032016,-0.2370447648485085,0.12638223684209776,0.0,0.953481088841615,-0.6915083192573047,0.1619935050392257,0.0,1.4358478077851355,-0.8953539501789863,0.06260275137627684,0.0,1.6409244724370589,-0.946470844933544,-0.046441151994485855,0.0,0.6236837596968665,-2.4972282859111847,0.3995617738072831,0.0,1.293578588857149,-3.65473148814037,0.2696748399383928,0.0,1.942284300194891,-3.6745118132505787,0.08061479192010824,0.0,2.144974255699878,-3.094612620502041,-0.04565348530562119,0.0,0.5086608132306369,-2.6024290636743275,0.08758122465492467,0.0,1.080079012068055,-3.3212333563971095,-0.05395476255021022,0.0,1.6691761361345572,-3.2354832385848935,-0.19391554080828402,0.0,2.018858767736764,-2.900060229148229,-0.28127251016181415,0.0,0.5423575885368742,-2.568890923368012,-0.2491857981546626,0.0,1.1150326808636235,-3.4074849819435937,-0.31746265955097097,0.0,1.6803889821662508,-3.284435016605107,-0.3551568091294915,0.0,2.050946745440126,-2.9820897948762966,-0.3869352672528956,0.0,0.7246754823403293,-2.2982952266708834,-0.5825320803330915,0.0,1.8211827586435927,-4.486713398487512,-0.8967943251710846,0.0,2.21998453094643,-4.138225545342144,-0.7673555402476883,0.0,2.359543867620959,-3.57029289829073,-0.6676656139759611,0.0
0.0,0.0,0.0,0.0,0.49970347350457706,-0.4080186996249073,0.03981838216797011,0.0,1.9457580327707564,-1.7800135815137412,-0.009928835118828378,0.0,6.341204468404144,-5.6269682656213575,-0.41788190191140656,0.0,3.9803230107955105,-3.3777671207398483,-0.4288030192465373,0.0,0.8923854173233252,-2.1805360200403308,-0.02279099949332483,0.0,2.379568949649662,-3.0941933438264835,-0.3184903642891741,0.0,2.810449518505747,-2.549999569501252,-0.5338841188826253,0.0,2.4819354850665234,-1.7128889112937218,-0.532712826582367,0.0,0.8879852591262691,-2.2120314133070145,-0.18285642919150683,0.0,3.234239030122757,-3.8812830157394744,-0.6615639758315297,0.0,3.1409906691427674,-2.581354536494917,-0.6884704732029402,0.0,2.4806653987475933,-1.5024804728571364,-0.5664787848771756,0.0,0.9756745878507038,-2.1242883063125113,-0.4070255793862964,0.0,6.402282410115633,-7.020859102331169,-1.996796386502864,0.0,3.7973068024241186,-2.8638607857800786,-1.0366039074005917,0.0,2.6336210317887097,-1.4413341430187123,-0.665305097352485,0.0,0.8913375368111578,-1.3902917985667027,-0.5586185241803877,0.0,3.432604613244924,-3.353758398855653,-1.497439389828647,0.0,4.553464263321393,-3.3960578269152175,-1.6026686209119811,0.0,3.2662813584870682,-1.9189112406896165,-0.9971686099323787,0.0
0.0,0.0,0.0,0.0,0.40151546726163007,-0.2438440551204949,0.11993627719263239,0.0,0.9715064140348803,-0.7079515740091187,0.14931438672571873,0.0,1.4527295357822232,-0.885690069375363,0.04492476710554246,0.0,1.6092649633791771,-0.8781597020098459,-0.05954621115666436,0.0,0.6221573150276252,-2.480752529432888,0.39196814703266586,0.0,1.3450588501369376,-3.7362089785506334,0.27093231827129144,0.0,1.9799685181461575,-3.708392384688034,0.0762316578439133,0.0,2.155784111295989,-3.0813378344646294,-0.05140623924941047,0.0,0.5077471260821768,-2.5858538931567288,0.09156603105485304,0.0,1.08735446581186,-3.3421954009447097,-0.054505353646378055,0.0,1.6698541617323617,-3.253662388841504,-0.19639264992660582,0.0,2.0229457245477627,-2.92092282493556,-0.2856098157250232,0.0,0.5337156332196248,-2.550912581943775,-0.2322637433666937,0.0,1.0998660762110182,-3.3997794861709583,-0.3063117619215282,0.0,1.6570238653477587,-3.2926361645700113,-0.34874323483481945,0.0,2.0410169818115866,-3.0215837044935827,-0.3856457316190981,0.0,0.7139876215841034,-2.325889609298939,-0.5592872951528451,0.0,1.781413779549839,-4.486950058032701,-0.8600138167637105,0.0,2.199521515901221,-4.167856964366796,-0.7478367418223258,0.0,2.353020111001436,-3.606157937193852,-0.6566912241978189,0.0
0.0,0.0,0.0,0.0,0.3359649123875861,-0.3235100341731806,0.056029208636415334,0.0,1.5154058870489615,-1.4602013016458377,0.06522942043378373,0.0,6.54678079986034,-5.36470516605644,-0.13612358311847014,0.0,4.9687244408823945,-3.6158465743151442,-0.2747025451348088,0.0,0.9055461028544726,-2.062269146514133,0.014341721049485995,0.0,2.7596736199375784,-3.337909622693494,-0.2535649265517408,0.0,2.9276201174013385,-2.50705309537167,-0.4108647159658674,0.0,2.4969623059322728,-1.6388238686933951,-0.39628597666103293,0.0,0.9390339509985702,-2.0791177672696093,-0.144030471225291,0.0,3.4397998798459826,-3.90662841081534,-0.4878727778600101,0.0,3.1359679592916017,-2.530729279903589,-0.45619906339052074,0.0,2.509546850300586,-1.558428474829771,-0.38188107225617857,0.0,1.0823479236258648,-1.9723391273849966,-0.35457092062829587,0.0,6.486600649287857,-6.39145198687722,-1.4912486702220151,0.0,3.6699372117358786,-2.5913361482445008,-0.6733491135235901,0.0,2.6704053732665587,-1.4581993990604494,-0.43454493532897065,0.0,1.084515504664215,-1.3106709973650499,-0.5159456878134331,0.0,4.853627554458443,-3.699731722498193,-1.4578844524720582,0.0,4.189609199103945,-2.5425615782147357,-0.9277324453700737,0.0,3.022159364513674,-1.5408029764368518,-0.5500464270375744,0.0
0.0,0.0,0.0,0.0,0.35226833020131215,-0.22244907446390597,0.05871359524581506,0.0,0.9241127301487272,-0.696807315602688,0.032092505037398855,0.0,1.382669797324331,-0.8490865542182076,-0.08303748328540886,0.0,1.5027816189231047,-0.8115102492776497,-0.1660983948984812,0.0,0.5228595240634469,-2.6523558234364435,0.2933066248198951,0.0,1.1440201097851432,-3.7207283612951474,0.12761281373968836,0.0,1.6237148236657113,-3.490364936212086,-0.060061048281163994,0.0,1.8090388191749682,-2.9742139681941127,-0.15415075306472922,0.0,0.36719235626501445,-2.5846687492042455,0.056767177481654156,0.0,1.0033277073221356,-3.466405650199531,-0.07584416549967626,0.0,1.544714190040045,-3.3221752971782084,-0.20904546640615163,0.0,1.8471555137422142,-2.946702542381285,-0.28450073209641547,0.0,0.3983549068404546,-2.5546844038344645,-0.1929961855696297,0.0,1.1406252216471808,-3.81569171839072,-0.3028213377244554,0.0,1.690006984467846,-3.564787392815371,-0.32641508302226235,0.0,1.9679970900933308,-3.0929594465489636,-0.3304822150516859,0.0,0.5809746020933945,-2.3840799493155727,-0.4689974102634032,0.0,1.8473587322224572,-5.272517208555369,-0.8293435594594204,0.0,2.3314294849740596,-4.839848737282687,-0.6816181601085052,0.0,2.3765277727986374,-3.9496445131362474,-0.5349596700359956,0.0
0.0,0.0,0.0,0.0,0.3301535135247912,-0.304445976370953,0.026776517373395297,0.0,1.5091073177854946,-1.3645543166241374,-0.01970668592413702,0.0,6.804351486631962,-5.321510426194523,-0.4376119751930349,0.0,5.250451971502437,-3.7943625735726125,-0.4922665740851149,0.0,0.9408552967880273,-2.01819852737457,-0.03524253524938807,0.0,2.992029496022342,-3.41330660255685,-0.40972072423909545,0.0,3.0202659934012828,-2.4302224618969457,-0.5495153929793152,0.0,2.5056824530571937,-1.5401749490161687,-0.49221266984747286,0.0,0.9517310721264809,-2.0093026680794757,-0.18094241647785517,0.0,3.608018710066088,-3.90206336668332,-0.6749463112356091,0.0,3.1669587423787764,-2.4147448421150144,-0.5909210936508585,0.0,2.5066245255436574,-1.4484242659543303,-0.46664871465148156,0.0,1.0798707769473426,-1.8940042111977704,-0.37996373633199787,0.0,6.421018086565788,-6.099264685837823,-1.6730213400957714,0.0,3.6594014754232167,-2.494500429432375,-0.7633070324914855,0.0,2.6573934642892345,-1.3797457589144873,-0.4799369709510577,0.0,1.0974968882656153,-1.2679099491332855,-0.5393530289878867,0.0,5.354088212143321,-3.966570874985213,-1.7380386645065928,0.0,4.312496328966929,-2.519346336241086,-1.0428926973710893,0.0,2.9944452798120085,-1.4307176464470028,-0.5908653216182056,0.0
0.0,0.0,0.0,0.0,0.35583181778372586,-0.1807206661182455,0.07294261783001293,0.0,0.9153936112013411,-0.6418135617863674,0.08124391411401816,0.0,1.4152869992574728,-0.8592704234149385,-0.006616321104399149,0.0,1.5524430743925808,-0.8409235222967146,-0.08188546591622461,0.0,0.5532158266630639,-2.5728617772835336,0.3621519713296703,0.0,1.3790096167848478,-4.044233030138145,0.289245843703189,0.0,1.9047263024803436,-3.7844846382040007,0.09439234314950228,0.0,2.044264904504247,-3.1238012668920825,-0.018348592943075247,0.0,0.42915879198330503,-2.5817047479740216,0.13007634321693926,0.0,1.0700513762589756,-3.4640219847353078,0.0316989179294697,0.0,1.5652887654833352,-3.270501324218269,-0.08553939346951867,0.0,1.8898506915479478,-2.9393441152177133,-0.1581575942366989,0.0,0.5023060469429079,-2.6426377697193613,-0.11565165740078712,0.0,1.163424580323074,-3.665344363826131,-0.18045241904772139,0.0,1.6373906104146692,-3.385728304656846,-0.21033825963704092,0.0,1.9406839874578632,-3.0227748258276663,-0.23376898966645368,0.0,0.7761773331143352,-2.6383176060794145,-0.4079186827941671,0.0,2.037252315253716,-5.212523773195746,-0.6378492080944241,0.0,2.237092805143719,-4.365362174630114,-0.4803492329796865,0.0,2.2645991288950222,-3.59243862860098,-0.3861348895936861,0.0
0.0,0.0,0.0,0.0,0.3679808493795876,-0.2889502577396699,0.03069166166892707,0.0,1.5813501025290522,-1.2816058237777908,-0.002673145240344495,0.0,7.019519338964258,-5.054225652349776,-0.36940624253638615,0.0,5.640058931663372,-3.823839167013368,-0.45815936140812297,0.0,0.99822301254721,-1.976087426822087,-0.00036341543154250926,0.0,3.0942358995151618,-3.31224601049821,-0.3352413539501273,0.0,3.0990627650273104,-2.3269585850390193,-0.48866730375514206,0.0,2.5465414153451715,-1.4477563682138654,-0.4448901342530417,0.0,1.0214629542718698,-1.9774963154533503,-0.14284764157611626,0.0,3.7677737796118707,-3.8197921042960354,-0.5830409279416746,0.0,3.2756503653259585,-2.332702868540774,-0.5288643600958358,0.0,2.5602889752829308,-1.3742854764601302,-0.4231437989921172,0.0,1.1716561818173887,-1.88555288953664,-0.3413666514017249,0.0,6.791427140911138,-6.031518539063634,-1.547425427369624,0.0,3.746104134460847,-2.3830508184793278,-0.6927408973117204,0.0,2.698238123238271,-1.2987322590103423,-0.4360901561568312,0.0,1.2083113647960435,-1.284446211558256,-0.5156199308331355,0.0,5.760516134884585,-4.016148482683873,-1.6724083117483406,0.0,4.572938889189874,-2.5133781758974463,-0.9854124128376825,0.0,3.1213280983482403,-1.389693123323335,-0.5456630434784635,0.0
0.0,0.0,0.0,0.0,0.33841026960188375,-0.19441071844033336,0.0555289973149446,0.0,0.9107537102137615,-0.6987169111685242,0.038449100646590816,0.0,1.4202564182103168,-0.907497989319862,-0.07297317235603264,0.0,1.5457820778208915,-0.867002972851226,-0.15223347775810608,0.0,0.4871591242492786,-2.5248575519938163,0.3208721328831368,0.0,1.2751600889656327,-3.968969269213066,0.2011855436484948,0.0,1.8562986696626251,-3.800638916471977,-0.007817458172916644,0.0,2.0237209439869766,-3.1445757429468135,-0.11893680005661217,0.0,0.3769315184817098,-2.542124699967999,0.10272795869242712,0.0,1.0213250271760737,-3.468313156427055,-0.025843151058129964,0.0,1.5342775199312426,-3.280292705808494,-0.15769239231477455,0.0,1.8579969143747812,-2.9183038536924717,-0.23388769504745377,0.0,0.44550060939778713,-2.6128805582623746,-0.14005902975493106,0.0,1.1380406919157322,-3.7179518195095853,-0.23415205248233592,0.0,1.6381577987585372,-3.432665113575786,-0.2678921743136244,0.0,1.9258080221603657,-3.0061658759461936,-0.2842457755831577,0.0,0.7092405978387099,-2.6258609912232003,-0.43781093080533234,0.0,2.040225138033262,-5.396811960584007,-0.731474282680908,0.0,2.264678003027921,-4.5019163295471,-0.5552619457963647,0.0,2.2703317319827985,-3.6409920363671264,-0.43910779085705265,0.0
