0,1,2,3,4,5,6,7,8,9,10,11,12,13,14,15,16,17,18,19,20,21,22,23,24,25,26,27,28,29,30,31,32,33,34,35,36,37,38,39,40,41,42,43,44,45,46,47,48,49,50,51,52,53,54,55,56,57,58,59,60,61,62,63,64,65,66,67,68,69,70,71,72,73,74,75,76,77,78,79,80,81,82,83
0.0,0.0,0.0,0.0,-0.17499067150752715,-0.507396137525652,-0.038938919006211374,0.0,-0.27404138430334113,-1.9704328460421632,-0.12496337638016455,0.0,-0.2261001760897745,-4.519199502097243,-0.3687323527998481,0.0,-0.04759104881630225,-3.9349306288326957,-0.3901452441486501,0.0,0.7947715916561385,-4.2974618320913605,-0.11222028625150099,0.0,0.702968705839378,-4.276312721970773,-0.41788384271209045,0.0,0.361863882011764,-2.8396133852947236,-0.38453095048251273,0.0,0.23968613063595143,-2.3468098227992216,-0.36457270500097694,0.0,1.074797460921237,-3.610673044810949,-0.39595128076021713,0.0,1.0756079026721341,-4.368770496357301,-0.7189675037349752,0.0,0.4229324338462158,-2.884841010434678,-0.5562059726809148,0.0,0.19492912842369714,-2.392063127860902,-0.4952971170534488,0.0,0.862287336010261,-1.9810241653802791,-0.4888874058813599,0.0,1.5222391653418608,-4.986329088214585,-1.4992865937480335,0.0,0.5670685745885123,-4.985051644420432,-1.625096127905126,0.0,-0.032073922593433044,-3.7338009184581744,-1.2709121833728685,0.0,0.5884398627236056,-0.9139945793166137,-0.46812500643911825,0.0,0.6662806892499594,-1.9493012736639397,-1.0843789802158725,0.0,0.2135623642729458,-2.323241055776172,-1.3456187093499488,0.0,-0.16241253420029478,-1.9271127634532155,-1.1769167318717493,0.0
0.0,0.0,0.0,0.0,0.008236162518101544,-0.2562203321497545,-0.12175014693557042,0.0,0.07467970283915616,-0.9837140961789174,-0.2693680119902084,0.0,0.10714030257659696,-2.465436936891735,-0.592385309072633,0.0,0.08513638725203435,-6.524540410929937,-1.5054929181411518,0.0,0.7620643980135806,-3.3127353225115366,-0.19036926088518016,0.0,0.9091616551322252,-5.026969194717469,-0.5388084422414103,0.0,0.41304500790656834,-3.195774667545188,-0.44485899445530586,0.0,0.2497914226539664,-2.546218125113544,-0.397326239242229,0.0,0.6858251252413243,-3.970993489927697,-0.28830545407368446,0.0,0.6916249858855793,-4.897060831417566,-0.5347346318062204,0.0,0.2596692362702461,-2.9762618949619193,-0.42095878235645584,0.0,0.13791942815841474,-2.439855275147315,-0.3849222137163697,0.0,0.35176614707153825,-3.2273159685818698,-0.3740470372035512,0.0,0.6858243832459251,-7.639073559833047,-1.202596673539859,0.0,0.07384206676788871,-3.5002654992894335,-0.6541118468492348,0.0,-0.06568470532666433,-2.710071469811815,-0.5396085509163757,0.0,0.014121027555813343,-1.7472864570049076,-0.34635863566100145,0.0,-0.159136579858314,-4.9269686206347805,-1.30824297688458,0.0,-0.5109636724065846,-5.223277784200143,-1.4751461975314424,0.0,-0.5912532912115159,-4.09876767720404,-1.162663420280201,0.0
0.0,0.0,0.0,0.0,0.2146760352152463,-0.189613160330652,-0.1049569796711883,0.0,0.47774607978262756,-0.851103034385526,-0.2047891139344859,0.0,0.6826148007747262,-2.58439911842458,-0.46774296404368026,0.0,0.47026324757504456,-5.761233269328775,-1.0257022705049257,0.0,0.9315591163476963,-3.032880572053828,-0.18682479592921486,0.0,1.2403021309920756,-5.053227609801626,-0.4892362064967463,0.0,0.7266201270135486,-3.4343118988434704,-0.418273429877131,0.0,0.5155376577915312,-2.749247740533325,-0.36809530177893324,0.0,0.666199401022865,-4.552734531116408,-0.29930173873913374,0.0,0.7603411059575127,-5.803749204045376,-0.5011094946089681,0.0,0.38898049160638903,-3.2333086880209887,-0.3470854714739291,0.0,0.29387221515081213,-2.5507182310932026,-0.2988564933111331,0.0,-0.006157739165011304,-3.408351311906772,-0.3205840962392171,0.0,0.14724934453054425,-7.148276407817975,-0.8067227537790697,0.0,0.10759979004589079,-3.6902376432134263,-0.48643992184842566,0.0,0.09652440215087742,-2.820692176814499,-0.3913261377312062,0.0,-0.3595968555159175,-1.8044507226538897,-0.26945296196010604,0.0,-0.5679305309222844,-3.9472913458079515,-0.663824586610394,0.0,-0.48037835991357714,-4.2718858678350715,-0.716213049679715,0.0,-0.3154997946154318,-3.5165539467190956,-0.5680276034425978,0.0
0.0,0.0,0.0,0.0,0.22442355214414578,-0.20893939248750576,-0.10587016131990773,0.0,0.49213411665366713,-0.8697294551472015,-0.195952253210083,0.0,0.7082754889235315,-2.682085984346028,-0.4343085926137202,0.0,0.41258525128527523,-5.215869015237222,-0.8243566277848957,0.0,0.9817154948477667,-3.1607666136491264,-0.1518341101863916,0.0,1.236675037138799,-4.978990697687011,-0.38238752085382716,0.0,0.7394369575146673,-3.447682959109494,-0.3547687682774372,0.0,0.5157865101470936,-2.7500788405313608,-0.32265550283187105,0.0,0.7360058257560771,-4.886544831793108,-0.23415105262382988,0.0,0.7877125392544658,-5.8271249033467925,-0.38168116490281007,0.0,0.3950853676807433,-3.2872740922473658,-0.294016393349077,0.0,0.2846406091163273,-2.573062445462486,-0.26309013400349135,0.0,0.02154285211148674,-3.5586162631548097,-0.24747679122580302,0.0,0.13533354312753165,-7.2543043285000985,-0.6652374289760937,0.0,0.0980289503551995,-3.72207819477354,-0.4273744600623925,0.0,0.07871073503141351,-2.836468946712838,-0.3535568951744696,0.0,-0.339636161248866,-1.8271905769711636,-0.21105001346501467,0.0,-0.5498519341420385,-4.07964392654085,-0.5749534266319617,0.0,-0.4660513672054205,-4.354741086581061,-0.6349661257463503,0.0,-0.3202417589802088,-3.563056323422598,-0.5134605182095081,0.0
0.0,0.0,0.0,0.0,0.22955067117468064,-0.23163205621257232,-0.10041889935831176,0.0,0.5286697826161106,-0.9520992016990197,-0.2001818076028144,0.0,0.6040635728006494,-2.787434146851037,-0.4660218027952966,0.0,0.062132426950738395,-4.193237486132744,-0.7046152593999371,0.0,0.971450138566804,-2.847694253870161,-0.11586124699273286,0.0,1.3748051782980384,-4.973422027418373,-0.3691843158299926,0.0,0.8464174357773581,-3.5386782608818046,-0.3479584843636336,0.0,0.5915001212408133,-2.817294464431967,-0.3125586415346376,0.0,0.7512629368862968,-4.4676342680229135,-0.20364854406420624,0.0,0.8878446346381692,-5.960471232771826,-0.39721647220334916,0.0,0.45237496279964345,-3.3407661733034257,-0.28728034608133096,0.0,0.3302531117175071,-2.616039006128458,-0.2506242580587333,0.0,0.08710179937603464,-3.610367431762739,-0.260292507012511,0.0,0.24365267515494785,-6.935190008498155,-0.6104474495296094,0.0,0.15945932279795763,-3.75489094538606,-0.3863194940518455,0.0,0.12848690233062696,-2.880353236790101,-0.3142242334396633,0.0,-0.30188693964754554,-2.1004549264946935,-0.2533803417170309,0.0,-0.4420517577449346,-4.792182219813008,-0.6112807871769431,0.0,-0.3105053149354902,-4.622842476992102,-0.5775364829132639,0.0,-0.18988274031431224,-3.6401553918977654,-0.4415132533293256,0.0
0.0,0.0,0.0,0.0,0.2191008636037544,-0.215668680954683,-0.09534836583924185,0.0,0.505162527866089,-0.9332054932105762,-0.18111459746165265,0.0,0.6234238929608806,-2.8444486237669624,-0.4140198798036424,0.0,0.09774330957977502,-4.572409028838956,-0.6391404634128867,0.0,0.9815430351672602,-2.927781799951404,-0.07279966560960414,0.0,1.3501190015782443,-4.941231732668245,-0.27932327306992966,0.0,0.8244557094821657,-3.485882586251741,-0.28386790089696384,0.0,0.5781313681070115,-2.769297205079895,-0.26489754604807764,0.0,0.7590799456908003,-4.618481286157238,-0.13597123587506174,0.0,0.8701845231193946,-5.895588188883205,-0.29108562320224657,0.0,0.4537830270337763,-3.314349867547523,-0.2352970480569587,0.0,0.3358438616346907,-2.6004946459706617,-0.2156496836311351,0.0,0.07972544281459588,-3.646913814274303,-0.19724874183392013,0.0,0.2194518893849904,-7.155100934937953,-0.5217654245322271,0.0,0.15407397640696185,-3.796444649495313,-0.34850671316782134,0.0,0.12331808394707042,-2.897355546827406,-0.2917944962004808,0.0,-0.29826947933237924,-2.1212989226581422,-0.20999263023963827,0.0,-0.44067571371938674,-4.72448088279073,-0.535550025890386,0.0,-0.3116835076599445,-4.750819143805963,-0.5478317249749255,0.0,-0.1832666322570827,-3.723553322429967,-0.42589106311575853,0.0
0.0,0.0,0.0,0.0,0.22369217723554066,-0.22827334114015227,-0.10462616219520479,0.0,0.5339594014438661,-0.9512354611662027,-0.19982220876935172,0.0,0.6166601958237835,-2.9651014642293103,-0.46994581693754295,0.0,-0.027085750212350844,-4.252304674448258,-0.6602159140301211,0.0,0.9536517168128363,-2.8507884357453745,-0.085191281979404,0.0,1.3282183439115582,-4.855293851619852,-0.2864589786811761,0.0,0.8168019103995917,-3.4774905791898303,-0.2873848184402765,0.0,0.5701158735137094,-2.7609973422973986,-0.26670664619368434,0.0,0.7129847000241368,-4.439233913064377,-0.1391063218270273,0.0,0.8619935200646202,-5.940185069463967,-0.2976700011274278,0.0,0.4453394589943421,-3.326276571147712,-0.24318733639013557,0.0,0.3273475045513626,-2.604243287471338,-0.22530388149042702,0.0,0.061384571772745096,-3.549246544302401,-0.19069903272680297,0.0,0.1480547085402708,-7.108881318635546,-0.5175081354928429,0.0,0.11543956659815555,-3.7969646669752812,-0.3598919284805736,0.0,0.09443280649128587,-2.890572126593655,-0.305944429624098,0.0,-0.3061674795474898,-2.1024960906907335,-0.20283444937036832,0.0,-0.4795546091012572,-4.661052980760505,-0.5208886898694969,0.0,-0.3536573883821444,-4.633589065160039,-0.5408560158386828,0.0,-0.21760495103536492,-3.628681095300042,-0.42813482950750364,0.0
0.0,0.0,0.0,0.0,0.22960563233550618,-0.2292843618220792,-0.10364441754007467,0.0,0.5352228557604143,-0.9716824541944078,-0.19450885380007293,0.0,0.6278049822260955,-3.0581552385510653,-0.4541900947897906,0.0,-0.023650639702907525,-4.473750395465872,-0.6363460506352132,0.0,0.9643526620956719,-2.8369021053756045,-0.053241900616459545,0.0,1.3246143966195316,-4.800215978644889,-0.24162306173961923,0.0,0.8170510239776813,-3.452912549788732,-0.2619702434966702,0.0,0.5707233086214559,-2.7441484462624595,-0.2500938103062924,0.0,0.7225708365629699,-4.451354734897164,-0.09408158293888903,0.0,0.8588262667516315,-5.956654209648847,-0.25085004600212496,0.0,0.4440500628109198,-3.319993735389526,-0.22130617793354143,0.0,0.33079836752384717,-2.5965821892456664,-0.210296728794783,0.0,0.053842933059532645,-3.513933278465574,-0.15690797434895806,0.0,0.13492736358504723,-7.160391669713395,-0.4879815847113325,0.0,0.11464282185838592,-3.8066400506118367,-0.3498102500633584,0.0,0.0990675760932575,-2.894447131603312,-0.2995783503417268,0.0,-0.3151047672581812,-2.061456367591017,-0.18180737460471194,0.0,-0.4892742082880483,-4.493404597774511,-0.488939065729245,0.0,-0.3710901552825354,-4.608083393207781,-0.531959854622807,0.0,-0.22597238001409528,-3.6532019198808183,-0.4289412801620826,0.0
0.0,0.0,0.0,0.0,0.21525687946827893,-0.22556720443750078,-0.10563424703468016,0.0,0.4809634716545388,-0.9146083434848152,-0.20434792143987393,0.0,0.49131916399226255,-2.6433536615895035,-0.4608215721623542,0.0,-0.08653506170513714,-3.9602138592268354,-0.6841933975996276,0.0,0.9155346074116562,-3.0071549732996417,-0.11032944964796249,0.0,1.132864964616224,-4.7072861019012135,-0.306080950032462,0.0,0.6812157969470626,-3.367741824349949,-0.2964624463051162,0.0,0.4677194837544717,-2.7147102001767673,-0.27289261082109983,0.0,0.6037966704769677,-4.541428390325162,-0.16898018880549226,0.0,0.6771901076261275,-5.866387215640365,-0.32488887224082125,0.0,0.33843967335126895,-3.2751779131871257,-0.25090657179919423,0.0,0.2416975136290804,-2.577062847975708,-0.22727978565600584,0.0,-0.04988797019128859,-3.488102928028422,-0.20566690885727187,0.0,-0.031177325416694476,-7.232252565811655,-0.544180751700355,0.0,0.02617574613933587,-3.8517672862253853,-0.3635421641991499,0.0,0.025846027709581578,-2.948795813180744,-0.30495635654842584,0.0,-0.37767244193353555,-2.00688696389592,-0.2054868635169987,0.0,-0.6208542362685864,-4.454772838862059,-0.5040802450706758,0.0,-0.509187277803798,-4.606540437786021,-0.5262003761071682,0.0,-0.3423442682324735,-3.667239562745037,-0.41312348975041396,0.0
0.0,0.0,0.0,0.0,0.21931323707122552,-0.22178242273086168,-0.11136625538257815,0.0,0.4953709325732421,-0.9243292023144997,-0.21202235111510093,0.0,0.5130337640379208,-2.7599420197392326,-0.4802378994045621,0.0,-0.10773026053999955,-4.114558383317041,-0.700850542196098,0.0,0.9072232564944892,-2.9644904127972715,-0.10865055088079462,0.0,1.1406096766179377,-4.722991507523531,-0.31178472436624566,0.0,0.6907977017389351,-3.3699218158991098,-0.3055276401084336,0.0,0.4799334707726815,-2.6990768824140945,-0.28223737062005,0.0,0.5929949002080257,-4.595422349001059,-0.1590083236753984,0.0,0.6390745707535503,-5.802046716052448,-0.3093680076684577,0.0,0.32797655571806567,-3.2848031342957618,-0.25248074269003373,0.0,0.24178169926118556,-2.588215410186183,-0.23305099146290856,0.0,-0.06413787525017693,-3.4833282660990665,-0.1899412173420217,0.0,-0.08748347466504398,-6.974258426088255,-0.525356374047294,0.0,-0.0032056906737706007,-3.771473856991777,-0.369737389327676,0.0,0.009861011973094294,-2.89057380052167,-0.3143721142969064,0.0,-0.3756299642648574,-1.9771596779559428,-0.1907100834510784,0.0,-0.6293360236450412,-4.350031988551967,-0.5024725623330767,0.0,-0.5311900298291733,-4.612401719484912,-0.5566851909819142,0.0,-0.35707636938720777,-3.7106068343473,-0.4494489200392153,0.0
0.0,0.0,0.0,0.0,0.21779273979814148,-0.2305482045125615,-0.10864117730367903,0.0,0.47767879098595595,-0.9475026731966113,-0.2056648457522277,0.0,0.4179414463842905,-2.729178201392938,-0.4596683709966957,0.0,-0.23644693012730097,-3.7567970219858675,-0.6280790736703543,0.0,0.817658466588877,-2.9741703375022577,-0.09091014928689072,0.0,1.025754362804848,-4.804706904622722,-0.2930271751192301,0.0,0.6039387787157932,-3.420800292845796,-0.29207235562291833,0.0,0.40647039177182714,-2.7294663460785897,-0.2708495726233618,0.0,0.47148107149888685,-4.672615462183674,-0.14470796998790658,0.0,0.4818148323746751,-5.845465009551032,-0.2939754436870376,0.0,0.2358087063840468,-3.281529912615065,-0.2385834631834208,0.0,0.16627573229439332,-2.5830961319203536,-0.21981344283429582,0.0,-0.15966643662192473,-3.592164203599551,-0.19118238499519455,0.0,-0.26961385830693196,-7.06766747037424,-0.522094235578038,0.0,-0.10156807041198133,-3.7988319592760926,-0.36076231562386607,0.0,-0.07092606314409507,-2.9132385913176893,-0.30453264820197135,0.0,-0.4367365533201328,-2.045528186094906,-0.20001214570735948,0.0,-0.7527349929351639,-4.421674120753101,-0.5032988331079953,0.0,-0.647318707426123,-4.56218368776979,-0.5326816250836074,0.0,-0.45971178271910806,-3.66185249920006,-0.42576146551603894,0.0
0.0,0.0,0.0,0.0,0.2128329199319072,-0.23289073655382722,-0.11011018957376038,0.0,0.4748511311803866,-0.9449794834317732,-0.2103709540626806,0.0,0.4162664146825642,-2.6533194915431557,-0.46441302485743535,0.0,-0.21884370058925467,-3.740450555902497,-0.6528941466782301,0.0,0.8188926124370948,-3.006022710479752,-0.1049518409813897,0.0,1.009798949538654,-4.778533595449952,-0.3188943605075967,0.0,0.5946353183105677,-3.4102348175503416,-0.31459283913342323,0.0,0.40052146456540866,-2.719982955413442,-0.28949906072133713,0.0,0.47054994356040497,-4.731112449059979,-0.16805457549871683,0.0,0.47116885742777614,-5.83988119212826,-0.32578867488531,0.0,0.22828809551994292,-3.286188750427917,-0.2586036413806723,0.0,0.16086268691790587,-2.5813357615520753,-0.2359202214865118,0.0,-0.16739255452957208,-3.6063787311691344,-0.21061022861181095,0.0,-0.29567502289765674,-7.051965597253863,-0.5595813382515232,0.0,-0.11711254102186933,-3.7915977903422737,-0.3787527997368441,0.0,-0.07907594570968449,-2.8970800666265437,-0.31667737724455464,0.0,-0.4400154359391656,-2.0202813428701774,-0.21112649682910298,0.0,-0.7618077969321332,-4.380960527833481,-0.5308737928327479,0.0,-0.6659676723223605,-4.5343203119195445,-0.5608086349405895,0.0,-0.4748950456908833,-3.628842413267777,-0.445180489857303,0.0
0.0,0.0,0.0,0.0,0.21430887580221955,-0.22396595722116622,-0.10288858620191459,0.0,0.47914014321815956,-0.9065771709281255,-0.19845579991014542,0.0,0.42284894101901005,-2.47381503772481,-0.4312565146429569,0.0,-0.1643946374845149,-3.2561155904565906,-0.5854507116041591,0.0,0.8715848218632353,-2.983567417903858,-0.1390131713635433,0.0,1.0756174218233185,-4.662371981132791,-0.3623626044638389,0.0,0.6616750055292379,-3.3751013170045825,-0.34371494100373656,0.0,0.46197286563233114,-2.709992938859004,-0.31022940296356194,0.0,0.5676180005659971,-4.839510816646724,-0.24729016943560223,0.0,0.5439044074458153,-5.664892010434915,-0.3783241022957117,0.0,0.27201253417753596,-3.256687733954519,-0.2777439825296839,0.0,0.19798905616278642,-2.575629730702451,-0.24567797803696492,0.0,-0.10855982735399736,-3.6691391604899612,-0.28494684415780525,0.0,-0.18423117570400788,-6.933761862711681,-0.6361926627656285,0.0,-0.07209205802463955,-3.739705604206318,-0.3988498737843706,0.0,-0.04840969688761008,-2.875755074461372,-0.32481037194695633,0.0,-0.411744005053392,-2.003814924470667,-0.2588244440097983,0.0,-0.7049575864288379,-4.367793716456703,-0.607711112922059,0.0,-0.6027185666279683,-4.357788775625431,-0.5891354167717485,0.0,-0.43767538102585435,-3.4932339620191244,-0.45310759472730877,0.0
0.0,0.0,0.0,0.0,0.20634035400535725,-0.2323299905114026,-0.10412564246064582,0.0,0.46529410130673754,-0.924809262002132,-0.20156887165177084,0.0,0.3999637246540378,-2.465251643809181,-0.43395456437024404,0.0,-0.18272621259170835,-3.3257539221099384,-0.6017606939922645,0.0,0.8272245113724294,-3.0753252010019083,-0.13938747324442619,0.0,1.035801135968811,-4.800510324458065,-0.36641191541274715,0.0,0.6248566327201516,-3.413232622069989,-0.3424999466242574,0.0,0.43354708919871143,-2.727298914019916,-0.30710916369237296,0.0,0.5001644078123034,-4.955596076012519,-0.24364774598593428,0.0,0.5033681073162913,-5.807760353126768,-0.37736688696622367,0.0,0.25133445541382954,-3.273791735969054,-0.27513194419808323,0.0,0.1833195877791933,-2.57332398448666,-0.24205051882021636,0.0,-0.15480200727045076,-3.7731213609551926,-0.2818464138213351,0.0,-0.2468312169832815,-6.843280746425263,-0.5975296379689123,0.0,-0.10029561207339319,-3.7360563245056118,-0.3835773902945879,0.0,-0.06551301717051114,-2.870560370670458,-0.3136000227681553,0.0,-0.431801752196403,-2.064103025592257,-0.257636736411698,0.0,-0.75145163022824,-4.3360972685285075,-0.5667198283221803,0.0,-0.6491085817861024,-4.443205276888985,-0.5611553107840975,0.0,-0.46172327223934667,-3.6032709759480497,-0.43691091588656605,0.0
0.0,0.0,0.0,0.0,0.2157139830013472,-0.20848388002150514,-0.10018477244373934,0.0,0.4862083961977843,-0.8693340478870667,-0.1904326007342555,0.0,0.4932192165234655,-2.3639207618024356,-0.4061380416278652,0.0,-0.017539040450510756,-3.1084170506664144,-0.5546776860079301,0.0,0.9203132125704593,-3.1197693857186577,-0.13475988837747974,0.0,1.1484815404584923,-4.725966701404913,-0.3497040083215397,0.0,0.7185136832476511,-3.359785671578308,-0.32905366417914855,0.0,0.5175509862846885,-2.7088732906892923,-0.2996353035525246,0.0,0.6291016950447709,-4.816586772098214,-0.23389348085704878,0.0,0.6443155125443041,-5.692529659338542,-0.37101973575497327,0.0,0.32908286624682015,-3.2338526663843825,-0.2744883867470722,0.0,0.23971367066701454,-2.558590155956596,-0.2444873906239789,0.0,-0.029369964772244385,-3.59663305687238,-0.27213468102697935,0.0,-0.030060565005888225,-7.022997748482246,-0.6263873091158924,0.0,0.009834062054785118,-3.691963252555082,-0.39231815622731,0.0,0.011102953817763968,-2.835935181929623,-0.32289033681480384,0.0,-0.34896501487600173,-2.001599621697347,-0.254841293108786,0.0,-0.6122111682936955,-4.474537421513737,-0.6086714305235563,0.0,-0.5114274403272131,-4.319087022366023,-0.5789910811729392,0.0,-0.3828515657186997,-3.4351571990144025,-0.4482391774890059,0.0
0.0,0.0,0.0,0.0,0.20644744424098257,-0.20470574095205119,-0.10180418619006883,0.0,0.47613494777922466,-0.8688709427583412,-0.19277522818934695,0.0,0.47142447831562,-2.35542087619715,-0.40574566825552993,0.0,-0.06992110184021678,-3.1038044548159904,-0.5455334810765748,0.0,0.913621277001863,-3.17666438852166,-0.12958670187863963,0.0,1.1069535794770446,-4.732024386051898,-0.3244218992453941,0.0,0.6862245654860303,-3.384319707812992,-0.31097691824147555,0.0,0.48804260613068423,-2.730077727699513,-0.28583361976230065,0.0,0.6333748883840848,-5.188130153097533,-0.22802668999346049,0.0,0.6008822070599481,-5.6993656966443496,-0.33098275892484696,0.0,0.30892834527022744,-3.2513837053565595,-0.2537521330262236,0.0,0.22428565503887749,-2.5675238863422116,-0.22931439059481878,0.0,-0.0657045809977182,-3.883713193939105,-0.2655157071683768,0.0,-0.10062662576387137,-6.847177694007055,-0.560070682739293,0.0,-0.02799619370664175,-3.7039315526849053,-0.3739466448225044,0.0,-0.01917818973589696,-2.8513619550480604,-0.3140496940566252,0.0,-0.38232030294583613,-2.0863367312713685,-0.24295454159345478,0.0,-0.6552334602612991,-4.407283163916088,-0.5545461692615395,0.0,-0.5549939348475466,-4.435964929405918,-0.5585379033600959,0.0,-0.3972487194874947,-3.55354038896879,-0.4401543727722112,0.0
0.0,0.0,0.0,0.0,0.21522427976775457,-0.21177357872341052,-0.10716900957868677,0.0,0.5012865639209001,-0.8439833198083299,-0.2078947095085218,0.0,0.5180046459815566,-2.2665538347100784,-0.4453078795907521,0.0,0.01053980040452192,-2.9158976834316204,-0.601315459210139,0.0,0.9427134648468363,-3.1036873745198266,-0.17236555783155316,0.0,1.203087110641763,-4.771933303200154,-0.41272623914026496,0.0,0.743197837190866,-3.360253721683069,-0.368614794162607,0.0,0.5290843814160289,-2.6988214910182347,-0.32554995446020896,0.0,0.6632618297629147,-4.839361362984392,-0.28046887261801473,0.0,0.7160816041041235,-5.673701062367821,-0.41748590466977287,0.0,0.3686250244128939,-3.2199342105435407,-0.2918117925602672,0.0,0.2672956755444848,-2.5499692959405422,-0.25325165637905594,0.0,-0.002940657204185883,-3.6660032521384345,-0.3046189269837122,0.0,0.05903899644974111,-7.011313515107218,-0.6624093464040799,0.0,0.05299481933990471,-3.711710757049821,-0.4039241100464126,0.0,0.03929613786680645,-2.8569698460881483,-0.32751788468092397,0.0,-0.33480461956619806,-2.0538703331125343,-0.27470207650957873,0.0,-0.5540721851970928,-4.635879961731828,-0.6414433902288985,0.0,-0.45171233445142317,-4.4145028810525,-0.5911426761132904,0.0,-0.34026522429852063,-3.4687308783551036,-0.4461670866849937,0.0
0.0,0.0,0.0,0.0,0.20736454927536202,-0.20827282886969098,-0.10125917530684388,0.0,0.48256748761027013,-0.8361604036765485,-0.1956203625141785,0.0,0.47388042590413904,-2.2175332025320214,-0.41239336882923583,0.0,-0.03512695615694745,-2.951546831897686,-0.567467715937142,0.0,0.9354567918985167,-3.1336609110281417,-0.157114296351351,0.0,1.175013739395303,-4.73774043857135,-0.3666149755467293,0.0,0.7287862944818644,-3.361915794436091,-0.3343960843680432,0.0,0.5194255518510562,-2.7112125665734927,-0.2998345129640956,0.0,0.6685051982548547,-5.045900044321799,-0.2710644404314041,0.0,0.6951992676612998,-5.6762918803488835,-0.3736204741524585,0.0,0.36417199691277985,-3.231602849956959,-0.27124806786305344,0.0,0.26485193813926633,-2.5543583493106765,-0.24042518021926115,0.0,-0.023719348089074176,-3.8564103867399546,-0.30179640546452036,0.0,0.020504411210666113,-6.84918374193276,-0.5940229494462637,0.0,0.04163038566358246,-3.7009422215714016,-0.3818676001335915,0.0,0.03399511445956153,-2.848085259869754,-0.3172180965177335,0.0,-0.36328305609574707,-2.1166242810479092,-0.2670721300327976,0.0,-0.5953064949632778,-4.465866782094896,-0.57587148189723,0.0,-0.48688597836754915,-4.45109118570036,-0.5595176433871591,0.0,-0.34596529986901936,-3.5700440445894412,-0.4359088822376831,0.0
0.0,0.0,0.0,0.0,0.2162621478555346,-0.19978889906937894,-0.1073676235751624,0.0,0.5136634636050781,-0.8217026784888616,-0.207816386435324,0.0,0.5606068146521741,-2.2194228496699866,-0.4429512098307552,0.0,0.06685203138483635,-2.9248043648154574,-0.6104253652429027,0.0,0.992929530666658,-3.1539559371217076,-0.17227245857034035,0.0,1.226754363294872,-4.719299367417523,-0.4002507569507022,0.0,0.7641064848634367,-3.325811894787484,-0.3597071124249945,0.0,0.5548892212572484,-2.68716716066663,-0.32085921054354505,0.0,0.7179862107675241,-4.911996015040535,-0.2792664913028127,0.0,0.7455649551268032,-5.618399373274236,-0.4043437652831504,0.0,0.3867768486813467,-3.209920088583067,-0.28596331280133835,0.0,0.2847862563469369,-2.553741321332574,-0.25026582479682774,0.0,0.024569952477886757,-3.638383770473517,-0.2976509061489507,0.0,0.1128527338564215,-6.87363728299207,-0.63915987902405,0.0,0.0795801600467642,-3.6965054731992635,-0.39449625911763875,0.0,0.062017567188492106,-2.863053048603486,-0.3213697375955205,0.0,-0.31766380046998294,-2.000046543250256,-0.26566753908191,0.0,-0.512947705447255,-4.584247186023355,-0.6318024949822435,0.0,-0.41422048405740336,-4.428060463219889,-0.587878785512391,0.0,-0.30411405414682025,-3.502169516279754,-0.4440580935859343,0.0
0.0,0.0,0.0,0.0,0.21098485241122777,-0.20077551241173552,-0.09987612933297121,0.0,0.4932595912941224,-0.8115018227530659,-0.19135768286872623,0.0,0.5052970709162712,-2.1072736979651983,-0.3955139576330826,0.0,0.025796064918591245,-2.8577181828730676,-0.555521787018401,0.0,0.9838820176650163,-3.2695279530060835,-0.16022421143301493,0.0,1.1792030059749958,-4.715998242386558,-0.36613168027238957,0.0,0.7381095089462079,-3.3347194563973366,-0.33584210681972404,0.0,0.5363154131474205,-2.6948126790858087,-0.3031003393186898,0.0,0.7230378360190675,-5.307078536359981,-0.28403368089475856,0.0,0.6900263227843677,-5.592997466403202,-0.37423799993959406,0.0,0.37278312044640666,-3.226469333838454,-0.2771277219128592,0.0,0.27688851220794203,-2.55710022044148,-0.24702876373844795,0.0,-0.006922059934488714,-3.9163592717247324,-0.3095108618918787,0.0,0.031331261750389076,-6.755519738492436,-0.6043893128764323,0.0,0.048646477210144895,-3.7156898451952207,-0.39416633926235617,0.0,0.0397344062601885,-2.8609444762494536,-0.3262518404036338,0.0,-0.35212351004534176,-2.094724099326119,-0.2692443075990675,0.0,-0.5660609918216243,-4.448560335197681,-0.5882689571872104,0.0,-0.4533635165246852,-4.507623312892604,-0.5812667214735028,0.0,-0.30857368114914374,-3.6106848984329334,-0.45128382722411214,0.0
0.0,0.0,0.0,0.0,0.2121158552808631,-0.18862233387056265,-0.10462944113707666,0.0,0.5115716952083887,-0.812214372054045,-0.19898023190311798,0.0,0.5890628491521797,-2.2568966592881727,-0.4227267273919332,0.0,0.12018391441980439,-3.29352895791902,-0.6179826191139635,0.0,1.0025710205474132,-3.0710303318184486,-0.13971370377844225,0.0,1.3311994228404946,-4.819562392168574,-0.3752410839041244,0.0,0.8339810437898959,-3.3629512551836545,-0.34470278091034434,0.0,0.6112291786928821,-2.700615371340553,-0.30971628799528145,0.0,0.778742116063817,-4.852378460175004,-0.22634223819483398,0.0,0.8324207583970737,-5.659994428015455,-0.36223196343112457,0.0,0.43487700805924395,-3.219400114985272,-0.2654140993028969,0.0,0.3215439017025351,-2.555786530744893,-0.23539402996767825,0.0,0.10405590574406313,-3.759218710302618,-0.2628079628533294,0.0,0.23713638741952403,-6.815531872940179,-0.5653790471191097,0.0,0.14674430788174683,-3.6916606081653587,-0.35333857927828677,0.0,0.11068495028503539,-2.856867866812977,-0.28929977382400435,0.0,-0.26937525543191077,-2.1160100035640546,-0.24860105052044484,0.0,-0.4221431440913776,-4.757234127769841,-0.5975459900250973,0.0,-0.32215775287675047,-4.543946714618805,-0.547525940977083,0.0,-0.22802358527947744,-3.553140707200928,-0.40808424947135874,0.0
0.0,0.0,0.0,0.0,0.2051843838743361,-0.17639382564994363,-0.09823458593412358,0.0,0.5081585692437598,-0.8005662648990813,-0.1819834776658856,0.0,0.5902898454617616,-2.223243983454391,-0.37628306466048694,0.0,0.1175335927696376,-3.442359840102795,-0.5675373138028644,0.0,1.047797832986229,-3.2833489541353598,-0.12564866718709178,0.0,1.2844051935543415,-4.797790239339858,-0.32317371179676113,0.0,0.8122245700698669,-3.3573492508072986,-0.3043595064294168,0.0,0.6045781048986775,-2.7073589533381237,-0.2797919352743565,0.0,0.8471982647540803,-5.353332998193954,-0.22086996960326655,0.0,0.7894984311940928,-5.569957905874941,-0.31997092390142245,0.0,0.4278157377898896,-3.2153530616068604,-0.25214651290486245,0.0,0.3198842283858436,-2.5483810868630066,-0.22954233881625166,0.0,0.10965088253606681,-3.9556118234031383,-0.2576108384810668,0.0,0.20281700430321836,-6.807564625596149,-0.5566314100131483,0.0,0.12238326439563943,-3.7023977899142957,-0.37202664545788405,0.0,0.08664578596204872,-2.851543193040568,-0.31134584282706346,0.0,-0.27257135965939294,-2.121612498253729,-0.236548604258376,0.0,-0.4335608795768415,-4.653720259938395,-0.5860485907023281,0.0,-0.3380081408214311,-4.68512356003735,-0.5942095897343853,0.0,-0.22657731465971603,-3.6778574189895807,-0.45698015058379404,0.0
0.0,0.0,0.0,0.0,0.21185716572695307,-0.16858025694495649,-0.09575503954794819,0.0,0.5092154540980989,-0.7930412054376457,-0.1790066657383818,0.0,0.632689883346689,-2.20374038910556,-0.37117850052571905,0.0,0.24596137530215623,-3.598154229496573,-0.5866079301148479,0.0,1.0597421795362392,-3.083930384436861,-0.14897212526855474,0.0,1.3977186452611814,-4.860214181955255,-0.38301250171840007,0.0,0.8583179424092207,-3.3329669926823087,-0.3371974243862825,0.0,0.6244640921610397,-2.673738288944852,-0.3005258281659404,0.0,0.8859458082848517,-4.802046980003515,-0.2474128828638465,0.0,0.9113541009381348,-5.629562681208481,-0.3812304824574214,0.0,0.4745122769616894,-3.2031268281272505,-0.2726053400259399,0.0,0.34752595847713225,-2.5460403537438614,-0.2399075519963628,0.0,0.21113691725000647,-3.7343424002981096,-0.2843418101277453,0.0,0.3939449123188309,-7.049306573747601,-0.6228364399105791,0.0,0.21152074360113007,-3.73782004358072,-0.38089328178475873,0.0,0.14801459283975446,-2.87146164139718,-0.30936816496856256,0.0,-0.19747744598205363,-2.139853077879725,-0.2654920245275391,0.0,-0.29822006443644494,-4.966484622304497,-0.6718543341208538,0.0,-0.20788303553435955,-4.6887847631256925,-0.6263098586307364,0.0,-0.140242719531226,-3.57849445428177,-0.46072534480526667,0.0
0.0,0.0,0.0,0.0,0.21012724481818373,-0.1565223729014555,-0.09207765786967505,0.0,0.513849575870509,-0.7784115067231302,-0.16726258638833594,0.0,0.6494131811623508,-2.1968180174381318,-0.34175041419653596,0.0,0.22733355185640786,-3.4918451681093847,-0.5236467196329648,0.0,1.1011406432225246,-3.219019152464964,-0.12136512713331682,0.0,1.3628848365705495,-4.754065232133162,-0.30995086225731505,0.0,0.8503287970221781,-3.3242495092586384,-0.2894952340502834,0.0,0.6214254922895309,-2.685977510582729,-0.2664124950288586,0.0,0.9460727791431982,-5.1998290503816085,-0.21670064300500358,0.0,0.903397030086791,-5.609604639256002,-0.31705688027874346,0.0,0.4802261422044514,-3.202578290089719,-0.2448133625077618,0.0,0.35500513921882854,-2.534278282192614,-0.22180005709940126,0.0,0.1983245683906327,-3.910595482128087,-0.2578659681523252,0.0,0.33086778099778563,-6.877359607410324,-0.5467911063763786,0.0,0.1948717270049399,-3.7307361080601464,-0.365706120059434,0.0,0.14190519204078605,-2.8635315249645714,-0.3065556835173588,0.0,-0.2270959922054004,-2.148726147611344,-0.24037189144416515,0.0,-0.3455568400498641,-4.67673934686724,-0.5813347384918824,0.0,-0.24866315076034767,-4.6628708204722615,-0.5863036926978773,0.0,-0.1551219088671039,-3.6550909400427396,-0.4523619615703274,0.0
0.0,0.0,0.0,0.0,0.2290121707882864,-0.1492419274957223,-0.09849580903895638,0.0,0.5419739846871688,-0.7583805103462301,-0.17887929516753887,0.0,0.6505615558464619,-2.134332320591115,-0.3612390061446803,0.0,0.20119263036903642,-3.0020673943751848,-0.5004417455274165,0.0,1.0977123680942837,-3.1944733759894843,-0.17539989168646133,0.0,1.446156725025904,-4.898512339940138,-0.3985868992339171,0.0,0.8901226922017466,-3.338019220608654,-0.3386090773460079,0.0,0.6506823450863173,-2.673006594048238,-0.2993537320038714,0.0,0.8984360937903695,-4.878246961205148,-0.27096843684548066,0.0,0.9337586943619518,-5.498659799033142,-0.37971262681772555,0.0,0.5030420557212868,-3.1670646775343823,-0.27403906095930763,0.0,0.37319953821507923,-2.5273341538464806,-0.24275621234113912,0.0,0.19940708029984683,-3.6169155787930523,-0.28339129250227707,0.0,0.41789341978947653,-6.733602435572059,-0.6225738516715835,0.0,0.23864668897110441,-3.640687369005549,-0.40141836069155207,0.0,0.16960244220384563,-2.82148016375825,-0.33301258351454577,0.0,-0.2007818981875696,-2.069509339149714,-0.2548512210783564,0.0,-0.24677131732584676,-4.9914860251596975,-0.6803946908421558,0.0,-0.14056218543253365,-4.743861628460374,-0.6511766716985147,0.0,-0.08355622403925761,-3.5762295225803,-0.48090538706840935,0.0
0.0,0.0,0.0,0.0,0.22186301055967836,-0.15689720511791247,-0.10507828366765704,0.0,0.5422385026639563,-0.7603878591595608,-0.19670508115960403,0.0,0.6729050069370306,-2.177306167016922,-0.414192772684766,0.0,0.22068528887807534,-3.3207525225670658,-0.6255765154056606,0.0,1.114749744681757,-3.0794823908184648,-0.18489745343864666,0.0,1.4385745620833532,-4.802291091525064,-0.4225806002593799,0.0,0.8748953380601523,-3.333031930295616,-0.36399313090175905,0.0,0.6275791775101504,-2.667037217343662,-0.32098126902093305,0.0,0.9415293859757446,-4.7724712218477805,-0.29083525166191143,0.0,0.9925722670546523,-5.600500616409023,-0.4322072410845799,0.0,0.5141281537190955,-3.1678511790391966,-0.3074889109791079,0.0,0.37623788419565884,-2.497722227956825,-0.26844521027820534,0.0,0.22650454738316153,-3.6028920373900917,-0.3074866158062479,0.0,0.4364981953951782,-7.007390092200749,-0.7102912315104251,0.0,0.2350132051818149,-3.666339962123848,-0.4417267074997248,0.0,0.1670979106041155,-2.7971637017377406,-0.3598529690102111,0.0,-0.1976514326959121,-2.0458125999315016,-0.2725228282804667,0.0,-0.2589706119496582,-4.76822705939989,-0.7085375407020948,0.0,-0.16437842028228872,-4.751663407822517,-0.714504019167234,0.0,-0.0928533264992055,-3.613833095072182,-0.5331337904242713,0.0
0.0,0.0,0.0,0.0,0.22337055529786193,-0.15667850226282276,-0.1021408453389794,0.0,0.5372329023690094,-0.7582765943037253,-0.18533579324127164,0.0,0.6612501569382104,-2.1895995738490432,-0.38031479896985426,0.0,0.19713033295028243,-3.149328136270909,-0.5359467568702424,0.0,1.0889383922410476,-3.006145450093363,-0.1695018372730788,0.0,1.469110304616027,-4.879562463129978,-0.3937342644182202,0.0,0.8902897145717997,-3.3680622393442605,-0.34257091488825747,0.0,0.6322626262318679,-2.6860632294586466,-0.3057354470468828,0.0,0.9245862076570476,-4.737980471157028,-0.27050535325906516,0.0,1.0111522624293372,-5.591674193500153,-0.3961727663977483,0.0,0.5279962772797363,-3.1753843688794943,-0.29628359373002183,0.0,0.38291063716068363,-2.5024166298703574,-0.2649049227145481,0.0,0.22143408633559677,-3.624198816527648,-0.2902986833855893,0.0,0.4625209187487486,-6.935833808172745,-0.6560277860893347,0.0,0.259852047135481,-3.644659696617632,-0.43199671334264567,0.0,0.1846879859681507,-2.7881719693472697,-0.3630021856764594,0.0,-0.19816674455721542,-2.0596553127221986,-0.2583394339075436,0.0,-0.2390406623527232,-4.9348532459141925,-0.6837979186357199,0.0,-0.13339929537735046,-4.744175100287223,-0.6818266309208935,0.0,-0.06851170058688597,-3.5919223408257666,-0.5183985779994268,0.0
0.0,0.0,0.0,0.0,0.22666079341235879,-0.16901451934141098,-0.09922410574208598,0.0,0.5389700366138686,-0.744665731402616,-0.18285719556795185,0.0,0.6733727996266615,-2.1609295376976316,-0.38465631712458126,0.0,0.23079460139169922,-3.2477802306534684,-0.5763655453576332,0.0,1.1131373193151772,-3.002982216777305,-0.18748704092939994,0.0,1.4637600620800242,-4.804773283904847,-0.41000395170104564,0.0,0.8941312172495827,-3.3524425313755546,-0.35368861169686394,0.0,0.6378242907588935,-2.6828107813873547,-0.31237942248495965,0.0,0.9554842376983949,-4.718997043753481,-0.30951079166833484,0.0,1.0313663678767917,-5.549054113330297,-0.42133695254206804,0.0,0.5384805892506523,-3.1668508141071348,-0.3027059985686092,0.0,0.3906211974755221,-2.495946878129544,-0.265459136717841,0.0,0.23863655074056742,-3.553269128913539,-0.3232696915177055,0.0,0.49218874239127725,-6.991131025225938,-0.7074872922104337,0.0,0.2670175276738667,-3.6494131993231425,-0.43935084676900515,0.0,0.18735275990500952,-2.7845963695865454,-0.3594461276485362,0.0,-0.19041463823428167,-1.969410339571086,-0.27627729242434623,0.0,-0.22680537397215264,-4.840717922333327,-0.7202303807195841,0.0,-0.12611846869481255,-4.720853219158838,-0.6999638584125045,0.0,-0.06537091230423583,-3.591874890719545,-0.5200884422118491,0.0
0.0,0.0,0.0,0.0,0.22965170844106736,-0.1654010136878333,-0.10439963210807222,0.0,0.5328747930487381,-0.7213104055937078,-0.19235497931494522,0.0,0.6636832940772098,-2.0831363462776156,-0.40096265645033785,0.0,0.2127458357983089,-2.9648123644194713,-0.5778230443007205,0.0,1.108503913206678,-2.9501789111101195,-0.20525851978100584,0.0,1.4918006353115343,-4.84224149231755,-0.4343456724670793,0.0,0.9028731458544598,-3.3631592248726365,-0.37042898515478734,0.0,0.6379607914707961,-2.6808781684024665,-0.3268556725997187,0.0,0.9607770245006447,-4.62996057518751,-0.32742834088935807,0.0,1.062750639769128,-5.467578936912714,-0.4340911629117173,0.0,0.5594841824143733,-3.154603389802903,-0.3231617503403517,0.0,0.40455157319220814,-2.4780699505264128,-0.286131239119241,0.0,0.24821635576472867,-3.527570347566275,-0.3332337307960043,0.0,0.5494193181645561,-7.004429869868432,-0.7298808204430319,0.0,0.2944502649479167,-3.6050085584017184,-0.4660190716301603,0.0,0.20840031292936215,-2.742044875876713,-0.3882348382064497,0.0,-0.18528229245153588,-1.9609469552825585,-0.2788752356558525,0.0,-0.19967613318939997,-4.904928570499627,-0.7351863904116515,0.0,-0.09884807818551952,-4.702949227736459,-0.7225943820291064,0.0,-0.04704857247640736,-3.5685268615282224,-0.5493707511482285,0.0
0.0,0.0,0.0,0.0,0.22892305811942026,-0.17227347861049178,-0.10076029520854246,0.0,0.5340352185691375,-0.7210173622634914,-0.18726937425541415,0.0,0.6707665873263875,-2.065689307477258,-0.39251001024229865,0.0,0.23966118006358883,-3.0422631164995053,-0.5877084573429959,0.0,1.1141417663371422,-2.9533163407126146,-0.2219867432613064,0.0,1.4794608159449174,-4.766263818809231,-0.44732114418161706,0.0,0.8994456788865279,-3.328755745008432,-0.3758405811995751,0.0,0.636847666174781,-2.663800926043514,-0.32902201380160717,0.0,0.963913493752548,-4.6096703450270615,-0.361913479152081,0.0,1.0742296413548444,-5.490298651166649,-0.4709370026482256,0.0,0.55437773421975,-3.148336742181983,-0.3372998237745177,0.0,0.39520056678354376,-2.473569601722822,-0.2944468019766544,0.0,0.2531466697097639,-3.4826951386665153,-0.36161572838863154,0.0,0.5777231107142126,-7.100476778380891,-0.781968631466223,0.0,0.29873052486476837,-3.636098639116502,-0.4768949900710502,0.0,0.20634605500673267,-2.7653302137584594,-0.3906718573078555,0.0,-0.17810752002990643,-1.925981076704901,-0.2965312169165146,0.0,-0.1935225157623851,-4.886598143117691,-0.7674622589521297,0.0,-0.09008282669630266,-4.726667927185264,-0.7396203697327366,0.0,-0.037394831011370255,-3.5951978939498903,-0.5526554664339,0.0
0.0,0.0,0.0,0.0,0.23433673619117915,-0.18104588835526914,-0.09113130045365746,0.0,0.5307978005429619,-0.7187817942302211,-0.1688567030395739,0.0,0.7041600412915767,-2.092191873539909,-0.35887621463788155,0.0,0.2892602612949579,-3.095833368512975,-0.5499214487998215,0.0,1.130843655361257,-2.9703769707504764,-0.21695508026042176,0.0,1.4851609355728317,-4.731867066695148,-0.4235553664564563,0.0,0.9075700469263268,-3.330014304927947,-0.35875064628744496,0.0,0.639014376726347,-2.6626528406640126,-0.31522726987871147,0.0,0.9887587871947153,-4.669857042131975,-0.3791631868554279,0.0,1.101760672496107,-5.489532280656458,-0.4856985132962005,0.0,0.5727748439386092,-3.1509300731760166,-0.34395556820652967,0.0,0.4100747908511152,-2.467091285536913,-0.2967835535916231,0.0,0.2483368090671144,-3.430670695191189,-0.3760499986573731,0.0,0.586829230197195,-7.107190467165697,-0.8082797729068044,0.0,0.30608280994828857,-3.6403244426882706,-0.47882234066371365,0.0,0.2149365016367888,-2.757706313817928,-0.3849760208222054,0.0,-0.1799447274288643,-1.8584982436641184,-0.3038685726212591,0.0,-0.19400694862235732,-4.748456948226898,-0.7704036025787174,0.0,-0.0832260276088914,-4.7020626936125804,-0.7422422002769338,0.0,-0.022918433225845906,-3.608680666430181,-0.5505944822112131,0.0
0.0,0.0,0.0,0.0,0.23407483635252507,-0.1842889129953816,-0.09169911675828617,0.0,0.5297268515987521,-0.7201842639706195,-0.16925050411348289,0.0,0.7060419148244064,-2.102282621317264,-0.3589161050988666,0.0,0.29273932019826077,-3.1484357064015978,-0.5524488405377393,0.0,1.1095548602171037,-2.9227986608111802,-0.22008526991634292,0.0,1.4869943728721027,-4.7612569141549645,-0.43607865042241917,0.0,0.9020538198662154,-3.3305246096669134,-0.36524512930816183,0.0,0.6341368372519912,-2.6567012732235096,-0.3191644258987393,0.0,0.9614087413311122,-4.5514209978126186,-0.3779914312638767,0.0,1.1080489446801185,-5.514908242929803,-0.5020360176434722,0.0,0.5709016863156151,-3.152701672480271,-0.35432373855527266,0.0,0.407255549285733,-2.464334914917697,-0.30496853281885883,0.0,0.24301289153687153,-3.4041863553997445,-0.37700692062040975,0.0,0.5907894594919879,-7.166588046768366,-0.8276899069358382,0.0,0.3022313964793251,-3.638373642700238,-0.4865075344389654,0.0,0.21167667036489096,-2.755255105256572,-0.3911098806193887,0.0,-0.18006111096210226,-1.8610816786745226,-0.3048774156794455,0.0,-0.19573223129235687,-4.784741697977188,-0.7754954689939024,0.0,-0.0842382409167239,-4.704194637566755,-0.7428699361832785,0.0,-0.025062930940220916,-3.6119277395313967,-0.5528530136088832,0.0
0.0,0.0,0.0,0.0,0.22936434165056568,-0.1641445019275202,-0.1024104510478881,0.0,0.530568244391691,-0.7111886971781612,-0.18858362266624296,0.0,0.6620158673336373,-2.0339828102323994,-0.39169348460020037,0.0,0.2147890680699353,-2.8372884444728665,-0.5619800992728134,0.0,1.105899943928031,-2.9421043009026184,-0.2132976019608704,0.0,1.4766526615778444,-4.743522414123529,-0.4367352278314279,0.0,0.9023185869169565,-3.3335996772803327,-0.37290992423826735,0.0,0.6370030574371058,-2.669624611329926,-0.3285101077353537,0.0,0.94250585504032,-4.60056298532443,-0.347640402701158,0.0,1.0576624202305474,-5.441340744280446,-0.46039550958404535,0.0,0.5542992303219566,-3.1242864620674147,-0.33324154314215115,0.0,0.39941136365291585,-2.457318801458309,-0.2915876303832249,0.0,0.2223710350433912,-3.4552568800470183,-0.34960827962875896,0.0,0.5167369953057672,-6.95870246963187,-0.7604267903809588,0.0,0.28053833474505985,-3.5996592507874845,-0.47556427140409796,0.0,0.19794723678461754,-2.7399911761096405,-0.3916294751585024,0.0,-0.20112435134624335,-1.9141284396991487,-0.29028247654005335,0.0,-0.22810385787038795,-4.77156322641492,-0.7432376831227646,0.0,-0.11641586208521114,-4.639770476454504,-0.7276635708494609,0.0,-0.052627266779087925,-3.547184062785575,-0.5502484950677227,0.0
0.0,0.0,0.0,0.0,0.23166084204799303,-0.17463390321814642,-0.09657609355740444,0.0,0.5311854287048098,-0.7225164896213963,-0.17781236049572421,0.0,0.66581741733175,-2.025605841504949,-0.36660467745147785,0.0,0.2590997390879688,-2.9430362156065666,-0.5459543058067615,0.0,1.1196763751486671,-2.9829057769173257,-0.2049107699629848,0.0,1.4726828778770715,-4.736669271243457,-0.41799918558261306,0.0,0.9000227836253819,-3.3218259651026134,-0.35751971203051647,0.0,0.6366844218536122,-2.663636475205224,-0.3145512775439867,0.0,0.955118021645949,-4.607254252608117,-0.34077441362145666,0.0,1.0726644571859894,-5.446945126849661,-0.44789114665409185,0.0,0.5592223179644389,-3.1217526120242316,-0.32119216778126025,0.0,0.40210810191867596,-2.461032663978266,-0.28064868767896495,0.0,0.23019403808494143,-3.4187478130547104,-0.3444433880252114,0.0,0.553249037999323,-7.1159973319053424,-0.760282334976642,0.0,0.2898402961577275,-3.6239138387854886,-0.45990998521011905,0.0,0.20264872152167457,-2.756218166045152,-0.3755044374448296,0.0,-0.19623230416476511,-1.8836499263218465,-0.28625068630224443,0.0,-0.22061306383976217,-4.729741559991938,-0.7261049576334412,0.0,-0.11031332995984501,-4.659660181525973,-0.704988057672934,0.0,-0.04593053715806191,-3.570840763213802,-0.5257303640931424,0.0
0.0,0.0,0.0,0.0,0.23199945406036965,-0.16842477102891992,-0.09880203635971334,0.0,0.5290382727237571,-0.7296393442672894,-0.1794534155779592,0.0,0.6182078614654997,-2.003058009786106,-0.3609671475682031,0.0,0.13945271105961332,-2.495024462061036,-0.4727224317262936,0.0,1.1135291024219212,-3.045446930013891,-0.18575339272249872,0.0,1.411717888319762,-4.630990083250723,-0.3691577361030476,0.0,0.8700743718646949,-3.2871885198123234,-0.3280722565893299,0.0,0.6173011991874755,-2.6536870339608276,-0.2973411515224783,0.0,0.9143077090252142,-4.738794029390494,-0.3115665404727927,0.0,0.993688031427994,-5.34713065929762,-0.3962427037758687,0.0,0.5307937059667632,-3.1062607714290915,-0.30389788506224974,0.0,0.3871387098484863,-2.4601916775035395,-0.2745610601733364,0.0,0.16788665268167177,-3.40227104675319,-0.3126873298324615,0.0,0.4428983272629221,-6.868392679157094,-0.683359442847205,0.0,0.2588627414870189,-3.594542331029977,-0.44922995969327917,0.0,0.18785576203392482,-2.751866889902394,-0.3797116828035637,0.0,-0.23179494642874482,-1.8451827396481504,-0.2633502982254011,0.0,-0.2861801999540309,-4.592823857553377,-0.6737680131265809,0.0,-0.16530831404583765,-4.621240912755752,-0.6900624587472526,0.0,-0.07725831158129437,-3.5442936990584357,-0.5284268636166476,0.0
0.0,0.0,0.0,0.0,0.22610855591456366,-0.1795747732040705,-0.10321276800387953,0.0,0.5206672411082438,-0.728720919559026,-0.19339082121462658,0.0,0.5864010671484542,-1.9737743708713353,-0.39638676812064955,0.0,0.11988639693620429,-2.5868032792131546,-0.5456993191360925,0.0,1.089657912789586,-3.0278038984942572,-0.2128040043045489,0.0,1.3960848173450158,-4.63058067322637,-0.4197920483393733,0.0,0.86235742433429,-3.2949948402847102,-0.3662713551114421,0.0,0.6087939852533754,-2.655946696647672,-0.3255437354454141,0.0,0.8876501144671743,-4.734658005816725,-0.35270292731480424,0.0,0.9831786488902863,-5.36213274197031,-0.4435968968181808,0.0,0.5254518926164718,-3.1217551396267043,-0.32867045259377975,0.0,0.3806144945628652,-2.4672404385378335,-0.2908163162951778,0.0,0.14957282632392785,-3.4278010168221367,-0.3467002954924491,0.0,0.41921644547529807,-6.879109717832565,-0.7442355665679231,0.0,0.2446745752005027,-3.6006137117209316,-0.47185744338863933,0.0,0.1769334995186702,-2.7518885967963094,-0.39102024404044766,0.0,-0.24578467419742495,-1.8590545285150712,-0.28478681167742226,0.0,-0.31237602992587205,-4.596456182743493,-0.7162793446489459,0.0,-0.19279480828842732,-4.607043807465661,-0.7150583823958374,0.0,-0.10054286439947385,-3.5548462761713164,-0.5421607306195528,0.0
0.0,0.0,0.0,0.0,0.2231553448945599,-0.15268865777589813,-0.11026368091829354,0.0,0.5257329365564859,-0.7155911295778916,-0.2087637648661825,0.0,0.5595582788371075,-1.9174447610609244,-0.42492322585502224,0.0,0.07629933525980265,-2.4153104646692647,-0.5639418526735471,0.0,1.105569537631695,-3.0704453409457613,-0.22514148209856852,0.0,1.3544948227676712,-4.503540580560508,-0.43398209237781304,0.0,0.8431332225315092,-3.243108113322833,-0.3787464598216789,0.0,0.5992022720230119,-2.636595253235324,-0.33837618320803814,0.0,0.8793495089752518,-4.763921609076319,-0.36204749960052773,0.0,0.944472591714617,-5.288438466424953,-0.46500984557982117,0.0,0.5101280713175039,-3.0863881087109055,-0.3413742916953847,0.0,0.37467879701269863,-2.458559327877924,-0.30332716898395845,0.0,0.1273665601014896,-3.410697359747689,-0.35287711358044255,0.0,0.354699002220157,-6.594410158106719,-0.7507760618656781,0.0,0.2187714969097076,-3.549354329562183,-0.4926125045436852,0.0,0.162954372088753,-2.7402794098195677,-0.414045412176643,0.0,-0.2600735227356671,-1.8568296716882688,-0.2926150233638296,0.0,-0.3588565641473112,-4.341880973049106,-0.7234270792178941,0.0,-0.25377003787746627,-4.473866212691255,-0.7610194396748837,0.0,-0.1447281136272573,-3.4870494593054793,-0.5894920327535053,0.0
0.0,0.0,0.0,0.0,0.2199178623836613,-0.1464789747940129,-0.11035956461687371,0.0,0.5204234875503335,-0.7116861875949515,-0.20786865885986847,0.0,0.5587453887058484,-1.9104270481465162,-0.42012281149065145,0.0,0.07944451385209851,-2.419029534798527,-0.55879334951752,0.0,1.0960930739477177,-3.0936553818706938,-0.23334223828268585,0.0,1.3337944423674573,-4.499898479557701,-0.4392930616773541,0.0,0.8266417414143563,-3.2300210868907224,-0.37961358164314435,0.0,0.586494164370924,-2.6284082340530195,-0.3389452221351961,0.0,0.858124815849519,-4.785342545942231,-0.37310866388743635,0.0,0.916135915093262,-5.279437442130305,-0.4725869898958018,0.0,0.4955081463425478,-3.079625692556779,-0.34522570290287896,0.0,0.3644347351509924,-2.4550074864314757,-0.30641799557559035,0.0,0.10961644969101517,-3.3922775186041023,-0.3579742828333224,0.0,0.3257760069611404,-6.603216546762658,-0.767271588892282,0.0,0.20654881896941701,-3.5480850081727873,-0.5018140181217298,0.0,0.1556743666398097,-2.738035628887521,-0.4210729592281417,0.0,-0.26965776706011463,-1.8406399478143973,-0.29459545602469644,0.0,-0.37564119763236864,-4.316271095495739,-0.7342040892801958,0.0,-0.2695612052029827,-4.475559185110169,-0.7791280837781548,0.0,-0.15510943977781966,-3.4923634490587268,-0.6045734672804337,0.0
0.0,0.0,0.0,0.0,0.21746164932432724,-0.1453972341747075,-0.11776928990316746,0.0,0.5010105635300593,-0.7196430576787582,-0.22370527333365642,0.0,0.48941823813649565,-1.9142428474585995,-0.4522435695255154,0.0,-0.01924830361272634,-2.289354265196771,-0.5698202015520293,0.0,1.0754476731174387,-3.1846521014840143,-0.24064710597413413,0.0,1.2281978117408914,-4.441065018155165,-0.431065026079278,0.0,0.7555846939696548,-3.210188627450025,-0.37344974345775367,0.0,0.5308559138450399,-2.617780383224002,-0.33274139494223376,0.0,0.8304554190098378,-5.115068943250466,-0.3768992594116292,0.0,0.8059824104416646,-5.276544825876075,-0.44182896990787235,0.0,0.43089654970297975,-3.0847295183875434,-0.3167247410985486,0.0,0.3133530402620391,-2.4626371181257265,-0.2796538383985371,0.0,0.05102242054556573,-3.59073117876811,-0.3498786769386238,0.0,0.19633885040408133,-6.69181531354275,-0.7047334511566442,0.0,0.14372273839629532,-3.6377450632753243,-0.4562636808682128,0.0,0.10969562789529022,-2.8006101578036104,-0.37966616775222223,0.0,-0.31665983300007117,-1.8929698014870828,-0.28358721466151765,0.0,-0.48431541414244816,-4.207194789968821,-0.6501480439193329,0.0,-0.39339970241020333,-4.457356722915412,-0.6881951231270016,0.0,-0.2562366610213149,-3.530815432133379,-0.5362674936931422,0.0
0.0,0.0,0.0,0.0,0.21207623535600706,-0.1477286471898281,-0.1239748909729976,0.0,0.48779171019632356,-0.7080674002299197,-0.23572913196213993,0.0,0.4692457582309653,-1.885781832995834,-0.47415264870222923,0.0,-0.02187628624547736,-2.3341711206923423,-0.6097014409206684,0.0,1.0333499347464452,-3.0673877808132985,-0.2610205206200267,0.0,1.2289131092876087,-4.405419109683195,-0.4651057569762471,0.0,0.7576331693896503,-3.1878625932675,-0.3974726411510752,0.0,0.5313125794079278,-2.598554989740794,-0.35146245347660604,0.0,0.7679274538687053,-4.891465841942313,-0.39386570869984344,0.0,0.7765676937157381,-5.185468558691628,-0.4683496700145067,0.0,0.4200880468803348,-3.063133834844728,-0.34053783764414736,0.0,0.3087948099302848,-2.451751429189942,-0.30191103209256565,0.0,0.02735150334337631,-3.46769751423054,-0.35605758573948293,0.0,0.16078541390683027,-6.6147271307705005,-0.7444528256018882,0.0,0.12774405939350855,-3.5939226847699093,-0.4876138800292746,0.0,0.1036154079681516,-2.7755378466776826,-0.409102475197379,0.0,-0.3196350816049425,-1.8657937416086405,-0.2863650669850008,0.0,-0.4872287877903653,-4.241483642857921,-0.6941493992152827,0.0,-0.3981010116689325,-4.456392730093755,-0.7418033877873691,0.0,-0.2602818620670632,-3.5126591970237544,-0.580024761651291,0.0
0.0,0.0,0.0,0.0,0.21444196349710815,-0.1444180748622545,-0.12395517784651472,0.0,0.4859507931318136,-0.7251505763806428,-0.23611786457896433,0.0,0.44501943121238974,-1.9448044498359822,-0.4790555182046206,0.0,-0.0745985419870312,-2.321556751542178,-0.5983459868058685,0.0,1.0079187691661202,-3.1574619497449197,-0.2721667048457592,0.0,1.14500999422223,-4.4069601715801365,-0.4698027201847145,0.0,0.6976040789245339,-3.192421550467554,-0.39722691728305154,0.0,0.48323293852747196,-2.6100394119999346,-0.3499989791257976,0.0,0.7176109586084328,-5.105299201226908,-0.40799899752127167,0.0,0.697205052742234,-5.25967087615012,-0.47356954340508983,0.0,0.3696944514771257,-3.0825067904787384,-0.33169470952052815,0.0,0.2669547362385627,-2.4632650391017648,-0.2886857675533507,0.0,-0.034580191473412576,-3.5707613697217053,-0.3567991814735912,0.0,0.05356449577132599,-6.562364589497763,-0.7138542045064509,0.0,0.07186212371240475,-3.6163479952989426,-0.4613922797293635,0.0,0.05916394423748769,-2.7969965841523097,-0.3821961084748881,0.0,-0.36153884854078494,-1.8777375180388227,-0.279649631507945,0.0,-0.5722020432257133,-4.139873690074415,-0.6462377227658825,0.0,-0.49939425714549984,-4.42595421998462,-0.6891372304882045,0.0,-0.35030910319111164,-3.542070864631995,-0.5404595329432506,0.0
0.0,0.0,0.0,0.0,0.21354649086293861,-0.142739953310669,-0.12459273846379564,0.0,0.47863150845456776,-0.6969439459309419,-0.23427548089533087,0.0,0.43097085284085523,-1.8268030599450442,-0.462177568065236,0.0,-0.0504617917796021,-2.2296650200086625,-0.5871694553370687,0.0,0.998459602810856,-3.072720280442667,-0.276297506069546,0.0,1.159961247392858,-4.371638420951974,-0.47877892521411153,0.0,0.7093645404367194,-3.1666450502158106,-0.4043784862055969,0.0,0.4929820688324571,-2.5900394431609226,-0.35617743506548516,0.0,0.7143206705948454,-4.944349855685576,-0.415946277827163,0.0,0.6994315970167898,-5.1083973973915215,-0.4768075101402339,0.0,0.37432542690842063,-3.0465050970880783,-0.34710290965267165,0.0,0.2708270580469305,-2.4469613245391,-0.30634196517151663,0.0,-0.02046705839657971,-3.4804435585646396,-0.365107556143802,0.0,0.0603491332361594,-6.527113535923139,-0.75131128496919,0.0,0.06558578037065724,-3.5580005615199695,-0.4929050361057569,0.0,0.05357377873823502,-2.7532327931175398,-0.412212186492207,0.0,-0.34839413049447526,-1.8432483102050536,-0.2845498757765439,0.0,-0.5562082010289996,-4.156901861577814,-0.6874208201348159,0.0,-0.4778686158864418,-4.394179692272477,-0.7398213844246622,0.0,-0.32712175506706215,-3.5078235145897283,-0.5838100481058937,0.0
0.0,0.0,0.0,0.0,0.20268635901558196,-0.15431415763637676,-0.12556091973715966,0.0,0.461669190998343,-0.7276322797380268,-0.23882885346239238,0.0,0.4081668918347903,-1.885137744480475,-0.47487588387503743,0.0,-0.08512817432037964,-2.326865764000957,-0.607846646141194,0.0,0.9785255919338794,-3.2464028590907543,-0.2584193817382348,0.0,1.08519432057352,-4.466024847615516,-0.44819982241085166,0.0,0.6577199417964432,-3.2181440730799302,-0.3846022740545334,0.0,0.45412632639546724,-2.6271248937638143,-0.34060308675128304,0.0,0.6711300631124372,-5.221395286806587,-0.37822514394305123,0.0,0.6393023800165051,-5.269341462156303,-0.43548698215178494,0.0,0.33679801348036,-3.0976507625362597,-0.31291830199435106,0.0,0.24038026845026408,-2.4746614849633337,-0.27496029203434086,0.0,-0.06784490299770285,-3.6677902176821164,-0.3331949261969147,0.0,0.008083897706741889,-6.6821484608016375,-0.6652047315387679,0.0,0.039398441885653716,-3.662584001715501,-0.4344465162648254,0.0,0.029506280083930678,-2.8271474159638186,-0.36179568182326816,0.0,-0.3853886121724332,-1.925249487522519,-0.2644887985924011,0.0,-0.6163114480847487,-4.2713791952066735,-0.6137626372850825,0.0,-0.5388990596528769,-4.491354857171947,-0.6438946936848804,0.0,-0.3808377317670255,-3.5819831263534145,-0.5027460491904775,0.0
0.0,0.0,0.0,0.0,0.20842421194777946,-0.15393859744915747,-0.12090845222453905,0.0,0.47295698766448274,-0.7276116509599838,-0.2315067104774658,0.0,0.42762742954460775,-1.8583679790363703,-0.460416230926034,0.0,-0.05826859697725015,-2.310051996073752,-0.602593886418472,0.0,0.9757673766703807,-3.140680961857601,-0.2684754337482471,0.0,1.1214702765503235,-4.437378770035414,-0.4862854986048645,0.0,0.6817305612393211,-3.2024570790561007,-0.41420755170130474,0.0,0.4708545361120918,-2.6128671536897006,-0.36524662127909807,0.0,0.680543761027388,-5.051632246788794,-0.42532087450485967,0.0,0.6404889286052837,-5.096925248871404,-0.49089167842338577,0.0,0.34649696603959673,-3.0567404718629834,-0.35643788339810434,0.0,0.25027738791727394,-2.4529150577781693,-0.31215193558672766,0.0,-0.05159211927766236,-3.547737807062585,-0.3873597364369389,0.0,0.010058696288678011,-6.57785061372314,-0.7941222292871862,0.0,0.03807143659264788,-3.5956420880577644,-0.5113821706441425,0.0,0.03111032008174851,-2.7738093288543695,-0.42109588272695136,0.0,-0.37100404022251615,-1.858167995755459,-0.3043898307810861,0.0,-0.5975686359611457,-4.115789353492884,-0.7175168993756517,0.0,-0.5280382751920338,-4.385541068991018,-0.7688944392293439,0.0,-0.3706153362008572,-3.515046318209412,-0.6026336476071683,0.0
0.0,0.0,0.0,0.0,0.20823933277367232,-0.16259057455678552,-0.11919051438379831,0.0,0.4681892708396682,-0.7452675562458789,-0.2247698148011578,0.0,0.43376047364077547,-1.9141145340292083,-0.4450381602774182,0.0,-0.053390482738463835,-2.2914608307726896,-0.5591448349898757,0.0,0.9988260677185519,-3.3236828676256285,-0.21677665842331728,0.0,1.0874692864448643,-4.493711653265705,-0.38997166398269906,0.0,0.6581778388838513,-3.2563212927121707,-0.34717475351104704,0.0,0.4512344719537802,-2.6598096068997172,-0.31354561297601646,0.0,0.7202380863088315,-5.471982444168599,-0.332829162891031,0.0,0.6356938302244528,-5.249204959808608,-0.37619093694216615,0.0,0.33556475242178735,-3.120780202903512,-0.28346215178055756,0.0,0.23805649744723262,-2.4967579772404376,-0.2538789014832813,0.0,-0.051323812755505335,-3.838572005799648,-0.30890178290091613,0.0,0.014135493897608513,-6.673482222370556,-0.6025938901509942,0.0,0.04130499111449213,-3.690622356797878,-0.4082634615348624,0.0,0.03151857973044045,-2.8465562541887715,-0.344252415610241,0.0,-0.3821912230939041,-1.9812552459563735,-0.25141765660682225,0.0,-0.6129364636131002,-4.271309164221008,-0.5754001635069428,0.0,-0.5388330494509361,-4.474351284752672,-0.6072909090821336,0.0,-0.3840397366612201,-3.5856949034978514,-0.4799016141163354,0.0
0.0,0.0,0.0,0.0,0.21180089032266022,-0.15887013160186425,-0.11534626844734548,0.0,0.4747374187643696,-0.7362824804774936,-0.21663889368871148,0.0,0.43617308434265817,-1.8612949633948621,-0.42524639055718866,0.0,-0.04467485682873398,-2.205427578576071,-0.5357821750703576,0.0,0.9911919394501003,-3.2484105505889507,-0.20733477434358233,0.0,1.1003099984210463,-4.435371878085358,-0.39129095278343,0.0,0.6739473920584546,-3.234360356781759,-0.3542942864554016,0.0,0.4667570354056543,-2.648148079238785,-0.32296675313632844,0.0,0.7047096252957017,-5.359952480734812,-0.34371056093027186,0.0,0.6130335431252703,-5.08317521460185,-0.3886654916203372,0.0,0.3323591682414267,-3.084496701746025,-0.30349881841125625,0.0,0.2389858520893265,-2.4792537518688267,-0.2745888243734134,0.0,-0.060770242445218094,-3.7321450587583573,-0.3314240055345748,0.0,-0.01639305093521506,-6.529495305159723,-0.6634308326134241,0.0,0.02500056027224731,-3.615552135736897,-0.45396426560337544,0.0,0.02301474431714558,-2.7920127087729383,-0.3831426053072162,0.0,-0.38013921132646705,-1.9236823465058528,-0.27163885581030367,0.0,-0.6146786092526116,-4.127435393926757,-0.6300783440719079,0.0,-0.5444648273031399,-4.367061639407319,-0.6807077201063108,0.0,-0.3850040546753056,-3.5260653636353054,-0.5453932242636371,0.0
0.0,0.0,0.0,0.0,0.20218855358541574,-0.15916409704204865,-0.12606136556706538,0.0,0.45316847408316424,-0.7447068488782317,-0.23822074173164853,0.0,0.41808422620003066,-1.957996253362762,-0.4749337240756975,0.0,-0.07668868897907996,-2.460875895734937,-0.6126945310782375,0.0,0.9685641149891537,-3.336397585669309,-0.24208850829993006,0.0,1.043858165971486,-4.516626449269971,-0.4179528159795752,0.0,0.6253355795847763,-3.2504607602145157,-0.3636514366502252,0.0,0.4263222370392916,-2.6514448500724193,-0.3244272910846922,0.0,0.6664791408279905,-5.482492837287265,-0.33897681603589347,0.0,0.5851955254075489,-5.265337221848398,-0.37884266862914473,0.0,0.3049178206705889,-3.128808118545478,-0.2828149994502159,0.0,0.21250781713529826,-2.5016093293220916,-0.25184540675536543,0.0,-0.08963846548988541,-3.8624110304877095,-0.2911033933527172,0.0,-0.05694022575244589,-6.759913128356732,-0.5735277196555615,0.0,0.0027769703266186945,-3.746352026820342,-0.3909434503890446,0.0,-0.00016617762451992047,-2.8806851685343475,-0.3299045386192503,0.0,-0.4047182175687778,-2.017509882842754,-0.23170162463544527,0.0,-0.6530513530153166,-4.32471750275426,-0.5264313886216887,0.0,-0.580382730000959,-4.546971959652676,-0.5582464402982406,0.0,-0.41756221806906707,-3.638974461996199,-0.4426875575778934,0.0
0.0,0.0,0.0,0.0,0.21122864267056055,-0.15634814254587823,-0.11547170186034647,0.0,0.4718074638428976,-0.7373767971348155,-0.2139877849215663,0.0,0.4318483944580536,-1.8951718502516324,-0.41890458671001507,0.0,-0.05353836584596545,-2.3294598571491467,-0.5336029825838233,0.0,0.9912707886174915,-3.2570206150649668,-0.18235907607955196,0.0,1.0806831683479188,-4.429683279890472,-0.3587368427577261,0.0,0.6596425749281576,-3.233971118279588,-0.3333465311960976,0.0,0.45396737571609935,-2.6502066368406876,-0.3074245708247432,0.0,0.7057402362579662,-5.444750018366663,-0.295772380047839,0.0,0.5925057276464863,-5.08809848074801,-0.3483246952818097,0.0,0.3176044999711801,-3.0984841741112548,-0.28325869076812626,0.0,0.2238903851975311,-2.4908855947441118,-0.2594641109754787,0.0,-0.06771860521129337,-3.8078129987865825,-0.29090429707842674,0.0,-0.04601155258536017,-6.610910643394156,-0.6118381103226309,0.0,0.008218176502123626,-3.6629286818251057,-0.42953458536075234,0.0,0.007925355458349617,-2.821817927081516,-0.364580038305908,0.0,-0.38683989052741075,-1.9640980503294487,-0.2447283896139071,0.0,-0.6284066526643447,-4.172703719247212,-0.5838981233455008,0.0,-0.5610222624311948,-4.4117674285468365,-0.6378901154568279,0.0,-0.40122364627547574,-3.5577018345900173,-0.512725273164301,0.0
0.0,0.0,0.0,0.0,0.19798549404332022,-0.16270285831953923,-0.13108240503567267,0.0,0.45059173222257193,-0.7239982323312123,-0.2522839499864659,0.0,0.40828659761986624,-1.8823929411573652,-0.507978348281992,0.0,-0.07229392583893117,-2.598112284721477,-0.711336857634623,0.0,0.9542026359796022,-3.2851382596407976,-0.2862122261710673,0.0,1.033220621694674,-4.500391420595669,-0.4910227979227157,0.0,0.6198529634203442,-3.234442844860367,-0.41704545061964565,0.0,0.4258875002808365,-2.6355224832311364,-0.3650466157750352,0.0,0.6324017059109635,-5.391753983006023,-0.40782459484611,0.0,0.5580866549625526,-5.247110249122268,-0.45442585904170435,0.0,0.2920498681570569,-3.122210622363672,-0.32529205939887135,0.0,0.20592080394964596,-2.493672016798646,-0.28275625530466564,0.0,-0.1135516316237021,-3.8025172973657666,-0.3405082081713359,0.0,-0.08086221393002233,-6.679110103300244,-0.6582824156378401,0.0,-0.007277608093423629,-3.7264124960076574,-0.4299156966034399,0.0,-0.00509264294949359,-2.870541641694197,-0.35488997704614406,0.0,-0.4162447208064634,-1.9790723688941434,-0.25975763758836407,0.0,-0.6654095211450214,-4.287995762611649,-0.5860459886056144,0.0,-0.5957937193042063,-4.55227838076318,-0.612984666265616,0.0,-0.4342839287952743,-3.657114053097751,-0.4795902433203523,0.0
0.0,0.0,0.0,0.0,0.20249643058654143,-0.16670574319133447,-0.11915499625514098,0.0,0.45866109331784705,-0.7399349571875673,-0.22651438107078747,0.0,0.41996052145884327,-1.9331104290867467,-0.4575817001858508,0.0,-0.06579513840061044,-2.7012623992044196,-0.6499148559414112,0.0,0.9405933749666759,-3.208988243208617,-0.22578458258920436,0.0,1.0570992538484107,-4.4912106371317835,-0.43376629049482957,0.0,0.6417970423028942,-3.2532278380294484,-0.38394633934518957,0.0,0.44368061279400356,-2.653543881825692,-0.34371695073269437,0.0,0.6267790742536397,-5.277495441856114,-0.35557093633245074,0.0,0.5616171737907031,-5.19011782054773,-0.42932284081707245,0.0,0.2997256782836535,-3.1181806602977185,-0.3253923387821648,0.0,0.21428204378631913,-2.4980403627058574,-0.28940215319728646,0.0,-0.10975474123538573,-3.7280871115879406,-0.3318538382773347,0.0,-0.10178061743637053,-6.601859738584482,-0.6953885537380872,0.0,-0.018436445500304113,-3.656685226530819,-0.4663414548987969,0.0,-0.008728535946526984,-2.8181330800652615,-0.38842077149167437,0.0,-0.41066832266509723,-1.9287575793298566,-0.2655811418890904,0.0,-0.6657411918339045,-4.117318039664514,-0.6354862440923308,0.0,-0.5970930278581421,-4.405297082730293,-0.6940425461770927,0.0,-0.42281690584057297,-3.562920934841476,-0.5529169470617638,0.0
0.0,0.0,0.0,0.0,0.19887353522223414,-0.16625387912479725,-0.12243695552229379,0.0,0.44504185623362214,-0.7093544460526962,-0.2329441066860114,0.0,0.48683714280400714,-1.8256603868771843,-0.46148078886372873,0.0,0.13546422305989123,-3.2090571107539194,-0.7911722779675952,0.0,0.9134240914651652,-3.2480502243681744,-0.2858983903351242,0.0,1.025833650768928,-4.584199553433318,-0.5170928725289048,0.0,0.6042747619417579,-3.267845265012417,-0.4324039314542379,0.0,0.40674288682800464,-2.655351313052643,-0.3749276670140374,0.0,0.5745203069610405,-5.1331162171260765,-0.41326687846381516,0.0,0.5312350644804136,-5.282066645126276,-0.5022706945257203,0.0,0.2747507763353257,-3.1349176068391262,-0.35128244594319363,0.0,0.1912527947511554,-2.5025033276314126,-0.30014352779444997,0.0,-0.14028128882703683,-3.6199936729049993,-0.3561904169536337,0.0,-0.12235261673846622,-6.484278345299296,-0.7277382666227026,0.0,-0.028370572297663998,-3.6681981019667673,-0.47172160956402287,0.0,-0.01630684400802983,-2.8269138689296183,-0.3817433097847151,0.0,-0.429508808380941,-1.8943242870670332,-0.272431682660631,0.0,-0.6840898424248393,-4.1010879783507,-0.6536977986475634,0.0,-0.6226237206111036,-4.385344355489536,-0.6990472662540206,0.0,-0.45038683540676355,-3.5552816189925025,-0.5473096172619482,0.0
0.0,0.0,0.0,0.0,0.20235881321830426,-0.17536593090632666,-0.11327558185906575,0.0,0.44779165724285075,-0.7260211329293421,-0.21595120473996446,0.0,0.4852848335211896,-1.8238644045717534,-0.4274476046887309,0.0,0.13425294001989616,-3.0347953266423118,-0.7116577229529785,0.0,0.9020950502942097,-3.2132939074375635,-0.2498033507568665,0.0,1.0211426289021643,-4.583966957245368,-0.4807776890025131,0.0,0.6067866032944662,-3.288100638478911,-0.4136397274396314,0.0,0.41074225000936054,-2.674063637367215,-0.3632056445513402,0.0,0.5630979308122392,-5.088748646252154,-0.396346840761387,0.0,0.5106337724813245,-5.245260411126222,-0.4893917329818857,0.0,0.2648887566567648,-3.1295991175373445,-0.34986962751200096,0.0,0.18464617810053213,-2.5051722095595523,-0.30220964220997826,0.0,-0.14505783690340954,-3.591099588939442,-0.3690746703783782,0.0,-0.15957080804494336,-6.533117216878814,-0.7644408915006968,0.0,-0.05304996281564665,-3.6325129810059105,-0.4885011306077454,0.0,-0.035385113522634445,-2.798179742899549,-0.3950293984933612,0.0,-0.42974972195258593,-1.8727289094117923,-0.29192504641474915,0.0,-0.6965618031257472,-4.092037719238727,-0.6932312940519418,0.0,-0.6271019543055387,-4.293403405692975,-0.7230724042472654,0.0,-0.4538873806149666,-3.4837592132028967,-0.5651486822637989,0.0
0.0,0.0,0.0,0.0,0.20286537604013494,-0.181343171154505,-0.12008660169361794,0.0,0.43953148012161464,-0.7129466757448727,-0.22987540513302862,0.0,0.5970148551694127,-1.784133273878929,-0.45042274830084955,0.0,0.6459673408651102,-4.33429488185634,-1.0215564410664006,0.0,0.8795177492270216,-3.4377711320022817,-0.29061992738896597,0.0,0.9896271861638876,-4.819376711896151,-0.5685561814483595,0.0,0.5686549713964129,-3.3375442041209977,-0.47184140068207936,0.0,0.37771244842678964,-2.67612975144941,-0.40400175186594695,0.0,0.4972181840482381,-5.049041513116115,-0.4115628397839359,0.0,0.47597216995860137,-5.402830375178839,-0.5537130024318067,0.0,0.24281424528569048,-3.1684549222696776,-0.3836794740378446,0.0,0.16640890543023157,-2.503405794792107,-0.32231050608319506,0.0,-0.1705023925233739,-3.431681749566491,-0.3602088107725168,0.0,-0.1913210771606463,-6.689690400181718,-0.8267205067612362,0.0,-0.07142647686344522,-3.712540357460887,-0.5120552714795041,0.0,-0.046737164995321726,-2.819147749778034,-0.3995165180083706,0.0,-0.4283123715116886,-1.7870546794271425,-0.2838641463654741,0.0,-0.6980207110090977,-3.936001006123085,-0.6953816759377017,0.0,-0.6531546826565092,-4.3098842547507115,-0.7553566091183158,0.0,-0.470401634257624,-3.5256232775264067,-0.5886161000876557,0.0
0.0,0.0,0.0,0.0,0.2043640435721923,-0.18600139114673933,-0.10891979205384605,0.0,0.44444062462331385,-0.7474821577858588,-0.20731168965521757,0.0,0.6080632141412446,-1.866810639052648,-0.40588269120029474,0.0,0.7048748258902909,-4.5846249207034235,-0.9304893467707845,0.0,0.8445850553192042,-3.341844771258143,-0.2648519580895446,0.0,1.0189508716258662,-4.912693056381226,-0.5593421447514052,0.0,0.5919082326126068,-3.369472422072213,-0.4600692218554584,0.0,0.4010984447213609,-2.693648241874349,-0.39180126743449106,0.0,0.4575433998718849,-4.887029610074525,-0.3969636812808537,0.0,0.47543393242092785,-5.411842228766151,-0.5492492641947173,0.0,0.24777871308087115,-3.1666399355214145,-0.37614366524650233,0.0,0.17411395492313794,-2.508662690466744,-0.31471774079639026,0.0,-0.18262516226621303,-3.3697367280436383,-0.36616332500704174,0.0,-0.1956798587419677,-6.550577230179006,-0.8216324111772043,0.0,-0.071482367717758,-3.6705763048413167,-0.5086868999377969,0.0,-0.044109716471892664,-2.805063743962441,-0.3970565641384672,0.0,-0.431272753251682,-1.7848081344399538,-0.29623339102268226,0.0,-0.6973254733967208,-3.9174022842696545,-0.7100283092413296,0.0,-0.6447389662638582,-4.281044908485452,-0.762027733995171,0.0,-0.4586761676262,-3.5173200513077623,-0.5918304742160883,0.0
0.0,0.0,0.0,0.0,0.1979949501905558,-0.19671840157003145,-0.1223560216691195,0.0,0.42273021115257714,-0.7616950220449488,-0.23867819802501464,0.0,0.6173274449934704,-2.0326558130477417,-0.49365719683982334,0.0,1.0501390896182607,-6.193503079211366,-1.332345642262254,0.0,0.8298662245276834,-3.51187599121046,-0.25548802099457274,0.0,0.9368904691384058,-4.917234566639479,-0.5464160077517398,0.0,0.5419214524758971,-3.4103430523336336,-0.4670391333866148,0.0,0.362128240847866,-2.7357722652958936,-0.40364302226273213,0.0,0.39959949396183675,-4.822531040146545,-0.3433445887407441,0.0,0.40194893120735314,-5.4452475871552455,-0.5303606079349964,0.0,0.20583132006218907,-3.205782085146765,-0.3762229625146754,0.0,0.14364166518663032,-2.538208284138903,-0.31731834440277806,0.0,-0.21195398414311117,-3.2197648018620164,-0.31240256387296994,0.0,-0.2733591172297484,-6.8225960858331804,-0.8450851040818443,0.0,-0.11268258863824514,-3.7292790314735824,-0.5172766484711547,0.0,-0.07315618967030299,-2.8265496495129,-0.39878399216399185,0.0,-0.4377479332436535,-1.6718209643121726,-0.25698298845722495,0.0,-0.7282538989104974,-3.7670362982754844,-0.6871357344535817,0.0,-0.7110387456344549,-4.3193909381287865,-0.7877061059291489,0.0,-0.516147386403228,-3.5731635956338903,-0.6150541304891304,0.0
0.0,0.0,0.0,0.0,0.20261953090219664,-0.20146832048210528,-0.12138227505957128,0.0,0.4353149074080787,-0.7970536576954346,-0.23211382759969723,0.0,0.6337157680294226,-2.1424472519994637,-0.4776211564130538,0.0,1.1265417293394917,-6.5084838810060015,-1.263189232692323,0.0,0.8230707980402662,-3.5376208245646916,-0.20091453293403744,0.0,0.9451415912935206,-4.960231733075026,-0.4763728264054437,0.0,0.5527137410460223,-3.44833688919496,-0.425310027277884,0.0,0.37105920766024014,-2.750184790723962,-0.37236696983746914,0.0,0.38014760111748686,-4.831479562548127,-0.26480074860007735,0.0,0.39871526407704555,-5.570881194722866,-0.46539679563315894,0.0,0.1981950746120164,-3.2634686760846106,-0.34849274343627984,0.0,0.1346572611124917,-2.5677297956480687,-0.299873785197399,0.0,-0.2222391627328796,-3.2231645707097405,-0.2552067318883031,0.0,-0.3067037221342456,-6.890017296489392,-0.752694709976989,0.0,-0.1247261334269166,-3.7865747047393143,-0.47825760304739967,0.0,-0.07751285262674397,-2.8584503732115496,-0.3729678394923777,0.0,-0.4439970438516534,-1.6957127356594546,-0.22460431008299322,0.0,-0.7403068539182868,-3.827396203957337,-0.621355839119795,0.0,-0.7085464894733492,-4.337256694597448,-0.7117732592620439,0.0,-0.5037311960927602,-3.577203701710612,-0.5586665780124265,0.0
0.0,0.0,0.0,0.0,0.20092659912152686,-0.19819092491628026,-0.12039947274779675,0.0,0.41558194720847114,-0.7668519802594118,-0.23370352773908187,0.0,0.5893185450926819,-2.0117917587733434,-0.4793509282158276,0.0,0.9760259959326134,-5.860285853843781,-1.2415904285538455,0.0,0.8317618317948654,-3.6114894642058193,-0.2399973821901114,0.0,0.8764668835218052,-4.86802409431592,-0.5174043098654555,0.0,0.5018956921019545,-3.4222575732120895,-0.4580622642322864,0.0,0.3250818139586373,-2.75775048751133,-0.40201869578644817,0.0,0.38452070698316226,-5.020742287171714,-0.33195668087682345,0.0,0.3569305720992641,-5.431892511028294,-0.5112576271150447,0.0,0.17114447552476356,-3.2239408201442936,-0.37225779860217273,0.0,0.10925850790956028,-2.5501201763585284,-0.31639824474239686,0.0,-0.23980927490884074,-3.2792929093844103,-0.30559598949788586,0.0,-0.34049322589783393,-6.931138511173261,-0.8466651351820035,0.0,-0.15461377226663672,-3.763511256930495,-0.5182137480392945,0.0,-0.10755254926183906,-2.843335100563756,-0.39918196926894967,0.0,-0.45398672763504266,-1.6751462041250766,-0.2538536339344356,0.0,-0.7632851379608092,-3.828005268112307,-0.6878190256673565,0.0,-0.7445322879933587,-4.354061038341682,-0.7829763132217454,0.0,-0.5409216780760779,-3.5848948928343765,-0.6100479246879951,0.0
0.0,0.0,0.0,0.0,0.20076802106606448,-0.20234167835176833,-0.11589179441054166,0.0,0.4178406996396851,-0.79344809195161,-0.22677584958059807,0.0,0.6060204272708228,-2.09231096415655,-0.46889031872980125,0.0,1.048857918403233,-6.179367918440246,-1.2264521911409283,0.0,0.7814196317354238,-3.530927685941675,-0.2355614711719343,0.0,0.8786297527709951,-4.93936650512342,-0.5266703636576111,0.0,0.5028911169983492,-3.4361786484322008,-0.4565601276558522,0.0,0.3289940074486721,-2.754286083132023,-0.3955491057273064,0.0,0.3313883733298695,-4.764885045241289,-0.32950107817675384,0.0,0.3404321192653658,-5.5106502595269315,-0.5311060228221764,0.0,0.1578094347890898,-3.239256325549491,-0.37696085123032,0.0,0.09641052518963905,-2.559341747932878,-0.3171063266000074,0.0,-0.250483370173937,-3.160968041257269,-0.31171303674658807,0.0,-0.3652638386918648,-6.915964192183422,-0.8610320747459733,0.0,-0.16300326285241057,-3.758528077386696,-0.5141534222089548,0.0,-0.11180889229962047,-2.83845105365117,-0.39064984281934084,0.0,-0.4562835632873082,-1.6483064745536053,-0.26346425380740834,0.0,-0.7777153861837764,-3.7866651785727616,-0.6911166112066538,0.0,-0.7508179621741973,-4.336912775389509,-0.7753001758547671,0.0,-0.5334528369412713,-3.580931318210125,-0.598133639951042,0.0
0.0,0.0,0.0,0.0,0.20085562127324572,-0.20763308887044543,-0.11406212502249914,0.0,0.4190101021050304,-0.8001064986933011,-0.21863242506425268,0.0,0.5624153269893551,-2.0533847467858997,-0.4426816008487029,0.0,0.8450840572831756,-6.205797525541136,-1.1970146973136107,0.0,0.7977449163053473,-3.6407263242435213,-0.21164938803516595,0.0,0.8107255293462399,-4.881989695613612,-0.47232347363662874,0.0,0.45825705053746457,-3.423048187879804,-0.4237739891775851,0.0,0.29397443784583616,-2.75289703348176,-0.3741964890984667,0.0,0.3353410760749972,-5.0378047589804575,-0.29926102367141316,0.0,0.29022383310744315,-5.521299091375144,-0.4808344361768192,0.0,0.13110949697335228,-3.247880563242262,-0.35634859190567547,0.0,0.07978622655574143,-2.55426067505145,-0.30477207114398014,0.0,-0.26855211397827744,-3.280772191523602,-0.2834789947339896,0.0,-0.40702635862046654,-7.006885605442711,-0.8055321150853834,0.0,-0.18803091191385685,-3.7781078879338574,-0.4992577987377297,0.0,-0.13308039119171305,-2.848099094027777,-0.3880256396074879,0.0,-0.46512156439615954,-1.669656683491474,-0.2396599007403899,0.0,-0.798452476471867,-3.870510553258004,-0.6656897824119781,0.0,-0.7880428683972365,-4.4205018677075865,-0.7671854205447731,0.0,-0.5740672777292606,-3.606520547101626,-0.5955692834402307,0.0
0.0,0.0,0.0,0.0,0.19870321969814803,-0.20374038223332527,-0.1185602328799438,0.0,0.418639338025208,-0.7856549697366392,-0.2282823064037091,0.0,0.5643939754166678,-2.0516332803153805,-0.46694768794328184,0.0,0.8565758171595664,-6.334995347475695,-1.2830303539770322,0.0,0.7972714658371357,-3.5960696412272144,-0.2199759842872638,0.0,0.8220603990859049,-4.870314837154581,-0.4880195009341233,0.0,0.46683698956060393,-3.4262183748623896,-0.43702967596467285,0.0,0.30230132921945113,-2.7556433084130436,-0.3844594369748539,0.0,0.33165359847315207,-4.988350455756448,-0.30486493545849425,0.0,0.2887715187183478,-5.481531550913818,-0.4871592864127327,0.0,0.12970835913312476,-3.244926211875726,-0.36130349535572975,0.0,0.07816214755609484,-2.5588243110180455,-0.3084537088161108,0.0,-0.2703497367966636,-3.256995178180959,-0.2842514270811031,0.0,-0.4074907736001897,-6.866014845872413,-0.7939928751282834,0.0,-0.18984316394944406,-3.755366935285667,-0.4927746233456209,0.0,-0.1320437664454222,-2.84116102770335,-0.3810010703212317,0.0,-0.466239255191489,-1.657394743972118,-0.2390254231469529,0.0,-0.8046037467867645,-3.8477128274694277,-0.6571774950547807,0.0,-0.7897898930580826,-4.418977408924576,-0.7518015994842603,0.0,-0.5693321129371997,-3.6433930404065675,-0.5844028210938564,0.0
0.0,0.0,0.0,0.0,0.20075247495060947,-0.20810331839662435,-0.11798563537095051,0.0,0.42740269576750844,-0.8080113497251278,-0.22129794666012023,0.0,0.5411423908311902,-2.107498138841481,-0.4469511566942672,0.0,0.7023412794894954,-6.408178646947256,-1.2134615202379906,0.0,0.7660197932205147,-3.5042610074651166,-0.19670108961366847,0.0,0.8178058465027352,-4.895280477253669,-0.4528013871185297,0.0,0.4562766878844063,-3.4232413104659147,-0.40640544717278776,0.0,0.28914205658835157,-2.747695040013073,-0.35888525836027074,0.0,0.3032816273858314,-4.825600100775737,-0.25793825905751183,0.0,0.29182127540884434,-5.563327175772324,-0.4429366626537888,0.0,0.12597673861974362,-3.243942877967983,-0.33541048629987097,0.0,0.07102097540013645,-2.5518018897385177,-0.29184933635682075,0.0,-0.2774841372538876,-3.270054254452481,-0.24747993139650362,0.0,-0.42371842986672614,-7.02610229285619,-0.7232408881583681,0.0,-0.19727991222160568,-3.7690666344951755,-0.4623291624709111,0.0,-0.14415942004630186,-2.8469197717735426,-0.3685189418651211,0.0,-0.47723751933959213,-1.7166555443335918,-0.21567808588572754,0.0,-0.8255071476097411,-3.981147645184632,-0.6055045468238119,0.0,-0.8011946160355247,-4.450712693590039,-0.6931150218825073,0.0,-0.5847447971529959,-3.621542572210821,-0.5453052456299992,0.0
0.0,0.0,0.0,0.0,0.19698710857637022,-0.20685237437403584,-0.11745346868893652,0.0,0.4221253763850437,-0.8062819177491646,-0.22186883537473737,0.0,0.5325216521388032,-2.1125514114411823,-0.4509775692208159,0.0,0.7247746485121724,-6.539721292715691,-1.2430762622963256,0.0,0.7415667190051899,-3.4958132621860347,-0.20409571393643564,0.0,0.8018788198117555,-4.994525509725152,-0.4804143611127516,0.0,0.449910575532014,-3.4545703597222928,-0.42451378563239195,0.0,0.2914168466562132,-2.7564466787659514,-0.37128912137173997,0.0,0.27209718706368574,-4.788163260104262,-0.2735765675944347,0.0,0.2533768135341079,-5.587591435171938,-0.4742554267615841,0.0,0.11059864892158663,-3.250860758341336,-0.35313742260162073,0.0,0.06511794258521132,-2.551884864897785,-0.30321340636618466,0.0,-0.2904765088992989,-3.2431100124482413,-0.2631378863636227,0.0,-0.4549239883758582,-6.93481782240121,-0.7625653109865004,0.0,-0.21230163675057734,-3.7433667862089384,-0.48078163503184684,0.0,-0.1511011604309895,-2.8300537070657454,-0.3777056981497885,0.0,-0.4799232511499357,-1.704198358399005,-0.22757101902240037,0.0,-0.8422866208636532,-3.986065750582204,-0.6400260837362997,0.0,-0.8097105566379216,-4.45335474955377,-0.7247109858938856,0.0,-0.5816956864548956,-3.6210523247996087,-0.5635326683190676,0.0
0.0,0.0,0.0,0.0,0.19280296628937105,-0.20476909880712352,-0.12489331046772092,0.0,0.41400868050529377,-0.8008007137257428,-0.23917753787547294,0.0,0.5071163752839168,-2.1549077137402297,-0.4959245403296798,0.0,0.4583577599291464,-6.133840127241607,-1.290493139478738,0.0,0.7192390177004262,-3.391105317611205,-0.2454519696768592,0.0,0.8319604148241883,-4.976705978542748,-0.5268859555522798,0.0,0.4650658903334684,-3.4420902203666115,-0.4486603652380756,0.0,0.29773094649148635,-2.74357701365563,-0.38730707662114855,0.0,0.26439612110209465,-4.784786722900945,-0.3157011903862993,0.0,0.27462865455551433,-5.526429399924307,-0.495048009405979,0.0,0.12369349975850863,-3.234753168061928,-0.35960520030723286,0.0,0.07309389342896365,-2.5424311222155622,-0.3065968748486959,0.0,-0.2984602580599776,-3.3086840852291797,-0.2820601515043041,0.0,-0.42544363308111477,-6.82026750413649,-0.7529252124646882,0.0,-0.19983359961339503,-3.7380546226563167,-0.4813382157555479,0.0,-0.14525314765337718,-2.837388529480379,-0.38222974586298064,0.0,-0.48790538454932186,-1.7707017807584997,-0.23401110318685012,0.0,-0.8475918208705384,-4.113505228548406,-0.6472485287856289,0.0,-0.8054098413900732,-4.533477292517702,-0.7273584819626536,0.0,-0.576527143428153,-3.6488340075265375,-0.5654300121072112,0.0
0.0,0.0,0.0,0.0,0.19440219485355273,-0.19918892853916728,-0.13238306064245858,0.0,0.4263924109583294,-0.7871308103603273,-0.25064291623039214,0.0,0.5258425695891109,-2.133362684891865,-0.5177499218225454,0.0,0.4973756076794016,-6.1733275822382225,-1.3597881112004635,0.0,0.7366259822825036,-3.337098772516516,-0.24157490627474448,0.0,0.8481265169090956,-4.930997672863888,-0.5253407570088187,0.0,0.47237538409426394,-3.4202689953329393,-0.4521811795668317,0.0,0.3020797356124164,-2.72026641363798,-0.39110261910664373,0.0,0.28339132717026183,-4.688136874023649,-0.30207127055767147,0.0,0.27824859228791476,-5.523190735848599,-0.490832920130167,0.0,0.12385254559717554,-3.2308220146520585,-0.3655174891662346,0.0,0.07490962858549599,-2.5367292989987207,-0.31561346371877264,0.0,-0.2813860690137484,-3.252471872011514,-0.27050392807663853,0.0,-0.42301111190908425,-6.85971739462712,-0.7568997824648125,0.0,-0.19422783443514202,-3.745341263950027,-0.4913186147607573,0.0,-0.13481712077111196,-2.841489456294393,-0.39400015315244746,0.0,-0.47959237328252696,-1.7467131262476427,-0.22809592442560828,0.0,-0.8399189602856107,-4.039187897902886,-0.6378570636137327,0.0,-0.7980056173035077,-4.437464683548053,-0.7238609418463084,0.0,-0.5723841106073608,-3.6086331720458693,-0.573608407050718,0.0
0.0,0.0,0.0,0.0,0.1965506167901445,-0.19836184224504852,-0.12946297292211034,0.0,0.41545747764816776,-0.8047099044871627,-0.2476204744444328,0.0,0.4777277663825118,-2.19547897605951,-0.5142202322067311,0.0,0.2750851419909058,-5.6929470780948055,-1.2229029801294833,0.0,0.750709369909379,-3.356246184382304,-0.25326909711709256,0.0,0.8588308734853509,-4.853186493713997,-0.5102937558757346,0.0,0.47998374247875575,-3.413820464458912,-0.43854664595937337,0.0,0.30084294811888695,-2.7342189855803025,-0.3806893939151789,0.0,0.2973328343781566,-4.895077055065152,-0.31475296723689006,0.0,0.29553382347942775,-5.479057239866269,-0.46319645458651787,0.0,0.133579990475854,-3.225555306632913,-0.3384562135950088,0.0,0.07841556290702424,-2.546836636945385,-0.29123582976169843,0.0,-0.292780356477049,-3.3741246463411927,-0.26488623360642927,0.0,-0.395027422227948,-6.698055536285543,-0.6735897079542227,0.0,-0.18596514167014405,-3.739458866147263,-0.44424443954892984,0.0,-0.13801849828990742,-2.8582276983522847,-0.35943699076541485,0.0,-0.48391387630518806,-1.8061217044884215,-0.21543482100259456,0.0,-0.8375246932693932,-4.162278035746533,-0.5946065689605838,0.0,-0.7975483978457959,-4.605719679304968,-0.6740092181406506,0.0,-0.57240728730957,-3.7093998331157074,-0.5282573656819679,0.0
0.0,0.0,0.0,0.0,0.19648641645033765,-0.20408054154226618,-0.12353930681802655,0.0,0.4158712937096731,-0.8002968865217497,-0.23461778238539935,0.0,0.47518817071258723,-2.145555932331973,-0.48521760506972716,0.0,0.28593546287570026,-5.649122499947084,-1.180430524195306,0.0,0.7435817066653295,-3.2879917095887436,-0.227081892760272,0.0,0.8572532533402826,-4.829823881630746,-0.49141087043661685,0.0,0.4837196026538683,-3.425086862337498,-0.4348099743221602,0.0,0.3024586131613887,-2.7358662916552907,-0.3798022144553767,0.0,0.305917220381618,-4.801524658655672,-0.3090725639867457,0.0,0.29021624810858426,-5.488488039964192,-0.47362249136534346,0.0,0.12720109073745897,-3.2268678899690433,-0.3510290120368546,0.0,0.0712281951506842,-2.5434205401366037,-0.30434136467580325,0.0,-0.2829602824605724,-3.356696590169954,-0.2857027781711159,0.0,-0.41538862500938967,-6.722032630463184,-0.7277313842722781,0.0,-0.19630140029101442,-3.7093680481028546,-0.47364638787065744,0.0,-0.14407032235864894,-2.8304895915889734,-0.3822796834370031,0.0,-0.482119396121417,-1.7850072879640928,-0.23936890740198322,0.0,-0.847617552910269,-4.090145922969407,-0.6477081839310592,0.0,-0.7985716145633289,-4.443687219295186,-0.7191801462082831,0.0,-0.5769268430359082,-3.5971067847286013,-0.5660366195130454,0.0
0.0,0.0,0.0,0.0,0.1936996017132153,-0.20380324671934572,-0.13440906436256866,0.0,0.40800225627068143,-0.8014767844319963,-0.2564613698780783,0.0,0.44123347903485505,-2.299154577448875,-0.5520125132134973,0.0,0.14874542868410087,-6.3945460224856285,-1.3753595100270128,0.0,0.7745974302006284,-3.265449361367774,-0.21254655847677237,0.0,0.8585281389102953,-4.793746412694987,-0.4499880907115727,0.0,0.48364204558723656,-3.4019842273348937,-0.3988513712143188,0.0,0.3075210721593537,-2.7304283567484955,-0.3507246773226597,0.0,0.345020687002979,-4.853270589750667,-0.2474631390507821,0.0,0.30597136964513166,-5.450377394641131,-0.3869047912262012,0.0,0.1410456428135375,-3.230362533550748,-0.2962642132005086,0.0,0.08575439751776902,-2.561225229046549,-0.26159608222799907,0.0,-0.2610694162485385,-3.4351411459031183,-0.21369474893195003,0.0,-0.3921890630381252,-6.866495700758547,-0.5996380049870899,0.0,-0.18123079079867205,-3.821756538802773,-0.40519366230356496,0.0,-0.1335678363715412,-2.914558272331085,-0.33068662542768484,0.0,-0.47586898522491705,-1.8497856645522777,-0.18168905314339995,0.0,-0.8303829348808105,-4.219846690049885,-0.5360213912026733,0.0,-0.7956854265496519,-4.650235271697242,-0.6142739794347188,0.0,-0.5813381928244833,-3.747287136358315,-0.48395692256921813,0.0
0.0,0.0,0.0,0.0,0.1942948049560294,-0.20948692403155952,-0.12297621495094348,0.0,0.41690341278960935,-0.8358847010674045,-0.23084259066839763,0.0,0.43643014159821136,-2.3729566149732118,-0.49367024699285644,0.0,0.07650840906168786,-6.347301154461446,-1.197097942350516,0.0,0.7663553070388105,-3.2411136797845326,-0.1772297541555774,0.0,0.8605273682145198,-4.76328055439437,-0.40506840503599967,0.0,0.49147491165959184,-3.4106938815723544,-0.37183594477856974,0.0,0.31177359275947153,-2.7395291038974063,-0.3322514944448974,0.0,0.34036110978245004,-4.821420653300508,-0.23107641262890738,0.0,0.3008993594035704,-5.492818195373921,-0.38052870398528654,0.0,0.13529484324504623,-3.243301074714582,-0.2963169156224865,0.0,0.07862355409155974,-2.5694313231612163,-0.2643887107458684,0.0,-0.2600751046496259,-3.4194952752718626,-0.22483619790580783,0.0,-0.4100541807588442,-6.895377218592284,-0.629983215192523,0.0,-0.18683971936497415,-3.81032968948778,-0.4248487553206561,0.0,-0.13651387033837695,-2.9094106029872324,-0.3484129351410559,0.0,-0.47343487327141626,-1.83485998587343,-0.20021227463223956,0.0,-0.8373201628848327,-4.194081580628319,-0.5791164277438257,0.0,-0.7910053279478036,-4.558510614601638,-0.6557381042025293,0.0,-0.5718693479727188,-3.6582324948747273,-0.5165232555543424,0.0
0.0,0.0,0.0,0.0,0.19000725040563698,-0.2009277857018344,-0.13531748739817884,0.0,0.4067860913513071,-0.7908572928665264,-0.2614519942494002,0.0,0.37670171557192844,-2.213358825474078,-0.5621896977881008,0.0,-0.07100508170862468,-5.184925036188598,-1.2085030395011183,0.0,0.7918951427005281,-3.1791601581332993,-0.23423845439018218,0.0,0.8837682167152962,-4.652582994464105,-0.48048148451393946,0.0,0.5094898291399532,-3.3453637378658443,-0.4243660203881662,0.0,0.3302992955662363,-2.6929855694645437,-0.3726694299344401,0.0,0.3855966107765153,-4.773707861440315,-0.29790826992513897,0.0,0.3286482798188044,-5.382404509725174,-0.4474289407511503,0.0,0.15267412787351847,-3.205131286188149,-0.33634106780881134,0.0,0.0943010120530401,-2.539633102573015,-0.29419147206073204,0.0,-0.2285817793659363,-3.4366276989512397,-0.26615222417777484,0.0,-0.3654745306386948,-6.853913725035008,-0.7031691697180313,0.0,-0.16249463117161767,-3.7884274262685196,-0.4634443209377119,0.0,-0.11891676554084867,-2.8785766870373615,-0.37399160628842226,0.0,-0.45727696076366653,-1.8555784408222715,-0.2210415386740972,0.0,-0.8077516991715319,-4.2722996847143975,-0.6329829826745799,0.0,-0.7701904051688935,-4.668923829579453,-0.7174884401851631,0.0,-0.5575639961774821,-3.6879463981550082,-0.5546851603795919,0.0
0.0,0.0,0.0,0.0,0.1905396157178121,-0.1987847339473555,-0.13777184024459213,0.0,0.40423861898011576,-0.7829631443838395,-0.26352957611143374,0.0,0.372691882833485,-2.217038574708948,-0.565942514253583,0.0,-0.055642184196603134,-5.3538868933837795,-1.2411627999053731,0.0,0.782004616464975,-3.1101607268904754,-0.23214170952657437,0.0,0.8931325308509879,-4.647290343595126,-0.4823955676112377,0.0,0.5134351014635733,-3.3338859336791633,-0.42337671026582147,0.0,0.33373899347751323,-2.680956974020488,-0.36983416604481395,0.0,0.37354140716160206,-4.634342118154425,-0.28385142397000357,0.0,0.33353715163851727,-5.411487915787596,-0.44278983463288396,0.0,0.15238758502496338,-3.194491568413573,-0.3303932445844965,0.0,0.09470592708595778,-2.531856976946582,-0.2890655798115368,0.0,-0.22982090953887105,-3.3722578103436582,-0.2514843524029813,0.0,-0.3734113176743883,-6.875490147872837,-0.689542776957213,0.0,-0.16762565394146853,-3.7693949238170146,-0.4530832357653585,0.0,-0.12315524783105354,-2.870425883817542,-0.36705416868391805,0.0,-0.4593807021357608,-1.8423904041524175,-0.21075983538505003,0.0,-0.8118821632187182,-4.268066307542261,-0.6126421447751335,0.0,-0.7687312353701564,-4.642366726377881,-0.6922041074368775,0.0,-0.5551397128040115,-3.68050395758199,-0.5379707885002815,0.0
0.0,0.0,0.0,0.0,0.18857052588165002,-0.19691307504513877,-0.1389734890262353,0.0,0.39828908437870403,-0.7917545724172618,-0.2687817695641062,0.0,0.34262732935289436,-2.2681825888448497,-0.5842903507679268,0.0,-0.15485183984583986,-5.270828672651874,-1.2305672147465743,0.0,0.7844729313488927,-3.021711956862666,-0.23383515238838007,0.0,0.9018886971984268,-4.565726327139232,-0.4851809385971183,0.0,0.5130194617547168,-3.3076610633316834,-0.42453890166060954,0.0,0.32776711157046146,-2.674721926335259,-0.3713817256823816,0.0,0.39257984332274654,-4.525675218596331,-0.287482363849342,0.0,0.3433967025998514,-5.369303436242933,-0.4509584931380741,0.0,0.1527802796743844,-3.1811973342590005,-0.33245686734769286,0.0,0.09323854461676657,-2.529978035964107,-0.28913598733262835,0.0,-0.20984968074076243,-3.3670485389577873,-0.2575107170497662,0.0,-0.35156812792360564,-6.881921392495802,-0.702245916047657,0.0,-0.16435321758322116,-3.762475283254689,-0.45367521025824753,0.0,-0.12632814596737177,-2.86980269678563,-0.3650396386022663,0.0,-0.44936604212115594,-1.8580822492614426,-0.2148745944559102,0.0,-0.803739770020413,-4.291857748562312,-0.6268128420279089,0.0,-0.7759811097617059,-4.668555862024731,-0.7043072479146305,0.0,-0.5690083770584204,-3.6804590558994517,-0.5404054230335037,0.0
0.0,0.0,0.0,0.0,0.19154429713860094,-0.2051973063418584,-0.1357763868158654,0.0,0.40156953841470633,-0.8100069028832979,-0.26332781589143883,0.0,0.3315983854075754,-2.2969766071621964,-0.5740039757889582,0.0,-0.1691380649296064,-5.193325706479424,-1.192383425910639,0.0,0.7633422956218688,-3.0208648985031403,-0.2397037453733941,0.0,0.8953408857860359,-4.610602133603018,-0.5036130078100073,0.0,0.514955242925592,-3.323449619873065,-0.43670545472645506,0.0,0.3333295114409772,-2.6776715874905896,-0.37841173561182784,0.0,0.3582328795524136,-4.5033289019419245,-0.3056725940561228,0.0,0.320356554589462,-5.399640137734311,-0.4721892350449973,0.0,0.14270722492007817,-3.1803661467255524,-0.3394312275623545,0.0,0.08779065934398649,-2.5246088396094595,-0.2917220031475638,0.0,-0.2293249372621784,-3.320045928180663,-0.27712640020758417,0.0,-0.38160959174621095,-6.899362567777627,-0.7392082610865739,0.0,-0.17779956666830093,-3.737848006818578,-0.46435959406446947,0.0,-0.13552174678930848,-2.8505299042201124,-0.36960971610728527,0.0,-0.4539398620630754,-1.824583145921336,-0.2309158934238321,0.0,-0.8189570373915652,-4.297068323429392,-0.6569179760408915,0.0,-0.7843556602983781,-4.646592894149744,-0.721170414004375,0.0,-0.5741686464123856,-3.650894405977729,-0.5466145857503054,0.0
0.0,0.0,0.0,0.0,0.18467555544822062,-0.1897173599217834,-0.14720225467748285,0.0,0.388897366591737,-0.7606911136121352,-0.28650687552552606,0.0,0.33687642865813444,-2.166277420836585,-0.6193066926395334,0.0,-0.16367906217185393,-4.920957678714422,-1.2854856330032876,0.0,0.7610685403825082,-3.0144779265036066,-0.28676504009577636,0.0,0.874037213778148,-4.595430154998676,-0.5619177692558935,0.0,0.48926120238649196,-3.303157008761485,-0.47379593021992517,0.0,0.3091972733630874,-2.662114902259505,-0.40663839137047686,0.0,0.36234377634035503,-4.523359055819991,-0.3513628051276833,0.0,0.3097114230903474,-5.328941959190621,-0.5112237614536932,0.0,0.1342465616803328,-3.1602492546413345,-0.3632252947624242,0.0,0.07943416009625624,-2.516793289332321,-0.31151871390498737,0.0,-0.2305681191003577,-3.3492417736776465,-0.29735915245066774,0.0,-0.38696613614314074,-6.789266171903958,-0.7623270168463159,0.0,-0.18410203239506379,-3.718753679172016,-0.48320237801740595,0.0,-0.1421483719503234,-2.8440780610758107,-0.38671167754648916,0.0,-0.45746209593168263,-1.8416089103418651,-0.23555102648094733,0.0,-0.8280804697905905,-4.310052643672445,-0.6771437752272049,0.0,-0.8010450236851987,-4.656300184150886,-0.7511323602298063,0.0,-0.5935933903843065,-3.649093328238347,-0.5719917184327715,0.0
0.0,0.0,0.0,0.0,0.1874899054158236,-0.19491157813359414,-0.14696766946219003,0.0,0.396357635510971,-0.7754406469978556,-0.2874906415238482,0.0,0.3294840795920041,-2.2033843096027765,-0.6253890196726334,0.0,-0.17822895828924484,-4.960461333862416,-1.2956194228953943,0.0,0.755819028813278,-3.011427935432803,-0.3009044960674997,0.0,0.8724428150843571,-4.5710134313047694,-0.5788244697227811,0.0,0.49448760053297136,-3.303368440949106,-0.48690867057061354,0.0,0.31420859111665667,-2.6626766773610733,-0.4158966535588932,0.0,0.34573552265609364,-4.492558547464136,-0.37555349558362006,0.0,0.3024982502174153,-5.321170656293394,-0.5338232333173721,0.0,0.12988900516293542,-3.1569610325459156,-0.37395796045203233,0.0,0.07476131215186699,-2.512228304078715,-0.3182701005597142,0.0,-0.23866573886846199,-3.288198744435833,-0.31595111527049563,0.0,-0.41536994806882666,-6.816598237825906,-0.7997850403087132,0.0,-0.19843386027417634,-3.716727445203393,-0.49732482682001533,0.0,-0.15168094937477247,-2.8346256576618964,-0.39432509366494967,0.0,-0.45899658697988727,-1.7961575560766925,-0.24766418075376925,0.0,-0.8374823912199001,-4.228839464662801,-0.6912417919193184,0.0,-0.8094285494909341,-4.610659528182483,-0.7642891004401766,0.0,-0.5898055541516971,-3.621305346937084,-0.5789777101175609,0.0
0.0,0.0,0.0,0.0,0.18583286205980887,-0.19595959251235645,-0.14609280493557866,0.0,0.3893157438688214,-0.7885933067999634,-0.28447214743450944,0.0,0.31714473498249424,-2.271964769375374,-0.621041314235968,0.0,-0.21512688538013378,-5.177300882816138,-1.289225399821233,0.0,0.7509584818995837,-3.02796302474333,-0.28315173454639014,0.0,0.8512698543274301,-4.5930725706352105,-0.5494869783593898,0.0,0.47700933657297506,-3.3134251610785186,-0.46433555359197154,0.0,0.30117585424119087,-2.6730366753912476,-0.3980603604022126,0.0,0.339556272709616,-4.538674820013879,-0.3446879446226108,0.0,0.28678948914411856,-5.342919491930284,-0.49436740516175603,0.0,0.1184929799529729,-3.1712405878805465,-0.34918779087696733,0.0,0.06605556809917208,-2.5271628252371268,-0.29838176228545477,0.0,-0.2476012091412203,-3.322852366036845,-0.28784553563196597,0.0,-0.43469679492991464,-6.883158690003496,-0.7449853866760436,0.0,-0.20904765514108414,-3.7370789361109336,-0.4645429042901467,0.0,-0.1602056225146336,-2.8509280859809376,-0.3693280995355828,0.0,-0.46467856528096246,-1.817923101256705,-0.22781872940523426,0.0,-0.8499470224495415,-4.283334201499803,-0.6457941753625545,0.0,-0.8273164649425342,-4.680793912891444,-0.7149916891170244,0.0,-0.6067532592242902,-3.6761102784029243,-0.541429982221241,0.0
0.0,0.0,0.0,0.0,0.19062824841833698,-0.20034430015458077,-0.1447897813471127,0.0,0.3945982792727815,-0.7902683721910921,-0.2824080403136448,0.0,0.31408658251462246,-2.2472304987844822,-0.6151943117704601,0.0,-0.21292706563139643,-4.969539079775374,-1.250090458802962,0.0,0.7620041781565938,-3.027019424852709,-0.27557609318162385,0.0,0.8675350604365151,-4.553768172962288,-0.5396681951387794,0.0,0.493815210769373,-3.309065831815044,-0.4633179567176023,0.0,0.3144735835583553,-2.672376046376956,-0.3999827446603473,0.0,0.3538526978565772,-4.541573897531059,-0.3429083571439631,0.0,0.2961445320429752,-5.296347011969758,-0.49229558066019746,0.0,0.12486137676491886,-3.162732720161129,-0.3537282569494531,0.0,0.07029799340500438,-2.5192202236425043,-0.3040768963033724,0.0,-0.2386980346196048,-3.3093502087794455,-0.2922547853108826,0.0,-0.42016720951804726,-6.877228595551453,-0.7632741699139196,0.0,-0.203373711716684,-3.7255891250969855,-0.47945035458343255,0.0,-0.15733783785263708,-2.8357636608891643,-0.38209344858967725,0.0,-0.4582358862204702,-1.8011541451365782,-0.23331266408282142,0.0,-0.8359838834588081,-4.24196449499959,-0.6651313199858806,0.0,-0.8166292430368893,-4.646800296462205,-0.7445744853988184,0.0,-0.5981195330905321,-3.6392264631051123,-0.5653350113377258,0.0
0.0,0.0,0.0,0.0,0.188749147662878,-0.19662286812987964,-0.14545796001832217,0.0,0.39098909431511086,-0.8038557665361958,-0.2822731888991885,0.0,0.30277693291362845,-2.2789244083653886,-0.6079002131294512,0.0,-0.24042408217646255,-5.032474920300571,-1.2215527352888385,0.0,0.7484536727650604,-3.0229382728787346,-0.2779193818249355,0.0,0.8566990137909138,-4.580486159517761,-0.5393521212059663,0.0,0.48407510841641166,-3.31691776146821,-0.45860491315433216,0.0,0.3039486113041109,-2.6772901677641534,-0.39476048363066196,0.0,0.3342496232157635,-4.511584014263817,-0.3364791837400915,0.0,0.2835802890484988,-5.327216920750424,-0.48495848468994507,0.0,0.11847967561079523,-3.163561427999504,-0.34600781896593286,0.0,0.06477200650587135,-2.5218447138231577,-0.29777662375593167,0.0,-0.24879326048155756,-3.3056672576419786,-0.28238987539941157,0.0,-0.4341652919479701,-6.880501681186577,-0.7429516347091414,0.0,-0.20698532584357732,-3.7339606200680335,-0.4728583216054482,0.0,-0.16022039633506435,-2.843990884750002,-0.3790352448486226,0.0,-0.4660888966615601,-1.8177287597775817,-0.22492845031162584,0.0,-0.8533953541360844,-4.284271682308677,-0.6504647578360002,0.0,-0.8282281792693773,-4.648351207423221,-0.7297623244903927,0.0,-0.6089161073563825,-3.6412648649676416,-0.5583813598805144,0.0
0.0,0.0,0.0,0.0,0.188596451263485,-0.19724289390617034,-0.1431051530080202,0.0,0.38842281193264744,-0.8050252328430038,-0.2786092488785863,0.0,0.30059230087270167,-2.30186340966741,-0.6059344800010018,0.0,-0.25349458490088217,-5.002657406856294,-1.2046226821497739,0.0,0.7568666493744156,-3.0021830653782122,-0.2592695513850986,0.0,0.8771180978458364,-4.5835816065487,-0.5230045632765329,0.0,0.5010262160673252,-3.3334722734639084,-0.4540783008164394,0.0,0.3161354413212272,-2.6903162487288528,-0.3940527920955451,0.0,0.358902322680094,-4.528521989656448,-0.31957305097297706,0.0,0.30733498252081465,-5.346970407274074,-0.4749377341580131,0.0,0.13017412025645206,-3.1754263851576643,-0.3449271868602401,0.0,0.07177366029247936,-2.5308040791104767,-0.2991877878604326,0.0,-0.2355193320243129,-3.3625537210961856,-0.2781702131302113,0.0,-0.4186677896594584,-6.921788564509685,-0.7357488404975909,0.0,-0.1996702551405247,-3.7327011310112375,-0.47004607857397934,0.0,-0.1557255264346592,-2.841545210885536,-0.37871709059955994,0.0,-0.464713043435897,-1.8519742781669626,-0.22582870162148153,0.0,-0.8493630282162266,-4.332839546128793,-0.6489293256401096,0.0,-0.8112892707722766,-4.615469736283041,-0.7171967887977215,0.0,-0.5974733841307518,-3.62364552405893,-0.5521374783304366,0.0
0.0,0.0,0.0,0.0,0.19404058993701884,-0.19713652153431757,-0.14157081151559262,0.0,0.3969709328518216,-0.8044532309197423,-0.2746228928120775,0.0,0.3030478893301109,-2.254844502307713,-0.5900117667346735,0.0,-0.23289656731839378,-4.78910914802968,-1.1526022349544356,0.0,0.7669230309701074,-2.9859652854317287,-0.2563570590985953,0.0,0.8867181391044983,-4.5415803406110244,-0.5143020098545344,0.0,0.510697882666459,-3.308928390748058,-0.4482494701943575,0.0,0.3280031044569985,-2.6750326083419314,-0.3902329905262106,0.0,0.3687499496452891,-4.470375342879534,-0.3167984403957074,0.0,0.3143632621915555,-5.329444944704306,-0.470793162285665,0.0,0.13219455928860113,-3.164666325236401,-0.34690345058649047,0.0,0.0747884662317416,-2.5174214828881207,-0.3025958182283567,0.0,-0.22435721468267106,-3.3099012172148514,-0.2759548794609815,0.0,-0.41328143067502193,-6.880882240016823,-0.7274343375359222,0.0,-0.20006208252553392,-3.7074319914624048,-0.4708721712890627,0.0,-0.1558010503040794,-2.8251177202290765,-0.38306728357419134,0.0,-0.45372089740099025,-1.8210051256881894,-0.2241517470381231,0.0,-0.835524116484749,-4.290754567152777,-0.6384624049185432,0.0,-0.7998263972340415,-4.6067013821485965,-0.7134528196810415,0.0,-0.5846608260647441,-3.610502475392948,-0.5509847160379757,0.0
0.0,0.0,0.0,0.0,0.18938734188847817,-0.19881212646977733,-0.1433127666967876,0.0,0.3911481147985181,-0.8102902741098087,-0.2800676821606151,0.0,0.29804308605769636,-2.3002223913673534,-0.6079554630807577,0.0,-0.25933265051653404,-4.950253605598918,-1.1973542826500385,0.0,0.7697654520914226,-3.0106005257136554,-0.26470858495927424,0.0,0.8825706020558343,-4.561570865695193,-0.5259734602003509,0.0,0.503153036980745,-3.3145730335566617,-0.45350762725206406,0.0,0.3190417605393943,-2.6781767849720373,-0.3931595120304856,0.0,0.37284093149241454,-4.518617812471853,-0.32530393169504235,0.0,0.31193368793549414,-5.327872647212764,-0.47976792287921916,0.0,0.13421044097341486,-3.1680378472101296,-0.34776467657334403,0.0,0.07765513442758365,-2.5248484506638653,-0.3011039326209065,0.0,-0.22194338471244776,-3.323484986996543,-0.27926266759059964,0.0,-0.4059784887383579,-6.9224220486171575,-0.7477443782856031,0.0,-0.19470013483266596,-3.737824833151719,-0.478352151698606,0.0,-0.15207846404776243,-2.845498157741217,-0.38489967819639065,0.0,-0.44995728813509095,-1.8270389654791541,-0.22497376935355087,0.0,-0.8298543011670749,-4.349861808224038,-0.6599437331629621,0.0,-0.800790331494231,-4.687564558433429,-0.739878708433994,0.0,-0.5872398085935068,-3.6490268416924305,-0.5650728135630516,0.0
0.0,0.0,0.0,0.0,0.18930674219538451,-0.1918308932853932,-0.14722509020115235,0.0,0.38752342930604744,-0.7847972939846141,-0.284979079444085,0.0,0.2836624697758316,-2.1488880647969775,-0.5983731695111832,0.0,-0.24421965228991319,-4.3620648804604905,-1.1144483772427718,0.0,0.766892832192448,-3.0270463267872425,-0.2792893637094849,0.0,0.8696809376887473,-4.5137400995392865,-0.5299051741875722,0.0,0.5012948190902247,-3.2790780719824792,-0.45338770726075894,0.0,0.3229216661659349,-2.6541548953976872,-0.3916641331978013,0.0,0.3612938716991282,-4.510864247047965,-0.33356518502488347,0.0,0.3056096634548044,-5.316577537033107,-0.47761844359492756,0.0,0.1282373121191366,-3.1558026516463493,-0.34591027730396007,0.0,0.07130774604496769,-2.5133714600306876,-0.30010526468030124,0.0,-0.22883722605681675,-3.3164772142613406,-0.2778165909663113,0.0,-0.4093646265190178,-6.939095820938451,-0.7314688374360111,0.0,-0.19767879006822667,-3.7268622041545405,-0.46740536566862567,0.0,-0.15774264545286035,-2.839687155319071,-0.3782916199699827,0.0,-0.4568313400629989,-1.8329061251980296,-0.2215785639207081,0.0,-0.8441019472262947,-4.365052294149424,-0.6376232184562391,0.0,-0.8017639354149942,-4.624122436981093,-0.6998111299914425,0.0,-0.5911365010965208,-3.5976994100090893,-0.5349138500454232,0.0
0.0,0.0,0.0,0.0,0.18883455703874374,-0.19061841280200417,-0.14900491689329723,0.0,0.38955877057724025,-0.7851305772065383,-0.2885647493542412,0.0,0.29366511913755655,-2.173193989303631,-0.6088937215103305,0.0,-0.23471150819749334,-4.4899918746805545,-1.1495329910411929,0.0,0.7688354728406769,-3.0338890844568125,-0.2774151372373079,0.0,0.875878242298125,-4.551688054952029,-0.5330133051607802,0.0,0.5016787836958684,-3.300341910644563,-0.45610530643095604,0.0,0.3216532551301636,-2.667098894139663,-0.39405090642041407,0.0,0.36563458608932253,-4.530665482196357,-0.3274697693076222,0.0,0.30138350615789994,-5.306066498312786,-0.47122235691163733,0.0,0.12937627989843795,-3.159963151174373,-0.343236314630551,0.0,0.07467054933005246,-2.519703139267534,-0.2981071041854579,0.0,-0.22497259621997728,-3.3318774069028114,-0.27173493213677796,0.0,-0.40634182371120925,-6.891167483576751,-0.7215184501084271,0.0,-0.19560755378223257,-3.727826133242107,-0.46680238290951176,0.0,-0.15433794945866827,-2.840191489602822,-0.37769128563908644,0.0,-0.4534861574100378,-1.8484835127484913,-0.2175264399949711,0.0,-0.8419943893676594,-4.390430510477391,-0.6371294244498953,0.0,-0.8005595929757302,-4.62800446247927,-0.7006426304885685,0.0,-0.5927504421651445,-3.600179725120524,-0.5363247647171374,0.0
0.0,0.0,0.0,0.0,0.18758776622364506,-0.17827721338906333,-0.15923208962621235,0.0,0.386874254578528,-0.7506420163547863,-0.30990420480590153,0.0,0.31718184591660187,-2.097937947504782,-0.6536896660903061,0.0,-0.1875108512030515,-4.433645100748687,-1.259125682643726,0.0,0.779679392977613,-3.0230135822743542,-0.32693931137021137,0.0,0.8925438306530031,-4.530466361604323,-0.5979425595871143,0.0,0.5109512118402468,-3.2796293235242304,-0.4997108956775762,0.0,0.32840210401557907,-2.650149626158249,-0.4273383107324934,0.0,0.382138305287599,-4.486010360400166,-0.38010849885433434,0.0,0.32465337865416816,-5.263922071749189,-0.5274500727186441,0.0,0.1405784433467728,-3.138718955149676,-0.37605854384288695,0.0,0.08139586276561084,-2.5025589194387754,-0.3237056025565859,0.0,-0.2126960474822901,-3.2775161996632263,-0.30013733208772403,0.0,-0.3786409631428485,-6.877486650912582,-0.788375159759078,0.0,-0.17960488302340286,-3.706705411812667,-0.5005031486299468,0.0,-0.1412592770530902,-2.822202369190399,-0.4026418746552646,0.0,-0.446718811106458,-1.8175776539146609,-0.23053798564462394,0.0,-0.820487533542039,-4.332835531282923,-0.6736517606872525,0.0,-0.7827307800418882,-4.61105196210405,-0.7480345992343345,0.0,-0.5755806559955091,-3.5819725399233078,-0.5727678358906213,0.0
0.0,0.0,0.0,0.0,0.187441218898293,-0.17991458268113047,-0.1558454757522993,0.0,0.38768023956085423,-0.7589051434208789,-0.30351207061613317,0.0,0.29968138805751054,-2.0970764688818258,-0.6371574303283142,0.0,-0.21436026164280653,-4.372124418352723,-1.2117857878773775,0.0,0.7772734553881897,-3.0226743363299304,-0.32340537254429924,0.0,0.8848040354939787,-4.5017869008892735,-0.5876859743869731,0.0,0.5054326160269906,-3.266187549662704,-0.4905311263563051,0.0,0.3231453720582027,-2.6449085774311394,-0.4200192664520153,0.0,0.37711873942222957,-4.494326605583998,-0.38310456857463765,0.0,0.3184027228547245,-5.257097631855304,-0.5278024947278185,0.0,0.13722055962706697,-3.1366304189669356,-0.3760328726688326,0.0,0.07898870212400069,-2.5022954470334886,-0.3236102602412881,0.0,-0.21703961514966136,-3.2847681379742215,-0.3062898920003885,0.0,-0.3890220781553127,-6.883547401597957,-0.7953736107192813,0.0,-0.18496596318464772,-3.7052635590661867,-0.5042408431296438,0.0,-0.1452923154147255,-2.8222490719819393,-0.40614040598284135,0.0,-0.4490704772389343,-1.812809897080748,-0.2349945303738914,0.0,-0.8258053898355855,-4.315521860935854,-0.6783110927121465,0.0,-0.7906819081072637,-4.626594610189756,-0.7578249266853616,0.0,-0.5792329548127158,-3.59950143931695,-0.5810895578215777,0.0
0.0,0.0,0.0,0.0,0.1846723661190109,-0.18503483874338622,-0.1532604081434075,0.0,0.38508976263834666,-0.7589371446409687,-0.2986255949216094,0.0,0.3118686887512264,-2.132273334613206,-0.6367135628045487,0.0,-0.2223553043450863,-4.436761003010015,-1.2144092745777018,0.0,0.7807905823501187,-3.013120674750013,-0.29811133075631324,0.0,0.8814290547932995,-4.500142965179009,-0.5584655537855742,0.0,0.5002904436067481,-3.2689594004629394,-0.4728105800467993,0.0,0.3173051781381282,-2.648275648190658,-0.40731831866146906,0.0,0.39166613119141785,-4.55944993661457,-0.36098532391872357,0.0,0.32464644774602686,-5.280295723267079,-0.5076291017843139,0.0,0.1366752386295029,-3.14254803215041,-0.36252059974683454,0.0,0.07483768054866922,-2.510289977357336,-0.3123314144380681,0.0,-0.2130602475664284,-3.354819537282104,-0.2976905665515453,0.0,-0.3709174782069089,-6.892116619812003,-0.7733316102470019,0.0,-0.17869908947907184,-3.727667871438381,-0.48714880027965674,0.0,-0.14391734795989286,-2.84540222622579,-0.38989619962453737,0.0,-0.4500480555304894,-1.8395452070512222,-0.23252970984717589,0.0,-0.8231725431737816,-4.297254519385544,-0.6678685352555501,0.0,-0.7964689239062909,-4.647673768237568,-0.7427702255984324,0.0,-0.5894405471580869,-3.652224157781008,-0.56805487541636,0.0
0.0,0.0,0.0,0.0,0.18861705269670465,-0.18484553323393987,-0.1535865536183981,0.0,0.3997695679136992,-0.7546093013802133,-0.29778332532340884,0.0,0.3130030447432654,-2.0771016923586263,-0.625160370671268,0.0,-0.19653507123408867,-4.159331379441467,-1.1524229467014577,0.0,0.8023641943462935,-2.9955648280395173,-0.3089659525922186,0.0,0.9078025834115833,-4.481743835353733,-0.5702962781683255,0.0,0.5203377624371904,-3.269704892057868,-0.48214539606378976,0.0,0.33380498594377006,-2.647786181805929,-0.4139910984634647,0.0,0.41849931169477045,-4.551155249264631,-0.3780109304438122,0.0,0.34350469715711285,-5.239460216736062,-0.513566913283048,0.0,0.148118509293796,-3.133371164643097,-0.3686167425897873,0.0,0.08618417044418197,-2.5023462899144295,-0.3180643732052741,0.0,-0.19228228698887193,-3.3550398611239887,-0.3091568114885223,0.0,-0.34429346953281764,-6.8658729920263735,-0.7810530536657788,0.0,-0.1678776499742112,-3.7008415843276414,-0.4948608278383068,0.0,-0.1360814849992854,-2.8250674041886694,-0.39879103829360824,0.0,-0.4380319164825334,-1.8382640298423019,-0.23788283703361185,0.0,-0.8037218202385318,-4.344175829934588,-0.6772196276993471,0.0,-0.769987175592999,-4.628782524296177,-0.7456911987537882,0.0,-0.5712684992785683,-3.618025275248641,-0.5704254756917407,0.0
0.0,0.0,0.0,0.0,0.1880216138878978,-0.19639605563868187,-0.14336628737438423,0.0,0.39550317914970284,-0.7953292926866651,-0.27881077189529113,0.0,0.2819370409275685,-2.1879955840694487,-0.5918901151973289,0.0,-0.2828140992798046,-4.272242421476776,-1.0701073559741976,0.0,0.7863810690771975,-2.9904885944815263,-0.2667816624841885,0.0,0.8879872543849237,-4.46867139931737,-0.5134839177836955,0.0,0.511362994034834,-3.2701452696781126,-0.4438932354700813,0.0,0.3270732690847745,-2.6528942363218375,-0.38611682749952536,0.0,0.40548621531833795,-4.6189519854099235,-0.34355369293639604,0.0,0.3357590601884696,-5.3592522250050685,-0.4909850629497739,0.0,0.14376365707786679,-3.163361315598324,-0.35499646377558153,0.0,0.08119517157491835,-2.518814353607619,-0.30845067028294737,0.0,-0.21200059232462382,-3.443431466414844,-0.3001992546015377,0.0,-0.38037520781160294,-6.997825463372978,-0.7674537463508277,0.0,-0.17760040403009503,-3.744901881586447,-0.4870773416700193,0.0,-0.13984359731945442,-2.850343405870092,-0.39335323867846583,0.0,-0.4551065377134342,-1.8770704476898377,-0.23852429756267063,0.0,-0.8271429479467453,-4.257682686879679,-0.6557400694658556,0.0,-0.7928096487834075,-4.61339954983051,-0.7352236829732361,0.0,-0.5831445753112837,-3.657311371836502,-0.571634921931383,0.0
0.0,0.0,0.0,0.0,0.19216020226229674,-0.19688901244470547,-0.14573042912358367,0.0,0.40212733081706137,-0.7853069275648754,-0.28144050713896585,0.0,0.2880309446430339,-2.1466886254387796,-0.5920823109894919,0.0,-0.25316772532632736,-4.101180622474142,-1.0495772201000346,0.0,0.7939910333854564,-2.9893523354083706,-0.2689175067994765,0.0,0.9030632787381122,-4.498576596432737,-0.5176902292691623,0.0,0.5251116879238649,-3.2870993584878248,-0.44875349535775205,0.0,0.3416211114860857,-2.659560785250826,-0.3892173474091506,0.0,0.41206025576581523,-4.594016297467444,-0.3339309109465149,0.0,0.3368459019724655,-5.325565927420147,-0.4694208100044223,0.0,0.1472281631485371,-3.1629538405591235,-0.3438255959394708,0.0,0.08676925927777951,-2.5213150995677194,-0.30035072214983344,0.0,-0.20203890843541014,-3.4329893142092294,-0.28469144167205646,0.0,-0.36933969231693486,-6.943539967599844,-0.7194761664471824,0.0,-0.17622854954260153,-3.7167695826197282,-0.46326238252724944,0.0,-0.1412830803254841,-2.834322877625533,-0.3778927148836973,0.0,-0.44668189633664074,-1.8852011082666975,-0.22599160985378516,0.0,-0.8232908360979238,-4.343929333163271,-0.6225621614045611,0.0,-0.7783161379083056,-4.582541178281727,-0.6814879069534978,0.0,-0.5786626143992339,-3.609350216154812,-0.5289406451809143,0.0
0.0,0.0,0.0,0.0,0.19243752880026033,-0.20003675340415808,-0.14658131780919947,0.0,0.4046945385309415,-0.7934597373870377,-0.2826615464558171,0.0,0.2937170020591491,-2.1666366472402396,-0.5941107674910826,0.0,-0.24985744599116277,-4.184741659383004,-1.060212542958447,0.0,0.8032861377859607,-3.0117731186813237,-0.262076403655149,0.0,0.9030884505232525,-4.484046376577331,-0.504764167903649,0.0,0.5231361211149552,-3.2812026192588237,-0.44014529541379255,0.0,0.337816950134083,-2.657816750499765,-0.38352031267561315,0.0,0.4245882997128,-4.637017129927789,-0.3237958601780852,0.0,0.34639561575764083,-5.341777384502113,-0.46349216478979666,0.0,0.15072191998708523,-3.166580376000395,-0.34274080642244975,0.0,0.08782262714641507,-2.5216009339798178,-0.3004311330051038,0.0,-0.19588416488009128,-3.451021806876949,-0.27654814640189507,0.0,-0.35543603394091067,-7.010467449060739,-0.7233529474962204,0.0,-0.16902814863916918,-3.7449703855722603,-0.4694738619386191,0.0,-0.1352533085859937,-2.8485638148772643,-0.38296365785826386,0.0,-0.4444099529710138,-1.8850986421884328,-0.22019355799224777,0.0,-0.8121369921537692,-4.296988396973369,-0.619215186439798,0.0,-0.7774638145129619,-4.6137511078069995,-0.6970719124422604,0.0,-0.5748525066586891,-3.6461988391443514,-0.5446111300897875,0.0
0.0,0.0,0.0,0.0,0.186293381192208,-0.1869810719091843,-0.14724279801036114,0.0,0.40295614808960645,-0.7634280473632418,-0.2850890801723886,0.0,0.2960163441473824,-2.0638821103532057,-0.5945437725952267,0.0,-0.24793270648356128,-3.663431111197792,-0.9935925478989985,0.0,0.8182173323464085,-2.9806577631939186,-0.2697915773328797,0.0,0.9280342062913878,-4.413120694434859,-0.5096725811494425,0.0,0.5502995565784652,-3.2590764942353574,-0.448688168015268,0.0,0.3629986620745095,-2.653720048719766,-0.3929222934020541,0.0,0.45060631602877416,-4.6707319510639795,-0.3388866092927979,0.0,0.371487740750975,-5.2793715091224405,-0.46741518747343175,0.0,0.1614767334547532,-3.15180541521418,-0.3477642743773098,0.0,0.09274072817436256,-2.518810435764504,-0.30606831215992364,0.0,-0.1885231876075508,-3.532145437690158,-0.28974875747028744,0.0,-0.32571048519099893,-6.800422629863588,-0.6937052655850158,0.0,-0.16107441847739537,-3.7001175197710325,-0.45584012556020964,0.0,-0.13331938362660167,-2.842901128312491,-0.37661166665068746,0.0,-0.44998074193090554,-1.9392531173037988,-0.22889530268031513,0.0,-0.8068042370943079,-4.388897994034725,-0.6107619568023709,0.0,-0.750185353293252,-4.587419252325429,-0.6577169721751486,0.0,-0.5565825444332778,-3.6532093848790295,-0.5166245385276106,0.0
0.0,0.0,0.0,0.0,0.19174710113462204,-0.16887105792534662,-0.14897771455477615,0.0,0.42210605179166516,-0.7366776088107233,-0.2858572229399969,0.0,0.33974336213405915,-2.0074074710951826,-0.5886728353908466,0.0,-0.18008139382742852,-3.4080050680327756,-0.943881423384986,0.0,0.8675574842897912,-3.016544920146662,-0.29140451334408957,0.0,0.9820116178594608,-4.437640747691527,-0.5284905379805896,0.0,0.5815143783119229,-3.248472937760384,-0.45559612728607113,0.0,0.3865697128472396,-2.6347061837412014,-0.3961287592186975,0.0,0.527298049401068,-4.823144909909803,-0.3677882214463242,0.0,0.43322849065664726,-5.259237583475661,-0.47158060787145534,0.0,0.19903819445415963,-3.1435409954927565,-0.3497008873352717,0.0,0.12411798313390611,-2.506427166380158,-0.307557342156995,0.0,-0.13453383708343675,-3.59818781755756,-0.30121320962521375,0.0,-0.23471301325377483,-6.763810712598968,-0.6895879902057457,0.0,-0.11459685695885445,-3.699925510680259,-0.45725625131095354,0.0,-0.09751062983404238,-2.842020984579738,-0.37965555245270327,0.0,-0.41396915503369563,-1.9511227429660505,-0.23064681334870968,0.0,-0.7410700221093018,-4.465839693158539,-0.6155882928668419,0.0,-0.6790341912744067,-4.635832001660096,-0.6620711318538395,0.0,-0.5002880680242776,-3.6628254838170142,-0.5196130442301328,0.0
0.0,0.0,0.0,0.0,0.18832645978157328,-0.16332933039931047,-0.15418324659667504,0.0,0.41793053518099704,-0.726669549860364,-0.2934058065587244,0.0,0.3529774151219385,-2.046242686750739,-0.6093403095258857,0.0,-0.18165088094772583,-3.5130502246062165,-0.9758223898611659,0.0,0.8843257903580799,-3.088321185536392,-0.2773253025705023,0.0,0.9745167576111488,-4.422295621558109,-0.4901273416603399,0.0,0.5694438569904368,-3.2487062511020004,-0.42929027659388197,0.0,0.3691506313698811,-2.6395773597029235,-0.37774155884988947,0.0,0.5478330752606576,-4.926353731679512,-0.32473084377010036,0.0,0.45483303964696387,-5.258736553980094,-0.4218193238382355,0.0,0.20831457881848614,-3.150580120365723,-0.32629899509887605,0.0,0.12340726573919615,-2.5108462208530824,-0.2922542456629757,0.0,-0.12486793575653056,-3.642279217901407,-0.2538465162160532,0.0,-0.197820001615689,-6.858749407062489,-0.6253604434244635,0.0,-0.09631576232732122,-3.7617333297190676,-0.43594332513391404,0.0,-0.09076016615293073,-2.881553597891193,-0.36799605065878466,0.0,-0.4114418183814483,-1.9715166216053663,-0.19514228746573226,0.0,-0.7321628947451052,-4.461404682723093,-0.5533204766701189,0.0,-0.6805308616377315,-4.686488278899526,-0.6226214815790978,0.0,-0.5068393671683555,-3.7279746348352827,-0.5006964781188119,0.0
0.0,0.0,0.0,0.0,0.19219767687780187,-0.17291096636670553,-0.1453071852455224,0.0,0.421160243707412,-0.7436563679231962,-0.27526504880099806,0.0,0.3618982282028489,-2.0762531317050668,-0.5721787305412975,0.0,-0.16534173401158817,-3.657931253397818,-0.9403161167593715,0.0,0.8680100814187731,-3.0671249877040854,-0.24208307996623749,0.0,0.9787208473273417,-4.442908573701921,-0.4536019305279169,0.0,0.5766053053459583,-3.264521285796421,-0.40437700109193797,0.0,0.37671706651289516,-2.6525272218346143,-0.35861185641014476,0.0,0.5267001453611115,-4.856382251499784,-0.2906282041210273,0.0,0.4422856666431167,-5.263841982632972,-0.3966357096854952,0.0,0.20486019095707791,-3.146785553772426,-0.31030002426930686,0.0,0.12311818533542616,-2.5075682521366343,-0.27890866116450624,0.0,-0.13520167661355192,-3.599937681628831,-0.24281638420414445,0.0,-0.21307400663747744,-6.863643362835835,-0.6161164794654616,0.0,-0.10094429716372383,-3.734145212586797,-0.4256376296088905,0.0,-0.09277106509861667,-2.8581255282426623,-0.3578298206628613,0.0,-0.4143689083877295,-1.9509868570737332,-0.1955094848280552,0.0,-0.7361239723813905,-4.413981390579563,-0.5558427145950499,0.0,-0.6895745773559375,-4.641609994936593,-0.621941744108908,0.0,-0.5179353105446156,-3.680230207632489,-0.495717018687138,0.0
0.0,0.0,0.0,0.0,0.19092543444013538,-0.16947875663392517,-0.14675418527023681,0.0,0.4189235485842951,-0.7384696695023542,-0.2800567437962278,0.0,0.3615526645976248,-2.0556815997732834,-0.5823544603669396,0.0,-0.1628544439092465,-3.612641383674723,-0.9586881670503563,0.0,0.8661464378212625,-3.0736304138630945,-0.26292342984289263,0.0,0.9711153290188553,-4.441510112500473,-0.47997975405787674,0.0,0.5718030405801272,-3.2584785902564306,-0.42153916261922747,0.0,0.3749819206364037,-2.6502346796564473,-0.37177466952580046,0.0,0.5215070323249045,-4.881335652459476,-0.32043884744938617,0.0,0.43003278352439556,-5.244583714469624,-0.42138868490934556,0.0,0.19899494204658463,-3.14249499434945,-0.3233750227193819,0.0,0.12016254044426695,-2.507706637164399,-0.28867307188048835,0.0,-0.14253335258299812,-3.599318313314408,-0.2622675117082353,0.0,-0.22448166745336498,-6.824230002700662,-0.6427757269952428,0.0,-0.10518662130401514,-3.7282935801700776,-0.4392986489899201,0.0,-0.0947044391192665,-2.859430797026008,-0.368269618364145,0.0,-0.417548796433944,-1.9453672907927777,-0.20568271283642328,0.0,-0.7407884266311325,-4.420905397279275,-0.5765400287449927,0.0,-0.6933649410797289,-4.641203423147175,-0.6407678764117224,0.0,-0.5217277351039199,-3.6702457364291736,-0.5085319665310329,0.0
0.0,0.0,0.0,0.0,0.19002363314774445,-0.16834152445463219,-0.14638040516818043,0.0,0.41636061163784405,-0.7391621711953406,-0.2813326816390688,0.0,0.3585592145763011,-2.0859889168236556,-0.591042872657475,0.0,-0.16687585522435092,-3.8064210229637996,-1.0009339291520336,0.0,0.8714204845355535,-2.9767539415190365,-0.2728163270262241,0.0,1.007959636713455,-4.476747393804055,-0.512483641434949,0.0,0.5908453901040146,-3.2791272991658076,-0.4443631983910075,0.0,0.38600890726498704,-2.651626581592188,-0.38694372465274923,0.0,0.5582522676373683,-4.788087784355937,-0.34381150640588987,0.0,0.46996997458945716,-5.299022469298099,-0.4575917333136735,0.0,0.21696101095128495,-3.1558448399463725,-0.34122434889226055,0.0,0.13367110008895622,-2.5114260335688665,-0.3007136676027244,0.0,-0.1085247901232164,-3.6499230977746313,-0.289897028477752,0.0,-0.1948003356826706,-6.866346483657629,-0.684954187860683,0.0,-0.08848183343112079,-3.7305237667091578,-0.453149635700175,0.0,-0.07822066293141934,-2.8521451846278514,-0.3748337942940604,0.0,-0.40475769981316656,-2.0019804349541506,-0.22593929795753648,0.0,-0.7189551814582273,-4.489250899251415,-0.6121542145588613,0.0,-0.6593050018734211,-4.683985349805075,-0.6675168991572944,0.0,-0.48647038259407616,-3.711887201739939,-0.5273624174545998,0.0
0.0,0.0,0.0,0.0,0.18976699443816883,-0.16735906957505833,-0.14227291782063858,0.0,0.42008259818663807,-0.7499001227140205,-0.26805426277790484,0.0,0.36029542345075544,-2.139265324829188,-0.5593618963866133,0.0,-0.1842735625648084,-3.8184255081028864,-0.9181519084235589,0.0,0.876616566681557,-3.046592194988878,-0.23613608641783243,0.0,0.9903175785492316,-4.475893099938587,-0.44607094062185343,0.0,0.5794019458312265,-3.2728922492396766,-0.3939846261655807,0.0,0.37839076153413775,-2.6565293390763047,-0.3481534657424727,0.0,0.557498919261806,-4.896093945579525,-0.2812753230125387,0.0,0.46684942810331787,-5.352769402703549,-0.3879366631544457,0.0,0.21451102185556742,-3.1677029488596657,-0.29934478292249755,0.0,0.1299768827716349,-2.5234475919366854,-0.26857820115615494,0.0,-0.11291330314780272,-3.6961170240878785,-0.23452250913718303,0.0,-0.19830436034968899,-6.923745056946271,-0.5846670386922911,0.0,-0.09159221907632817,-3.7667582785658396,-0.4036303729392104,0.0,-0.08364439992533865,-2.8814307802669523,-0.3395073483297377,0.0,-0.4090592686849393,-2.0197547658772166,-0.18893827484821707,0.0,-0.7273130025144419,-4.50152467030618,-0.5299070616297797,0.0,-0.6707714620543,-4.688496186537542,-0.5863538342320261,0.0,-0.49983793824453576,-3.7348139893349486,-0.4692092535121924,0.0
0.0,0.0,0.0,0.0,0.19388636218873287,-0.17499132800175277,-0.14659988442013014,0.0,0.43331119161590953,-0.7653075762686977,-0.280924353638685,0.0,0.37361975710023626,-2.1652740503243817,-0.591849893176926,0.0,-0.1758092399236805,-3.6854517258637465,-0.9441755117976327,0.0,0.8844169789254822,-3.010500092720379,-0.25527700624690847,0.0,1.031768878149492,-4.485649225764059,-0.4813956945324741,0.0,0.6148075499250197,-3.2813871520905367,-0.4224993675278741,0.0,0.4101649828942821,-2.6575617368259463,-0.3713524870532766,0.0,0.5571185515654532,-4.759494776120289,-0.3097672449821487,0.0,0.4968935069360332,-5.339755549701012,-0.4273168984762082,0.0,0.23808429568571488,-3.157784178396186,-0.3245776017325735,0.0,0.15514909787415632,-2.513488990356538,-0.28946068965529526,0.0,-0.1049941534683226,-3.563624313398654,-0.2584369980710687,0.0,-0.1613279829111485,-6.90597065324621,-0.6485802672514036,0.0,-0.06587910042684321,-3.726642082349805,-0.4410577939415406,0.0,-0.06047175988368222,-2.8473358376650744,-0.36977000463903903,0.0,-0.39776791931257444,-1.9633998716204846,-0.2061344908914038,0.0,-0.693878540621137,-4.467232420562368,-0.5790178575520621,0.0,-0.6359550676318598,-4.691671136458904,-0.6467107933850387,0.0,-0.4661257610301247,-3.6904452763663538,-0.5125713655575911,0.0
0.0,0.0,0.0,0.0,0.1933196670432543,-0.1788076480222312,-0.14195649689581025,0.0,0.429475437662188,-0.7713678802053571,-0.27209774042682977,0.0,0.3675951355091345,-2.1868805051581286,-0.5764820377233535,0.0,-0.18215864768765566,-3.7901766863680635,-0.9347352333354162,0.0,0.8873190049782042,-3.0135944459334922,-0.23461130753425874,0.0,1.0251783032753574,-4.46726114549052,-0.45257106055163204,0.0,0.6110040075702466,-3.284709397763297,-0.4054326606159129,0.0,0.4042743439835113,-2.662837260226138,-0.35970247355514184,0.0,0.5651691452352714,-4.7527934010079935,-0.2898734752063915,0.0,0.5041059577829388,-5.356278647205154,-0.41287868995472016,0.0,0.23939305241407774,-3.1686868521887663,-0.3195832879847451,0.0,0.15204293030830807,-2.5197719659836295,-0.2871440176941727,0.0,-0.09983033599088592,-3.5765001529785,-0.25223569360861653,0.0,-0.16013026400915858,-6.972384948534237,-0.6475645263419993,0.0,-0.06418284482622326,-3.749870995530179,-0.4426081531631287,0.0,-0.06091101984543233,-2.860943494893928,-0.37185828575554486,0.0,-0.3976309833688008,-1.9692894767676516,-0.20611411230159796,0.0,-0.693946553279949,-4.483978245066237,-0.5848575580417876,0.0,-0.6339396431444374,-4.706993093500326,-0.6560650317554203,0.0,-0.4635723599331458,-3.694179194116157,-0.5200817765570953,0.0
0.0,0.0,0.0,0.0,0.18868317235550308,-0.17503355376213464,-0.13973532641168016,0.0,0.4251107828000723,-0.755373862104956,-0.26851462535430376,0.0,0.39031685698151714,-2.1793496163169284,-0.5757300254700346,0.0,-0.14402571608064435,-4.001839948486091,-0.9857616999634838,0.0,0.8895103856922355,-3.0205070301011965,-0.2453177605807319,0.0,1.0378490038776806,-4.512183655307224,-0.47909995778948566,0.0,0.6090245450158857,-3.3078706540362397,-0.42296620906934357,0.0,0.3967504750682946,-2.67787710671727,-0.37122362660680014,0.0,0.5795341873217569,-4.780156198779119,-0.31201699073612926,0.0,0.526532608687485,-5.354920067520143,-0.4387283695165555,0.0,0.25110179177180053,-3.167459460704696,-0.3271464085295608,0.0,0.1617591112286878,-2.5226444414314266,-0.288869374248393,0.0,-0.09130686247286454,-3.6284772098259475,-0.27480295590093595,0.0,-0.12293085400278925,-6.929076485056154,-0.6712195605523935,0.0,-0.05077969135866455,-3.744469382742085,-0.44083684288317954,0.0,-0.05251733423905816,-2.868977653813938,-0.3646292498438645,0.0,-0.4022409175769826,-1.9825439892275365,-0.2206799538406676,0.0,-0.6920366733614184,-4.418328978689288,-0.6003777004246589,0.0,-0.63331539640669,-4.652372679629557,-0.6568463025989499,0.0,-0.46454428074890547,-3.6823203649019094,-0.5144226570238616,0.0
0.0,0.0,0.0,0.0,0.19331050097821664,-0.17861979558930574,-0.13567684331602212,0.0,0.4324921868992823,-0.762422862267105,-0.25922274497980974,0.0,0.3932227080236781,-2.141865710412455,-0.5454711356764095,0.0,-0.12057441979263325,-3.851309560905158,-0.9192222892398781,0.0,0.8860949235338862,-3.0443833501977755,-0.23589044187301433,0.0,1.0346747248771082,-4.545102217395412,-0.4652695832906417,0.0,0.6129829759876722,-3.316130649839948,-0.41151633749944094,0.0,0.4048053823610686,-2.6830847460963403,-0.36245936033684734,0.0,0.564952294389256,-4.877984939020442,-0.3085198645757325,0.0,0.49949714976889925,-5.339341734373504,-0.4246997604761991,0.0,0.24390274631007225,-3.171162203525609,-0.321005689999476,0.0,0.1604403538901135,-2.5282424646782626,-0.28481749972965403,0.0,-0.11266385963054812,-3.63466572986263,-0.27226651782854855,0.0,-0.1482708489958775,-6.822388015730489,-0.6531522501606737,0.0,-0.056128599683297496,-3.7224707979392986,-0.43762981072920276,0.0,-0.051044192999345595,-2.856567329594578,-0.3638609118642248,0.0,-0.4076459883550905,-1.9651978417012779,-0.21938884193417116,0.0,-0.6945294612642667,-4.442049572998317,-0.6004686084295452,0.0,-0.6291468894006904,-4.666378257829554,-0.6566757590145884,0.0,-0.4568428481000652,-3.6798183956599853,-0.5134112697944199,0.0
0.0,0.0,0.0,0.0,0.1919722281351356,-0.17840773193621168,-0.13596141848837404,0.0,0.4300825507836637,-0.7631076570029441,-0.2614596415787317,0.0,0.39485657221787396,-2.1599304196865377,-0.5553847491211937,0.0,-0.12431298942367575,-3.9068878277437493,-0.9450295607750648,0.0,0.8751867722070145,-3.035789849187531,-0.2442056368066439,0.0,1.0365732614426417,-4.5645461378872865,-0.48292610974072475,0.0,0.6143269184922254,-3.324186291724244,-0.4241622240107438,0.0,0.40709008124183477,-2.6864459368709186,-0.372131269032704,0.0,0.5509469524540612,-4.830353976116894,-0.32051606884521183,0.0,0.49875083714514395,-5.337850720494675,-0.4409064768956471,0.0,0.2436420628209401,-3.171972027934143,-0.3299971103399028,0.0,0.1604412670681366,-2.528504436919511,-0.2916326747211194,0.0,-0.11523392062838797,-3.6162682886327717,-0.28351198794827037,0.0,-0.15238758635541452,-6.817817126577359,-0.6724233294278396,0.0,-0.057862429552224155,-3.7086448276904447,-0.4437885740600477,0.0,-0.05174509144766029,-2.8467379488040536,-0.3679150777918446,0.0,-0.4074581963155405,-1.9645745915000905,-0.22779689782521156,0.0,-0.6971409345408064,-4.443926598098117,-0.6164191478015537,0.0,-0.6306708177117798,-4.661693155152749,-0.6692260567823187,0.0,-0.45747468939163566,-3.666965554730445,-0.5210216240840654,0.0
0.0,0.0,0.0,0.0,0.19454886575707875,-0.17668053259667482,-0.14407500020827677,0.0,0.43479289897218143,-0.7421664181907127,-0.27743453870253726,0.0,0.41319965239875545,-2.112887032408222,-0.5904936337373722,0.0,-0.09705371420795267,-3.7542515186341414,-0.9899893084901196,0.0,0.9043092901057818,-3.043721963563185,-0.2626263730101,0.0,1.064492117056395,-4.568786310177036,-0.5090791887551788,0.0,0.6204644742459164,-3.3341348666373105,-0.4458769696309691,0.0,0.40097256270479864,-2.687124258129773,-0.38807067414193563,0.0,0.5945291278781215,-4.83501247915649,-0.32935782883648573,0.0,0.56291812876897,-5.367123564726935,-0.45295153829697266,0.0,0.27370497570104413,-3.1749907690856407,-0.3339287445277635,0.0,0.17979929206943734,-2.526421870573714,-0.29317637687083115,0.0,-0.08661575132834455,-3.637504525306465,-0.2802731482792555,0.0,-0.09292669250101254,-6.857763032663317,-0.6650295431315911,0.0,-0.028712748680157968,-3.7243899869415036,-0.43459437262037937,0.0,-0.031876627813382324,-2.854864309222574,-0.358520839551042,0.0,-0.4000331746895942,-1.9886931450372713,-0.22189437509071688,0.0,-0.6696323459336664,-4.446454974866184,-0.5942414003546856,0.0,-0.6005296915309504,-4.666758930502672,-0.6413410522492193,0.0,-0.4330476665903118,-3.687637480032402,-0.4994562269685887,0.0
0.0,0.0,0.0,0.0,0.19176261301182929,-0.18165143523841487,-0.14458554124878614,0.0,0.43447936251117386,-0.7676444691401979,-0.2807788216006485,0.0,0.39024611520192115,-2.1832338123580666,-0.6018243114888886,0.0,-0.15400724402723098,-3.7848679510614867,-0.9863382809142188,0.0,0.8844503031877884,-3.0053006216221476,-0.26365156494570613,0.0,1.0657763687656239,-4.613150798669799,-0.5221668897433774,0.0,0.6192176609487706,-3.357573766410012,-0.4529438791736861,0.0,0.40027034046900006,-2.7003439457920164,-0.39237051495237163,0.0,0.5685091405847001,-4.745368165223126,-0.3335004656011142,0.0,0.5667889482600392,-5.40601466872956,-0.47104232850984035,0.0,0.2808254909080064,-3.1841851819506934,-0.34282862213717047,0.0,0.19020354529051542,-2.5316405087736706,-0.2991558752710024,0.0,-0.09991444932826753,-3.5956052430064687,-0.28921320747362533,0.0,-0.09783608519500693,-6.808925213535317,-0.6861324131761907,0.0,-0.029566158309829494,-3.699673054344955,-0.44726034542058607,0.0,-0.029083191550788617,-2.8378759141234955,-0.3679238258896165,0.0,-0.40756262672445104,-1.979621388469417,-0.2303929530584872,0.0,-0.6812506649570802,-4.434276380819435,-0.6172859796738831,0.0,-0.6097040069602588,-4.671805949218785,-0.6704803396306658,0.0,-0.43396153039632146,-3.7069859892930874,-0.5247271010759383,0.0
0.0,0.0,0.0,0.0,0.1930059161636484,-0.18627563240179118,-0.13758405238817117,0.0,0.43538648625704723,-0.7770839347578258,-0.2672269816449776,0.0,0.3898777399375738,-2.2086970208298053,-0.5756972327223693,0.0,-0.14534618935116878,-3.7606155872557285,-0.9356125105429409,0.0,0.8871299505731153,-3.0160929073174505,-0.2430126032583495,0.0,1.0710302321944731,-4.620716272370668,-0.49480074160890547,0.0,0.6276092137218122,-3.3685546276886265,-0.4377220313801562,0.0,0.40694332496752444,-2.705581272148299,-0.38190533683194944,0.0,0.5763284290794278,-4.795401010521335,-0.321167857594021,0.0,0.5721741005484282,-5.430477709405026,-0.45585573432062604,0.0,0.2841453608122673,-3.197071972205049,-0.3365184891994717,0.0,0.19105963029504494,-2.536049124720025,-0.29506836995181523,0.0,-0.09626496416757324,-3.6516215363253255,-0.2915831437156192,0.0,-0.10165839728219798,-6.8581378499911105,-0.6773786697483396,0.0,-0.02976736690705805,-3.7261788181140356,-0.4435389796692865,0.0,-0.029752198194570204,-2.852561264420043,-0.36575092763875194,0.0,-0.4066783855693897,-2.0126052896864977,-0.23794914474158071,0.0,-0.6806229391576917,-4.491714176123835,-0.6186366486849593,0.0,-0.6009236243944306,-4.6515130386212595,-0.6566910133964939,0.0,-0.4292105370504224,-3.681452964340793,-0.512332160918242,0.0
0.0,0.0,0.0,0.0,0.19139394115513966,-0.1713736523335162,-0.14282199787484587,0.0,0.43119925575696094,-0.7305706558804419,-0.2766597309616841,0.0,0.3987761614275388,-2.0785644943195987,-0.5897101728236782,0.0,-0.09988900160324843,-3.7400598324326793,-0.9975435763972756,0.0,0.9167975425654057,-2.9821306888429984,-0.2659076545948195,0.0,1.106200312098751,-4.565511367847671,-0.5284545952769715,0.0,0.6501828363789798,-3.3515607032299157,-0.4646275345549339,0.0,0.4227154876286948,-2.6958738722163575,-0.4028617214522014,0.0,0.6248185313635617,-4.752634539513189,-0.34502108165951534,0.0,0.6050919900381168,-5.350521156904852,-0.4771809455994487,0.0,0.3002237323113734,-3.168393790475836,-0.3485954881414796,0.0,0.20341402166774702,-2.5178175886910457,-0.3041807058237676,0.0,-0.05841262584229441,-3.640466490458114,-0.30455817587588097,0.0,-0.044479054755705474,-6.758695066475787,-0.6971266422561152,0.0,-0.0034687837502880617,-3.6880476841733545,-0.45274447397122225,0.0,-0.010103993758940697,-2.833522063414786,-0.3723397863601349,0.0,-0.386218930855156,-2.004005028137694,-0.24219661625895278,0.0,-0.6466714774695468,-4.460409458188194,-0.6360296996985392,0.0,-0.5702939781813343,-4.608489012993078,-0.6746330174571648,0.0,-0.40745404460525136,-3.646170129515147,-0.5251788648298928,0.0
0.0,0.0,0.0,0.0,0.1959486387219099,-0.17710833266920234,-0.13809028172168766,0.0,0.4364578974683095,-0.771940545616881,-0.26214412368411866,0.0,0.3839431417225647,-2.2037140256706187,-0.5532482541450247,0.0,-0.1535943927307407,-3.7197380283581993,-0.8703911309333229,0.0,0.9017584012071376,-2.9940227416582497,-0.20460193615022595,0.0,1.0943053407034515,-4.621025848464822,-0.4328282559084821,0.0,0.6422284166814098,-3.383600340849265,-0.3948704429782286,0.0,0.41655036665920103,-2.7212240388090945,-0.3501787313476057,0.0,0.604543051884613,-4.7972499672667475,-0.24719260525808684,0.0,0.5928848461273484,-5.443211491498492,-0.3715679402122066,0.0,0.29555591705582435,-3.2010643335122255,-0.2904652671110574,0.0,0.20185069085669016,-2.5412141725420443,-0.2619443237939843,0.0,-0.07640902514159602,-3.6913224153363458,-0.2245939561903019,0.0,-0.06640256655558777,-6.798072018879925,-0.5532394512835914,0.0,-0.010640790134431827,-3.712717822693987,-0.38832070632233,0.0,-0.014758304543259168,-2.8546236876145565,-0.3309763616552994,0.0,-0.3982219411312016,-2.0512416686198196,-0.19244421515066706,0.0,-0.6642434610445734,-4.5345032918552,-0.5274658138912316,0.0,-0.5824305427218475,-4.626964099732948,-0.5713116851747075,0.0,-0.41842973247250326,-3.6663076297204267,-0.4562751764201786,0.0
0.0,0.0,0.0,0.0,0.19245064721524863,-0.1696891645760266,-0.139912227748972,0.0,0.44243795620785076,-0.7548176127864786,-0.27070513616060643,0.0,0.40759702124106584,-2.179425013659542,-0.5818194599891348,0.0,-0.14084293497515515,-3.620948990720805,-0.9201271795873258,0.0,0.9149705332784741,-2.9839128123383794,-0.2542660515703486,0.0,1.1125182076543647,-4.556655361575472,-0.5046135221497975,0.0,0.6672453616152527,-3.3474253478539238,-0.4454317328616823,0.0,0.44441576959697077,-2.69852261326952,-0.3891441678821368,0.0,0.6176638893376147,-4.821074844552109,-0.3378187546193905,0.0,0.5990117151468606,-5.359713492031856,-0.46348406259770536,0.0,0.3056768285406532,-3.1735469237320273,-0.34288648679877254,0.0,0.21282505054985637,-2.5232196306400123,-0.30091531289313883,0.0,-0.07245537990906453,-3.647230711996876,-0.29958161027580127,0.0,-0.06686567560065283,-6.745869417115179,-0.688399087995686,0.0,-0.00734678333141555,-3.6918731001776934,-0.45426755269184654,0.0,-0.007843988812864418,-2.8320574586115828,-0.3748914228486966,0.0,-0.39369544022942005,-1.9981549938945673,-0.23972887617864946,0.0,-0.650356024714516,-4.427216406775659,-0.6262875946672805,0.0,-0.5674116087604102,-4.594688888002683,-0.670264194166892,0.0,-0.40022824648222133,-3.6426802425808327,-0.525112059068638,0.0
0.0,0.0,0.0,0.0,0.19401168758486778,-0.16978318498665776,-0.13645668317864337,0.0,0.4455718967669869,-0.7617970955876386,-0.26206880076894057,0.0,0.4064337994653213,-2.193670109783839,-0.5596435156819594,0.0,-0.14040379298449338,-3.554372645224327,-0.8626571616178961,0.0,0.9117375792010192,-2.9873585832921274,-0.23383183750458583,0.0,1.1157819912399056,-4.57472141633808,-0.4731772076955192,0.0,0.6694595868491866,-3.3568554611646584,-0.42199522595045624,0.0,0.4461812543753816,-2.7075817842980463,-0.3710585979116607,0.0,0.6183730031189404,-4.851564370946402,-0.3076591108996453,0.0,0.6000700400374516,-5.378481170718226,-0.4280161992305386,0.0,0.3056170993210494,-3.1785801738229784,-0.3221399231800414,0.0,0.21224919595118566,-2.526957385735259,-0.28506500496411974,0.0,-0.06935681829079215,-3.7005728032346794,-0.2771067782880016,0.0,-0.06449274991302856,-6.739880337104854,-0.6352781903011004,0.0,-0.00653569275467534,-3.697170016220827,-0.42781914545050354,0.0,-0.008844261168838258,-2.8430274528939257,-0.3573281039929799,0.0,-0.39135030793142717,-2.040134038307054,-0.2266909936113447,0.0,-0.647458756773098,-4.500010293780808,-0.5903413581406516,0.0,-0.5612036959489755,-4.606270536830635,-0.6249527860866558,0.0,-0.4003716400807593,-3.6437051702491887,-0.49074003244449044,0.0
0.0,0.0,0.0,0.0,0.1921635061908682,-0.1675334867935129,-0.13864920162693403,0.0,0.4440704614113429,-0.7412751040485344,-0.2659550351109377,0.0,0.42359638974535907,-2.149958309988624,-0.568453079113405,0.0,-0.1028327814824966,-3.5987816085157736,-0.8998052130358942,0.0,0.936986876445105,-2.9923337501722815,-0.23533145428733393,0.0,1.1463217393185092,-4.5306801255092575,-0.4719781477335302,0.0,0.7022454306823087,-3.3429927664586376,-0.4267958962143192,0.0,0.47704128224249287,-2.6984983718714863,-0.3768184425735847,0.0,0.663941288849623,-4.9525280996490135,-0.3076221625104877,0.0,0.6299488306072597,-5.3602931178240105,-0.419495347062137,0.0,0.3228946698378724,-3.1948609143898636,-0.3221231213654697,0.0,0.2239918075533627,-2.5427223773137673,-0.2877796507691753,0.0,-0.04553584315973384,-3.7954641121806554,-0.2732836391579978,0.0,-0.024245293465791566,-6.631613964753467,-0.604290134580872,0.0,0.012735576813486645,-3.7022751028898147,-0.4167968995426376,0.0,0.005477980000519518,-2.8615538919825636,-0.3526202539360592,0.0,-0.3834535970783113,-2.085736433328301,-0.22202217130251,0.0,-0.6232923895205188,-4.504163289794007,-0.5697673690652559,0.0,-0.5322501548209357,-4.567880609924422,-0.599576195577461,0.0,-0.3781847615322066,-3.6463259741222367,-0.47720759089991144,0.0
0.0,0.0,0.0,0.0,0.19512516646670208,-0.16952610594143344,-0.1378703179414362,0.0,0.4473954009640355,-0.7409709243329169,-0.2652081482606639,0.0,0.43078397131745216,-2.1653007711726744,-0.5720808991067362,0.0,-0.08930644177138472,-3.6800608350736694,-0.9193224146440973,0.0,0.9405744338975911,-2.9633983859407844,-0.23431918064820192,0.0,1.168272527893687,-4.543588862222849,-0.4787661854447152,0.0,0.7183788835661836,-3.351301847402075,-0.43264993000392193,0.0,0.4902542209856992,-2.70002708705218,-0.38080409643049834,0.0,0.6765407317869765,-4.916559864284156,-0.3093746059717071,0.0,0.6478488309581638,-5.363070688742079,-0.42479084126200845,0.0,0.33353226342579034,-3.1914993348141865,-0.3240545193015649,0.0,0.23337710552545007,-2.5370707303207913,-0.28846286007598854,0.0,-0.03227046739252554,-3.7883290680371515,-0.2777156243011728,0.0,-0.006433401448027888,-6.615825832477842,-0.6093032429477278,0.0,0.02172391357972434,-3.6913717795126924,-0.4172048086290364,0.0,0.012015512204314219,-2.853051834524077,-0.3520491460034628,0.0,-0.37481173981438975,-2.0808772684927943,-0.22575282598299384,0.0,-0.6081857675166733,-4.497784149742401,-0.5747694015873365,0.0,-0.5196366916833887,-4.5553615250599035,-0.6009488832381771,0.0,-0.3718397514978432,-3.628652650103486,-0.4760971922938608,0.0
0.0,0.0,0.0,0.0,0.19207745164588316,-0.17180707198078762,-0.13554162990270405,0.0,0.442766813372179,-0.7550396546142379,-0.2606205824249181,0.0,0.4095004461154417,-2.1741190581779577,-0.5564854225922516,0.0,-0.11404561628866143,-3.5879630246813625,-0.8683394019000275,0.0,0.9380059288779327,-2.9731153236711267,-0.22904553287058788,0.0,1.1733348369001144,-4.494257608950159,-0.4613312764176949,0.0,0.7288610274670357,-3.3294448000789787,-0.4184019278349231,0.0,0.4991095681130915,-2.694740979618057,-0.37034252781827093,0.0,0.6716700471087313,-4.939400446443547,-0.30905276724994735,0.0,0.6583117818476076,-5.367838353592947,-0.4189920130142012,0.0,0.34028981284205273,-3.1900849948192715,-0.3190990883609699,0.0,0.237039798244002,-2.539141859157318,-0.2844671289425492,0.0,-0.03918488279669927,-3.8028438837342793,-0.2826144255999653,0.0,0.0036767725533611295,-6.646719849226721,-0.6146062264796303,0.0,0.03063709214332546,-3.7005645367970543,-0.42097024359117163,0.0,0.01967993492232565,-2.8552981107857898,-0.35481282090045335,0.0,-0.381053647031843,-2.090644993430464,-0.23124576552956932,0.0,-0.6085882045938605,-4.479626222522558,-0.5816024952056182,0.0,-0.5145314564664568,-4.569481828075564,-0.6129292525223347,0.0,-0.35856276371579954,-3.650241659571864,-0.48687272252337727,0.0
0.0,0.0,0.0,0.0,0.19254133409969493,-0.1751860267147273,-0.133801577186529,0.0,0.44314843838604195,-0.7598968221343515,-0.25705803362133295,0.0,0.41534098367638417,-2.202712404174509,-0.5530610858340029,0.0,-0.11367582964619433,-3.658484624043092,-0.870310170737789,0.0,0.9392616989173143,-2.984438678807872,-0.21564971566301974,0.0,1.1664972537703036,-4.498491870523894,-0.44601014569490305,0.0,0.7237359855970964,-3.3335646306845783,-0.410393779026283,0.0,0.49490117406921896,-2.6950402358205117,-0.3653616648062181,0.0,0.670017835011489,-4.965349048748149,-0.293583536902915,0.0,0.6499883569955821,-5.396810851029318,-0.4102401036734614,0.0,0.337010886171782,-3.2056107692368787,-0.3163754098166951,0.0,0.23657563852977895,-2.5484375460172854,-0.28326456063481803,0.0,-0.044675726904700515,-3.8077130290153174,-0.2738203699660503,0.0,-0.007691179250462577,-6.643340937207414,-0.6076576860179217,0.0,0.025747776965096305,-3.7065805795153044,-0.41857934767213906,0.0,0.018297652424608075,-2.8618427067974013,-0.3534933185864278,0.0,-0.3843338302275475,-2.084762948012575,-0.2276203307587705,0.0,-0.6122490954105438,-4.477522300907259,-0.5825761043356339,0.0,-0.5185710088025859,-4.580897374856561,-0.6175169574538482,0.0,-0.36012435806949644,-3.664386041439652,-0.49142359497436966,0.0
0.0,0.0,0.0,0.0,0.19284252073441874,-0.17462099092991992,-0.1327115380035427,0.0,0.44362281331456827,-0.756824253337505,-0.25366769653961224,0.0,0.41996488363437007,-2.1991214373863435,-0.5444782498085186,0.0,-0.10633731654466398,-3.6482886263920022,-0.8541161621056843,0.0,0.9466882005789244,-2.9969045249479582,-0.2045742991340724,0.0,1.1675100886656462,-4.508753769991987,-0.4293864966075951,0.0,0.7236830376595262,-3.3404667578937617,-0.3996354457827205,0.0,0.4944624261120736,-2.6998630464612097,-0.3577535295595634,0.0,0.6823129430551264,-4.999551624411745,-0.2753218641366475,0.0,0.6519274505236043,-5.400934720132843,-0.39029129707309373,0.0,0.3383865295822317,-3.2125132956286566,-0.30626414410474545,0.0,0.23737525912425186,-2.5543489851905314,-0.2762384174928271,0.0,-0.03781238865670627,-3.8369747014190616,-0.2585803616172989,0.0,-0.0035195854628990854,-6.639417531186213,-0.5804743265398578,0.0,0.027718033802151272,-3.7125320577077616,-0.40527400206946484,0.0,0.019502884289983324,-2.869055167233227,-0.34433021178075235,0.0,-0.38164860161557856,-2.1015878499260325,-0.2178315131527774,0.0,-0.608050299097425,-4.5110440280959105,-0.5639891514548685,0.0,-0.5129386018999496,-4.5855881653367225,-0.5965000157703529,0.0,-0.35750796100608084,-3.667931972379375,-0.47597248927709307,0.0
0.0,0.0,0.0,0.0,0.1945368133148736,-0.1656403219350883,-0.13987557773637196,0.0,0.4490076104467463,-0.7492400399005931,-0.26542232194510407,0.0,0.42598617805749417,-2.1781187391213193,-0.5604013958678973,0.0,-0.10925759804800055,-3.439309034458549,-0.8296624079512931,0.0,0.9648073188603634,-2.9988792630735537,-0.20055853581339494,0.0,1.1857949187579275,-4.523833946421191,-0.41034900035825916,0.0,0.7357134778864811,-3.3330618027437566,-0.3806153752995638,0.0,0.5087394442058176,-2.697347720087095,-0.34197932388088825,0.0,0.7098674529253098,-5.019773346475214,-0.23712308724198483,0.0,0.6654762848518827,-5.367665099288518,-0.3372251910539629,0.0,0.34892222814027996,-3.203536297658588,-0.27575318288083495,0.0,0.247194770909986,-2.556664109719268,-0.25382571020839684,0.0,-0.012755931651563983,-3.8812463014571814,-0.20722602251420474,0.0,0.03413461975161932,-6.5869418945002,-0.4789804721757424,0.0,0.051515031192579885,-3.7211433120931225,-0.35717364007690283,0.0,0.03818462435644737,-2.8797628603859518,-0.31158093013565197,0.0,-0.3651742479985754,-2.1664451772895115,-0.17833388575062167,0.0,-0.5800938267727018,-4.597660187529133,-0.4717731216162793,0.0,-0.48898246713366295,-4.6257103900627765,-0.5053414304437267,0.0,-0.3474252688805296,-3.7154940599809163,-0.4124110314997241,0.0
0.0,0.0,0.0,0.0,0.19978777952660848,-0.174249900443146,-0.13453169269527546,0.0,0.46244831918819423,-0.7618555508751272,-0.25608148309476103,0.0,0.44865499430589134,-2.211730961140901,-0.5483049487633839,0.0,-0.08605304918623556,-3.565731173057036,-0.8360248106130618,0.0,0.9727868401318565,-2.9941198431501896,-0.1887365700588741,0.0,1.186095321539735,-4.494492935422627,-0.3996782297512473,0.0,0.7385234568574508,-3.3249701083532734,-0.3752088003273835,0.0,0.5114478503206077,-2.6930323151699103,-0.3382876063958415,0.0,0.7080482140827705,-4.936377994639366,-0.23694170247275512,0.0,0.6786789716403527,-5.398499452517342,-0.34936933863447683,0.0,0.3517910161016293,-3.203703344604047,-0.28185306790513925,0.0,0.24760102289949967,-2.549418455784908,-0.2578255459905404,0.0,-0.015227776161162901,-3.7694567224193887,-0.21990147013920394,0.0,0.04204159821861498,-6.696610048188139,-0.523143201494827,0.0,0.053266193474267726,-3.7350545406391724,-0.37560471204423385,0.0,0.03763693212992641,-2.878981937635139,-0.3225379528129362,0.0,-0.3658046831267971,-2.090460643583787,-0.1923655452499672,0.0,-0.5751819747107106,-4.52106780841305,-0.5083724027356241,0.0,-0.4866981512814571,-4.603250266908986,-0.543931018685583,0.0,-0.3435043526715739,-3.6763742078017243,-0.43683365460316975,0.0
0.0,0.0,0.0,0.0,0.1971148885407365,-0.1671216727809397,-0.13186869482687527,0.0,0.4591410779798097,-0.7495930524450226,-0.2505422962688379,0.0,0.4570401254648964,-2.1695935626904457,-0.5320961176509519,0.0,-0.06615725262653696,-3.4790169050875748,-0.808563839823179,0.0,0.9780329553450334,-2.9943557636612788,-0.19753511830279552,0.0,1.1941158262212304,-4.5188276105653475,-0.4131211230009191,0.0,0.7385499400745218,-3.3232790927494174,-0.3801115184904056,0.0,0.5108709481885854,-2.6906082098998683,-0.34019798193396206,0.0,0.7296633793314339,-4.948682255346875,-0.2575699151185228,0.0,0.6889119753845545,-5.383446979406748,-0.365849884141778,0.0,0.3565288095863487,-3.187071386084921,-0.2869010381707497,0.0,0.2520879229468843,-2.5349837012969174,-0.2588671444189633,0.0,0.004232991611923905,-3.790746131373094,-0.24039422923407133,0.0,0.056729521365145676,-6.71408695567781,-0.5509441052434406,0.0,0.06022744695277826,-3.7192107703901462,-0.38393295617986917,0.0,0.04387367517989533,-2.8622571035369924,-0.3252422616976019,0.0,-0.35640289522060575,-2.0912962249546783,-0.20586751703117948,0.0,-0.5649214505740978,-4.521183533653632,-0.5319715802064274,0.0,-0.4781327865883462,-4.589689203428782,-0.5598388724957323,0.0,-0.3384930847180836,-3.654074148787609,-0.44371232439890235,0.0
0.0,0.0,0.0,0.0,0.19676218319808877,-0.17240621619362528,-0.1347483007234788,0.0,0.45499050434014576,-0.7633359093938706,-0.25689622605404283,0.0,0.4376002696516639,-2.216843366526588,-0.5474118312211588,0.0,-0.0837911666838169,-3.592440774843326,-0.8320864281228403,0.0,0.9724013950068819,-2.9865552504585007,-0.19594715088580186,0.0,1.2110911112518525,-4.546330054791233,-0.41612363170682587,0.0,0.753451849621091,-3.350142173603064,-0.3856678562230295,0.0,0.5209403353813892,-2.706432137176984,-0.3448413863191889,0.0,0.7270247210761115,-4.974366538439916,-0.2471375356093252,0.0,0.701433246270622,-5.425669016683064,-0.3616586272424713,0.0,0.3651378684107874,-3.2068493973675376,-0.2869244979199134,0.0,0.2591730806318556,-2.546708055810676,-0.2594628554323792,0.0,0.004564277449669577,-3.8504485211324684,-0.22795244418606422,0.0,0.061659702125990465,-6.7015780756396035,-0.5299627708316444,0.0,0.06536246633840181,-3.7348742223708737,-0.37772635047801467,0.0,0.04844968725034571,-2.8786183187663275,-0.32240861200026577,0.0,-0.35411236618657604,-2.1444119095169354,-0.19679703079829097,0.0,-0.5585103303840016,-4.615437075211409,-0.5145394773845139,0.0,-0.4663204274872817,-4.618420459145045,-0.5382001380823884,0.0,-0.33006743711201153,-3.669324643502949,-0.4280566791633316,0.0
0.0,0.0,0.0,0.0,0.19588080532000968,-0.17041889584002018,-0.13763619794843043,0.0,0.4517973541046054,-0.7554176540324904,-0.2620667235634641,0.0,0.4331593667872789,-2.2055907835951167,-0.5582965472475759,0.0,-0.08546027316200482,-3.586009797213282,-0.8475327405446901,0.0,0.9734509026434407,-2.9654938064706515,-0.19708956423186438,0.0,1.2155782695437594,-4.528218101807261,-0.4157081488733324,0.0,0.7571445591083985,-3.3461619703079437,-0.3866317036287648,0.0,0.5232525398585962,-2.7025156224231255,-0.3458330115219409,0.0,0.7316766792101361,-4.958476817891694,-0.23966087026429375,0.0,0.7040659053690871,-5.408943683821154,-0.3513631132230199,0.0,0.36751620716391126,-3.21312865882102,-0.2831341881958206,0.0,0.26131047282496034,-2.5530966142618543,-0.25770382341628756,0.0,0.007915419573081471,-3.8631633046275584,-0.21598616215424776,0.0,0.06982533049477273,-6.644168700099244,-0.5036799743110177,0.0,0.06655671512928982,-3.7297414084472575,-0.3666492610038596,0.0,0.047628338851059666,-2.8811221166847534,-0.31620846655983875,0.0,-0.3537904691508389,-2.160935136873873,-0.18656452962056116,0.0,-0.5538341437967167,-4.6408959948388535,-0.49235542185176856,0.0,-0.45978040750548155,-4.632486092178871,-0.5175536699784943,0.0,-0.3244931503700586,-3.6872902362180957,-0.4152074148698208,0.0
0.0,0.0,0.0,0.0,0.19863480771717973,-0.17467100859069432,-0.13196987535691238,0.0,0.4576564054880876,-0.766320202667046,-0.25211114137831625,0.0,0.44187994224208754,-2.225361293849874,-0.5396154852498312,0.0,-0.09360393157679293,-3.6190706943746327,-0.8250415321603941,0.0,0.9776666124587745,-2.981915817921537,-0.1937422430049116,0.0,1.2051664649438345,-4.5456061144715685,-0.4120792212638062,0.0,0.7466334524501861,-3.345799454417784,-0.3805856568583019,0.0,0.5153430253113515,-2.704227798622688,-0.340817020204589,0.0,0.7386046057262448,-4.967441921452308,-0.25235454239596145,0.0,0.7019897358954802,-5.398641285002675,-0.365045523749205,0.0,0.3687741532016285,-3.2079437115175766,-0.2896023611241344,0.0,0.2629335021479884,-2.5503130526569637,-0.2620269036009124,0.0,0.009951422880081247,-3.8466104321248027,-0.23728141346360246,0.0,0.06834565424848685,-6.665739107042743,-0.5461155578541546,0.0,0.0731857775548427,-3.7453571141969015,-0.3888229958389613,0.0,0.05790812166429092,-2.8872574919896272,-0.3305914529567735,0.0,-0.3550130414374293,-2.122376277469181,-0.20278909242200874,0.0,-0.5592969573862919,-4.532665271996879,-0.5315165240262747,0.0,-0.46701464998611625,-4.634517247823942,-0.5689730927323067,0.0,-0.3216211057775849,-3.7041946869308067,-0.45457617775570214,0.0
0.0,0.0,0.0,0.0,0.19586679360902287,-0.17328323347550542,-0.13051864564906715,0.0,0.4532905030831584,-0.7670117952132816,-0.24921375342135788,0.0,0.43505500895294874,-2.241910041867786,-0.5365538860803248,0.0,-0.10638504695911684,-3.631640008257988,-0.8179424956828542,0.0,0.9618287210100321,-2.9689495847529095,-0.18342412180023301,0.0,1.1945471813036919,-4.539123677944476,-0.4013177763795836,0.0,0.7413400813121971,-3.344325414530869,-0.37419834617462056,0.0,0.5114511158238889,-2.7030669300825316,-0.3361728294237505,0.0,0.7152861880415897,-4.934544032334115,-0.24052886041677257,0.0,0.689140645963754,-5.430219205008491,-0.36060413742541825,0.0,0.35941597269671977,-3.214501749753251,-0.2862863806161743,0.0,0.2548482754139784,-2.5525226345026084,-0.25890149182525557,0.0,-0.0016639868906266366,-3.8452837404168285,-0.23353404014690665,0.0,0.052053719621291766,-6.662470394283008,-0.5427690605186581,0.0,0.0598972360314988,-3.7350222411448986,-0.38334558420049686,0.0,0.04455323997952059,-2.881633947362145,-0.32520599328626026,0.0,-0.36150287158148187,-2.1312374874403086,-0.20431808293428777,0.0,-0.5710744269354379,-4.563620132998942,-0.5353992300870225,0.0,-0.47576523867671433,-4.642985181419133,-0.5665477863557566,0.0,-0.32856983476769763,-3.704177766707748,-0.45027832676331453,0.0
0.0,0.0,0.0,0.0,0.19442698527333663,-0.1774766350490486,-0.13467340857888319,0.0,0.4486991399602906,-0.7711333833119827,-0.25541904481295646,0.0,0.4239639447526646,-2.233423036801412,-0.5427177523940684,0.0,-0.12205139498393018,-3.6272858872714346,-0.8213514129044807,0.0,0.9664254863617998,-2.9800039531633433,-0.17309061097076292,0.0,1.1719734300440166,-4.554839739379016,-0.378781122611214,0.0,0.7187793427623915,-3.352381349113044,-0.3577542641570178,0.0,0.49255093074784256,-2.7076220044325123,-0.3232579927547172,0.0,0.7155405538526334,-4.927801276916072,-0.20576456592922754,0.0,0.6861100728372127,-5.487800927489464,-0.3225660347702749,0.0,0.35407098500731293,-3.230652146856705,-0.2658869799168148,0.0,0.25191899463742223,-2.5646301153323563,-0.24484771055693483,0.0,-0.006652664129400893,-3.8404678362619293,-0.19264851229931423,0.0,0.03512350658067954,-6.703257586493064,-0.47345697025157113,0.0,0.05396820499610964,-3.7481915241610877,-0.3498018022974665,0.0,0.04500149320183828,-2.8892778637886716,-0.3026686019596331,0.0,-0.3665833045282725,-2.135215073283484,-0.17244047983719896,0.0,-0.5921817484272088,-4.505165906697016,-0.4612196441130599,0.0,-0.4995182415090973,-4.606653815123006,-0.5001889968069613,0.0,-0.3459739992382364,-3.7246961531739844,-0.4078226283925039,0.0
0.0,0.0,0.0,0.0,0.1963664157453099,-0.17544467877919048,-0.13389812745491358,0.0,0.45475513813955915,-0.7726845203874584,-0.2547840047828077,0.0,0.4515603922185664,-2.2915877506744464,-0.5518394039900459,0.0,-0.09193978487146125,-3.8187836952670016,-0.8601552256278409,0.0,0.9598726303387581,-2.936026432104951,-0.1748862767430902,0.0,1.1883526553477897,-4.549153503047894,-0.39011040704285477,0.0,0.7342562581455638,-3.3609304459327056,-0.37094085493079426,0.0,0.5031070143403575,-2.71178131032696,-0.3354219227774412,0.0,0.7065350916808837,-4.86689212151771,-0.21635395933990748,0.0,0.6836081109940672,-5.469943093475973,-0.34014670155417226,0.0,0.3539823592391198,-3.2294740862712015,-0.2790802977626552,0.0,0.25073889055146786,-2.5613819824370534,-0.25622482907093463,0.0,-0.012666387069800293,-3.785490003977504,-0.20631975551930679,0.0,0.025282913083971934,-6.6921429284319585,-0.5059739906675597,0.0,0.04645738513788145,-3.7447531586942757,-0.3707133322267843,0.0,0.03575894293278246,-2.8859675054877334,-0.32002376750552325,0.0,-0.3698040905727,-2.1126746582994045,-0.1843440806062636,0.0,-0.587901883108369,-4.513831606212226,-0.4925098153763406,0.0,-0.49188650054872596,-4.578604353637355,-0.5300682043645455,0.0,-0.34096663383949605,-3.672723967305026,-0.429787397312201,0.0
0.0,0.0,0.0,0.0,0.19385165256111178,-0.175355878934047,-0.1323225889227533,0.0,0.4510847041504938,-0.7724014745806533,-0.2518293138438678,0.0,0.44811117545599644,-2.286788620086576,-0.5448279333329857,0.0,-0.09667987888486534,-3.8139367653500376,-0.8500606589355211,0.0,0.9552292812028074,-2.9367294758533937,-0.1746890200836344,0.0,1.184386675584616,-4.563376024727311,-0.3908491559852144,0.0,0.7302943411854619,-3.3674506993450075,-0.37021678368495176,0.0,0.5002652503624041,-2.715914659397734,-0.3342145951782821,0.0,0.7071153967477369,-4.8949647224450805,-0.22007435908311104,0.0,0.6803406557125804,-5.478047420841821,-0.342590778684266,0.0,0.3525836519934843,-3.2323631807124826,-0.27912876863388475,0.0,0.250613759742111,-2.5640983196562317,-0.2555139972313248,0.0,-0.011967312281892118,-3.8298182166799344,-0.2119907938191246,0.0,0.022742082913292806,-6.662523108786704,-0.5056810293264582,0.0,0.04508300143480588,-3.7356556667406826,-0.3688797493260948,0.0,0.03589582825005042,-2.8820681429956263,-0.3179792415918354,0.0,-0.3705311815234453,-2.133287817559933,-0.1884831056751966,0.0,-0.5928744685892953,-4.515541043162237,-0.4961202820516365,0.0,-0.49826350179271955,-4.574569913342222,-0.5311085340686384,0.0,-0.34725911888897076,-3.683474609789238,-0.4310183370925823,0.0
0.0,0.0,0.0,0.0,0.19120757929317528,-0.16853844232329657,-0.1353189848306145,0.0,0.4447121030883941,-0.7502202927067483,-0.2577704984144741,0.0,0.44389587828157245,-2.226217663502266,-0.5561929301640204,0.0,-0.09359895331542294,-3.7515541496217035,-0.8755437500639625,0.0,0.9603947965928968,-2.9429909807572954,-0.18998898541975234,0.0,1.188367495206121,-4.5642134819479026,-0.41347345010421277,0.0,0.7280263852094172,-3.363488149123928,-0.3863338791288644,0.0,0.49394322183875294,-2.70936357594542,-0.3462708292525295,0.0,0.7146977446604268,-4.8914586041612775,-0.23949366905853695,0.0,0.6794834421438861,-5.427061235472676,-0.36148697508244876,0.0,0.3512337494941236,-3.21165760820303,-0.2900340647210288,0.0,0.24597138091271595,-2.5494439795916444,-0.2635550852828565,0.0,-0.005181682818991675,-3.8174942315927836,-0.22464535693278248,0.0,0.037602845843487887,-6.70532257422057,-0.5366342275550484,0.0,0.05137837464247625,-3.7428955069873617,-0.38273252638471505,0.0,0.03590927611626077,-2.887137622898561,-0.32674274235350037,0.0,-0.3652336516421529,-2.1284261378773275,-0.19539229749401602,0.0,-0.5835405452028398,-4.583924704010541,-0.5208483397044632,0.0,-0.48668650120449825,-4.607793786176373,-0.5489339247807214,0.0,-0.3413143359897802,-3.6820632203952144,-0.4393893657476281,0.0
0.0,0.0,0.0,0.0,0.19279985995819543,-0.17065762405746698,-0.13430077939216367,0.0,0.4467625144552363,-0.7600510085800369,-0.2552015855247248,0.0,0.44458002664050444,-2.2570171056129484,-0.5504344246236108,0.0,-0.101772153577975,-3.7521151281571705,-0.8539619613652225,0.0,0.9599077721721063,-2.948296361791238,-0.1817135736707449,0.0,1.1853263384039423,-4.558272239804744,-0.3973957899278144,0.0,0.727077370557311,-3.359245483025533,-0.3737078885814167,0.0,0.49407411742589946,-2.7083557490286094,-0.33641124055250043,0.0,0.7114474641946864,-4.880410151313534,-0.22467555174719359,0.0,0.6799089540804254,-5.441560804770021,-0.3447376911430398,0.0,0.3516961412989481,-3.2171836897947728,-0.2799629688287998,0.0,0.24651602667762124,-2.554267444426797,-0.2560586513570339,0.0,-0.006257828358196569,-3.8046595608343923,-0.2115553548165613,0.0,0.03474971020841672,-6.73015380699361,-0.5151531852943726,0.0,0.05186593247446877,-3.757689088713072,-0.37157869469572785,0.0,0.036974971553491685,-2.898860724775067,-0.3190536746111742,0.0,-0.36553069156188694,-2.1290359790876554,-0.18707401776780958,0.0,-0.5840303642106995,-4.5837304454811205,-0.5009526472669229,0.0,-0.48602989096056537,-4.611913537749293,-0.5299335601089484,0.0,-0.3393296248734277,-3.684954925096329,-0.42536854357546094,0.0
0.0,0.0,0.0,0.0,0.1975108407418622,-0.17690581700634136,-0.1314767461447609,0.0,0.45466156352705256,-0.768298968577817,-0.2502704840105059,0.0,0.448163457142105,-2.2482649828663424,-0.5385324651517601,0.0,-0.08642821054418809,-3.7387040228713797,-0.8397024200650028,0.0,0.9674015718376308,-2.9532104364584675,-0.1728210864458188,0.0,1.2042998911324274,-4.582833418097096,-0.3928565776013292,0.0,0.7454607659619841,-3.3771745962328286,-0.37196385246823177,0.0,0.5138148636641476,-2.724006605552311,-0.33610889273550604,0.0,0.7224410106484305,-4.899624272036787,-0.2221481898717158,0.0,0.6784251135661765,-5.394238630514182,-0.3421904276158858,0.0,0.3564716740184404,-3.208184305518033,-0.2793133305042655,0.0,0.2548787887253033,-2.551662600999727,-0.2555295080268199,0.0,0.001672210015707687,-3.8230301545443934,-0.21817722328442155,0.0,0.04862803542508391,-6.616735795931819,-0.5207645941422583,0.0,0.062629822877861,-3.7321832661975027,-0.3767988081403501,0.0,0.050248037078013875,-2.8828375071899424,-0.32236033930933294,0.0,-0.35937160823286557,-2.129213963108326,-0.1947131797199217,0.0,-0.5736649007186964,-4.524300988450853,-0.5145455470457088,0.0,-0.4793994239771324,-4.610720427782726,-0.5498873361867462,0.0,-0.32939390327001744,-3.7043687626939192,-0.4423925172290925,0.0
0.0,0.0,0.0,0.0,0.19280011796073568,-0.17632694106091573,-0.12699566048576882,0.0,0.44569576424864116,-0.7841420120109798,-0.24278769478450996,0.0,0.4201352301933778,-2.2966065204718276,-0.5232197983590682,0.0,-0.13956188894157018,-3.68092886957145,-0.7884084646658965,0.0,0.9526528500065677,-2.965749451973341,-0.17490051477508975,0.0,1.1696945794514315,-4.55779594231611,-0.3885730170975993,0.0,0.7192788914855047,-3.3653705281059274,-0.3647100341756171,0.0,0.4912158878409207,-2.7257028869989988,-0.3292600941828742,0.0,0.7033852900916943,-4.945005645598938,-0.23410537973725096,0.0,0.6593835110608288,-5.418457734519,-0.35036595288833056,0.0,0.344493683263041,-3.215816838677741,-0.27930166645517046,0.0,0.24511171866613932,-2.5617696124754916,-0.2532920987903457,0.0,-0.018375849260015138,-3.8428449805451574,-0.2305705560123192,0.0,0.01754786223823083,-6.667955146609131,-0.5338342207952037,0.0,0.047286400374145325,-3.7420748633142162,-0.376896180910024,0.0,0.0397917557320324,-2.8950872016081224,-0.3202196869241009,0.0,-0.37305710940959147,-2.118457754812525,-0.20183053293147118,0.0,-0.6004389161518592,-4.523489721138994,-0.5242496815124238,0.0,-0.5036555538125126,-4.626941465880143,-0.5539511896305191,0.0,-0.3457391803243544,-3.7198230898347973,-0.4413242415114886,0.0
0.0,0.0,0.0,0.0,0.19131876515569393,-0.17848807920951534,-0.1310653779908959,0.0,0.44183106798682226,-0.7812013763852137,-0.2508009659507782,0.0,0.41709846187780747,-2.295445229131269,-0.5432585193403241,0.0,-0.13587010514005418,-3.7506403816664142,-0.8342482198450188,0.0,0.944504894401337,-2.9426293690228005,-0.17534057543985482,0.0,1.1713389481130954,-4.511991982260834,-0.3939988918501498,0.0,0.7229330263754292,-3.3530171707482337,-0.3748144294845035,0.0,0.49182536916244685,-2.714775075660518,-0.33895038915319603,0.0,0.6892040132878291,-4.86887185921186,-0.22852139807635308,0.0,0.6627162169696977,-5.416730519229804,-0.354954628964742,0.0,0.3406546155165728,-3.220336161706289,-0.28680213452226844,0.0,0.23735363974341836,-2.5633118983044327,-0.26147933157124564,0.0,-0.0208751640307224,-3.8035413622047827,-0.2252933441816363,0.0,0.02119381825492395,-6.7294333929034,-0.5410476119872046,0.0,0.038555082956586696,-3.7412191316826804,-0.38127354837869554,0.0,0.025573758634403615,-2.892188862112961,-0.3255486364038625,0.0,-0.3731936031831066,-2.1094454079950005,-0.19983770611037835,0.0,-0.6017786685027642,-4.552206268574012,-0.5289560433479518,0.0,-0.5063548102107874,-4.612635409979241,-0.5570055760149251,0.0,-0.3506867508521245,-3.684269481311569,-0.44313064604828006,0.0
0.0,0.0,0.0,0.0,0.19676784645467707,-0.18278075724834458,-0.13011952584731798,0.0,0.4538469976303124,-0.8116289877138307,-0.24821138157940908,0.0,0.41729898677157135,-2.4116101459536767,-0.5434739136115811,0.0,-0.17472330907175748,-3.7430266914499586,-0.7960304597265172,0.0,0.9273362309320121,-2.9421529754491194,-0.15664743683009189,0.0,1.1583294559236776,-4.578197374033631,-0.3701367029763695,0.0,0.7145562192870853,-3.3776255022766635,-0.3566572653534752,0.0,0.4879020643088966,-2.721978801571036,-0.32433904625404086,0.0,0.6565938436785503,-4.842223489856883,-0.20052741572243965,0.0,0.6428468311413917,-5.515328133221849,-0.3317468025045741,0.0,0.33196859313697974,-3.2449557521419092,-0.27331427535213104,0.0,0.23444029507525183,-2.569537565634488,-0.25087617602490003,0.0,-0.03992586653606881,-3.7849956396089564,-0.2059210842113641,0.0,-0.022726868250567543,-6.809474791960421,-0.5157653776695736,0.0,0.022770141703898527,-3.774252205026675,-0.3700447803369262,0.0,0.018351905719233293,-2.9032044159504418,-0.3168705052414008,0.0,-0.38157562827126484,-2.1192101184724175,-0.19184074282536764,0.0,-0.620200146704584,-4.5793113694665575,-0.5062616573660906,0.0,-0.5186728582375013,-4.602405668462628,-0.5315717010293843,0.0,-0.3591329327332325,-3.66428676862385,-0.42436590860031714,0.0
0.0,0.0,0.0,0.0,0.19330405537712797,-0.18278385886377016,-0.1308054435658644,0.0,0.44518879638961883,-0.8050872426459971,-0.2503863362441612,0.0,0.39917883825442024,-2.3731758491818447,-0.5451630858851545,0.0,-0.1824347520396535,-3.819343386174718,-0.8226625639022457,0.0,0.922828812067505,-2.948894586276214,-0.1686894926325489,0.0,1.1496561799586613,-4.5943762173846325,-0.38828912141593785,0.0,0.7059923167048728,-3.3816463763362514,-0.36852594402633226,0.0,0.480423839530502,-2.7235085518235485,-0.3329389565810513,0.0,0.6506290121620344,-4.852253669091796,-0.21719070346072109,0.0,0.6357376024081133,-5.514769750103566,-0.3494273877657035,0.0,0.3284952576218482,-3.2449776183088552,-0.28290111584026717,0.0,0.23193751501905396,-2.5704929876541183,-0.2580730244501828,0.0,-0.04662136233214003,-3.7944680465815086,-0.21727728960929577,0.0,-0.030379109563190662,-6.784709358088578,-0.5354279246721586,0.0,0.018126297472557954,-3.7591233997773625,-0.3818985374265091,0.0,0.014811519937861218,-2.8902078300889866,-0.3259880274832513,0.0,-0.38730621367384377,-2.1230908156475894,-0.19654672646795224,0.0,-0.6292809177706377,-4.577801100970566,-0.5243544810350067,0.0,-0.5292462543689991,-4.621085243918403,-0.5565676041868577,0.0,-0.3658675515231967,-3.6865670332508116,-0.4457515099177716,0.0
0.0,0.0,0.0,0.0,0.2007501640738635,-0.17637576139077238,-0.13995718703495386,0.0,0.45715771004360534,-0.7797069638106056,-0.26265756783054706,0.0,0.43335579476839264,-2.391623219783588,-0.5748302306098718,0.0,-0.1349678624269577,-3.813794405766163,-0.8432601523742012,0.0,0.9689353771805864,-2.810344860585672,-0.13046308830852704,0.0,1.2203483498478507,-4.4956081920300495,-0.33201926277574967,0.0,0.7548843035004421,-3.355971496647305,-0.3366959683548358,0.0,0.514139887792222,-2.7054465290242615,-0.31101786596905356,0.0,0.7309958004830165,-4.6517289918149265,-0.12895921998035828,0.0,0.7240294029661334,-5.515711243861953,-0.263677858400762,0.0,0.3730857072258143,-3.25456433942173,-0.2415594021253403,0.0,0.26465288866206993,-2.5850622350110917,-0.2310040973417846,0.0,0.024583058101966905,-3.7935797502926842,-0.13127557433483195,0.0,0.05704248451146302,-6.742512617012971,-0.40199059618845734,0.0,0.060712079608690475,-3.7660989188294662,-0.31798215117223516,0.0,0.04511175708898209,-2.913012497039828,-0.28360811295647603,0.0,-0.3588977767376309,-2.1921267636032487,-0.13812491227964752,0.0,-0.5691523122324257,-4.592124921814063,-0.39863263277590094,0.0,-0.4688068578315927,-4.5458795074498735,-0.42752132655094816,0.0,-0.3271164947057135,-3.70204837061163,-0.35721747176609014,0.0
0.0,0.0,0.0,0.0,0.19662748435400232,-0.1759049296263103,-0.12658243125497923,0.0,0.4544839488529733,-0.7853998200442884,-0.23968101154725502,0.0,0.44012370003369494,-2.313631538977389,-0.5149997054115597,0.0,-0.10867868424033718,-3.7268220363490667,-0.7765830410515093,0.0,0.9545258201001957,-2.9790451610623188,-0.16645509854713755,0.0,1.189763223277698,-4.550626585269328,-0.367764728777722,0.0,0.739409045164946,-3.3601713910412943,-0.3484763784371903,0.0,0.5089330078319598,-2.719307886751615,-0.3156882391271766,0.0,0.6964055064903665,-4.921170920072549,-0.21609481771159514,0.0,0.6781482019785783,-5.449420827722858,-0.32348353106917255,0.0,0.3555500858954492,-3.2142889183772105,-0.26226675050176274,0.0,0.25276329425724803,-2.554877758017596,-0.2400298201801104,0.0,-0.019272967684353152,-3.7764111990631113,-0.21209558217528884,0.0,0.02949241845190827,-6.744670641635237,-0.5023801229310266,0.0,0.05054219517595484,-3.737453422925075,-0.3593246825244663,0.0,0.036539381998141204,-2.8816190080098036,-0.3081468444331444,0.0,-0.36836081075182436,-2.0946894302516137,-0.1903780860841676,0.0,-0.589190869205365,-4.519026414824091,-0.489023673689453,0.0,-0.49036838042454145,-4.5824642057460325,-0.5133911001320524,0.0,-0.33883070251629405,-3.6639891245388445,-0.40942667827959034,0.0
0.0,0.0,0.0,0.0,0.19867742372295089,-0.174442924087232,-0.1386077808106146,0.0,0.46119780083161005,-0.7821276249818572,-0.2606103389236397,0.0,0.44106966067578324,-2.3626697174922073,-0.5635963689374339,0.0,-0.12032877687820014,-3.799524722575425,-0.8342369004259771,0.0,0.9610368916047503,-2.9026411221229163,-0.15481425407191834,0.0,1.2074867724595195,-4.572498411146689,-0.35602686775621656,0.0,0.7421435478134122,-3.3650260436744124,-0.342988560815148,0.0,0.5085514047317867,-2.710179740031077,-0.31249158789440484,0.0,0.7104300458139903,-4.78527785698086,-0.16524898489214637,0.0,0.7008196904485563,-5.507748277256113,-0.2846773151428374,0.0,0.3653537358353779,-3.2516623703164407,-0.24744144607283175,0.0,0.26177777233894184,-2.584812582430083,-0.23310989668941293,0.0,0.008793268926498832,-3.8188733699474633,-0.15689178401599221,0.0,0.05264279354745122,-6.735280033144415,-0.4262829191552039,0.0,0.06192145073416416,-3.7678197586535496,-0.32878596066013166,0.0,0.047948223499355874,-2.9079760606066687,-0.29024872896254555,0.0,-0.359084697286727,-2.1913111051336234,-0.15182400868563284,0.0,-0.5722310882173105,-4.62167861151162,-0.42191796240793755,0.0,-0.47298851154871946,-4.603004184077462,-0.45194926014105197,0.0,-0.327373658877284,-3.725496329633863,-0.37388089839166216,0.0
0.0,0.0,0.0,0.0,0.1929977285904074,-0.1711375976557572,-0.13218868748182705,0.0,0.4586954107399089,-0.7868843157313798,-0.25130906362822675,0.0,0.44552729602085656,-2.364164042223338,-0.545114115713084,0.0,-0.12044939337032531,-3.8098869875372623,-0.813467242169678,0.0,0.9646321558099781,-2.9466121980725086,-0.17085912120950775,0.0,1.1988111320104422,-4.544276268668659,-0.3727053918685298,0.0,0.7401699721929045,-3.355208758951892,-0.351049823885675,0.0,0.5069112217101448,-2.715543211329429,-0.31771765016442954,0.0,0.7169292755051012,-4.877239412369927,-0.2059408165140559,0.0,0.6967885019286091,-5.449308225472661,-0.3165716719256606,0.0,0.3626575539518689,-3.229516053777795,-0.2604574501547817,0.0,0.25570122422327296,-2.5702511242200763,-0.23991972115920776,0.0,0.005097557881591192,-3.829793051424972,-0.1956529814318945,0.0,0.06162086055598482,-6.7397071639166,-0.47676080358692224,0.0,0.06591262270238861,-3.7718078696058206,-0.349132778500291,0.0,0.04669620630216065,-2.9106232321904524,-0.3019993750321879,0.0,-0.3571733273890759,-2.164708604643361,-0.1772328769144441,0.0,-0.5666135208967128,-4.645457130164647,-0.4711921324564883,0.0,-0.47249621281628135,-4.664586872272252,-0.4962331181413634,0.0,-0.33093338667402794,-3.7332340721139268,-0.3994452270497762,0.0
0.0,0.0,0.0,0.0,0.1947658567155367,-0.17251712058451601,-0.13361039790714357,0.0,0.4603415209393222,-0.782512084021572,-0.2529091342231573,0.0,0.4390554183560626,-2.3317592917494308,-0.5446245310488314,0.0,-0.12785528055468157,-3.7424786949732822,-0.8087379094308677,0.0,0.962826208809008,-2.9532740722966175,-0.16889902552177377,0.0,1.192618033865467,-4.5250677395965155,-0.36794701379000416,0.0,0.7372848611666458,-3.346928759430559,-0.34778918271860126,0.0,0.5056413055162335,-2.7124666462862113,-0.3152662604037601,0.0,0.7049073427903518,-4.84540109095281,-0.19784271761159392,0.0,0.689243540916811,-5.422060224013547,-0.30829881704073137,0.0,0.35931481101420776,-3.2163695016983955,-0.25606494811178293,0.0,0.2538268044258802,-2.5642250256363677,-0.23718249925829735,0.0,-0.003421547075151901,-3.782027084759483,-0.18622290680472087,0.0,0.051360093838619565,-6.719754521153006,-0.46771469837703056,0.0,0.06245854378478163,-3.759291237836648,-0.34579604803275993,0.0,0.04512490700292539,-2.9016963204375914,-0.3000895604967268,0.0,-0.3614929786526118,-2.1409362566036743,-0.16997658383972616,0.0,-0.5735795231108821,-4.588563496040219,-0.45891190784877106,0.0,-0.48037849927135434,-4.656964969126949,-0.49154076424427345,0.0,-0.3346301199628082,-3.7349219607273536,-0.39757491808814877,0.0
0.0,0.0,0.0,0.0,0.1960549849900535,-0.17396218542837327,-0.1326027207036248,0.0,0.46125200916200343,-0.7834707862057994,-0.2522096691297013,0.0,0.4428838151484187,-2.3222777545355293,-0.5455052260894235,0.0,-0.1212508834292694,-3.616750464543261,-0.7995885117868345,0.0,0.9571258649661526,-2.94458416291445,-0.16949693578293523,0.0,1.2015828222719653,-4.533516662960089,-0.37773515044104483,0.0,0.7459693331134947,-3.358569689541749,-0.35918932974818624,0.0,0.5125019042150043,-2.7179184838392993,-0.3257263281373879,0.0,0.7010489508972425,-4.86310344322667,-0.2105493006682337,0.0,0.6929726728778874,-5.436205469376456,-0.3283639972312237,0.0,0.3605216107224053,-3.2185934151949347,-0.26950141761569363,0.0,0.255449588404126,-2.560747364571738,-0.24792531514811378,0.0,-0.010295000801742915,-3.803689140548524,-0.20569821817179126,0.0,0.05226281867346653,-6.701917927990322,-0.5002638754249501,0.0,0.06340271379445768,-3.7360155479350836,-0.36401599563822545,0.0,0.04797302962641257,-2.8848330420922106,-0.31462950566568954,0.0,-0.3680355747254738,-2.1371623440777245,-0.1868982692482738,0.0,-0.578256962109206,-4.5536682431846,-0.4912812374972339,0.0,-0.483501562674195,-4.589318928796971,-0.5211903560297393,0.0,-0.3374063832852831,-3.67894507501806,-0.42116205948018853,0.0
0.0,0.0,0.0,0.0,0.19723224005304496,-0.16714590600790702,-0.13372168461700043,0.0,0.4635257582237766,-0.7789874541142138,-0.2519216822308479,0.0,0.45134508613314495,-2.304569189276148,-0.5361515476046916,0.0,-0.10645355135945629,-3.5621125791802077,-0.7725929174347654,0.0,0.9671309811460741,-2.9576221241491134,-0.16981739493545067,0.0,1.2053447520784633,-4.531835635054376,-0.3668940721060941,0.0,0.7455997336896711,-3.3447175002617935,-0.3460065254278554,0.0,0.5136589406520754,-2.7107151457486163,-0.3143516856653078,0.0,0.7119018241839415,-4.868308733973406,-0.1984507931205582,0.0,0.6942872749568274,-5.419738915700946,-0.30770107554947224,0.0,0.361485358263274,-3.202590058389122,-0.2558910391180014,0.0,0.25829181896052655,-2.552084100354232,-0.23721146027267292,0.0,-0.0026909240108863365,-3.770439541978774,-0.18524577592489452,0.0,0.05770619470755674,-6.678652263046618,-0.46842961504141456,0.0,0.06706715664951673,-3.7277781114384196,-0.35119812819326357,0.0,0.05225151697997732,-2.880314957260224,-0.30682633340520793,0.0,-0.36003600577887546,-2.1272144518050697,-0.16873258435489677,0.0,-0.5643427313049447,-4.573995985958385,-0.46471048546887117,0.0,-0.4733175583820231,-4.623291881033905,-0.5036785202867811,0.0,-0.33007574286064667,-3.6952664768829977,-0.40968097868985776,0.0
0.0,0.0,0.0,0.0,0.19726746574814932,-0.17182620865852033,-0.13796978981471794,0.0,0.4630837061446389,-0.7777743596104998,-0.2642601247560877,0.0,0.44654535615410934,-2.3499831368329134,-0.5794994596435974,0.0,-0.13382758789197133,-3.6470392088347223,-0.8443736449615652,0.0,0.9565948333995985,-2.8558530965767313,-0.18749545050478794,0.0,1.2184041032470532,-4.530990859306565,-0.41043957993468505,0.0,0.7517857815861305,-3.335463155465568,-0.3792457679329923,0.0,0.517244853894721,-2.69331576611407,-0.3391553071650074,0.0,0.7013617311955512,-4.669161477649672,-0.22753198574343825,0.0,0.716355764293798,-5.467218506699794,-0.3586674630523613,0.0,0.37345572506292996,-3.216809189074894,-0.2842240838183777,0.0,0.26740993124472145,-2.562215053550963,-0.2588182691713442,0.0,0.0069722672567686435,-3.7010644971880815,-0.21430692819522953,0.0,0.07062580699192442,-6.741925527828798,-0.5287879663766989,0.0,0.07544462141883468,-3.740005888950262,-0.37418051758517357,0.0,0.05922961998118358,-2.890169215268862,-0.32060068236619493,0.0,-0.3559115622212475,-2.1172994807788106,-0.1910775290410335,0.0,-0.5602172700060075,-4.5591880093019945,-0.5034944406648342,0.0,-0.4581277578534594,-4.605875829763054,-0.5307058642391899,0.0,-0.30891481464410536,-3.6859101910644823,-0.4257146495224378,0.0
0.0,0.0,0.0,0.0,0.2011879902775863,-0.1765629433167576,-0.13472548673567317,0.0,0.46635968166532127,-0.7978203419981371,-0.2540174910422854,0.0,0.42952086411412665,-2.372209999009452,-0.5456655373715744,0.0,-0.1432759809633815,-3.5859760076583376,-0.7662016835176974,0.0,0.9687077584542629,-2.907215684560021,-0.14548118360173065,0.0,1.2189901090224553,-4.529945893119943,-0.3384008644652825,0.0,0.7578824289137409,-3.3474314190787693,-0.33033156340095376,0.0,0.5225507111133436,-2.7033423970772326,-0.3032314628691661,0.0,0.7111599272830657,-4.7607151174976865,-0.1616233170071026,0.0,0.7189170066761245,-5.495428308923547,-0.28166166636217543,0.0,0.3741609456389985,-3.23610264319711,-0.24661341723884503,0.0,0.26644387271421244,-2.570565355192531,-0.23274760912752804,0.0,0.00635350717452519,-3.7469162126416955,-0.15983007633943885,0.0,0.070672598197426,-6.801201946428097,-0.43925530620332814,0.0,0.07913024550533135,-3.775796482524325,-0.33707856487474547,0.0,0.06358115653517185,-2.9097673633418903,-0.29717029263720224,0.0,-0.3544482395957968,-2.149979044530862,-0.1569627207056177,0.0,-0.5587379226670671,-4.605391762908443,-0.43073298714597513,0.0,-0.4531532351850332,-4.615636051447835,-0.46276228392365637,0.0,-0.30319212931766326,-3.7041679860882373,-0.3797108364945444,0.0
0.0,0.0,0.0,0.0,0.19755228472404132,-0.1695867981534853,-0.13540731765272224,0.0,0.4598487264436689,-0.7736490196428726,-0.257522441471504,0.0,0.43291415318516935,-2.3077357682985604,-0.5554525909185162,0.0,-0.12440565883274066,-3.5697936528744094,-0.8032993209632777,0.0,0.9565629204276971,-2.8693286254766077,-0.18250759219883736,0.0,1.2262757101689816,-4.517466720903979,-0.3949757028356329,0.0,0.7584656811901355,-3.3314250550004068,-0.3661987374183883,0.0,0.5203108639024319,-2.6922900902851787,-0.32866760744276596,0.0,0.7046237016819058,-4.701825867548335,-0.21987834021263977,0.0,0.726407566208106,-5.452056973060311,-0.342123508271226,0.0,0.3767085535122901,-3.212457709467875,-0.27696714011929946,0.0,0.26655802698434544,-2.5523291601611855,-0.2538261757157047,0.0,0.007803163341687027,-3.727093678648251,-0.20604893558510876,0.0,0.08275564125027189,-6.755549377631989,-0.5082305540776195,0.0,0.08292444738375272,-3.7462480686425628,-0.36918905618376835,0.0,0.06444790797840762,-2.88533246826827,-0.31918628701174384,0.0,-0.35362587553221936,-2.1413521590236506,-0.184288999757616,0.0,-0.5508298047423702,-4.612278238415563,-0.4871333466853555,0.0,-0.4469795249614063,-4.625029360823462,-0.5157196856872829,0.0,-0.30067392677498916,-3.684799179682705,-0.4159443352138042,0.0
0.0,0.0,0.0,0.0,0.19978800545833234,-0.1740726317801407,-0.132611138766037,0.0,0.4607712364304773,-0.7946342910004398,-0.2491342466900711,0.0,0.41258112784546436,-2.3759516916142656,-0.5342842914004591,0.0,-0.15570263288155545,-3.598245981505875,-0.7482139501419224,0.0,0.9635849765139908,-2.875353727760491,-0.14673229698982235,0.0,1.2167481274845118,-4.53613404738213,-0.342861173833163,0.0,0.7553220281591579,-3.3449174426787773,-0.3311143150758224,0.0,0.5229247263588337,-2.708609421584753,-0.30321939987963736,0.0,0.7129044320138421,-4.727796192393175,-0.16532509025004014,0.0,0.7127525950325632,-5.479580963087246,-0.2853883656965546,0.0,0.3744181598238206,-3.2264158248347736,-0.24613945565627846,0.0,0.26973089110001813,-2.570537630021006,-0.23120405755276044,0.0,0.010917877005555595,-3.7686094301567112,-0.16403533037412768,0.0,0.06362292623988779,-6.770220070804201,-0.44145944457287584,0.0,0.07385962772187547,-3.7572570645955374,-0.3381683464247471,0.0,0.05902593775571473,-2.901950284972587,-0.2979092801909193,0.0,-0.3564053511598945,-2.164427398720166,-0.1584975038855198,0.0,-0.5656538468992597,-4.605738861121265,-0.43237438933396544,0.0,-0.46025743637928834,-4.588984554240184,-0.462340961764301,0.0,-0.3139227706801597,-3.7011647097752847,-0.38072990466436674,0.0
0.0,0.0,0.0,0.0,0.19894113167719232,-0.17562817150101595,-0.1313077317681349,0.0,0.46507420765258306,-0.7924042294138538,-0.2503537556862762,0.0,0.42918904965556065,-2.361010457404839,-0.5449605923403831,0.0,-0.1452766094849374,-3.6900760154162797,-0.7983926408745455,0.0,0.9474571397442546,-2.894427318697555,-0.17875760335121285,0.0,1.2095824173198393,-4.534877252105343,-0.3967134567800199,0.0,0.7523191554312658,-3.331208051390638,-0.36723489953122723,0.0,0.5226596340238737,-2.694940710872777,-0.32996067773575055,0.0,0.683251472349523,-4.6908632852732275,-0.2273849972930006,0.0,0.7030048470242373,-5.464318879103738,-0.3572043250806456,0.0,0.36848282281393413,-3.214710116206228,-0.28441864234532366,0.0,0.26448606985412587,-2.5569385906599593,-0.25916961676253714,0.0,-0.003987228289945054,-3.687217956400283,-0.22259892832531686,0.0,0.0620838354714104,-6.75880461313362,-0.5469659467823974,0.0,0.07276411797644038,-3.741506082581775,-0.38789937177139866,0.0,0.05789383585072578,-2.883771833113271,-0.3316140185567853,0.0,-0.35752559104543885,-2.100703605376446,-0.1995179765959134,0.0,-0.566591826337478,-4.5433227516353405,-0.5268261643157334,0.0,-0.4647786503122602,-4.614958194226058,-0.5614014657019502,0.0,-0.31311046144369786,-3.6756003284902614,-0.44895836845886533,0.0
0.0,0.0,0.0,0.0,0.20351800086455343,-0.17989177314315083,-0.13785386073396655,0.0,0.46981843838393533,-0.788371346963162,-0.26057789131396053,0.0,0.44128026497257206,-2.34805341152218,-0.5624392874790313,0.0,-0.11725144980189307,-3.6351841558872744,-0.8067858441394657,0.0,0.9893066031896783,-2.8258710405672223,-0.1440442938565925,0.0,1.2489513499759586,-4.490557861121704,-0.34787567369451616,0.0,0.7693426198601409,-3.319989495310531,-0.33924821272214956,0.0,0.5274247092240982,-2.6803998158339075,-0.30930574499590785,0.0,0.746529893780275,-4.583860464324884,-0.15426524142248166,0.0,0.7838867240409148,-5.499749193621162,-0.2872351970259688,0.0,0.4071830613865944,-3.2307565412053267,-0.24889505486968233,0.0,0.2919476307627969,-2.5690974223929377,-0.23366784979300087,0.0,0.04276334567569282,-3.685753625428512,-0.15422713323208248,0.0,0.12461814822472823,-6.862765282571286,-0.4448856373887234,0.0,0.09861413487651491,-3.7676850404762927,-0.3334360201578136,0.0,0.07494991946043336,-2.9001984374395393,-0.2912750937805697,0.0,-0.34073713534674305,-2.1312531180195684,-0.15314395007630982,0.0,-0.5231795598162402,-4.591902626840284,-0.42640700314113916,0.0,-0.4234538475511623,-4.616919554454455,-0.45321496634625974,0.0,-0.2819257821912551,-3.7178669074175614,-0.3690652839640311,0.0
0.0,0.0,0.0,0.0,0.19621692993417117,-0.17432137739230893,-0.13039088611965602,0.0,0.4660889791597945,-0.779213782233667,-0.24892157693137468,0.0,0.44925511518017164,-2.3168090709711935,-0.5404365145839273,0.0,-0.11156902910118595,-3.5739658547209983,-0.7844445807030461,0.0,0.9685041665101023,-2.8545103200239947,-0.1784472213365207,0.0,1.2462684455067323,-4.532191254846117,-0.394891382439069,0.0,0.7707506903602135,-3.323059167914898,-0.36205238167645126,0.0,0.5329506220917957,-2.6862959486038878,-0.3237359854138549,0.0,0.7278578139797436,-4.630153949570859,-0.22837863171969844,0.0,0.7640948150132204,-5.472494657587538,-0.35698251175085766,0.0,0.39792722399322855,-3.205767625145625,-0.280136610335056,0.0,0.28386716241990073,-2.546018093897453,-0.2534766647505386,0.0,0.03679760453255419,-3.6918714713901557,-0.2256606644154032,0.0,0.12598494483775513,-6.793155479172999,-0.542933228472647,0.0,0.10350119297351078,-3.7496994537716377,-0.37933870280496595,0.0,0.07869547817833282,-2.88388539536987,-0.32190116616745035,0.0,-0.3370468987884047,-2.12538927594364,-0.2028872570151753,0.0,-0.5210060220297615,-4.628785258629741,-0.5261346751944636,0.0,-0.41721570717433903,-4.65325013094648,-0.5469253470166505,0.0,-0.2762447622496625,-3.6898364826697496,-0.4321048101585677,0.0
0.0,0.0,0.0,0.0,0.19531826301162572,-0.17165152433059536,-0.1325627869811022,0.0,0.4676084583381037,-0.7709690831442559,-0.25396079849483905,0.0,0.4627565836962884,-2.3098105159071034,-0.5548886088038106,0.0,-0.0978128508259245,-3.6604014605221393,-0.8260625627232442,0.0,0.9647747512929619,-2.8396723243039115,-0.18932190709779684,0.0,1.2513853826752297,-4.547571013767346,-0.4165814214328313,0.0,0.7719078099992159,-3.3264738975439645,-0.3776856178809482,0.0,0.5335800260939199,-2.6835046646595773,-0.335577774170947,0.0,0.7251183621200653,-4.60219821981288,-0.2421211667293807,0.0,0.7645248108402779,-5.462828355527369,-0.3758101119642779,0.0,0.39816726418639936,-3.202711021279358,-0.2911494953172065,0.0,0.28446851078746394,-2.5442798437173564,-0.26240681073430827,0.0,0.03967200335336541,-3.6856334550589684,-0.23613190367821668,0.0,0.13028486897180602,-6.760083875373812,-0.5631381265977711,0.0,0.10470206644823857,-3.7445620738407577,-0.39027562763278034,0.0,0.07926673497929182,-2.8819679657197432,-0.3302780966502076,0.0,-0.33443478875855515,-2.1297824602274993,-0.2095676069960507,0.0,-0.5160845109547332,-4.633687698494928,-0.5471669312378136,0.0,-0.41462043127396625,-4.658074535056047,-0.5698820951271442,0.0,-0.2757122296653482,-3.6869423762947484,-0.4495623818442232,0.0
0.0,0.0,0.0,0.0,0.19673869259165813,-0.1760525593215615,-0.12685106582121589,0.0,0.464934622587041,-0.8023303280381672,-0.23943988247230985,0.0,0.4659229356126677,-2.4519402709094145,-0.5247320632291654,0.0,-0.10977651903824857,-3.8943203698175277,-0.7708972144041247,0.0,0.9669897838582765,-2.9171794735520855,-0.14090746611381688,0.0,1.2481091130106439,-4.609723995838723,-0.34226823483545965,0.0,0.7770598476521102,-3.3785206629853795,-0.3307905443664293,0.0,0.5377348645382466,-2.722220750690046,-0.3024661495307047,0.0,0.7305075074928632,-4.80520986255811,-0.17268787684949674,0.0,0.7499289984031453,-5.5322604356209215,-0.29385828263241914,0.0,0.39549654477548485,-3.245080524510186,-0.2474482910970369,0.0,0.2828698576286698,-2.574521748286812,-0.23019915672758687,0.0,0.026656125179429054,-3.8089748020091925,-0.18197404227293248,0.0,0.10458328054293985,-6.801581531567344,-0.4673435288499305,0.0,0.09689351434926954,-3.786820180084422,-0.3437314248618269,0.0,0.07504769294636714,-2.9079173086569385,-0.29633854013245553,0.0,-0.34588339938092144,-2.1764011243996535,-0.17631994361362482,0.0,-0.5338535635992698,-4.663114093665688,-0.47432203108444004,0.0,-0.4241757816891274,-4.666766356328756,-0.4992660038662383,0.0,-0.2792677197116553,-3.7150502733983157,-0.4001844321286219,0.0
0.0,0.0,0.0,0.0,0.19562464151401876,-0.17684838101855896,-0.12877849274288455,0.0,0.4604375196809053,-0.8084791456024344,-0.2430441652827514,0.0,0.463945317162626,-2.4908617911041433,-0.5340374585904574,0.0,-0.11575483833397533,-3.9863818621284732,-0.7862240490673017,0.0,0.9557028321758078,-2.9217584584659253,-0.14322622642897426,0.0,1.2450027030221162,-4.63372772944926,-0.3459615819842781,0.0,0.7728926980434039,-3.390152784098958,-0.3332577503996317,0.0,0.5329307005573204,-2.727028155255139,-0.30394565183946526,0.0,0.7188159272851254,-4.827848545934224,-0.16853784887403173,0.0,0.7422314617482725,-5.556226936411057,-0.28732155161332434,0.0,0.392661646650372,-3.2623236160858533,-0.2422363598092167,0.0,0.281420508147256,-2.587470083184717,-0.22564049245009235,0.0,0.019249745736938027,-3.841794749916658,-0.17372472870709824,0.0,0.09944556489704406,-6.7835613489474085,-0.4462096058658526,0.0,0.09436740507607701,-3.7951162394253704,-0.33043788364659704,0.0,0.07273036784515446,-2.9161386634151234,-0.28589807548811613,0.0,-0.35133514179542114,-2.199795427431706,-0.1690801051767608,0.0,-0.5427689167478407,-4.677372231319379,-0.45682507220046376,0.0,-0.4317994311981879,-4.677395789997587,-0.48067187015976576,0.0,-0.28429864593203863,-3.727506121505319,-0.38589765699825124,0.0
0.0,0.0,0.0,0.0,0.20230644197352407,-0.18464729537472915,-0.12782917793916157,0.0,0.4696890114917461,-0.8061934418253746,-0.24222657041944273,0.0,0.45996189757281625,-2.394989484604398,-0.5246465350554945,0.0,-0.09181620693602645,-3.90043349541204,-0.7885214989396911,0.0,0.9980588837934913,-2.988407922391712,-0.1298906801788317,0.0,1.2369827619207112,-4.586974568514306,-0.3220555877618392,0.0,0.7713588713548533,-3.384989622306326,-0.31958140078226865,0.0,0.5349255958613135,-2.732871764525484,-0.29525750517816707,0.0,0.7620164589791529,-4.927258573663174,-0.15124081758486813,0.0,0.7437013953297149,-5.4868766460211225,-0.26914344081906993,0.0,0.3948623418487637,-3.257376721525392,-0.2378753454627191,0.0,0.28412619196928685,-2.5857301627362,-0.2240492465476339,0.0,0.03311412832411046,-3.845214686822627,-0.1601484564362631,0.0,0.1107388844241229,-6.7675757115007515,-0.4396428124561252,0.0,0.0959643509568424,-3.792634906513695,-0.33214517642543107,0.0,0.07571942525632192,-2.9129706579439065,-0.2878689966844791,0.0,-0.3403341334283955,-2.173353595927809,-0.15907571738679946,0.0,-0.5298143134041413,-4.626037117011884,-0.44773054453740296,0.0,-0.429677340247811,-4.709075591644656,-0.4830583021936168,0.0,-0.28170694674913654,-3.7797749239834584,-0.3905146612250627,0.0
0.0,0.0,0.0,0.0,0.19939650056462294,-0.17995347997431144,-0.12961925577146718,0.0,0.4624120607414844,-0.8105619374021018,-0.2455685211809075,0.0,0.4426607740299775,-2.4791232475469305,-0.5404781889269514,0.0,-0.13839479400741217,-3.9771570426343663,-0.7957426620076611,0.0,0.9554756414162912,-2.897786606243456,-0.14310584655031497,0.0,1.2345247549093503,-4.560073334065046,-0.3425627927611376,0.0,0.7709999027953999,-3.3635301787799707,-0.33056616538156536,0.0,0.5340505547141318,-2.7167409006291767,-0.3018727437008593,0.0,0.7056193391983002,-4.711306220531654,-0.16698399752767704,0.0,0.7316214255421685,-5.507679178128238,-0.28854180656348216,0.0,0.3853460774631987,-3.245945889742741,-0.2436181438333612,0.0,0.2766807281940348,-2.5798659261953643,-0.2275124507394072,0.0,0.013543200529234063,-3.7523057518242413,-0.17282895031330842,0.0,0.09004935468925718,-6.777838188926422,-0.45772505870616426,0.0,0.08934865419852744,-3.8008591963199363,-0.337725454442812,0.0,0.06880146980516263,-2.9284518754090754,-0.292133303703571,0.0,-0.35149523916223735,-2.1697505098817036,-0.16907928466917008,0.0,-0.545120664811167,-4.656486038148838,-0.46261774888681323,0.0,-0.4371896308112222,-4.678251877954759,-0.4883262989697691,0.0,-0.2898106828505039,-3.720911258700839,-0.39103336968914937,0.0
0.0,0.0,0.0,0.0,0.1972529021745882,-0.17393192828735876,-0.1317114988135416,0.0,0.45418227155789026,-0.7999956228847275,-0.24700865220249998,0.0,0.4309584212020039,-2.4399061508867588,-0.5331811067506929,0.0,-0.13313183621421915,-3.9306028389927463,-0.7756297349535994,0.0,0.9501376062386273,-2.8429543488543003,-0.13027367936714432,0.0,1.225241969809206,-4.592872413060462,-0.3155755840128829,0.0,0.7515118827683684,-3.3702861701483715,-0.3052202782172463,0.0,0.5160233913347559,-2.728083514360583,-0.28083414901639175,0.0,0.7006708424706657,-4.603495305509174,-0.12609160942583902,0.0,0.723536885962604,-5.508210222155428,-0.24029553703731388,0.0,0.37855326734743655,-3.241428051894272,-0.21523400872547135,0.0,0.2715578633029325,-2.5893875971480207,-0.20610764280067453,0.0,0.02162388443553954,-3.73524605805438,-0.12431671771605123,0.0,0.09027946340205285,-6.769831079667402,-0.37183900803117226,0.0,0.08773087653151607,-3.776285071245535,-0.29702136196797485,0.0,0.06732918263975847,-2.918248716706311,-0.2661226851023596,0.0,-0.3471663105679267,-2.2092058037473357,-0.1301058700838476,0.0,-0.549730562357411,-4.71097669128381,-0.38240707582356,0.0,-0.44172942641604923,-4.675170043128327,-0.41615394195857824,0.0,-0.2960922495270105,-3.748639614419419,-0.34461368584745056,0.0
0.0,0.0,0.0,0.0,0.21149009716421166,-0.19120209860381324,-0.1273190091522739,0.0,0.4835742191976057,-0.8344245372266967,-0.23344669051267203,0.0,0.46352509614946813,-2.5339170795548327,-0.5041741652809152,0.0,-0.12262971284106597,-3.9655252467376836,-0.7148505746809701,0.0,0.9689602202351705,-2.879495168144594,-0.07462974826612218,0.0,1.2341612822204675,-4.575414831674276,-0.24135409223823534,0.0,0.7642740023210213,-3.399566226162695,-0.2641273898254836,0.0,0.5230734985549428,-2.7473645694174076,-0.2541050754784877,0.0,0.7158245199153481,-4.672491753989087,-0.058336355199104156,0.0,0.7264403918432367,-5.544958249788902,-0.1782482201983804,0.0,0.3815491552658389,-3.2663417000835104,-0.18782181862779795,0.0,0.2741644772023673,-2.603596385230243,-0.18857009185534818,0.0,0.02045608796530555,-3.7439233035819024,-0.08423696201112231,0.0,0.07427944378638418,-6.8014429566690495,-0.32616090315118423,0.0,0.07686077370984605,-3.7983793241894888,-0.27557531449388506,0.0,0.05791365801721227,-2.938970233436399,-0.2504789572910761,0.0,-0.3533856905881837,-2.1566326114942784,-0.11290300528092931,0.0,-0.5564700150058699,-4.605603642933343,-0.3514467543102715,0.0,-0.44896796096164676,-4.589621594940137,-0.38414335138820543,0.0,-0.3018006454387147,-3.689539805630477,-0.3186189024308127,0.0
0.0,0.0,0.0,0.0,0.2042850528161184,-0.18257139199984743,-0.12724309509965587,0.0,0.47366088520693195,-0.8093507160114349,-0.23883213662981528,0.0,0.48277513511537523,-2.4926570909472052,-0.5260468035964047,0.0,-0.08801456318094701,-4.04273200633122,-0.7845678581394442,0.0,0.9593769026865707,-2.8709518883070073,-0.130477740524162,0.0,1.2491049593576735,-4.615216469655944,-0.3302179308868971,0.0,0.770678222405019,-3.384092495232069,-0.3205260473420712,0.0,0.5307107275813221,-2.731662070101905,-0.2936057628017762,0.0,0.7123991692184177,-4.627708252993644,-0.1451329968338305,0.0,0.7471853633645564,-5.552412154705078,-0.2737189349850961,0.0,0.3893223780579612,-3.2353455696458315,-0.23343081522944287,0.0,0.27837680124640424,-2.5711736008172394,-0.2186808340583073,0.0,0.03140829805322598,-3.701771447648123,-0.1525755985100879,0.0,0.09718342790954405,-6.792559790517215,-0.42959904863079534,0.0,0.0917749458176688,-3.774957156721321,-0.32177414084183337,0.0,0.071858425646373,-2.9136279723091136,-0.2807803980935055,0.0,-0.33902228709782256,-2.1520315593084045,-0.1541593353385176,0.0,-0.5380125279951269,-4.591065768948205,-0.42956925097267523,0.0,-0.42840712946347176,-4.648433470520295,-0.46159926249048017,0.0,-0.2789230971201593,-3.722099903532327,-0.37344147744243444,0.0
0.0,0.0,0.0,0.0,0.21471809091853206,-0.18647953370150738,-0.13636121117379332,0.0,0.49028560254252773,-0.8096184625473237,-0.25142198463771215,0.0,0.45741293781322423,-2.4262051968155958,-0.538159132563488,0.0,-0.12778144485646661,-3.6605944460908133,-0.7439712756573347,0.0,0.9847120644108179,-2.8373470744959364,-0.09647881937276677,0.0,1.258378166301414,-4.552875832720259,-0.26773867428403547,0.0,0.7807441558588898,-3.3910653194268368,-0.2856159891224798,0.0,0.5332954268026394,-2.729347882928908,-0.27107382829332677,0.0,0.740459666458904,-4.616892406854975,-0.0740121663536593,0.0,0.7535000458443906,-5.518538382576862,-0.18755672631535358,0.0,0.39487175203518066,-3.258686002152074,-0.19904183452799634,0.0,0.28204854321632294,-2.5903815949394464,-0.2006859545130163,0.0,0.04163633178243482,-3.729200094614975,-0.08415152396017306,0.0,0.10696227416594782,-6.776353018517516,-0.3184988268633278,0.0,0.09044067562445039,-3.7776449684915945,-0.2836649232818331,0.0,0.06517064987778838,-2.908074957012305,-0.26218471291508233,0.0,-0.3406387074202167,-2.178235571871399,-0.1069917575364958,0.0,-0.5293788595055101,-4.652017439595456,-0.3354630944189564,0.0,-0.42348203727305295,-4.594631277689095,-0.37616000978472247,0.0,-0.2855282022030792,-3.690173252358674,-0.32043010753604334,0.0
0.0,0.0,0.0,0.0,0.20412235594300604,-0.18292054700074745,-0.1259197987151134,0.0,0.4777972700617325,-0.8116082257622792,-0.2383131798104236,0.0,0.4780909277855348,-2.458085933276672,-0.522380794168103,0.0,-0.092968666341653,-3.8924003057045615,-0.7679565832721955,0.0,0.9698180713608268,-2.8852909488440934,-0.14726281379332687,0.0,1.246371151613911,-4.573525543448208,-0.3445440943124775,0.0,0.7669612081645631,-3.3572450774325753,-0.32564038271327567,0.0,0.5266669283686146,-2.7128168734681735,-0.29580276270865274,0.0,0.7229014973767959,-4.634377223379004,-0.17653051966947164,0.0,0.7712229165385853,-5.571201704374938,-0.30259293099094803,0.0,0.39847091148061753,-3.2402883537906475,-0.2482979385388291,0.0,0.28294266867126594,-2.5681157833787163,-0.2295124100209901,0.0,0.034780973340320494,-3.6749694078673025,-0.17963708077667784,0.0,0.1203681123534546,-6.859839622527761,-0.4705405386481693,0.0,0.10384195632167466,-3.7812902197431795,-0.3403094705078132,0.0,0.08117832835762724,-2.9052876006152655,-0.2935488780546784,0.0,-0.3367128355008764,-2.119936955806634,-0.1710866319439447,0.0,-0.5244477577420943,-4.594343787021103,-0.4613410535850424,0.0,-0.41413042005958595,-4.690807494464524,-0.4938138811081399,0.0,-0.2634419146827291,-3.7381304024136184,-0.39612591930738905,0.0
0.0,0.0,0.0,0.0,0.21150078917364878,-0.17648208692948597,-0.13246491776452432,0.0,0.484865113883365,-0.7953079615412483,-0.24801138708985374,0.0,0.46046118401886676,-2.407955036295772,-0.5376904569340198,0.0,-0.10282302473611996,-3.6883380962071532,-0.7627581499538122,0.0,0.9810523780659419,-2.8090749224791773,-0.13835413628396237,0.0,1.2675171252944644,-4.5479070819618865,-0.33562074636782424,0.0,0.7830338993608492,-3.359492876612415,-0.3258016943473104,0.0,0.5377333931063841,-2.712347575200785,-0.29876862662978726,0.0,0.7485270681779335,-4.607386060283553,-0.15400979521675962,0.0,0.7657314452316195,-5.513470678943586,-0.27899216948755334,0.0,0.3994234786009839,-3.2383861974112977,-0.24312601520463328,0.0,0.2853151491696062,-2.5746957060335722,-0.22921733353592585,0.0,0.05286809448048519,-3.7202118844523278,-0.15725205981991267,0.0,0.12228481833594737,-6.768655374650158,-0.4340296105634073,0.0,0.09908521465591179,-3.7452572552338275,-0.3325156288683631,0.0,0.07465113328917977,-2.8841829340192153,-0.29245377282551466,0.0,-0.33119355644766735,-2.155021496105502,-0.15556032628972116,0.0,-0.5194622985884396,-4.624883643042564,-0.4293661588526461,0.0,-0.4112037974194418,-4.609882731250953,-0.45960653292273557,0.0,-0.27098584306912316,-3.7023825011519738,-0.3773158850037866,0.0
0.0,0.0,0.0,0.0,0.20460885929751518,-0.16970334458540462,-0.12346544212091586,0.0,0.47434079304999904,-0.7890559708821631,-0.23100827039590158,0.0,0.4670601108484318,-2.3681843040007395,-0.4956768556093912,0.0,-0.08401460119970582,-3.6799817777200743,-0.7160185609339691,0.0,0.9823180957684922,-2.8890136687887984,-0.15265172764321813,0.0,1.2547044227792599,-4.53870978898459,-0.3476147803438446,0.0,0.7758441886639164,-3.3416324794108103,-0.3280392310730775,0.0,0.5343684129106911,-2.708076289232859,-0.29933393162948574,0.0,0.7520944345887846,-4.712629472769253,-0.1947453623683565,0.0,0.77651195604065,-5.498312464383254,-0.315338150911279,0.0,0.40590724107640047,-3.2177814819748813,-0.2601616733305152,0.0,0.29037915606193665,-2.5541895366181953,-0.24033450712704818,0.0,0.04689487589143519,-3.705528858445812,-0.1985690840037353,0.0,0.12710867073343884,-6.787759453007575,-0.5019953536143552,0.0,0.10568965565860446,-3.729858115624968,-0.3664852906480865,0.0,0.08249265736714557,-2.8667667557289644,-0.31689407355219573,0.0,-0.331995442607684,-2.105288695893029,-0.18302325324334298,0.0,-0.5203221130038385,-4.536850600725018,-0.493144634170199,0.0,-0.412645668910303,-4.610675934336984,-0.5350815183177667,0.0,-0.2638182472850831,-3.6794802390697114,-0.43322387302562604,0.0
0.0,0.0,0.0,0.0,0.2044551014089195,-0.17017052122756238,-0.12687650140049578,0.0,0.47528095065941905,-0.7844486798526964,-0.23784083797293024,0.0,0.4692954048495089,-2.3778234411143013,-0.5146659121309831,0.0,-0.0838093444046025,-3.745562823026029,-0.7513146531468856,0.0,0.9788946245611864,-2.8370010794961265,-0.1511076745999426,0.0,1.2674734865850235,-4.529068659420331,-0.35331614558882035,0.0,0.7874851320484637,-3.350552993694783,-0.3365979837293795,0.0,0.5423929880857556,-2.7109979771660164,-0.3067734771264912,0.0,0.7535408838138007,-4.659218908094975,-0.18920078598665024,0.0,0.7767116593820681,-5.496070354820119,-0.3164576646680933,0.0,0.4054762360991337,-3.218039504932645,-0.26230683963300744,0.0,0.29008797092523914,-2.5525342784511627,-0.24222304378384157,0.0,0.050674334733250746,-3.717329730826724,-0.19435561941027107,0.0,0.12290788061932378,-6.745982036654284,-0.4985446074298596,0.0,0.10164040524673632,-3.7304683432407084,-0.36618282163501176,0.0,0.07921042660037703,-2.8702808942985785,-0.31651786593365544,0.0,-0.33261987576499685,-2.128217800400397,-0.18128145055352202,0.0,-0.5199125650959449,-4.550625971250662,-0.48973840850064587,0.0,-0.41114420754513886,-4.588790476313651,-0.52686134465795,0.0,-0.26396366016057476,-3.672653952784967,-0.4273482113882352,0.0
0.0,0.0,0.0,0.0,0.20152517086679814,-0.16263742385452554,-0.13306121850203817,0.0,0.47213604047035324,-0.7335849509586152,-0.24811390121661311,0.0,0.48217682405809564,-2.1447824955566444,-0.5200819369265489,0.0,-0.004991003529599228,-3.6086996931895254,-0.811219860731349,0.0,0.9957439944378687,-2.881370478125942,-0.18138077938373387,0.0,1.2536712496644813,-4.547416924894761,-0.38929233302944444,0.0,0.7684780873978498,-3.334629673490521,-0.35931219356990013,0.0,0.528653775376838,-2.6965129955358162,-0.32382996185467,0.0,0.7614274028605444,-4.672053614317442,-0.22101527665779155,0.0,0.7599100585170357,-5.426240162627445,-0.34180269051518436,0.0,0.39328132118703585,-3.196448290052741,-0.28163896208911793,0.0,0.27843704373003736,-2.539873180575833,-0.2598009516914644,0.0,0.055501119507727875,-3.6790315108414715,-0.2086573497996852,0.0,0.12802064566130458,-6.7081055190817755,-0.5194566736056493,0.0,0.0971715531248224,-3.700335089754563,-0.383711777283198,0.0,0.07255239648949469,-2.848178027987405,-0.33333773746968115,0.0,-0.32415955175108974,-2.09691479722935,-0.18479166383753143,0.0,-0.5087069341907225,-4.606818285208778,-0.5058358516809974,0.0,-0.4014766009275503,-4.601372833081088,-0.5445387004081259,0.0,-0.2603878365187091,-3.6617948085291956,-0.44254811304228614,0.0
0.0,0.0,0.0,0.0,0.20111436111636818,-0.16443492499572912,-0.12743232287802334,0.0,0.4715424955856944,-0.756138452443636,-0.24042387548878505,0.0,0.48148052735461966,-2.2259584574832885,-0.5105554955219724,0.0,-0.03494119678175042,-3.616485536032597,-0.7755137755711383,0.0,0.9959438968233761,-2.9564029605723197,-0.1931554391744647,0.0,1.22881667246989,-4.541041182996417,-0.39428391107158917,0.0,0.7492590105749097,-3.3043357723572306,-0.35313107380247116,0.0,0.5159932788881378,-2.682124849968019,-0.31647112258018856,0.0,0.7513994194128253,-4.760565607089278,-0.2473250534158363,0.0,0.7566984156999768,-5.44253887453157,-0.36036498931923383,0.0,0.39286202047743707,-3.1900093645069445,-0.2824475208896689,0.0,0.27823191513856727,-2.536234243796322,-0.255760728280395,0.0,0.04357756949330565,-3.655503697844138,-0.23008587590232701,0.0,0.12725295106285925,-6.821967813729875,-0.557256068649243,0.0,0.10623780534333828,-3.7338587760109125,-0.39164632394891097,0.0,0.0831870576425365,-2.863900389059862,-0.33299580651315935,0.0,-0.32662573066527023,-2.0553461337218155,-0.19731446629117322,0.0,-0.511161082863571,-4.547908108284025,-0.5322171589163879,0.0,-0.4079179926437065,-4.705482922157726,-0.5813018201209436,0.0,-0.2594384782358086,-3.7390212412287633,-0.46442936933272083,0.0
0.0,0.0,0.0,0.0,0.20190115556430904,-0.16727760001584266,-0.1257188320850049,0.0,0.4681591854893928,-0.7744898179542786,-0.2396750287296903,0.0,0.45000972489433294,-2.258126993300467,-0.5119945411354627,0.0,-0.08507347024228418,-3.5148176491948644,-0.7528923299638841,0.0,0.9824516314512377,-2.9050148726663267,-0.18732704949509094,0.0,1.2386818818975365,-4.531127554589484,-0.39539961725611883,0.0,0.7594897579425021,-3.3149673345770236,-0.359181010277902,0.0,0.5228963427436223,-2.682868147609512,-0.32301851960935263,0.0,0.7418275069474041,-4.644762879053075,-0.24916204083710902,0.0,0.7735959412563101,-5.442435664410025,-0.3725774860907517,0.0,0.40448562345322076,-3.2012124490793403,-0.2954265911600631,0.0,0.2893214402045104,-2.536538714714768,-0.2685957925207961,0.0,0.04950382540390193,-3.6437260705729613,-0.24536864645816553,0.0,0.13329363547918854,-6.7642869214309105,-0.5795954260004246,0.0,0.10479144849239067,-3.7053401258262944,-0.41024710923470237,0.0,0.08275873589504146,-2.846516049764632,-0.3520705484678141,0.0,-0.3206825824918603,-2.0765423843638957,-0.2150448701326552,0.0,-0.5076839317068002,-4.595765663694425,-0.5686767179873026,0.0,-0.40492053927623695,-4.678348510517455,-0.6174181625822482,0.0,-0.2580721825745219,-3.70522151147423,-0.4978391118030623,0.0
0.0,0.0,0.0,0.0,0.20183051205729122,-0.16981465181863947,-0.1250823915345088,0.0,0.46777247653542986,-0.775440953828383,-0.2390405738355384,0.0,0.4509095408491725,-2.241474513959714,-0.5098741079271312,0.0,-0.08377255423857657,-3.455807036306189,-0.748266983386262,0.0,0.9840045412856091,-2.9153207371884915,-0.18861794417391536,0.0,1.2398424155571877,-4.527630023260858,-0.3996641815088602,0.0,0.7628692430643936,-3.319782179137657,-0.3647795769405736,0.0,0.5249194718604235,-2.686614246560909,-0.32786620955077317,0.0,0.746560431344317,-4.678664525115974,-0.25787219806388334,0.0,0.7739397282629822,-5.4547990360661665,-0.3838965484724913,0.0,0.40355316218571646,-3.201957237282669,-0.30213725399674457,0.0,0.28682190719766804,-2.535209077649522,-0.27332931306486596,0.0,0.049732702395946564,-3.6627598471415848,-0.256516759956596,0.0,0.1323567024579841,-6.7837579544255115,-0.6004975110395557,0.0,0.10314318728618425,-3.7008013360659513,-0.41946228307707334,0.0,0.07938342033965026,-2.840932941810407,-0.35744612470506876,0.0,-0.3211606206471623,-2.0769075643484562,-0.2238059059665527,0.0,-0.5093562592706309,-4.598197225217756,-0.5858142620614484,0.0,-0.4044016265201027,-4.664360549113079,-0.6284035994733085,0.0,-0.2592485367284179,-3.693788228879401,-0.5036267203929681,0.0
0.0,0.0,0.0,0.0,0.20266682193721652,-0.17021592048930043,-0.12811189341313872,0.0,0.4620360663742426,-0.7608250883679257,-0.2448605370169835,0.0,0.437703874407774,-2.164046724927157,-0.5167915228634852,0.0,-0.07764101119335576,-3.3868209920324257,-0.7709359750389384,0.0,0.9604655113363677,-2.8567223866153015,-0.21452533915294836,0.0,1.2264628918966822,-4.523510211029559,-0.4413059900496029,0.0,0.7474595092066351,-3.2910305058564315,-0.3877256259591556,0.0,0.5120463685679149,-2.6599597891660633,-0.3423768620225456,0.0,0.7086252165869797,-4.507176853534413,-0.287832078090863,0.0,0.7553677230435567,-5.434735515071664,-0.4241018895096691,0.0,0.3899476032558561,-3.172928366170056,-0.3206410112978407,0.0,0.27628695329875735,-2.504790465554714,-0.28449103376563073,0.0,0.03461242642763291,-3.5424590636636797,-0.2756393591695742,0.0,0.10809491591460481,-6.775073251157299,-0.6388344786646604,0.0,0.09535096761938937,-3.6870957731687355,-0.4353195539669999,0.0,0.08008496591612735,-2.823435003325529,-0.3667670815257793,0.0,-0.32707039553449246,-2.024378272118844,-0.23410349497909305,0.0,-0.527750945103509,-4.473350498655518,-0.5969232696395943,0.0,-0.4203691285350111,-4.650525755075472,-0.6513410605685566,0.0,-0.2580605144359679,-3.696769156308904,-0.5216573121689293,0.0
0.0,0.0,0.0,0.0,0.2044762253297992,-0.15289225985087807,-0.1322066243831641,0.0,0.47045638050901856,-0.7296110976882756,-0.249928989082925,0.0,0.46065702051743745,-2.130567594021277,-0.5262926921356615,0.0,-0.0521244922759237,-3.2719561435256277,-0.7673103242322776,0.0,0.9926194538605257,-2.8158671488640796,-0.22561853866858791,0.0,1.2649891028088922,-4.4950341412207795,-0.4545888816921992,0.0,0.7723685110218588,-3.2647071302140724,-0.3961472161799098,0.0,0.5326502344190495,-2.638556900111337,-0.34876908316526295,0.0,0.761307579187283,-4.502787765502253,-0.29584180460054915,0.0,0.7925884485819402,-5.4114792989024805,-0.42778640078522984,0.0,0.40663880657739,-3.1550371792238208,-0.323280082033065,0.0,0.28771360430078086,-2.494772872975712,-0.28772434847077116,0.0,0.07631582008265121,-3.556299028802118,-0.27413732183035844,0.0,0.16333762803923288,-6.755146618055937,-0.6355377106971614,0.0,0.11944085217909892,-3.669353706768848,-0.43492999699621726,0.0,0.09495241584761366,-2.817785233679175,-0.368449846846086,0.0,-0.3036469030052421,-2.0379222655158653,-0.22903879841647704,0.0,-0.4893199126033159,-4.498964665761322,-0.5887901832630036,0.0,-0.3823141922149239,-4.6217969437368795,-0.6378997796416139,0.0,-0.23343315531295858,-3.679908724796808,-0.5133117469915104,0.0
0.0,0.0,0.0,0.0,0.2073575788668052,-0.14971531362935617,-0.13030619094448034,0.0,0.47462671021765296,-0.7188123756296648,-0.24552060531863176,0.0,0.4721092743224139,-2.076510607719443,-0.5115422201430845,0.0,-0.022200488240658067,-3.1658369766588867,-0.7453319625055895,0.0,1.0044329685813715,-2.8348478756914846,-0.23090157638901745,0.0,1.261653319318721,-4.491030694239367,-0.45661035465809796,0.0,0.7622849762797389,-3.2487984223906596,-0.392996772198806,0.0,0.5229024670746937,-2.632523422609957,-0.34521416844174035,0.0,0.7713575200482823,-4.502469377293896,-0.3025300641886382,0.0,0.8099228921030952,-5.414863338455782,-0.436057459308084,0.0,0.414579619756235,-3.140373843070964,-0.32514131803832513,0.0,0.2935596697991186,-2.4878035462191757,-0.2881613190891015,0.0,0.07900955839383712,-3.5341212543732503,-0.2773963015150565,0.0,0.17026383798504946,-6.779718102058743,-0.64381071482507,0.0,0.1246858262319263,-3.66175353293107,-0.4391575461201992,0.0,0.0991927728074669,-2.8090481450701583,-0.3714042789725102,0.0,-0.3040085889267066,-2.02374330379916,-0.22937315121251656,0.0,-0.483182655745138,-4.45939435244504,-0.584667294516922,0.0,-0.3761672069335176,-4.613519820836094,-0.6391719205865151,0.0,-0.2264437098730617,-3.6874940513669263,-0.5167944673066034,0.0
0.0,0.0,0.0,0.0,0.2089713460187644,-0.14923467830458334,-0.1330357151047267,0.0,0.4794109631155503,-0.7095663485233681,-0.25093739961832723,0.0,0.4736110768972262,-2.0592418032795363,-0.5242338461106022,0.0,-0.01788661811491514,-3.17190646403758,-0.7653288613404133,0.0,1.0280678930290288,-2.8064498954185533,-0.22416883467193793,0.0,1.2943958377981188,-4.439213854215728,-0.4458865979070526,0.0,0.7914882163427914,-3.245527052325103,-0.38854328220832957,0.0,0.5449644419871148,-2.634752890498435,-0.3426767288447373,0.0,0.8120687029448953,-4.5182118671804234,-0.29462321464289487,0.0,0.8480670071580466,-5.354674184215773,-0.4227467660437141,0.0,0.4366854312544563,-3.1295304821964582,-0.31808976411206763,0.0,0.3092992659945714,-2.4868018759008583,-0.28305906390092633,0.0,0.10209326219465763,-3.5551298256978647,-0.27267608565498547,0.0,0.2187964481801081,-6.703690582135299,-0.6359421058285499,0.0,0.14866177663963426,-3.641307043294902,-0.43485172942753875,0.0,0.1154258257102239,-2.7935244250997724,-0.3661260550011794,0.0,-0.29438331201947243,-2.018719876066631,-0.2259175084295857,0.0,-0.4525718435271272,-4.438354005593816,-0.5888743198858822,0.0,-0.3522440829694369,-4.620995239856523,-0.6482759792460806,0.0,-0.21292625627641948,-3.695571339864683,-0.5225385078494301,0.0
0.0,0.0,0.0,0.0,0.21120271808839294,-0.1483870174603738,-0.13147033066524366,0.0,0.48150835587309065,-0.6975428956286035,-0.24718290233414847,0.0,0.47803465609249973,-2.022879620480989,-0.5162053550710378,0.0,-0.0009772059153489278,-3.139869855619132,-0.7619965633080172,0.0,1.0303535315731216,-2.807811101924089,-0.22608270575199557,0.0,1.2955765221419238,-4.441042086835459,-0.4512579082936058,0.0,0.7910456480033662,-3.2426070298169165,-0.3914319403967029,0.0,0.5443962609813359,-2.6306697146417326,-0.3440998018462837,0.0,0.8140215511602609,-4.52313928214661,-0.3036844868403953,0.0,0.844648275383357,-5.3436329889556955,-0.43317361943484056,0.0,0.4375959134984555,-3.1183857425211725,-0.3220037307924015,0.0,0.31242045360263415,-2.4760707835656324,-0.2843760138711588,0.0,0.09941732326669542,-3.545503472170168,-0.2831268423429863,0.0,0.21152325770687186,-6.669263514307977,-0.6532877866430534,0.0,0.14763746833425068,-3.6278645687283646,-0.4408861572049736,0.0,0.11655668903910861,-2.783409529487738,-0.36809695335993237,0.0,-0.2970955590309245,-2.000233563305222,-0.23345598668897014,0.0,-0.4588447788020395,-4.356390608462166,-0.5969281719458349,0.0,-0.3612811894892219,-4.5648640586132645,-0.6547669718838798,0.0,-0.2214882846355291,-3.662128559597884,-0.5252851059780829,0.0
0.0,0.0,0.0,0.0,0.2009848000223462,-0.15553027296757277,-0.13253965011533705,0.0,0.46475015810100406,-0.7207297630895191,-0.2550209094886141,0.0,0.47132172590697413,-2.1396944356999543,-0.5492403483184551,0.0,-0.03824288363897508,-3.4061196235805995,-0.8308742175820326,0.0,1.003329138371032,-2.8325815066538076,-0.2526794882828783,0.0,1.2816266537264311,-4.512055452836071,-0.49380290667171733,0.0,0.7756044215718729,-3.2763735502161753,-0.4183499297145181,0.0,0.5281481478512241,-2.647339675227058,-0.3616656403832959,0.0,0.7892233108698202,-4.5777026793540525,-0.3447574579143728,0.0,0.8311386775625568,-5.404318789222563,-0.4702860397465006,0.0,0.4293549497999344,-3.132171265407313,-0.3321749169665047,0.0,0.3042594687732683,-2.4828917935137667,-0.28719137889267243,0.0,0.08365009883495267,-3.6069942006178266,-0.31623551655994603,0.0,0.21653258208486084,-6.844221668953926,-0.6974980664545878,0.0,0.15250522599295185,-3.7048952600621075,-0.44787533388604794,0.0,0.11780579617072606,-2.8330640735460504,-0.36614225481310564,0.0,-0.3104893112081311,-2.03246361328603,-0.25355752089384653,0.0,-0.48275709550676776,-4.39887606580398,-0.6203507707953144,0.0,-0.3803532720592349,-4.625979895943528,-0.662503991905499,0.0,-0.236061303798825,-3.7129016833392257,-0.521576206481192,0.0
0.0,0.0,0.0,0.0,0.203591395310909,-0.15567535260085866,-0.12862761064542644,0.0,0.46447632574329145,-0.7111287733891074,-0.2447499011556487,0.0,0.451072777231948,-2.0083809025136783,-0.5091379527772966,0.0,-0.01998303491745779,-3.0761842884598805,-0.7531590068688109,0.0,1.0042862139626654,-2.834664042821223,-0.23649218452174228,0.0,1.2685849308402788,-4.4792070877632675,-0.4730199800636997,0.0,0.7723203536935331,-3.2514607969563514,-0.40812819074823464,0.0,0.5308113580104893,-2.63229574537529,-0.3573731572719958,0.0,0.7798034262032705,-4.549628636696824,-0.3322799967051808,0.0,0.8112631721882609,-5.372516379518756,-0.4665725640787086,0.0,0.419054577121557,-3.132559546283541,-0.3429291708946914,0.0,0.2976420080256451,-2.480494224390135,-0.3006023550633243,0.0,0.07638642659050739,-3.562771622127048,-0.3149006599725765,0.0,0.18050458124384816,-6.745503898174162,-0.7041844924142537,0.0,0.1286843298714095,-3.633320563510437,-0.4641137944181585,0.0,0.10190075381071335,-2.7846572384999813,-0.38559686688805656,0.0,-0.307589353070151,-2.0027164856481563,-0.25783447617389177,0.0,-0.48262299476733156,-4.447213308151947,-0.6451747217272089,0.0,-0.37521843996968846,-4.595538836668797,-0.6902961931266423,0.0,-0.2281751494017562,-3.6748029920919363,-0.550136101539866,0.0
0.0,0.0,0.0,0.0,0.2038148005524839,-0.15659397780702825,-0.13090199620665716,0.0,0.46412441342766,-0.7138979491090301,-0.24980007283876896,0.0,0.4524197950074995,-2.0257736835761877,-0.5214160682278511,0.0,-0.02428151401161766,-3.095042705226587,-0.7684080337493548,0.0,1.0090367795043589,-2.8379076775473724,-0.23749725074339942,0.0,1.2689580120245787,-4.45966827529804,-0.46891545346640007,0.0,0.7747631102205537,-3.245886123900283,-0.40588121084937245,0.0,0.5330396144697467,-2.6312448315904864,-0.3561566856523853,0.0,0.7838306501340525,-4.54981902328301,-0.3268526057043519,0.0,0.8174190252310045,-5.365376774736153,-0.45723859861581256,0.0,0.422663163004683,-3.1329175328945227,-0.3384413522080305,0.0,0.299330948864659,-2.4822613430372944,-0.29779186507300914,0.0,0.07894051104213397,-3.555491612987016,-0.3054128530327237,0.0,0.18720762002880806,-6.759063602493326,-0.6871871887881796,0.0,0.1332759280947296,-3.640875065769605,-0.45721632169690896,0.0,0.105074219650813,-2.7865791167451923,-0.3812512199271084,0.0,-0.30556316772938624,-2.000890405759243,-0.2497243310418481,0.0,-0.48027446879964636,-4.429772662404145,-0.6255388855238904,0.0,-0.3757367856063179,-4.607917457389241,-0.6772432406405088,0.0,-0.2279785180525935,-3.6913051535723858,-0.5427604903385723,0.0
0.0,0.0,0.0,0.0,0.20360147460435918,-0.15941244743488514,-0.13684639384256905,0.0,0.46103369016308765,-0.6975903663887572,-0.2649111607926787,0.0,0.4414933435801205,-1.9614679561819375,-0.5567798935734579,0.0,-0.025488468345740273,-3.1761117957090317,-0.8667838063815994,0.0,1.0002907698079495,-2.8563978229702793,-0.28060586648326136,0.0,1.249633046400455,-4.47897958312185,-0.543057359911231,0.0,0.753725263213303,-3.2450595082738096,-0.45604789934880646,0.0,0.5142625172915438,-2.621273085027873,-0.3920337769770988,0.0,0.7695942798047168,-4.579250635051945,-0.39022010201104296,0.0,0.7966815846150941,-5.357685029317072,-0.5335288889055557,0.0,0.4097596413488993,-3.123678558969684,-0.37673487206469186,0.0,0.290791543359452,-2.4679528368131587,-0.32254583594911235,0.0,0.061824558074999175,-3.5564356171175575,-0.354758501520663,0.0,0.16613774261348033,-6.777394334737541,-0.787917060401974,0.0,0.12053442960476533,-3.646462402414653,-0.49967022809905653,0.0,0.09789235559050286,-2.7809941321719154,-0.40476206690583033,0.0,-0.3169794564784415,-1.9785179333273077,-0.2789074128689885,0.0,-0.4972478591417334,-4.349047724655572,-0.6915558342105377,0.0,-0.40215554265864933,-4.622351357088935,-0.7503050524640515,0.0,-0.24907711067932878,-3.6952540790487687,-0.5892629790387545,0.0
0.0,0.0,0.0,0.0,0.2022360349348185,-0.15634096601373057,-0.13605315600972936,0.0,0.4575697743130879,-0.6900187416205753,-0.2633408239760069,0.0,0.43081333533596367,-1.9315090541244426,-0.5511084092851087,0.0,-0.031882235452198565,-3.0874964145394146,-0.8496023215062715,0.0,1.0028054766564598,-2.8533606294461284,-0.2778671064450629,0.0,1.240963240567105,-4.423934914577132,-0.5334812926265246,0.0,0.7559395315916553,-3.2305104080760296,-0.453008139557021,0.0,0.5180301829637615,-2.6234175640465716,-0.3924600748073812,0.0,0.7697376831408842,-4.585101343497815,-0.3895257290164804,0.0,0.785002481140391,-5.309660790751331,-0.5300501967871324,0.0,0.405685493504636,-3.124188192894301,-0.3793352780373613,0.0,0.2868146955740106,-2.477583191925872,-0.326586553982689,0.0,0.059095358435292775,-3.556530367578508,-0.3560427577122988,0.0,0.15740066111164838,-6.732610810858314,-0.7910838988494563,0.0,0.11161553511029351,-3.628012470263151,-0.5048726444244962,0.0,0.0883705035448066,-2.774611126912092,-0.4107315340428344,0.0,-0.31906840244622336,-1.979859221456233,-0.2805670133007341,0.0,-0.5002901508907923,-4.3871508079937165,-0.7053412547975205,0.0,-0.4039993058284077,-4.587249087412048,-0.7557091833594249,0.0,-0.2542588393802114,-3.6594691568427717,-0.5933161658357199,0.0
0.0,0.0,0.0,0.0,0.19788465138186884,-0.15591353947001677,-0.14143683428782572,0.0,0.44776467708916545,-0.6673490288925175,-0.2756296610779984,0.0,0.43124969004536035,-1.8815320381552418,-0.5803153447445429,0.0,-0.01969884017399974,-3.1522661374727483,-0.9330075515353337,0.0,1.0012290830441144,-2.892148190836887,-0.31985719363033177,0.0,1.2197286394428637,-4.442260580292887,-0.5867537103924907,0.0,0.732922145469822,-3.2209258757469317,-0.48672702329831025,0.0,0.4995341825335178,-2.6075592820880713,-0.4160929251039029,0.0,0.757557131718047,-4.627775916544349,-0.446719935954074,0.0,0.776620571826941,-5.300766208260573,-0.5790691217410963,0.0,0.4002759462235253,-3.1141535382393912,-0.4049889788760233,0.0,0.2834427538257704,-2.466320551488638,-0.34510883200592846,0.0,0.04512057378683405,-3.5254131804818845,-0.3915471182644589,0.0,0.14870125812717924,-6.7896999067876855,-0.8574486257675505,0.0,0.11100260322747971,-3.640072889780082,-0.5338872159150992,0.0,0.09017504910210429,-2.778529441788299,-0.4300697142843138,0.0,-0.32268602454938916,-1.9388492473588166,-0.2982164539368047,0.0,-0.5037444229774197,-4.376309611866762,-0.7486732216679659,0.0,-0.40853242742007595,-4.64758742724994,-0.8062559154766636,0.0,-0.254831626582861,-3.701617114727813,-0.6278922526347813,0.0
0.0,0.0,0.0,0.0,0.19957057352083052,-0.15172211089866372,-0.14263554360977784,0.0,0.45476787413399006,-0.6654165408185705,-0.2770092372821065,0.0,0.43387969996687564,-1.8492108997439725,-0.5769423806094212,0.0,-0.02227428723608946,-3.0004075078200216,-0.9040942462823566,0.0,1.0103241710890936,-2.8919177739063273,-0.30936308971761833,0.0,1.2259377821491528,-4.429550249387762,-0.574132431218024,0.0,0.7383017174540937,-3.218506659940557,-0.4807601235387974,0.0,0.5035814126136138,-2.6057452136557426,-0.41323104429542906,0.0,0.7659454768367453,-4.612467748813583,-0.42951804462748033,0.0,0.7762197015280826,-5.26396494461338,-0.5642746313267407,0.0,0.4007177053628146,-3.1045241188763866,-0.4014493664324374,0.0,0.28355866811373115,-2.46142323615831,-0.34510849298802054,0.0,0.04986824196967668,-3.516933638342963,-0.38041637338569295,0.0,0.15340315125106485,-6.776810926222786,-0.8485668553681212,0.0,0.11116129099756121,-3.628678982367489,-0.5358384021307026,0.0,0.08861603410187179,-2.7682089312336067,-0.4345913171593767,0.0,-0.31984097184646515,-1.9445785959445507,-0.29428849816014885,0.0,-0.4963597059803839,-4.396933965038933,-0.7482234925845164,0.0,-0.4042554288252391,-4.622899299901113,-0.8075272786596798,0.0,-0.25790376758156364,-3.660876839339656,-0.630895684446327,0.0
0.0,0.0,0.0,0.0,0.20107146310406226,-0.15142753783196294,-0.13684340641765028,0.0,0.4652773666725974,-0.7008414227086275,-0.2631231322995561,0.0,0.4575494896629517,-2.0439732515782456,-0.5597081460204034,0.0,-0.037117303365212226,-3.250990359608186,-0.8499424949862172,0.0,1.0107267179818766,-2.8767305714701963,-0.2699595633445363,0.0,1.2528274429296706,-4.473290954107747,-0.5196047627414906,0.0,0.7549010904132559,-3.242576773803439,-0.4394425468562985,0.0,0.516182814678832,-2.6279878543910997,-0.38061279820094823,0.0,0.7842692057650338,-4.653630642028309,-0.366111499425295,0.0,0.8130413143699637,-5.383002572529148,-0.5008838090189732,0.0,0.41631885477266867,-3.1296719799864703,-0.3564393157265325,0.0,0.29423565574075616,-2.4809685848422727,-0.3080674554322195,0.0,0.06826268408703265,-3.606442542916107,-0.32676870937077407,0.0,0.17966238450116062,-6.816787786348396,-0.7348813044459463,0.0,0.12763113667930168,-3.6688307699393508,-0.47118335807230555,0.0,0.09903583265643291,-2.8042677926740778,-0.38508037720679145,0.0,-0.3165192436470712,-2.0067264223145402,-0.25711365956530624,0.0,-0.4870618004322873,-4.411569767064356,-0.6496115015578569,0.0,-0.39312285722308654,-4.667953446613946,-0.7035187026404576,0.0,-0.2503241251690823,-3.717601101912952,-0.5514958329599544,0.0
0.0,0.0,0.0,0.0,0.2048374243105688,-0.15113013083386304,-0.14127671299960237,0.0,0.4692875995632398,-0.6940274468091117,-0.2699147398283325,0.0,0.44786054467204645,-1.979785710779262,-0.5650026420211106,0.0,-0.0458783535380507,-3.145341539042202,-0.8562434281271569,0.0,1.0085354576361434,-2.8759106443034375,-0.2664720235491811,0.0,1.2351858678562329,-4.444782554345436,-0.5071765885196496,0.0,0.7434783171198066,-3.2365586685117282,-0.43328924082611564,0.0,0.5035714694905422,-2.6197857145420755,-0.37650739937015604,0.0,0.7670324900003309,-4.590734241603165,-0.3504344067056552,0.0,0.7929485451148341,-5.362997078447886,-0.483231680075404,0.0,0.40276345934861735,-3.1261673543869075,-0.35246717272907546,0.0,0.28009257146856087,-2.4711402541821452,-0.30768980802272605,0.0,0.05481667379124128,-3.5410782953900886,-0.3099350242991175,0.0,0.16469490031945133,-6.783637140846282,-0.7085109638948227,0.0,0.11783124198847508,-3.6626566362613726,-0.46835670188390777,0.0,0.08972206262050832,-2.791521191650111,-0.3869687438149467,0.0,-0.3218839158957617,-1.9769230798576272,-0.2463302408440476,0.0,-0.5035043426254471,-4.356376489187039,-0.6262251649011553,0.0,-0.4139110605125297,-4.631195586269443,-0.6927084293926075,0.0,-0.2648266109160827,-3.699184380248849,-0.551760151230907,0.0
0.0,0.0,0.0,0.0,0.2057240424988018,-0.15181388711807892,-0.14061395921461012,0.0,0.4670678988824592,-0.6912893134335804,-0.2676987137834396,0.0,0.45040909754360314,-1.9601647046577535,-0.5562747306054218,0.0,-0.02743038069072229,-3.108499278526286,-0.8415849942672785,0.0,1.0186722825408197,-2.8853218752208525,-0.25701543590427256,0.0,1.2337932040972908,-4.418696726795162,-0.4869350967442074,0.0,0.7456743949295531,-3.2239875123492254,-0.41955576467553524,0.0,0.5082041842276876,-2.617396284357242,-0.36729487096923297,0.0,0.7751557850217716,-4.583935435104382,-0.3346859406311204,0.0,0.7954480445037305,-5.344117505034648,-0.4655275827874514,0.0,0.4054073198938225,-3.124528205697246,-0.3447229490532603,0.0,0.2834785033713163,-2.4765207887422718,-0.30332341348818265,0.0,0.05928216213858329,-3.512785568621697,-0.2959874097169137,0.0,0.1684413111713991,-6.762823708815232,-0.6905167631298937,0.0,0.11911511822583166,-3.6477307384696163,-0.46256630892599365,0.0,0.09157496059880973,-2.7844956861099677,-0.384758687889201,0.0,-0.31764701566466363,-1.964092718130843,-0.23751415076361912,0.0,-0.49744301568696636,-4.342704117836382,-0.6149895838294211,0.0,-0.4084761817061335,-4.6201295249682355,-0.6875403459543727,0.0,-0.2592183565346414,-3.6950363480499195,-0.5509379799536206,0.0
0.0,0.0,0.0,0.0,0.20428684958701374,-0.15522750084510148,-0.1383078526091608,0.0,0.4676193967050563,-0.708842678720202,-0.2658156252552013,0.0,0.4715561200753955,-2.0657652015440062,-0.5668149852590452,0.0,-0.022263801949796862,-3.3335222084665066,-0.8740365816849798,0.0,1.0034333149766517,-2.843821014514016,-0.2648008529700352,0.0,1.2454024881296213,-4.483985510669176,-0.5124353354513292,0.0,0.74711080285274,-3.2533860736362867,-0.43389899221919315,0.0,0.5069033472634733,-2.6313858310894784,-0.37489305614680457,0.0,0.7696367158807647,-4.540011336767479,-0.35090218295920433,0.0,0.7973958400042751,-5.412325328777512,-0.490092802954278,0.0,0.4024799120154626,-3.1305552357045725,-0.3469885680542992,0.0,0.2823346231150793,-2.477633055122486,-0.29955010489031364,0.0,0.0668873296435665,-3.5426405643260086,-0.31372366114693284,0.0,0.1761862220537194,-6.857400228032876,-0.7135051395235896,0.0,0.12078136215644038,-3.679118074100564,-0.4573432062981275,0.0,0.09140008051201405,-2.8084487231746267,-0.37390985547338135,0.0,-0.3157484545791349,-1.992812880134583,-0.24991436892381472,0.0,-0.5004784640292883,-4.375539659299931,-0.6237988811982478,0.0,-0.41221273996821406,-4.615088526909088,-0.6723032566077943,0.0,-0.26935708219482274,-3.6939342473941013,-0.5298093364950368,0.0
0.0,0.0,0.0,0.0,0.20747409160674654,-0.14921364497431547,-0.1373951498835789,0.0,0.4714037940192283,-0.6895268351981478,-0.2599109906694444,0.0,0.4556411875194637,-1.9436279733742372,-0.5357269082602903,0.0,-0.02105173847419683,-3.031937444035324,-0.8012311085367172,0.0,1.0149779340359701,-2.858892742006802,-0.2565088433777251,0.0,1.2313232697277023,-4.4371736416624215,-0.4884087458100012,0.0,0.7401332629841731,-3.2233302753072937,-0.4162448091436765,0.0,0.5038290493182531,-2.6144589712128092,-0.3631095114084263,0.0,0.7769898043693076,-4.548353860457155,-0.34183490834379276,0.0,0.7825129895193453,-5.326681922643885,-0.470675967370141,0.0,0.39891140673104536,-3.1124828188430795,-0.34456369043469665,0.0,0.28049388056706104,-2.4696134999822097,-0.3019090747631651,0.0,0.06574677781957292,-3.494033868440972,-0.30687125731718173,0.0,0.15728643795884054,-6.784939784819281,-0.7130971563021452,0.0,0.11159745076538809,-3.633288738884002,-0.469465418644493,0.0,0.08708511963162885,-2.7704646294192288,-0.3876578742037487,0.0,-0.3117647230567538,-1.9540514601222898,-0.24648014402233676,0.0,-0.497258569736899,-4.350573839108088,-0.6361914458365363,0.0,-0.40808688905817014,-4.599856402911689,-0.7028802857544639,0.0,-0.25990670196127735,-3.6705493982582316,-0.5596522842501734,0.0
0.0,0.0,0.0,0.0,0.20811645813675514,-0.154858494307942,-0.13775152255578685,0.0,0.47170986528519554,-0.7084691172418195,-0.2624385906759413,0.0,0.4745592095914864,-2.053760713584541,-0.5543828578202292,0.0,-0.01267919904576951,-3.3016806302777795,-0.8489387745964033,0.0,1.0107244071941581,-2.849770264758673,-0.25139980808575546,0.0,1.2514271791376559,-4.486082804433833,-0.4923986590423174,0.0,0.7513816325574192,-3.2509812700248077,-0.4205937624679523,0.0,0.5105768927228882,-2.6279814639437693,-0.36529062571107584,0.0,0.7783862605563807,-4.5325700039274235,-0.32796667361744014,0.0,0.8020054137263296,-5.402665646307671,-0.4665159366143668,0.0,0.40586986935701713,-3.1270426985741357,-0.33752190414685895,0.0,0.2849569901793415,-2.4719496572958946,-0.293644538999004,0.0,0.07459314169041327,-3.521245779825577,-0.29372239436770925,0.0,0.18215171904116986,-6.865365388763248,-0.6903869824020263,0.0,0.12440156103313145,-3.675578876136271,-0.45102381891166693,0.0,0.0946320102539322,-2.801481360315448,-0.3710713115704997,0.0,-0.30798941754789844,-1.9809734290675314,-0.23695204423815092,0.0,-0.4899763426875335,-4.37402997128382,-0.6062854734004927,0.0,-0.40252793927957287,-4.624926079205341,-0.6632219549781743,0.0,-0.2610314915098667,-3.693626028622835,-0.5253039415787192,0.0
0.0,0.0,0.0,0.0,0.2032338564246845,-0.17082088035315465,-0.13168215046776618,0.0,0.46024391197956094,-0.7407473071445607,-0.254466843779078,0.0,0.43580372725652683,-2.1244206825546152,-0.5470417866947899,0.0,-0.08214488600892864,-3.41083060153288,-0.8442250612826557,0.0,0.987252057278963,-2.896667583445157,-0.23567950097737794,0.0,1.180310721778027,-4.484328149053647,-0.4688597175518339,0.0,0.7045457765264379,-3.2641569961205996,-0.408347965524882,0.0,0.4730573746075932,-2.6423201489929893,-0.3565980780994904,0.0,0.7534440302660107,-4.620361582329334,-0.3226498284746944,0.0,0.7455540922826386,-5.475738582402092,-0.4613948219974508,0.0,0.3659533547997377,-3.142692392743214,-0.33115834143065753,0.0,0.24997256055394038,-2.478338314455537,-0.2878075276820816,0.0,0.054999606921076256,-3.6351025275296687,-0.30444631067085826,0.0,0.11664444694795603,-7.149702321450266,-0.7051342087942996,0.0,0.08560823368435881,-3.7734258511856,-0.44901848561063007,0.0,0.06222861820801861,-2.859817479127528,-0.36643165222790497,0.0,-0.32660407529638896,-2.019299722002096,-0.24829873401365365,0.0,-0.5436720980101898,-4.404253476097018,-0.6065469667709584,0.0,-0.4638370486154028,-4.648867187433387,-0.6507252107217463,0.0,-0.3159838297819719,-3.7189852337256073,-0.5116389269125712,0.0
0.0,0.0,0.0,0.0,0.20679608448256093,-0.16707357871790296,-0.13146193729861677,0.0,0.47107071134367917,-0.7165370558536567,-0.2502361959523015,0.0,0.4459923194729773,-2.001372918659711,-0.523804086375999,0.0,-0.05152978132359517,-3.127633537555902,-0.7940229795437597,0.0,0.9961088951037206,-2.887686935017493,-0.22729512282508396,0.0,1.191438020489169,-4.469801990490033,-0.4579789688358584,0.0,0.7176750514049752,-3.2555945154067882,-0.4015559083248671,0.0,0.48814039546698557,-2.6371865620237647,-0.3530836884984172,0.0,0.7466801252957206,-4.624532704950645,-0.31610859151139586,0.0,0.7309620133896285,-5.390377155219678,-0.4522348697454401,0.0,0.3705224016620635,-3.133938745362143,-0.33527060868923186,0.0,0.2601669776192325,-2.4808128690247315,-0.2949031266353107,0.0,0.03417120180921518,-3.5522552521969106,-0.29782026014512114,0.0,0.07946636169498732,-6.885875003834619,-0.706417973482906,0.0,0.07195860819850221,-3.6811005191741035,-0.46287066681019534,0.0,0.05800693090428177,-2.808273589850619,-0.38135220175731427,0.0,-0.3345763910352043,-1.9664450904600932,-0.24482976602960008,0.0,-0.5436127323957939,-4.362003491931767,-0.6227557662982572,0.0,-0.4510927849573856,-4.57682765109704,-0.6732666047010383,0.0,-0.29647811262487334,-3.670663245221802,-0.5345454214407462,0.0
0.0,0.0,0.0,0.0,0.19976532188500487,-0.18434943024365422,-0.1268718271357839,0.0,0.44190594145497286,-0.756223969456421,-0.2509180191327601,0.0,0.3894783121317488,-2.0932680400277546,-0.545254272553804,0.0,-0.12691403478052993,-3.380595522650358,-0.8738617947486834,0.0,0.9113274440978396,-2.8909605887339325,-0.2671033068809384,0.0,1.0558105530146877,-4.450074812020503,-0.515491392747035,0.0,0.6156714914041989,-3.24384803834347,-0.441004625477057,0.0,0.4030571110890847,-2.62939243914149,-0.3806415827046573,0.0,0.6366216878710036,-4.579743577814472,-0.39398194893685035,0.0,0.586800602541995,-5.461837189723719,-0.5318249171439862,0.0,0.27299857553489676,-3.1496781427721414,-0.3655002547382004,0.0,0.17555231292530957,-2.4918725719508887,-0.3126579226376225,0.0,-0.02982808601754268,-3.6131278765628685,-0.37737362002232416,0.0,-0.08761890725218935,-7.215927584353774,-0.8086846487024918,0.0,-0.04511552771565541,-3.7739775668729303,-0.47777431676312637,0.0,-0.04906631675786289,-2.866813178906792,-0.3812500669910504,0.0,-0.37262866289392005,-1.986938279062206,-0.29981209227813005,0.0,-0.6627813872530139,-4.4548353914438,-0.6850451333765295,0.0,-0.583655007937,-4.59872574323521,-0.6841614797834821,0.0,-0.42232570889272775,-3.662755662364059,-0.5220819959449676,0.0
0.0,0.0,0.0,0.0,0.1995225208168737,-0.18393998491708924,-0.12532362938042454,0.0,0.4484362677878979,-0.7622970836744752,-0.241883902093922,0.0,0.385867984747433,-2.0459139715149908,-0.5039952178152235,0.0,-0.13743223797052376,-3.048046192576228,-0.7479513431567061,0.0,0.9068949006042799,-2.9911036460577054,-0.252547607083796,0.0,1.0345395074522221,-4.541019026774098,-0.4877972420774107,0.0,0.6018794812233388,-3.2843082947774396,-0.4158623218720369,0.0,0.3956880315947786,-2.6589895948119895,-0.36013766999495034,0.0,0.6133428766525217,-4.832648957647926,-0.37407610179675505,0.0,0.5405667287071582,-5.38690701564391,-0.48272135774600866,0.0,0.2607571507355313,-3.1368078369999397,-0.34054478717243075,0.0,0.1754772019561492,-2.4887030074657273,-0.2927541151603669,0.0,-0.07551433165795712,-3.63067287017595,-0.34623398323165483,0.0,-0.13313866239168914,-6.9553002729377,-0.7482841286567121,0.0,-0.04240572389353636,-3.707300247403324,-0.46512637790896133,0.0,-0.02843282797816429,-2.836940610195667,-0.3764448982939612,0.0,-0.38911705742494745,-1.9515959759084398,-0.273550021981999,0.0,-0.6841701265952812,-4.343111268659546,-0.6489115035769965,0.0,-0.60611722860088,-4.609108133204589,-0.679500180745933,0.0,-0.4254539727613614,-3.7287871070223644,-0.5301765726960471,0.0
0.0,0.0,0.0,0.0,0.19263302079588196,-0.17435323674623898,-0.13351593303087028,0.0,0.42494120379365946,-0.7456785012581484,-0.2584656141793293,0.0,0.3538145679366013,-2.010534390274364,-0.5388229706036415,0.0,-0.1713503543058644,-3.221691948053226,-0.8429240836133742,0.0,0.887012535286503,-3.0126013580985207,-0.26294937799975504,0.0,0.9634012174715989,-4.479914125627671,-0.48938301899031755,0.0,0.5405062573464823,-3.2642286886924397,-0.42264585627863877,0.0,0.3376062173893741,-2.6445705056182436,-0.3684246702742979,0.0,0.5912664000873198,-4.796745778852363,-0.3655640945154887,0.0,0.49146259990212393,-5.346006931767049,-0.4710223382807235,0.0,0.21813907260306342,-3.131000743473826,-0.3415999276496311,0.0,0.13021664045934583,-2.4772746359495197,-0.29731249044114216,0.0,-0.07991912097222166,-3.7094300082672773,-0.33518541287920256,0.0,-0.18590567070055522,-7.152735096922153,-0.7247770871245284,0.0,-0.08942162032563758,-3.765940632627338,-0.45755005987053227,0.0,-0.0789862305393139,-2.8532587624492813,-0.37446524552316013,0.0,-0.39522205743594685,-2.0011541236531616,-0.26379589527257324,0.0,-0.7255943926220044,-4.413129236429002,-0.6246782178656219,0.0,-0.6758568418227265,-4.661723801003924,-0.6667810442410537,0.0,-0.500566344221779,-3.7366840479436796,-0.5267397705916632,0.0
0.0,0.0,0.0,0.0,0.1979638334041824,-0.17905603299413797,-0.12966016311171716,0.0,0.4301805102815368,-0.7583511799673222,-0.24763403806064538,0.0,0.33933210403243586,-1.9983406825026708,-0.5062203465408736,0.0,-0.18205143620950545,-3.0627639460953513,-0.7618194332045439,0.0,0.8603733616435869,-3.064404647433423,-0.2508269893002328,0.0,0.9361474117741175,-4.540269399437291,-0.47846802519858034,0.0,0.5231396907743041,-3.2876498148915134,-0.4124596199714357,0.0,0.3258448266786707,-2.6603992001654606,-0.3593511426322437,0.0,0.530850036126041,-4.835519398321459,-0.3513039578122629,0.0,0.4424465822092338,-5.356567617147417,-0.46009677786248193,0.0,0.19575459700884815,-3.1288231187290143,-0.331613289388289,0.0,0.11646344492645021,-2.4828550255336235,-0.2881536306498387,0.0,-0.13111936700963273,-3.615670568950621,-0.3213320801192373,0.0,-0.24223255395888774,-7.0389443725393805,-0.7240063493559891,0.0,-0.1126130419886566,-3.712265323798045,-0.4557451164373022,0.0,-0.0935695023985296,-2.832940563008431,-0.37201331879439536,0.0,-0.4173654572838927,-1.938818315937076,-0.2565259907022894,0.0,-0.7604809341573833,-4.371181089235088,-0.6332631778723747,0.0,-0.7009225962082939,-4.631817818771308,-0.6764800478576066,0.0,-0.508668025444065,-3.7041875420606214,-0.5288511404535549,0.0
0.0,0.0,0.0,0.0,0.19352603327147316,-0.18295200241829343,-0.13823525824441343,0.0,0.4230038762322591,-0.7721317224312514,-0.2673993409313062,0.0,0.33252655505924517,-2.0949910843689987,-0.5609404296285199,0.0,-0.23666527678898314,-3.2826773356341232,-0.8569760175450835,0.0,0.8530523949588588,-3.0390383094557256,-0.2600143690366225,0.0,0.9148391406119806,-4.476040589281601,-0.48275261309125883,0.0,0.5069127407720415,-3.2705069945446974,-0.4205227053773424,0.0,0.31000226036084094,-2.6429424520511087,-0.36734069072323344,0.0,0.5219627584916864,-4.77790532163353,-0.3456587022716525,0.0,0.44323495583850947,-5.427661782051897,-0.4660321155459549,0.0,0.18946853618372347,-3.1604524101508917,-0.3397563149209744,0.0,0.10700872761064467,-2.4961847622857802,-0.2975259388238298,0.0,-0.13584360066145668,-3.6147362228258064,-0.3077396139001795,0.0,-0.2771543583403277,-7.210379042122286,-0.7211023751928113,0.0,-0.13141755648328984,-3.772906088547099,-0.4581810993654242,0.0,-0.11091904138471165,-2.8580695143417576,-0.3768197369196126,0.0,-0.4216337411957333,-1.9629328288484131,-0.24516137170193616,0.0,-0.7743061860755005,-4.365640636784785,-0.61168742261143,0.0,-0.727501244938762,-4.656401780833134,-0.6707304183107228,0.0,-0.5355650873318338,-3.706885144100435,-0.5309303790809505,0.0
0.0,0.0,0.0,0.0,0.1962996132147719,-0.18152599921461413,-0.13275424393731003,0.0,0.42954936133055033,-0.7694339433713399,-0.25473772865012556,0.0,0.3329274335069301,-2.0514775511033645,-0.5288124213686377,0.0,-0.21945639940906064,-3.148656806115848,-0.8012934175285977,0.0,0.8282243139644508,-3.0876719797943686,-0.2536921353438411,0.0,0.8891934649917502,-4.540485774137122,-0.4815774775245237,0.0,0.4899807516163419,-3.300177922912959,-0.41820459529356235,0.0,0.29813473423818815,-2.666434460258579,-0.36580138164722886,0.0,0.46708931364222744,-4.8029426230748875,-0.35149217605514677,0.0,0.38567515330390484,-5.375335687784915,-0.47200274933968417,0.0,0.16540265184106462,-3.1351739133016103,-0.34186040915911087,0.0,0.09404556768187285,-2.480025412259642,-0.29727518448241186,0.0,-0.1748801413773679,-3.5224607202713774,-0.31873680631433465,0.0,-0.3314409387909235,-7.077635280500563,-0.76005502215682,0.0,-0.15733015607933223,-3.709589957077197,-0.47799894405549115,0.0,-0.1269874885754184,-2.815199565556492,-0.38833623920155974,0.0,-0.43469566677338484,-1.8851907311362541,-0.2560528898986828,0.0,-0.797902031905188,-4.350503995517578,-0.664445317056898,0.0,-0.7471555223324461,-4.650618762146427,-0.7255110673454789,0.0,-0.5415522242190176,-3.6672413022812504,-0.562737467193868,0.0
0.0,0.0,0.0,0.0,0.19033539779727746,-0.1832089799963433,-0.13311075704038167,0.0,0.41798241849500994,-0.7789063811201716,-0.2573742465851052,0.0,0.3275437816604514,-2.1305660519681795,-0.5437235361868011,0.0,-0.25140032265077533,-3.336218166551197,-0.8328441756339678,0.0,0.826990425787456,-3.048371462297936,-0.24627533079484773,0.0,0.8910712374906892,-4.556256015590366,-0.4726435135276244,0.0,0.4910979304612479,-3.3136254115181627,-0.41216771041805406,0.0,0.2996295597141255,-2.6742357054052444,-0.36125374636257235,0.0,0.47955510150477904,-4.784837879235436,-0.33951956176227827,0.0,0.3914315328384541,-5.380845141862793,-0.4579755467041808,0.0,0.16687884130609734,-3.145289963210247,-0.33426104154771735,0.0,0.0946027981836682,-2.488687828690601,-0.29198138482274594,0.0,-0.1589212693080539,-3.5836001444723,-0.3117052926872543,0.0,-0.31313704055099295,-7.155872012248956,-0.7411043369668628,0.0,-0.14485869095296625,-3.7484133215119493,-0.4665296101546374,0.0,-0.11603813267076363,-2.846070026507439,-0.3806957115898897,0.0,-0.42660650110770293,-1.9346927682848014,-0.25211169293494423,0.0,-0.7930196479243187,-4.415314577048295,-0.6542454872100222,0.0,-0.7439753352083198,-4.7062224986089936,-0.7141836042629862,0.0,-0.5432790760212904,-3.7189575098618266,-0.5565695177442784,0.0
0.0,0.0,0.0,0.0,0.19505992688763385,-0.18225962357970027,-0.1319783191549174,0.0,0.41647916621528175,-0.7649318164166538,-0.25452985606835105,0.0,0.31716733877048,-2.0227081106920286,-0.5276379164574986,0.0,-0.22624122678000524,-3.2233598608700613,-0.8292387713212713,0.0,0.8128408265486412,-3.1388429404784643,-0.2701472510263029,0.0,0.8266862336904377,-4.499737430256722,-0.4947587843857671,0.0,0.4450234672305237,-3.264049273369869,-0.42581048703357105,0.0,0.26344233152834085,-2.645177677602246,-0.3715904503738365,0.0,0.4374306694821847,-4.9169145298924395,-0.37903989588234394,0.0,0.3345772839229096,-5.402395702247992,-0.497074423729693,0.0,0.13016087994291492,-3.143634443192916,-0.3529391996085817,0.0,0.062490615531843235,-2.489313048531894,-0.30468419496172666,0.0,-0.2098233979755222,-3.5809022489385214,-0.33637799689050096,0.0,-0.4003460955137516,-7.135958846607949,-0.777297647873844,0.0,-0.19364875204523024,-3.7432839706179117,-0.47994820643249836,0.0,-0.15513290019869694,-2.84204461951241,-0.3878183611074923,0.0,-0.4564799416578272,-1.8846988694915245,-0.26286620175838016,0.0,-0.8411824300828493,-4.253436810334281,-0.657073678935097,0.0,-0.804721399907439,-4.626203501360738,-0.7218145348066258,0.0,-0.591655900384121,-3.6979095855966047,-0.5636829170346049,0.0
0.0,0.0,0.0,0.0,0.1967601178470489,-0.190777829408046,-0.12546401073463556,0.0,0.41874533588164986,-0.7965416271883748,-0.2401918261748077,0.0,0.30946023526149796,-2.086282355887381,-0.49394563513263723,0.0,-0.24527435065288297,-3.131870047473996,-0.7334436134034011,0.0,0.8081245905998017,-3.1196612531041477,-0.2281387289520525,0.0,0.8400822269976782,-4.551622695388729,-0.44337813349417193,0.0,0.45519719432328093,-3.3070727528726063,-0.3917132967753233,0.0,0.2705012037866568,-2.6737641827330534,-0.3452061058582094,0.0,0.44100586835498423,-4.892801220955903,-0.322433153172351,0.0,0.3408929925163135,-5.417275597725679,-0.4355145471241473,0.0,0.13745364080436462,-3.152841857608918,-0.3177757357737255,0.0,0.07069438048065647,-2.4966388504440205,-0.2780226531183652,0.0,-0.1991929722897913,-3.630241165390529,-0.3019786860808503,0.0,-0.3896174550548869,-7.192199500210114,-0.7111034102959813,0.0,-0.18491474310269354,-3.744529967166674,-0.44481407432447845,0.0,-0.14845958542046256,-2.8437860164702995,-0.36261416221701714,0.0,-0.44916555638281236,-1.9406270948990199,-0.24698462405120877,0.0,-0.8365651371615893,-4.384702980651051,-0.6261875921466583,0.0,-0.7905476664694158,-4.6548269419835195,-0.674552399732562,0.0,-0.5869816644345299,-3.6844860971489943,-0.5238003278524939,0.0
0.0,0.0,0.0,0.0,0.19789749011156393,-0.19247919756956797,-0.1257725814813159,0.0,0.42242424671101864,-0.796683160314987,-0.24008912359813936,0.0,0.3101470114945991,-2.0702775478186624,-0.49116677357909594,0.0,-0.2357185664429297,-3.0970133088331195,-0.7272322076475295,0.0,0.813870150636152,-3.1267367890456614,-0.22435250128610135,0.0,0.8441029132886567,-4.547585815212487,-0.43790572671850897,0.0,0.458563735844804,-3.308014448257124,-0.3891130153624467,0.0,0.27302222870133896,-2.6736616716534063,-0.34364656186427756,0.0,0.4478972657727788,-4.905590402567814,-0.31810575054373036,0.0,0.34608624804683613,-5.416079240141525,-0.4317094088553282,0.0,0.13933183517823053,-3.1526263903979843,-0.3176667511234757,0.0,0.07179536588583216,-2.4953561887413325,-0.27888320032376374,0.0,-0.1944724917854899,-3.6341710441049724,-0.2996182814041273,0.0,-0.38245715190607915,-7.1971843517003276,-0.7102905286313513,0.0,-0.1826142433154742,-3.7398980634198686,-0.446568698581145,0.0,-0.1470691739092986,-2.840297911447489,-0.36513721571342406,0.0,-0.44575524551364226,-1.938010994903504,-0.24593860845924118,0.0,-0.8316840951637604,-4.375553800179341,-0.6255099712746263,0.0,-0.786390388811158,-4.64554989965646,-0.6764330847396746,0.0,-0.5834634907771652,-3.6807748338499633,-0.5270189416693327,0.0
0.0,0.0,0.0,0.0,0.1892517796001173,-0.18475365395959478,-0.12834738633270032,0.0,0.3993382305091889,-0.7563463831665164,-0.24717463214725818,0.0,0.2987396270874795,-1.9779593390034451,-0.5117824654943952,0.0,-0.2364621581618471,-3.32036263792103,-0.8466257792034277,0.0,0.7705433258248423,-3.174628184201432,-0.25580988950755085,0.0,0.7582742430887277,-4.498045727373992,-0.478369027358349,0.0,0.3975002580296552,-3.273066579335724,-0.419251038647238,0.0,0.22478862404453054,-2.6539823257053294,-0.36880087338145323,0.0,0.37532314841556785,-4.977391569169963,-0.37302495659157175,0.0,0.23869433326331982,-5.342031983984011,-0.48680295083823155,0.0,0.07093922247250624,-3.12562657658523,-0.3518273558991375,0.0,0.01269190671393263,-2.4773931779768077,-0.3053689036704782,0.0,-0.25284224264597105,-3.6138297528530128,-0.34227093591680313,0.0,-0.5061762569836453,-7.162028777944835,-0.7939635178734036,0.0,-0.2574251355188585,-3.7368315826738034,-0.4883700546191571,0.0,-0.20915487178216877,-2.8284615329527254,-0.3926997308730694,0.0,-0.4741640974769225,-1.8651511710413897,-0.26906656811218227,0.0,-0.8961471927395441,-4.262515912430971,-0.6847933207233122,0.0,-0.8729068225142881,-4.65461912778555,-0.7565151418637204,0.0,-0.6476866248719817,-3.6929506909959087,-0.5851349939469127,0.0
0.0,0.0,0.0,0.0,0.19065254360292955,-0.18624889610786124,-0.12412128624791996,0.0,0.4027009392613477,-0.776210107918118,-0.23646134396893007,0.0,0.29888386403786465,-2.0036694714994217,-0.4808703489108696,0.0,-0.2396425046197616,-3.1876781380833776,-0.755166178833445,0.0,0.768083333518627,-3.2269062402995368,-0.23824607084551772,0.0,0.7473638470459366,-4.51633071188053,-0.4463073101695669,0.0,0.3901978223673009,-3.2804035856050304,-0.3933758894499682,0.0,0.2194657747870947,-2.660654871886138,-0.3477081012006266,0.0,0.36763378737704927,-5.0424263751995255,-0.3439575033951097,0.0,0.23744801304213076,-5.357060652499904,-0.4478300165534105,0.0,0.07361341573597331,-3.1395610774841733,-0.3260576561440576,0.0,0.01693940724351835,-2.490097950734356,-0.2841526288766337,0.0,-0.26003349343737386,-3.6146967127390597,-0.31617398947707054,0.0,-0.5165312224729025,-7.17548757379681,-0.7483310762614809,0.0,-0.25715126006860056,-3.7435608811484964,-0.4627309824570313,0.0,-0.2051639717532093,-2.8364727557939595,-0.37301034664676014,0.0,-0.47769119569226437,-1.8768486076887054,-0.25336852629114964,0.0,-0.9011451817920128,-4.291210986907345,-0.6572223893167791,0.0,-0.8739964295677448,-4.649634370894509,-0.7221870446084326,0.0,-0.6469661727390265,-3.6850704631155917,-0.5577050745542139,0.0
0.0,0.0,0.0,0.0,0.18605280804074492,-0.19612935056794073,-0.12961355729124108,0.0,0.3803541699055113,-0.7913286328456469,-0.2517206329389175,0.0,0.235169744559284,-2.0786261982750727,-0.529789296835872,0.0,-0.36798752187530626,-3.382667425077391,-0.8542701955962374,0.0,0.7133646524590764,-3.119814244065181,-0.2338994312038909,0.0,0.6770013444047106,-4.465299856046,-0.4528241374740675,0.0,0.34137213830073304,-3.2858974353897263,-0.4084931693885099,0.0,0.17787762132987445,-2.6713665233817436,-0.36370711791178556,0.0,0.3016867155724348,-4.841142474381159,-0.3332373866431354,0.0,0.14949858695994184,-5.403559647253453,-0.46672426363977504,0.0,0.013951349847021167,-3.1495701219723697,-0.3452686872433738,0.0,-0.03507518998519471,-2.48878823658256,-0.3029627112874716,0.0,-0.3015052839406995,-3.607592283523216,-0.3164193732690275,0.0,-0.6522935420742144,-7.368485334967216,-0.776275378420983,0.0,-0.3322723730664747,-3.7754086352351095,-0.47841745638111594,0.0,-0.2684938859166462,-2.8440289094947446,-0.38717893526583147,0.0,-0.504590158461568,-1.886672929858629,-0.2556451884298184,0.0,-0.9846241189903192,-4.311590619125864,-0.658592477808721,0.0,-0.959042765715176,-4.607028548495376,-0.7183485554266003,0.0,-0.7216346158095521,-3.636024557695303,-0.5576805025952637,0.0
0.0,0.0,0.0,0.0,0.19191034056422113,-0.19040636529414115,-0.12794747967270878,0.0,0.39443673701160337,-0.7799352359094569,-0.2443980807715242,0.0,0.24833282742505294,-1.9705780911037096,-0.49532072824472695,0.0,-0.29956754238044675,-2.9552891842688442,-0.7470572420765513,0.0,0.7143443984282204,-3.187565375852512,-0.2509719304119282,0.0,0.674111275023824,-4.53827230063771,-0.4725353357987714,0.0,0.3340280270019668,-3.2810525986447248,-0.41227986651746845,0.0,0.17330057127447718,-2.651859515757225,-0.36218313794365703,0.0,0.28698936790826773,-4.939204411909075,-0.3599241401008403,0.0,0.14876956428497096,-5.382582368083785,-0.4796187063145691,0.0,0.020503709679347663,-3.1265435786504074,-0.3454898709884773,0.0,-0.024126238263220714,-2.4710356481635896,-0.29943551862484563,0.0,-0.3075123460849425,-3.565844851254283,-0.32980182412369113,0.0,-0.6383776505122843,-7.184257604700424,-0.7873906334317001,0.0,-0.3204138473010886,-3.710927105961286,-0.48355028598124206,0.0,-0.25359088189703505,-2.811495950142621,-0.38994289030657747,0.0,-0.4953613196377469,-1.8572073076424893,-0.26327735277581216,0.0,-0.9712947050207956,-4.284888006134796,-0.6806641322404031,0.0,-0.9468242320704682,-4.614432812642219,-0.7454469142206044,0.0,-0.7042304492295318,-3.6400136660195197,-0.5751518921641015,0.0
0.0,0.0,0.0,0.0,0.18373036539510493,-0.19374429160963036,-0.1316385817557201,0.0,0.3740654965344231,-0.7855543151461627,-0.25595033061837075,0.0,0.2244935094361378,-2.052612926493941,-0.5375820029493666,0.0,-0.39268083620235145,-3.443110152879529,-0.894211855727219,0.0,0.6650126244564014,-3.161328239005654,-0.2631372745461652,0.0,0.6016166056977402,-4.466887759210709,-0.48445909200522386,0.0,0.2850810319954682,-3.279442026855927,-0.42653437525139715,0.0,0.13321876205914782,-2.6677299740254337,-0.3766544400881918,0.0,0.21600582820365793,-4.883502336106354,-0.3772458209206014,0.0,0.05540933961965906,-5.287917712854138,-0.49163032029443493,0.0,-0.03847603974224339,-3.1173504406098242,-0.35761437278122304,0.0,-0.07572015710968866,-2.477756699472021,-0.31216198779802673,0.0,-0.3618358336904423,-3.5403363176312053,-0.34418354050731637,0.0,-0.7515032467224486,-7.207704899794814,-0.8187705059577162,0.0,-0.3856497407571673,-3.732326830630997,-0.5019950562616136,0.0,-0.3099256312975285,-2.8209051397914755,-0.4048083682740849,0.0,-0.5275678450332195,-1.8154304422520484,-0.2688990801944079,0.0,-1.0323169889384316,-4.160145721636917,-0.6945270063344946,0.0,-1.041223332426648,-4.58358483072025,-0.7815442083164199,0.0,-0.7878802797558223,-3.6280154771931015,-0.606617941261011,0.0
0.0,0.0,0.0,0.0,0.18577635641115137,-0.18962878834786437,-0.13401773901993352,0.0,0.3788401934610226,-0.7741019370976814,-0.25594217627517796,0.0,0.22425445780146844,-1.9501506096366825,-0.5167114330148403,0.0,-0.34891507797921706,-3.1889530206579866,-0.8308593965444141,0.0,0.6681460599164646,-3.224402079720205,-0.26417490914734953,0.0,0.5908436392510662,-4.5176977155017255,-0.4815015753520389,0.0,0.27429438952716534,-3.271590283586285,-0.4175929808324912,0.0,0.12644922525925975,-2.6510900183977655,-0.3665828848673293,0.0,0.21282970730730152,-4.935521134088872,-0.35911296242006785,0.0,0.06074779578763108,-5.311755124269936,-0.4729444683594965,0.0,-0.03363942142390904,-3.1193711167617533,-0.34550806171958315,0.0,-0.06858571911803592,-2.4759700955377313,-0.3014967096300911,0.0,-0.3598107137128273,-3.54327295275118,-0.31715224500535105,0.0,-0.7498560255357318,-7.168207478228668,-0.77491508857094,0.0,-0.38384711078582273,-3.715165022300049,-0.48336019870567876,0.0,-0.3042852626716335,-2.8156197448713765,-0.3921999499530805,0.0,-0.5237018851675997,-1.8365141295123524,-0.2490280527557152,0.0,-1.0364559938874407,-4.249196758093981,-0.6648818749747815,0.0,-1.0340533786855943,-4.618496118997261,-0.7465268193537072,0.0,-0.7797340619294568,-3.661912517770941,-0.5832102084172778,0.0
0.0,0.0,0.0,0.0,0.19080115363532774,-0.20021458784101162,-0.1345044370937056,0.0,0.39045434820415664,-0.7749704140334699,-0.25834606296904816,0.0,0.22265517844724345,-1.8789866365526058,-0.5187817947244067,0.0,-0.32207336049303564,-2.9774098766166284,-0.8260978946527632,0.0,0.665003362121961,-3.1229772740593287,-0.26871304051860234,0.0,0.5836911242022604,-4.442387569582864,-0.5003016853966205,0.0,0.2608790173437565,-3.2614851320417046,-0.4409612429043117,0.0,0.10801158870370166,-2.6494594035395544,-0.38767771815695584,0.0,0.20284646077827925,-4.821893624867124,-0.37870052357367223,0.0,0.03273725518501721,-5.313757504509645,-0.5047339460170913,0.0,-0.05918442336822648,-3.1208350999542254,-0.3699619504599475,0.0,-0.09208532833880761,-2.4657495715774997,-0.3215217396613676,0.0,-0.3779762709378459,-3.5507291455059704,-0.34239906905657913,0.0,-0.7713728357836387,-7.014548155331512,-0.7843280677422972,0.0,-0.4077762345521566,-3.6715557880715886,-0.4905912396040671,0.0,-0.3278238376641265,-2.7846578527655774,-0.39896337838491513,0.0,-0.5373180612173466,-1.8440310940213978,-0.26718027650969367,0.0,-1.0568801304018056,-4.222346753767168,-0.6741764626714017,0.0,-1.0591075204698086,-4.575555255908356,-0.7426894142398327,0.0,-0.8093906915008914,-3.6387359532180064,-0.5803285653700373,0.0
0.0,0.0,0.0,0.0,0.18785267001683886,-0.1959180862147695,-0.12883630201568982,0.0,0.38482300225047245,-0.772427484699666,-0.2482609723844786,0.0,0.1998387703575001,-1.8438113035209631,-0.4945531900009463,0.0,-0.3388401649419727,-2.7761597883210984,-0.7568527821430474,0.0,0.643498676684271,-3.135629723683127,-0.273131215393367,0.0,0.5723562273837564,-4.475106872835704,-0.509342322776966,0.0,0.2589966705791367,-3.254867038210947,-0.4386121866700866,0.0,0.11037590815869316,-2.644317545262875,-0.38244716994083294,0.0,0.1717796127295511,-4.843145546128808,-0.4058328270725222,0.0,0.021315165859872576,-5.267598231162213,-0.5266101366747848,0.0,-0.058559289598447466,-3.0835671343260653,-0.3723254012997365,0.0,-0.08944760523837983,-2.448665540424313,-0.31897466288998977,0.0,-0.3941913593906765,-3.4879741640191235,-0.3723026846288538,0.0,-0.7924018990995589,-6.978576363276955,-0.8541804983171395,0.0,-0.4054945681407151,-3.6325359072072905,-0.5134310415342401,0.0,-0.32095228781485313,-2.7674677643609007,-0.4097481541270765,0.0,-0.5401560907860078,-1.787382612226315,-0.2895854394605768,0.0,-1.0630380644199964,-4.197645131150849,-0.7393181418057793,0.0,-1.0605242361709752,-4.594068510576744,-0.8053227192103054,0.0,-0.798800420308727,-3.6442997268424824,-0.6151791307482614,0.0
0.0,0.0,0.0,0.0,0.18754329805871509,-0.19075363303298523,-0.13351008160728978,0.0,0.38889979972903843,-0.7701633115736013,-0.2576726141959044,0.0,0.23535221370838103,-1.9297753668974384,-0.5250820339132751,0.0,-0.3258598221079548,-2.999231862070254,-0.8222728167495856,0.0,0.6784819707390799,-3.187539984161648,-0.28345327750748844,0.0,0.5925264486450978,-4.4843898838863545,-0.5130080101730708,0.0,0.27038163438338453,-3.270899266690618,-0.44483774267850335,0.0,0.1183912662536458,-2.649106136217151,-0.38785528183079787,0.0,0.23126247880081946,-4.964295850191999,-0.40621832262102653,0.0,0.06382542170840896,-5.289375770775697,-0.5140621787557451,0.0,-0.03983012326649855,-3.1069033435816085,-0.3658127189685299,0.0,-0.07827790546599134,-2.4616236452339106,-0.3146599320239977,0.0,-0.3543475354940207,-3.602842674119145,-0.3627485506261201,0.0,-0.7409422214304717,-7.148608810335124,-0.8267552755430606,0.0,-0.3881160864282698,-3.7043104306221384,-0.4950065361424217,0.0,-0.31330110317640386,-2.8053041112659343,-0.3947868056793228,0.0,-0.5216165446762471,-1.836148378866091,-0.277741925906972,0.0,-1.0309510634988648,-4.2347328915405145,-0.7027010610215635,0.0,-1.0392667411431067,-4.625950354502564,-0.7661344420755085,0.0,-0.7907924710160845,-3.6524858238718116,-0.584805787148789,0.0
0.0,0.0,0.0,0.0,0.19119816475630472,-0.18827691525929602,-0.13128498771061634,0.0,0.39390883361035217,-0.7610114264298097,-0.25092327592656966,0.0,0.2457467532807629,-1.8817807042489563,-0.5011062724513767,0.0,-0.2841266255496768,-2.926108335834621,-0.7780698701496918,0.0,0.6924177941786942,-3.1124097213061006,-0.2700461623813506,0.0,0.6616761008031613,-4.550272977959746,-0.5090213410839185,0.0,0.3247727879354483,-3.3047808868727673,-0.4389118216532147,0.0,0.16415766449497177,-2.6745270311223726,-0.38245919360177516,0.0,0.25420486669491066,-4.898488693102018,-0.3898775171052152,0.0,0.10509466248400015,-5.245329390546177,-0.49730840068051607,0.0,-0.002627314934311839,-3.101907243463025,-0.35859278692478486,0.0,-0.03989852492704911,-2.4650625724996513,-0.3091652246366785,0.0,-0.34071459372435275,-3.586334790669227,-0.35278919462173297,0.0,-0.6579300376308254,-6.825811925189763,-0.7851054939131387,0.0,-0.34224033655437297,-3.640655484759012,-0.4899430523681174,0.0,-0.26929045730206985,-2.790201709190497,-0.3962414887407548,0.0,-0.5173122519817429,-1.8579488861055167,-0.2735146764863747,0.0,-1.0032354882345997,-4.294071545570822,-0.7056055733064391,0.0,-0.9714899123612853,-4.5883848398669524,-0.7590405611242877,0.0,-0.7280860123528239,-3.661838900721854,-0.5874471641218291,0.0
0.0,0.0,0.0,0.0,0.1895482368899774,-0.19115377229418593,-0.12801392657907731,0.0,0.3912400321016716,-0.777600754505532,-0.24509939481113896,0.0,0.2452616870355671,-1.9692722626970254,-0.49870384963874714,0.0,-0.30886954372620595,-3.0851256454717655,-0.7783704906806773,0.0,0.7017571137648823,-3.2131213633801474,-0.25486183021460945,0.0,0.6445902499248752,-4.536859578836518,-0.47533475452240703,0.0,0.3145488990209417,-3.2972967812135483,-0.4159406126822422,0.0,0.1571864318374996,-2.670866731972163,-0.3649880339717232,0.0,0.2674909671679485,-4.9794970177359765,-0.3654269234233588,0.0,0.11897663565701992,-5.323872480870639,-0.47288937634901285,0.0,-0.0002890985952529744,-3.12358223769055,-0.3392588622159057,0.0,-0.04306731044520627,-2.477193370707526,-0.2929875371022458,0.0,-0.32511093391253815,-3.607700034846675,-0.33508113706349635,0.0,-0.6546184578597662,-7.095031409297954,-0.7698325968094952,0.0,-0.3335372413318189,-3.7174134346057497,-0.47014202040372316,0.0,-0.2641335315909998,-2.8228785478476928,-0.3765441225528384,0.0,-0.5092396774679436,-1.8587389928145626,-0.2646192135263948,0.0,-0.9892070026244417,-4.280066079032438,-0.6798255683491048,0.0,-0.9768568664944721,-4.650699533517628,-0.7408158515187341,0.0,-0.7316362534556203,-3.6738422986255093,-0.5657213140687667,0.0
0.0,0.0,0.0,0.0,0.1893626232696272,-0.18840548088298767,-0.1298041640049807,0.0,0.3953945058179084,-0.7710646771191391,-0.24769447137111936,0.0,0.26132858963801286,-1.9674628994606662,-0.5037390540550675,0.0,-0.2919773032155756,-3.0698910332936893,-0.7828326580985003,0.0,0.7115803913306603,-3.193164622444547,-0.2591576442296696,0.0,0.6615429470782208,-4.553717734073347,-0.48195981747240213,0.0,0.32429689687806823,-3.304883996188591,-0.41947295559064246,0.0,0.16398867556179678,-2.6744842421429564,-0.36704343076084317,0.0,0.28756410813763417,-4.975230104173009,-0.36700769327674193,0.0,0.13632189912266424,-5.325972926249445,-0.4710720845294814,0.0,0.00821945712464874,-3.1241500077002646,-0.33783739508836513,0.0,-0.037028063859313724,-2.4785724969869736,-0.2922899981770468,0.0,-0.3105715576026638,-3.6417952998909784,-0.3344015159642353,0.0,-0.6283834912038181,-7.117858586424574,-0.7608750847959365,0.0,-0.32201848762386587,-3.7233893277388987,-0.4657961775400694,0.0,-0.2573218612742532,-2.8293969636950576,-0.3747216887440262,0.0,-0.5045522471474191,-1.889200399812946,-0.2634108521153033,0.0,-0.9803549613890127,-4.321897262723276,-0.6712391925977147,0.0,-0.958955403485164,-4.633813462141062,-0.723131971775522,0.0,-0.7204831540312944,-3.6590892680385907,-0.553635516037297,0.0
0.0,0.0,0.0,0.0,0.19483796134169595,-0.176063865850944,-0.12753546553231496,0.0,0.4218765064129578,-0.7376471592368673,-0.24422186849912123,0.0,0.3369407464378989,-1.9161920568925945,-0.4961046348451727,0.0,-0.1620061978309324,-3.0076707623237895,-0.7744460674142462,0.0,0.7999372548368548,-3.0654846711094614,-0.2720524754088214,0.0,0.8595224673039582,-4.632615302208752,-0.5285164292350627,0.0,0.4688860797669876,-3.3446561696148196,-0.45266598537868624,0.0,0.2843228925501347,-2.6950701336779668,-0.3925303360354063,0.0,0.432987420170374,-4.95828418762974,-0.40523562547736963,0.0,0.3062996165753874,-5.30453789632965,-0.5128907481639958,0.0,0.12166855566974265,-3.1387247896036587,-0.36746979483458864,0.0,0.06422153487632525,-2.4958400320669023,-0.31629693624832467,0.0,-0.20949479792886452,-3.6873451845968575,-0.3693743811172528,0.0,-0.38897571092200156,-6.631343247983889,-0.7675804392227273,0.0,-0.1946092345655909,-3.604155883231111,-0.4815606707407694,0.0,-0.1484082479112401,-2.7808280122794558,-0.39069163795272754,0.0,-0.45020000760893725,-1.9368822229782,-0.2854962817216798,0.0,-0.8406167238185587,-4.417011774075262,-0.720710326618875,0.0,-0.7704585340869257,-4.620167322767858,-0.7521768889179483,0.0,-0.55559489888524,-3.691525194672854,-0.5805161189557396,0.0
0.0,0.0,0.0,0.0,0.1890931483394023,-0.17602622281172753,-0.12834570857536579,0.0,0.42554093562564643,-0.7433551044815937,-0.2469150033524332,0.0,0.3641458353691584,-1.9719604376767244,-0.5105505449854947,0.0,-0.15464021866587485,-3.1843844647585016,-0.8162276236532068,0.0,0.8269448007941044,-3.1384474450507014,-0.2761772333421871,0.0,0.8548676168433007,-4.60161610497076,-0.5182471401807931,0.0,0.46206493480806926,-3.3176212657092177,-0.44177448260500385,0.0,0.27632850091164674,-2.682272941451075,-0.3827735883450057,0.0,0.4812019641980909,-4.959194875601307,-0.3998854028790683,0.0,0.3588694442032257,-5.341868697900695,-0.5040892333114559,0.0,0.14002247685964803,-3.1292888004500825,-0.35228468476456787,0.0,0.06737229855109043,-2.4868358548497547,-0.3020928444473764,0.0,-0.16066819711449512,-3.696948602028596,-0.36632742491594206,0.0,-0.3198066050268355,-7.02297837837106,-0.7885786325818366,0.0,-0.16305275822081577,-3.7111360200203474,-0.47714037167732865,0.0,-0.13786692792155875,-2.83481353483771,-0.38278197021314453,0.0,-0.4259800726819244,-1.9446668515884236,-0.28539206635954323,0.0,-0.803998520288621,-4.4435778404321615,-0.7129797873140203,0.0,-0.7573948022945637,-4.680920846031136,-0.7468894679138791,0.0,-0.561061656266536,-3.681972833931429,-0.5661912000664104,0.0
0.0,0.0,0.0,0.0,0.19087791603458554,-0.16106729518613094,-0.12160040824151916,0.0,0.4304794037304732,-0.6985038983305804,-0.23151734986993247,0.0,0.4130009655856722,-1.9202500638788007,-0.4754402591583505,0.0,-0.040105644019414105,-3.098105779064964,-0.7460602361580599,0.0,0.9293240600243023,-2.9801138138418173,-0.25978855425781405,0.0,1.0961449793375886,-4.622930215578736,-0.5129466597159149,0.0,0.6460978518787532,-3.3323693124048437,-0.4399621000276253,0.0,0.4286638465985644,-2.6911015561955547,-0.38160661660231915,0.0,0.6713695807132352,-4.975198784175917,-0.39747396089148684,0.0,0.5771071095498688,-5.278726291076981,-0.4844491000654127,0.0,0.2859870789272882,-3.1401786813369816,-0.3461405706513918,0.0,0.19241668082299393,-2.5046299854820453,-0.2980836766797042,0.0,-0.026785436187028052,-3.811506815418732,-0.3711245712107745,0.0,-0.038340898125692184,-6.691851930008654,-0.7309406098782606,0.0,-0.0024495413221015862,-3.6287620969688925,-0.4499907730590721,0.0,-0.0026347570345159935,-2.8025768861556224,-0.3635337003117933,0.0,-0.3585447176048276,-2.03167321124292,-0.28861154823567786,0.0,-0.6233306252081258,-4.638143004268669,-0.7110479488215924,0.0,-0.5262590352627833,-4.652619954531506,-0.6970434039545075,0.0,-0.36894253955692835,-3.6940430107538518,-0.5283856604899553,0.0
0.0,0.0,0.0,0.0,0.18779761895910566,-0.16503884898687085,-0.11833895716463635,0.0,0.4371971512406951,-0.7102772896203627,-0.2269648917225592,0.0,0.4185877583705944,-1.9343373537102615,-0.4699746544167898,0.0,-0.053688837248992725,-3.098220430142125,-0.7376028801195321,0.0,0.930755553530633,-3.0033746071766396,-0.24772237063696573,0.0,1.0984689847876705,-4.618748619350434,-0.49196260326022623,0.0,0.645033037549988,-3.329119938912992,-0.4202237268641365,0.0,0.42729796586512836,-2.6955875818256687,-0.3660104336725629,0.0,0.6697929228084251,-4.903031036036916,-0.38898137014268475,0.0,0.6051408274438244,-5.274624120317995,-0.48569053344441837,0.0,0.300169934038034,-3.1096769405299045,-0.3421568118938551,0.0,0.20250582590512223,-2.485335293759846,-0.2952719703873672,0.0,-0.01626537867298587,-3.7360777553994073,-0.3780780967983788,0.0,0.004623776162630675,-6.686960084838976,-0.7570218904627373,0.0,0.021518974168949687,-3.6204760079313756,-0.4665504026608873,0.0,0.013138675312681876,-2.7979126757325212,-0.37777325740888057,0.0,-0.3465473561177684,-1.9956758603299587,-0.30152203077538614,0.0,-0.5940385004494508,-4.583626015966669,-0.7517935671785314,0.0,-0.5132011488477752,-4.736430313966072,-0.7669724374847768,0.0,-0.35834035640489076,-3.7252261979652257,-0.5799093911589768,0.0
0.0,0.0,0.0,0.0,0.19742044660834823,-0.1529531056159282,-0.1252065850322587,0.0,0.4702827060429037,-0.6922214606664786,-0.23984059074712946,0.0,0.529590676448367,-2.020222704524636,-0.5084382855859038,0.0,0.0952027768445717,-3.311505644177227,-0.7956559660697378,0.0,1.0666660998039914,-2.797306817478769,-0.2317312552470326,0.0,1.4010000168753114,-4.550049159017918,-0.5006427172274974,0.0,0.8671350590695917,-3.342889657424151,-0.44514112063139577,0.0,0.596164462221054,-2.6912429086530922,-0.38746144981795655,0.0,0.9293375374117012,-4.74813071971896,-0.3495375380920755,0.0,0.9138439914216347,-5.311736312990742,-0.47283368420701444,0.0,0.47950330099731775,-3.1360217866297493,-0.34137225855822934,0.0,0.34581701465056575,-2.4998047096560154,-0.29688080986936477,0.0,0.19144848196151928,-3.8312350472784154,-0.34519794495504064,0.0,0.34201165262138206,-6.6383882047588045,-0.6986337343831731,0.0,0.2068999844638806,-3.6393816795954477,-0.43941679346776064,0.0,0.15959792920011043,-2.816129600893698,-0.3586097643421827,0.0,-0.2545287757096684,-2.125616304967787,-0.2809996812766207,0.0,-0.3628399354386358,-4.682787561263941,-0.6868921458762305,0.0,-0.2603271601275056,-4.608940407292721,-0.6659596422420885,0.0,-0.15553715578187924,-3.6339082829335942,-0.5047640641249054,0.0
0.0,0.0,0.0,0.0,0.19609751144563517,-0.15492290199180955,-0.11845601000306852,0.0,0.46215919574177944,-0.6687037035689449,-0.22924263004253595,0.0,0.5080879031829952,-1.854785434155469,-0.47658791529628525,0.0,0.11565234116585339,-3.0538322108233324,-0.7628127706967224,0.0,1.0623906086982116,-2.851926631104455,-0.25191602500487925,0.0,1.3899458470352637,-4.589755246059842,-0.5210126154810467,0.0,0.8553747268105942,-3.3292681480067747,-0.44665838835038796,0.0,0.5913031429628703,-2.6872792823786202,-0.38621449617242043,0.0,0.90494587695838,-4.7428330640727205,-0.4027826493178002,0.0,0.9068901124671881,-5.2663661901105785,-0.5136193743101612,0.0,0.48102329062895727,-3.1052931770891994,-0.36111113079972007,0.0,0.34718756043298166,-2.473163408390362,-0.30961432114809906,0.0,0.16939206392370232,-3.722268864944786,-0.39878031652573104,0.0,0.348571401244234,-6.5717642766445366,-0.7757020363475267,0.0,0.21280078740812317,-3.5807802114371703,-0.4792484372305786,0.0,0.1625038980563579,-2.7655921465943907,-0.386957070617079,0.0,-0.251316283118169,-2.0576451059808,-0.3214854386187653,0.0,-0.35107229132093926,-4.6758899661135445,-0.7739470278325046,0.0,-0.23743572697166987,-4.658035236792045,-0.75607828680167,0.0,-0.1303723526196476,-3.6500030373760413,-0.5696249594008055,0.0
0.0,0.0,0.0,0.0,0.19831171531615654,-0.13440668856950225,-0.13054989984300536,0.0,0.49408509030847914,-0.6439975413368103,-0.2488752036782667,0.0,0.6051419789676122,-1.94273393352999,-0.52844172490012,0.0,0.23425038036722454,-3.3777238241373886,-0.8559208165341313,0.0,1.1780413688003604,-2.7451303095254564,-0.23293365856895787,0.0,1.6032455784628703,-4.525844653382074,-0.5110091518845045,0.0,1.015286581296361,-3.3229619713153697,-0.45481315562150615,0.0,0.7176302685865922,-2.667465146785887,-0.39682876143225637,0.0,1.1276213691203036,-4.736790278293051,-0.34590633999955006,0.0,1.139782842997055,-5.286728091386741,-0.4796216540655898,0.0,0.6178503539351086,-3.1277644214675813,-0.35479920463536313,0.0,0.4579415951427813,-2.4846898731457387,-0.3114818383508391,0.0,0.3505584728928369,-3.8791371809035575,-0.34338152012867484,0.0,0.6085779278366975,-6.4558606344091904,-0.6942690727524553,0.0,0.35788917012256266,-3.5997516509546035,-0.4597995418548608,0.0,0.2745136384359793,-2.7857805746253494,-0.381641586052587,0.0,-0.1669024088999457,-2.1813333620432145,-0.2814484075450467,0.0,-0.15885329200278805,-4.74325530412292,-0.7132355151351971,0.0,-0.06552124627795694,-4.597450440456604,-0.7082869967826696,0.0,-0.009066892053412367,-3.5966926692887493,-0.5457620348289469,0.0
0.0,0.0,0.0,0.0,0.19989169318676267,-0.1326914614575253,-0.12497956900948012,0.0,0.49507362148265915,-0.6431958900533854,-0.23959744405474195,0.0,0.6123275819219051,-1.943276870168272,-0.5094953761455822,0.0,0.24084334890997974,-3.2900634462900027,-0.8073169389073797,0.0,1.1860796439570496,-2.6872095111081067,-0.24067696562414398,0.0,1.6779972974913715,-4.488780446811209,-0.5129825235430512,0.0,1.0782215588380206,-3.2986374453656753,-0.4459088467695054,0.0,0.7707743691626752,-2.6551689653504655,-0.3857606499467245,0.0,1.137083669109574,-4.553340454316682,-0.36361451702381925,0.0,1.243967920014224,-5.288387177140487,-0.4944050279240302,0.0,0.6763673472502115,-3.0948643118529557,-0.35232005773535413,0.0,0.5012968155400993,-2.454473669682426,-0.30530602895852826,0.0,0.37045929173889836,-3.7179582792688044,-0.36177932486926545,0.0,0.7111728218305671,-6.524703849697926,-0.7261765258415273,0.0,0.4194541752193014,-3.5677217633100766,-0.4659352558442064,0.0,0.3241891596070058,-2.746437123233571,-0.3829138490589509,0.0,-0.15177921877461376,-2.1362144830083345,-0.2971513528761139,0.0,-0.11519669483916017,-4.6205170528401345,-0.7128374650989813,0.0,0.000209675016339985,-4.532370213617684,-0.7092326874682465,0.0,0.05888073891484263,-3.5686029375337327,-0.5493230159563719,0.0
0.0,0.0,0.0,0.0,0.19864007153002983,-0.12916447247920967,-0.12776440641016137,0.0,0.49567005724432106,-0.6381669523539667,-0.24277515977932967,0.0,0.5933172503940332,-1.9161450715768444,-0.5105961949889234,0.0,0.20559238796885618,-3.140074548780536,-0.7837718579690705,0.0,1.178162376797903,-2.685253233878921,-0.22396081665934178,0.0,1.6805891282162508,-4.547567783028043,-0.49934496746109147,0.0,1.0739155352454541,-3.334778973469478,-0.44117064372518916,0.0,0.7608064487026457,-2.6721367095006365,-0.38340665531370244,0.0,1.133208465612907,-4.606878091384994,-0.3387471165595622,0.0,1.2282962264200814,-5.315766860422227,-0.47788361315747707,0.0,0.6654230053269986,-3.1053270800767194,-0.35020649776672674,0.0,0.4925213386291328,-2.4591994613563877,-0.30610787156278785,0.0,0.36084217625064785,-3.7801243741052226,-0.34414376755869075,0.0,0.6976065056443713,-6.505802245982867,-0.7085894022864689,0.0,0.4085524798264548,-3.5555935823895153,-0.4654134108697096,0.0,0.31343879776972255,-2.742950200732421,-0.3856213310464273,0.0,-0.16064617363977354,-2.1675177719998806,-0.2876682755543873,0.0,-0.10923152904521213,-4.755551230780417,-0.7130033264549818,0.0,0.006182292491471347,-4.561818768884087,-0.6998888815834237,0.0,0.059596995786448455,-3.5687053006311746,-0.5412970770152364,0.0
0.0,0.0,0.0,0.0,0.19680490669973383,-0.13080147656750582,-0.12584053874863357,0.0,0.4887069865180415,-0.6383244470712288,-0.24018704348371983,0.0,0.5899506270233746,-1.8979491070610803,-0.5043923378052103,0.0,0.2141026596924919,-3.166983033831591,-0.7898408704590222,0.0,1.1815976032081774,-2.738540472553789,-0.23290303989040725,0.0,1.659057336343931,-4.539487103232305,-0.5066574740884539,0.0,1.060067770210355,-3.3195913022853825,-0.44443421859436794,0.0,0.7532918610275117,-2.663469545004983,-0.38559410031712854,0.0,1.1311890852363484,-4.6897229380827445,-0.35778077902676353,0.0,1.2057652603360631,-5.302741007314191,-0.48812363613168464,0.0,0.657134267397985,-3.101661488007475,-0.35214333960231514,0.0,0.48842464427074045,-2.458774521683364,-0.3057538359759547,0.0,0.34538425937409395,-3.7761604431151867,-0.3582811745721277,0.0,0.6737128017521469,-6.505498447174502,-0.7246936770549174,0.0,0.3983736109241739,-3.5621127356965916,-0.4685073698516095,0.0,0.30755958994413074,-2.745929336928557,-0.3847140162417543,0.0,-0.1674782776032926,-2.143651827661658,-0.29625825443858705,0.0,-0.128854760691673,-4.704267937094559,-0.7269494319516461,0.0,-0.013594327964290227,-4.559312616535578,-0.7140099107960516,0.0,0.04583493598321899,-3.576285823214895,-0.5495721869964713,0.0
0.0,0.0,0.0,0.0,0.20021508423315154,-0.14066102292557178,-0.1264446309621923,0.0,0.48868180236646486,-0.6414173604101437,-0.24413568026630444,0.0,0.5890792915439272,-1.8777320908248378,-0.5147522847938807,0.0,0.22197221091390523,-3.1767553865883635,-0.824084060647015,0.0,1.1920981121226992,-2.7548651367794217,-0.25379585528783216,0.0,1.6206569601498018,-4.516919850750037,-0.5270709898578688,0.0,1.0235546958516801,-3.2892460550652327,-0.45186786123184874,0.0,0.72664294932894,-2.644777382423002,-0.38941671358656454,0.0,1.1213296741593712,-4.6028571567547,-0.38338358467858014,0.0,1.1919764081160726,-5.305659759203915,-0.5142853905031451,0.0,0.6479219099179822,-3.100251393262093,-0.36252283429658133,0.0,0.481933981941348,-2.45636259900369,-0.3121705247161942,0.0,0.3423325344781172,-3.678647909812745,-0.37419570156435633,0.0,0.6687753208012611,-6.595800727265003,-0.7580608148037823,0.0,0.3958296489427617,-3.5973438411378793,-0.48021499423099695,0.0,0.3070058042628949,-2.7601287858881287,-0.39060673267414175,0.0,-0.16416774050318564,-2.087611980215342,-0.3040010109553045,0.0,-0.14506233304850813,-4.625982583075618,-0.7386958240393398,0.0,-0.03029688807063864,-4.57994466600671,-0.7373604506053438,0.0,0.03459438727761624,-3.584602207121522,-0.5642150543975629,0.0
0.0,0.0,0.0,0.0,0.2006345293306581,-0.13540247643641942,-0.12787017182400828,0.0,0.49314120017290475,-0.6413041486710193,-0.24457027453555932,0.0,0.5863213689260555,-1.871116159034259,-0.5109224803260823,0.0,0.2071621723219811,-3.0896742753979765,-0.7994875225323773,0.0,1.191337690547203,-2.785813028786001,-0.23549339561120386,0.0,1.6139552931702732,-4.51886012146498,-0.5019272930488873,0.0,1.024859685857959,-3.2959426598000863,-0.44004812221945094,0.0,0.7284082875532534,-2.652283949809703,-0.38353097527786295,0.0,1.1163059278844039,-4.718230077651652,-0.35835344824223336,0.0,1.1641649698920715,-5.293434137029264,-0.4888692294472349,0.0,0.634894853344907,-3.104752157881971,-0.3575633510200593,0.0,0.4707641185535327,-2.460315912056104,-0.31109900966531223,0.0,0.3197051147731209,-3.7310964930358184,-0.35290116682536915,0.0,0.6331146241326098,-6.550919935202468,-0.7331186159224312,0.0,0.37739991638776976,-3.5846254707597947,-0.4791737396442015,0.0,0.2921404451677705,-2.752437424977019,-0.3927502950861522,0.0,-0.18008405406793396,-2.095974323093461,-0.290242938642426,0.0,-0.1605994611751325,-4.64366462872358,-0.7167646036261519,0.0,-0.040768833815600015,-4.588109894333192,-0.7211816927191549,0.0,0.029443986280420647,-3.60565403685302,-0.5574775759751721,0.0
0.0,0.0,0.0,0.0,0.19644469218839242,-0.1449297012714553,-0.12310177730710344,0.0,0.47999665810961417,-0.6788212519406381,-0.2373883207599413,0.0,0.5628540774034682,-1.9948431339430668,-0.5042715649255465,0.0,0.14036245863368552,-3.254712327936567,-0.7816028796440833,0.0,1.148989426939495,-2.8347952359928756,-0.2282847970159449,0.0,1.528430234479902,-4.557030980158046,-0.48085288652008545,0.0,0.9532167309547086,-3.319100695207261,-0.4210646295268699,0.0,0.6640218958399839,-2.670361086889871,-0.3672832589755393,0.0,1.0478474311404444,-4.690858487174748,-0.34565348567449644,0.0,1.1105816977192047,-5.377639398881449,-0.4753957498748048,0.0,0.5964491134630937,-3.132246852802602,-0.34230805943718806,0.0,0.4361881190221294,-2.4788307221776393,-0.2971847250222679,0.0,0.2811109773540992,-3.7203705787901233,-0.345890114643247,0.0,0.574370349818447,-6.726318458996776,-0.7251177329357222,0.0,0.34139187439214513,-3.642072402611466,-0.4648783068848188,0.0,0.2590894182257288,-2.7910843278740347,-0.38013768487750055,0.0,-0.1996420446820809,-2.0943116465866054,-0.28697925968491766,0.0,-0.21710758566434799,-4.706308308277132,-0.7167329536347258,0.0,-0.09879369373361832,-4.68449185567853,-0.7227536110075162,0.0,-0.02038697410904885,-3.645776230584651,-0.5513384070486136,0.0
0.0,0.0,0.0,0.0,0.1939966941254254,-0.14153049330110049,-0.12736906721049146,0.0,0.47495918099555606,-0.6706137730949746,-0.24372727753635995,0.0,0.549194811315664,-1.9413918301826674,-0.5082493141986655,0.0,0.13936175579339147,-3.192505051934339,-0.7887136440774898,0.0,1.139831066144053,-2.8563096603249836,-0.2261802689371743,0.0,1.520341275178618,-4.552395606765777,-0.4754599221940066,0.0,0.9557001965138368,-3.3187867276949494,-0.4199854838037299,0.0,0.6720262075594335,-2.6721379302343933,-0.36845735115137007,0.0,1.0234141221845603,-4.746550285950514,-0.3304323035631699,0.0,1.0700041972917125,-5.347428270497639,-0.4567485747086766,0.0,0.5793453526030894,-3.1360231194312687,-0.3389106255095649,0.0,0.42681990874671677,-2.4842441469186647,-0.29744741816002657,0.0,0.25477086777287006,-3.7419749262250432,-0.32370360068446113,0.0,0.5142360171531787,-6.582329758917679,-0.6801522060598436,0.0,0.3162878809116058,-3.6165628225195894,-0.4534512540920041,0.0,0.24798605038911947,-2.783143941100027,-0.3766775710514925,0.0,-0.21041073784367664,-2.1206950479110933,-0.27097471637074033,0.0,-0.2450604639068672,-4.689389930432959,-0.6762996900517483,0.0,-0.12483361620970371,-4.630473288063636,-0.6861126948941164,0.0,-0.03194258812856409,-3.646328436707492,-0.5357057664472045,0.0
0.0,0.0,0.0,0.0,0.1955402262390898,-0.15228888536781002,-0.12323571304236129,0.0,0.461749884337761,-0.6689713676109709,-0.23623504882878194,0.0,0.5102809671435432,-1.8992641596654685,-0.4923458790230664,0.0,0.09383164849459322,-3.0698679486981546,-0.7640414439484398,0.0,1.0914509021493395,-2.8405032182229215,-0.23279000478297626,0.0,1.4348791419580147,-4.5652246252483515,-0.4844241457615492,0.0,0.8888322845616131,-3.326687143448034,-0.42433625665760805,0.0,0.6156498106786376,-2.6802391029119166,-0.3708636612389718,0.0,0.9597241624501999,-4.748868430210579,-0.35757050106143234,0.0,0.982789899762617,-5.318739102691663,-0.4703498849491387,0.0,0.5254531711092937,-3.1234888800877627,-0.34357032407861143,0.0,0.38245830875344594,-2.476125225991642,-0.300112746948149,0.0,0.20670862027812542,-3.7494439289414205,-0.35420485187993794,0.0,0.42767120064089004,-6.626929899100996,-0.7118141729869415,0.0,0.2641739194800704,-3.606974710866034,-0.4606745897022466,0.0,0.20673083453933627,-2.7758126156307394,-0.38030261324563613,0.0,-0.2387227557015649,-2.0793217927756715,-0.2896298097829582,0.0,-0.3185835303156482,-4.6343065665380445,-0.7062858436455777,0.0,-0.20282469743497442,-4.62412756481139,-0.7117623735093229,0.0,-0.09595305504789432,-3.646058059028261,-0.5509381023896228,0.0
0.0,0.0,0.0,0.0,0.19344759955421373,-0.14428472245246282,-0.12913030451133797,0.0,0.4580439297127856,-0.6508481220232964,-0.2472690395652613,0.0,0.5016791604000613,-1.8304865628631923,-0.5087829288935455,0.0,0.10195760558279349,-2.9764933651808514,-0.7925023182093119,0.0,1.0916418968917392,-2.8672969246765994,-0.2521802079300492,0.0,1.423873862948776,-4.546561575466291,-0.5107373087120316,0.0,0.8840931029003338,-3.310892994963185,-0.4446239943533537,0.0,0.6150160281128179,-2.667373822347273,-0.38754771420229356,0.0,0.9455796014999843,-4.786671262315477,-0.37719843252928553,0.0,0.9530952997135254,-5.283384934570933,-0.4905699720450301,0.0,0.5107599717499794,-3.116110816999346,-0.3598393004107686,0.0,0.37214295890383525,-2.4708170012009187,-0.31412633350223845,0.0,0.18853098316157946,-3.7503268483836116,-0.3617931174430359,0.0,0.39590051428382994,-6.578167341322699,-0.7302753544534374,0.0,0.2468080558366236,-3.5930775341703396,-0.4766739590597376,0.0,0.19421542640270345,-2.76742149790976,-0.3944560793187601,0.0,-0.247818073152508,-2.0867354030668004,-0.2926060784185464,0.0,-0.33221295671398987,-4.648046544740641,-0.716320326552847,0.0,-0.21678973223526699,-4.597226145799456,-0.7205006020081166,0.0,-0.1080740653592839,-3.634243151477946,-0.5623044174751198,0.0
0.0,0.0,0.0,0.0,0.19314738685419822,-0.161160239857375,-0.11879449530244396,0.0,0.4553395799580594,-0.7079185933200546,-0.22798417980009536,0.0,0.443703092257872,-1.957168426358415,-0.4771882426443433,0.0,-0.029319394421637314,-2.99738807671652,-0.7164371806782247,0.0,1.0177303304855754,-3.0104062878537947,-0.2225590894260497,0.0,1.2262240610399557,-4.573052046561817,-0.45410970178122567,0.0,0.7440147779800541,-3.3282551690340085,-0.39987990965682285,0.0,0.5065345857162143,-2.6960206960963653,-0.3514141527015174,0.0,0.8177656252558992,-4.963182622283207,-0.3524400512727536,0.0,0.7662997084889737,-5.340072167288082,-0.4527945857817077,0.0,0.3918106176733729,-3.122926047000668,-0.324013379741271,0.0,0.2736911754173498,-2.483933334917477,-0.28120313592661333,0.0,0.08702388156431498,-3.8242276479748183,-0.35641200605525014,0.0,0.20279696190839125,-6.83083180526708,-0.7158513049945061,0.0,0.12866317808696223,-3.672959293555093,-0.44752305769121187,0.0,0.09172703027017162,-2.8213967721079753,-0.36380470009307486,0.0,-0.304671662092787,-2.0552242180072766,-0.2928861976770525,0.0,-0.48452968495131316,-4.613496904497384,-0.6995318612207518,0.0,-0.38937778965357656,-4.701448090690484,-0.7044505401215734,0.0,-0.25954059812575087,-3.6941087649122784,-0.5346708630922935,0.0
0.0,0.0,0.0,0.0,0.1912664841431384,-0.1621747691740191,-0.1227933204118104,0.0,0.4509261365585217,-0.7164837496647537,-0.23774589290822368,0.0,0.4348022757713839,-1.9659821703877627,-0.49510021728405595,0.0,-0.0489800600412019,-2.9939825367968074,-0.7391791815293255,0.0,0.9937946262770869,-2.982864901120581,-0.24119500996437493,0.0,1.2111361193796437,-4.586139381232399,-0.4844760913686241,0.0,0.738301853385646,-3.3195860548910763,-0.41801483067371553,0.0,0.5093318924166517,-2.685239501793808,-0.36504541713002536,0.0,0.7666945560094091,-4.9353680922117205,-0.3772346878629418,0.0,0.7166246274841328,-5.2923236579418695,-0.4769577720797445,0.0,0.3782759685637742,-3.119749134590025,-0.3403808107530884,0.0,0.2743279629124961,-2.486483908107957,-0.2943886768637445,0.0,0.040423452156470197,-3.7435542775726742,-0.3666971633840694,0.0,0.1328296978443326,-6.689581597976418,-0.746596914668837,0.0,0.10660635158405089,-3.6394355230912314,-0.4690346068513128,0.0,0.08892499467095656,-2.801990068395998,-0.3801291354442387,0.0,-0.3250631322158132,-2.0218266797778406,-0.2965979081682656,0.0,-0.5145332264148994,-4.517466489679557,-0.7222111603285079,0.0,-0.416928670866174,-4.687253807960242,-0.7447961230976959,0.0,-0.2702450136785546,-3.711276108810794,-0.5696285090658985,0.0
0.0,0.0,0.0,0.0,0.18940118615155405,-0.17685387235154992,-0.11968886751754447,0.0,0.41992717309107674,-0.7349583160266373,-0.23560294153252645,0.0,0.35045183555314363,-1.9337474444120626,-0.4952825371791525,0.0,-0.1474748499374197,-2.9416421248926357,-0.7661807055248244,0.0,0.8735005561456485,-3.1009848413683603,-0.2596502939217734,0.0,0.9470678238907211,-4.546461155296937,-0.50539990715683,0.0,0.5409092725523084,-3.3044430143441392,-0.440322070425722,0.0,0.34370943938437404,-2.678702004654522,-0.385358294766273,0.0,0.5624799107292429,-5.05686626256775,-0.42583474378530145,0.0,0.445627134238293,-5.291335575595341,-0.5235775443876624,0.0,0.20405311617299388,-3.1183882808425336,-0.36933794695127337,0.0,0.12487418230523138,-2.4771519816622143,-0.31674701498786145,0.0,-0.12555812326177382,-3.7539278813943326,-0.4143019710410775,0.0,-0.20056162557383916,-6.897709170190603,-0.8328159053806745,0.0,-0.09607024656408482,-3.6980711447344654,-0.506455051597754,0.0,-0.08317425691342045,-2.8263038844716992,-0.4051681367155841,0.0,-0.41445452648526815,-1.9414638148647332,-0.32555683854781586,0.0,-0.7320524565486607,-4.484670694424118,-0.7789609260929212,0.0,-0.6648440956567226,-4.710403593815431,-0.8008213283798565,0.0,-0.4819612392753831,-3.703250642570659,-0.6053087017266259,0.0
0.0,0.0,0.0,0.0,0.18801580422503492,-0.17311332616371194,-0.12656985653146127,0.0,0.4103012670611231,-0.7290967881658073,-0.2439653085218001,0.0,0.3211646828442444,-1.908306868337529,-0.502222984217898,0.0,-0.2003593118993409,-3.012143488789683,-0.7869392007144408,0.0,0.8309142757876894,-3.126775006949493,-0.2577453873893535,0.0,0.8581443076553825,-4.544921625869706,-0.4928452743933748,0.0,0.46453291818272535,-3.301552917849049,-0.42968742948798855,0.0,0.2760697962578865,-2.6670592353333875,-0.37682415022494425,0.0,0.4908942809580139,-4.994384658750836,-0.38981538759290696,0.0,0.36538600653097925,-5.302297472854522,-0.4971873962999172,0.0,0.14815929795039984,-3.1236787595829787,-0.3594212912139349,0.0,0.07568040512747991,-2.4754762050391017,-0.3119501016409828,0.0,-0.16935580026369187,-3.7038464904581114,-0.369189506703746,0.0,-0.315278575559499,-7.004006691048555,-0.8045878545085877,0.0,-0.15916160814518737,-3.6765226070152073,-0.4936316448582817,0.0,-0.1333118599415859,-2.793833536901622,-0.3979690678621982,0.0,-0.43127968445874953,-1.9139335540085067,-0.2902946988808202,0.0,-0.7987807727673223,-4.402401140491688,-0.7380860333779895,0.0,-0.7564364681997187,-4.71831033397893,-0.7990646654910107,0.0,-0.5513956272347089,-3.7014184567087125,-0.6122798930110595,0.0
0.0,0.0,0.0,0.0,0.1858145090051003,-0.17495585114000353,-0.12780829857917056,0.0,0.4074483866354302,-0.7385943714488283,-0.24848679503347254,0.0,0.3023061085498441,-1.9019492460159657,-0.5091772176439954,0.0,-0.22467768705400132,-2.934919502254995,-0.782911992612253,0.0,0.8301425790937844,-3.1653956492623996,-0.26859808408547536,0.0,0.843512975197143,-4.516134099331624,-0.5015123222576402,0.0,0.45980679576925315,-3.2801274293510922,-0.4345419639208825,0.0,0.2746773974072689,-2.655262646014217,-0.38001350432518516,0.0,0.47855512234577186,-5.000175086065492,-0.405293339177079,0.0,0.3663270375547727,-5.289311853143073,-0.5141131165095686,0.0,0.15031997504608607,-3.1156937737890167,-0.3673287279560209,0.0,0.07649580696078782,-2.4705703971442445,-0.3162728322636117,0.0,-0.17636275987636496,-3.6409265045446877,-0.37811845364835545,0.0,-0.33074632187790115,-7.090984412435141,-0.8494509014004377,0.0,-0.1633772736975765,-3.683015198052605,-0.510477092438319,0.0,-0.13593436000333828,-2.79452139694187,-0.4074799786487182,0.0,-0.43123199397881223,-1.8786290838663882,-0.2961703988806193,0.0,-0.8007778776033448,-4.375360208243082,-0.760115436705736,0.0,-0.7640254385343205,-4.736878540390809,-0.8264388533284767,0.0,-0.5539436924546839,-3.706020050053706,-0.6271717174493737,0.0
0.0,0.0,0.0,0.0,0.18653178916657726,-0.17558317717680652,-0.12772026884979895,0.0,0.40623353561946635,-0.7375487151445034,-0.24938069767115684,0.0,0.3029119484882807,-1.889526752374972,-0.5112191548210762,0.0,-0.2179599042781839,-2.9032696889195813,-0.787881483242623,0.0,0.8205330475508973,-3.146819279227443,-0.27788408437837975,0.0,0.8408290719368665,-4.518201106215178,-0.5188874687373155,0.0,0.45817404853369226,-3.280072410785743,-0.4469617790690702,0.0,0.27351256210537195,-2.655979890839454,-0.3895180405656892,0.0,0.46283596818148043,-4.953547692993106,-0.42205048406961226,0.0,0.35314344144588383,-5.278555373105229,-0.5339928371094543,0.0,0.14415251546211988,-3.1040720156982826,-0.3765043769912541,0.0,0.07339117833270072,-2.4627005974433107,-0.3223112476268104,0.0,-0.18455882432097734,-3.602845043108677,-0.3929862026463905,0.0,-0.34421310062873384,-7.066914656477077,-0.8782881282124262,0.0,-0.16818136935782999,-3.6682500159275166,-0.5223378399525348,0.0,-0.13747671301564038,-2.7850435369588427,-0.4149621919871651,0.0,-0.43373799420532166,-1.8623906190210053,-0.3068294587500314,0.0,-0.8066620921328264,-4.351959074096867,-0.782932641176125,0.0,-0.7705992491794322,-4.696540341965448,-0.8436801465367025,0.0,-0.5610957291162374,-3.6729271820799267,-0.6373674623497274,0.0
0.0,0.0,0.0,0.0,0.18965755519838737,-0.1802608676619433,-0.1257682245527584,0.0,0.41717365844478926,-0.7579052915551376,-0.2438091086900688,0.0,0.3049074013451363,-1.9353035520132749,-0.49853239776334374,0.0,-0.2304395287927881,-2.8015879918881246,-0.7324096813667978,0.0,0.8165130481575897,-3.185601037523892,-0.2600127174804425,0.0,0.8314963373851798,-4.547938619281788,-0.49222098131943853,0.0,0.45182508460598947,-3.2952266017343885,-0.4278286153800932,0.0,0.2692995198887997,-2.665126878805636,-0.37476495893452993,0.0,0.4444129918845648,-5.021661668829603,-0.3953278215016414,0.0,0.33469463002432204,-5.296371355423913,-0.5025702601899761,0.0,0.13649581882363715,-3.111529959504809,-0.3588905179776056,0.0,0.06889838308537895,-2.4706036147365253,-0.30954033482277016,0.0,-0.1980355180966357,-3.6248914828379633,-0.3699175555939255,0.0,-0.35606179568156837,-7.0953095210936805,-0.8389543882156034,0.0,-0.17231608425167355,-3.675983933162569,-0.5050562183620988,0.0,-0.14123561515106953,-2.791236121687592,-0.4035671615492248,0.0,-0.4376351936782229,-1.8742632765720053,-0.29271070809277394,0.0,-0.8121616801124513,-4.409578315451584,-0.759172123911297,0.0,-0.7765486381469037,-4.744660584149585,-0.819845752387331,0.0,-0.5689039074215876,-3.689475873281542,-0.6183056363840197,0.0
0.0,0.0,0.0,0.0,0.18499947254373159,-0.18158814383156643,-0.1267921589921473,0.0,0.4061316560504677,-0.7595236014774907,-0.24752601595926293,0.0,0.3045866290089401,-1.9756698274494886,-0.5132195183550726,0.0,-0.23782615369883453,-3.045458791369476,-0.7918036902775676,0.0,0.8185246983429583,-3.1933658858470704,-0.2634599137989568,0.0,0.828820737912711,-4.557508957166588,-0.4992428728011775,0.0,0.4482269743960066,-3.3009247169846714,-0.43407718182558186,0.0,0.2648636992963861,-2.666328275584557,-0.3799940678310114,0.0,0.45624231916701447,-5.000494479678745,-0.40036085977364183,0.0,0.34024789088091245,-5.28690250301009,-0.5121846586381608,0.0,0.13807080890390244,-3.113739089323574,-0.3657972876296615,0.0,0.06913035218822729,-2.4697365815496597,-0.31468204470746153,0.0,-0.1852476895413636,-3.6161917481881374,-0.3765287616814305,0.0,-0.35279213320635877,-7.177053288957337,-0.8698498922693464,0.0,-0.1702564203732746,-3.7007635732105184,-0.5176997989374532,0.0,-0.1383963629917012,-2.80045871510498,-0.41070918525314826,0.0,-0.4305018862107379,-1.8609703359935559,-0.29697375465796105,0.0,-0.8041408818223442,-4.39091370031363,-0.780010585324547,0.0,-0.7786003959513209,-4.787471538977451,-0.8542968567119547,0.0,-0.5683955109886826,-3.7282755072920843,-0.6439204250533206,0.0
0.0,0.0,0.0,0.0,0.18498024069761893,-0.18274865782106972,-0.1258138891307437,0.0,0.4079526585818477,-0.7469987394866167,-0.24498256645373298,0.0,0.31745587531818825,-1.91112954931494,-0.5036958093419385,0.0,-0.20382297212190106,-2.9371450250602433,-0.7816122516328056,0.0,0.8110128731006903,-3.135725349415104,-0.2612700186079483,0.0,0.8334161568704106,-4.549367645286402,-0.50185302320342,0.0,0.4516026309108804,-3.2985666086018064,-0.4367450189666016,0.0,0.267777650295801,-2.664771299638511,-0.382186441621862,0.0,0.45572069302030055,-4.9164082979495225,-0.401405375868543,0.0,0.3441801048714897,-5.295716935032576,-0.5184463195658304,0.0,0.1374417676956019,-3.1178252901184025,-0.3723265794810261,0.0,0.06741516480526619,-2.470930263781415,-0.3211664050504757,0.0,-0.1825445658759799,-3.6215121238603554,-0.38482467060722636,0.0,-0.3480304408872128,-7.096354228974516,-0.8653545670463372,0.0,-0.1749971644840462,-3.6631518099246714,-0.5182629925844304,0.0,-0.14571144529774485,-2.7796267063040467,-0.4142961468588734,0.0,-0.4317633525801567,-1.883213003640836,-0.3052365713139324,0.0,-0.8120491951193004,-4.397076035572861,-0.7810814994445462,0.0,-0.7756973507829337,-4.685857520160035,-0.8350747505487753,0.0,-0.5723186826281464,-3.6625178009784434,-0.633699750808333,0.0
0.0,0.0,0.0,0.0,0.18348801156641292,-0.1821519333252191,-0.12396211689604776,0.0,0.4050982299378937,-0.7504163529256086,-0.2407281650911649,0.0,0.31786441140154964,-1.9305894502762244,-0.49563376450277413,0.0,-0.2088460986369508,-3.0112765749797137,-0.7767494968821538,0.0,0.810443157870968,-3.1733543230741765,-0.25427526093667147,0.0,0.8225488917173622,-4.547499773524688,-0.4876757470057963,0.0,0.44631391167124856,-3.291533183146384,-0.42550033957192224,0.0,0.2652464032308918,-2.662730686686712,-0.37353847235931686,0.0,0.4522955482514042,-4.9794624592688645,-0.3926755707726139,0.0,0.33644965408732697,-5.293283599094661,-0.5049458766794801,0.0,0.13502365596556706,-3.118252545395312,-0.36353851924807246,0.0,0.06523579913061953,-2.474361980477935,-0.31390323378847823,0.0,-0.18766938209837275,-3.6340576845620043,-0.37645526904732185,0.0,-0.3578762361205747,-7.111904972851403,-0.8516034257974722,0.0,-0.17954126110528884,-3.67432510965518,-0.510051810609536,0.0,-0.15011976728116974,-2.7871106084895705,-0.40677200657501794,0.0,-0.43375242837127553,-1.8768470780871236,-0.29894908398802506,0.0,-0.8151083117540564,-4.374034825941826,-0.7680694396974216,0.0,-0.7850428714793456,-4.710630273078748,-0.8286190671668533,0.0,-0.5807516817301692,-3.695576422530464,-0.6293087799347244,0.0
0.0,0.0,0.0,0.0,0.18583374956824678,-0.17486081235230908,-0.13000824190767718,0.0,0.4111777638948941,-0.7329061746757324,-0.25349928365231156,0.0,0.32575684592388476,-1.893370014451492,-0.5215480788697716,0.0,-0.19447069525773442,-3.0145907297467094,-0.8293878410636162,0.0,0.8261233939511108,-3.14395904527082,-0.2818103829967818,0.0,0.8347278543118547,-4.51635677721853,-0.5230077793003232,0.0,0.44786101796232214,-3.2798696859614083,-0.4516669391117584,0.0,0.26208012190897084,-2.65365964075091,-0.3942267167562117,0.0,0.47441276392550163,-4.924536209166306,-0.419592562234353,0.0,0.3519041591208036,-5.261240544858639,-0.5302406478314242,0.0,0.1386296647244158,-3.1076419148506016,-0.3802348283649931,0.0,0.06643077599135941,-2.463784769235063,-0.3278462780413351,0.0,-0.17405447059349483,-3.599229644261193,-0.3870787847797086,0.0,-0.3445797494331515,-7.082835301191618,-0.8679275908331893,0.0,-0.17514693120409544,-3.672413253188634,-0.5230109026121436,0.0,-0.1468202563304972,-2.7837368754455896,-0.4189686308214372,0.0,-0.42742296286583414,-1.8633012620459888,-0.3006217696233558,0.0,-0.8014157475595214,-4.361593763090155,-0.772787382835823,0.0,-0.77667439741215,-4.717537291231326,-0.8426248602279957,0.0,-0.5714518645662844,-3.6774228704545022,-0.6398010133032408,0.0
0.0,0.0,0.0,0.0,0.18683937567904998,-0.17202551332222418,-0.1276543327912969,0.0,0.412233381348724,-0.7393740232781292,-0.24758695198889957,0.0,0.32652273928371367,-1.9386091518820014,-0.5113909178367444,0.0,-0.20243378688813382,-3.02714351593485,-0.7968784488184849,0.0,0.8307210307205,-3.175563402263701,-0.2688228499555322,0.0,0.8354854137297011,-4.530755587560855,-0.5008761584757685,0.0,0.44777579021072406,-3.2858313143353213,-0.4343102206873929,0.0,0.26184472820987487,-2.66162000545939,-0.3807554833648546,0.0,0.4785313625603399,-5.044521990965548,-0.4021141064255535,0.0,0.34958824515367704,-5.292476685077505,-0.504471638517564,0.0,0.13792636033266806,-3.118247712506018,-0.36123145802948686,0.0,0.06537208746922314,-2.4771267502555347,-0.3122396672072605,0.0,-0.17908479456309795,-3.6698478361599474,-0.37053767813934746,0.0,-0.3444132911536518,-7.075326891163406,-0.8182804480440935,0.0,-0.1730878192596436,-3.6947972511525835,-0.4965457303098364,0.0,-0.14681418372358754,-2.807204408598058,-0.398764993290731,0.0,-0.4316274090941237,-1.8885095301807762,-0.28874286166844826,0.0,-0.806648231395888,-4.407905961256241,-0.7400779847937956,0.0,-0.7767848325905218,-4.733688503326999,-0.798472831224186,0.0,-0.5757667675235185,-3.6892421639079624,-0.6049542548857176,0.0
0.0,0.0,0.0,0.0,0.18711937405912724,-0.17179775934988167,-0.12360596205220838,0.0,0.40927952438348625,-0.7448449710384748,-0.24022323908675955,0.0,0.3164156273013039,-1.9277756026218797,-0.49362935835121713,0.0,-0.20669433522453365,-2.9417317938154017,-0.7577556167990028,0.0,0.8228338526181068,-3.17792432319113,-0.26869046669566604,0.0,0.8255363194050225,-4.537174244170182,-0.5009843721114926,0.0,0.44399745277589775,-3.2810399886362034,-0.43206769978840454,0.0,0.26076310569432526,-2.655401649846031,-0.3781152780987396,0.0,0.4674143026165881,-5.014811965700787,-0.4134364278180478,0.0,0.34216538041440486,-5.264518674300097,-0.5150316301367686,0.0,0.13532788448128283,-3.097554673085375,-0.36579205019717576,0.0,0.0638274121049973,-2.4583304570441618,-0.31466626912441825,0.0,-0.18293909848914877,-3.624459426989686,-0.38635476038081196,0.0,-0.3511749494697124,-7.119827197132674,-0.8625682570974561,0.0,-0.17479124528564116,-3.679233913972012,-0.5154891299153872,0.0,-0.14757801627668754,-2.789655965904473,-0.4116491041262587,0.0,-0.4307177977970219,-1.8625494179860347,-0.3019939823954142,0.0,-0.8026176381161872,-4.3854374005199475,-0.7763234132895075,0.0,-0.7783600503199404,-4.766988916897158,-0.8476159836189404,0.0,-0.5734200473551311,-3.708949589693207,-0.6407704905680154,0.0
0.0,0.0,0.0,0.0,0.18726556587272553,-0.17272084632314033,-0.12467977138961621,0.0,0.40948721409696154,-0.7433589609291679,-0.24245278122295671,0.0,0.31741809389989434,-1.9227560857117716,-0.498146413689031,0.0,-0.2013333936839867,-2.970720275305388,-0.7714706314169204,0.0,0.8235858061180388,-3.1786346842179407,-0.27271207920634477,0.0,0.8281329209899245,-4.540605688811277,-0.5061736624816405,0.0,0.4451089297353806,-3.279304262297842,-0.43467419882789066,0.0,0.26197673174894043,-2.6519726946955244,-0.37948003981899425,0.0,0.4712119392054371,-5.002295767309298,-0.41614143060315656,0.0,0.34478993992613377,-5.268134531673231,-0.518469098537534,0.0,0.13637035276753598,-3.0991320768613804,-0.36763388386416784,0.0,0.06476864948230363,-2.457773940583859,-0.3158038768994262,0.0,-0.17582467182053352,-3.6277383666358847,-0.38765343179652095,0.0,-0.3485395306459088,-7.142074967180804,-0.8658858943436585,0.0,-0.17439695444602496,-3.6842198819740735,-0.515715904429962,0.0,-0.14660961072746898,-2.789629199134583,-0.4110546700857812,0.0,-0.4254107827093165,-1.8698030919047262,-0.3028343496117295,0.0,-0.7985252574242699,-4.388212264754296,-0.7758658407736653,0.0,-0.7760230031115233,-4.77225437085084,-0.8474340045936436,0.0,-0.5711769585719627,-3.7127963148004546,-0.6406331856511338,0.0
0.0,0.0,0.0,0.0,0.1878224924635094,-0.17047671903014208,-0.13033362602589887,0.0,0.41078483526603904,-0.7291089905207909,-0.253370592739993,0.0,0.3272611777898451,-1.9039176194737641,-0.5215886413345354,0.0,-0.18670649309906764,-2.9628283952539176,-0.8098293452715984,0.0,0.8405258272631748,-3.1449087548055297,-0.2837555423239415,0.0,0.8553639055290512,-4.539748200067642,-0.5231929827589683,0.0,0.46030532915096145,-3.2863585749399715,-0.4483581413575353,0.0,0.27154752776376606,-2.6563626437268315,-0.38990133634406354,0.0,0.504471948382498,-5.004559326721554,-0.4200891675856541,0.0,0.3741863654890354,-5.290544414882891,-0.5208310336830155,0.0,0.14925135356382285,-3.1110382707757616,-0.3683786341752706,0.0,0.07316543712624671,-2.4659583423947313,-0.31669262211424526,0.0,-0.15595044541513997,-3.7129279984940986,-0.38634777027392564,0.0,-0.3083090529632714,-7.151000041597864,-0.8394055523075932,0.0,-0.15675935454679274,-3.7087763049645317,-0.5021370079882952,0.0,-0.13567739549797345,-2.808131075768981,-0.40115753287406175,0.0,-0.4233728920787404,-1.919927852877359,-0.29785944791680646,0.0,-0.7932763703690231,-4.443289859212068,-0.7462464287872271,0.0,-0.7580832593420896,-4.721319012618667,-0.7941570440183564,0.0,-0.5629078049369028,-3.679097368402538,-0.6016485339792818,0.0
0.0,0.0,0.0,0.0,0.18882434353276056,-0.1717602457874612,-0.12598191915841297,0.0,0.4175119533488838,-0.7416951283836016,-0.24192563058981006,0.0,0.3253217948820779,-1.9105806730333672,-0.49117010961460833,0.0,-0.1913230572289109,-2.893073181706985,-0.7420397797751818,0.0,0.8383196343098714,-3.1519179028006077,-0.2569422048890639,0.0,0.8524268668792725,-4.531860705005906,-0.48415820264471127,0.0,0.4608680006230451,-3.2805560218277,-0.41969235693242585,0.0,0.27332102595448776,-2.6559027161648134,-0.36759919267863356,0.0,0.49423983804444177,-5.026119104720341,-0.38570806688417775,0.0,0.36679969040415694,-5.295003336458537,-0.48597663113444955,0.0,0.14650805089383112,-3.1083259973187407,-0.34862293329533106,0.0,0.07156763792506489,-2.4683793802076512,-0.30194900286485377,0.0,-0.1665933130426207,-3.6986235036716293,-0.3615297616472714,0.0,-0.3219827910030218,-7.117301768466695,-0.7993821855038261,0.0,-0.16179800603050268,-3.7001565566845054,-0.4855972692700473,0.0,-0.13858943074738203,-2.807502025107247,-0.3900874703963994,0.0,-0.427664650316156,-1.9188416249322655,-0.2852417520219786,0.0,-0.7939321698445018,-4.460007983676486,-0.7248204831126657,0.0,-0.7565208883932575,-4.761246507365035,-0.7761122065319603,0.0,-0.5588927356713411,-3.713551420501805,-0.5884658893792677,0.0
0.0,0.0,0.0,0.0,0.1893889598897574,-0.18259649278789317,-0.12613269486369943,0.0,0.41083832255038377,-0.7569771634697952,-0.24685718808019852,0.0,0.3063622309758788,-1.9412455271886737,-0.5098708945379917,0.0,-0.21707892057414785,-2.9723245905474105,-0.7852108263725808,0.0,0.8260476107949861,-3.117609055104151,-0.26061810203684677,0.0,0.8491645823544025,-4.5453195588299025,-0.5004795402809896,0.0,0.4591425022729121,-3.3006935193989095,-0.43534963979670593,0.0,0.270922417607884,-2.666094930463008,-0.3801605200433373,0.0,0.4842133418832359,-4.905761398598957,-0.3983713772279958,0.0,0.36276292165760426,-5.311282277613745,-0.5119073275345825,0.0,0.14258009297627838,-3.1081729972128045,-0.3631952974462939,0.0,0.06894180158748414,-2.458988273537119,-0.31229419493903515,0.0,-0.1639076590265397,-3.6438583805179574,-0.3820541801122217,0.0,-0.3375802719656559,-7.262016854752364,-0.85555480072984,0.0,-0.16605555655181842,-3.7218825824752093,-0.5055787207151687,0.0,-0.1374695002430147,-2.804412923920208,-0.40115509484451073,0.0,-0.42669638280470484,-1.8925980024286209,-0.3024438905444894,0.0,-0.8045296549670881,-4.374760014651917,-0.7470926358868931,0.0,-0.7702183188296823,-4.694788100648121,-0.7973523599313284,0.0,-0.5644047793938526,-3.6619774103496954,-0.601920217445363,0.0
0.0,0.0,0.0,0.0,0.1939467914824604,-0.18694611464926447,-0.12354355329868316,0.0,0.42294005538956947,-0.770298043875382,-0.2389131459779877,0.0,0.30622108335772147,-1.9227146606733667,-0.48426278778725756,0.0,-0.22472182693523504,-2.7135600014422114,-0.6999125618538095,0.0,0.8271458094331126,-3.1798698883083625,-0.24196258414036553,0.0,0.828785373688344,-4.517569548697737,-0.4646602044211474,0.0,0.4492759298138477,-3.282379061963302,-0.40980405023583705,0.0,0.2645544120936841,-2.651373099536414,-0.3607496228284577,0.0,0.4688042238329131,-5.000366922249646,-0.37720784495097404,0.0,0.3463003156812016,-5.323856491591081,-0.490145882959733,0.0,0.1372526009628192,-3.1062080404067998,-0.35392070715648916,0.0,0.06560520497997537,-2.454822462939276,-0.3065328230199634,0.0,-0.18224987375735896,-3.615181453834436,-0.36387154664626864,0.0,-0.37951351790109306,-7.270144638889723,-0.8510078102185784,0.0,-0.1829706021364906,-3.724552181569179,-0.5118296023401369,0.0,-0.14889811894145205,-2.810493191608045,-0.40855117562320276,0.0,-0.43046659568064005,-1.8710201386721412,-0.2933297043393674,0.0,-0.8088783354754326,-4.376766808450185,-0.7464339564498732,0.0,-0.7693987512839073,-4.748073727667841,-0.8126478179944565,0.0,-0.5535550988899269,-3.7018177162488675,-0.6159817132098978,0.0
0.0,0.0,0.0,0.0,0.18635490219891798,-0.18642303831861853,-0.1271278253794949,0.0,0.4061449588925979,-0.7674118728542135,-0.250540511787732,0.0,0.30692421947245124,-2.0037472335510778,-0.5255676936666906,0.0,-0.23876165792779439,-3.1439091733631623,-0.8272246735518978,0.0,0.8214755162423192,-3.109619883511421,-0.26239061438517164,0.0,0.8318086766422569,-4.525577609119117,-0.4988514103687951,0.0,0.4453610855872966,-3.2940834533656917,-0.434275675648818,0.0,0.2600342441868918,-2.664149002654189,-0.3799459638268574,0.0,0.47781714168535444,-4.883308222538458,-0.39846215565127463,0.0,0.3486139813358739,-5.3397268533942714,-0.5186732193622822,0.0,0.13461214126781426,-3.1197953567120313,-0.36844235682033916,0.0,0.06428972984832866,-2.4681355146663777,-0.3167166685322756,0.0,-0.16702271275151592,-3.625357992832285,-0.3795233637418551,0.0,-0.3540912525352882,-7.2394551762386135,-0.857157047824664,0.0,-0.17714462917721047,-3.720897771612267,-0.510274378854325,0.0,-0.14558260285374544,-2.810081765807332,-0.40620391914896037,0.0,-0.4262289058852037,-1.8785562382003262,-0.29827075019940424,0.0,-0.8133424423026355,-4.300299776112632,-0.7409199471173638,0.0,-0.7933064049374411,-4.689289815503907,-0.808188896625961,0.0,-0.5837751124760581,-3.704162276165106,-0.6183069218769561,0.0
0.0,0.0,0.0,0.0,0.1902671881641749,-0.18977642384563795,-0.12239585189701224,0.0,0.41684617570016874,-0.7784735334651626,-0.23664622001983435,0.0,0.3023299998546496,-1.987739774427241,-0.48642577916007906,0.0,-0.24558119482606774,-2.9132661133485085,-0.7223243247701193,0.0,0.8097804241341714,-3.139335482087818,-0.2345430412428491,0.0,0.8186133568186751,-4.511309428198078,-0.4541219238342998,0.0,0.4437044033281685,-3.2924754580881928,-0.40225925987237643,0.0,0.26072063553360514,-2.664417223334223,-0.35521092789544917,0.0,0.4508491540297085,-4.9762090901069955,-0.36739124655295485,0.0,0.3308574708850106,-5.365382557001585,-0.4814299592832401,0.0,0.12930229769217874,-3.134926765182103,-0.3484112861584102,0.0,0.0605175885560165,-2.4793896321567814,-0.3022774393203013,0.0,-0.19407155723044217,-3.640498925001172,-0.3585524551984738,0.0,-0.40202649895929293,-7.198238711150763,-0.823136096209326,0.0,-0.1975922560106564,-3.7128548899004823,-0.4976324480808906,0.0,-0.1604873641759023,-2.8074825671588517,-0.3980061219637948,0.0,-0.4400875667058822,-1.8868049007077972,-0.289356089836344,0.0,-0.8333630650397251,-4.340849381124222,-0.7281404001420926,0.0,-0.7933727518829805,-4.667472847336668,-0.7851899432018058,0.0,-0.5794362583004458,-3.6768286696219565,-0.6008331457933754,0.0
0.0,0.0,0.0,0.0,0.18513684133064892,-0.17233248812902402,-0.12753555311743303,0.0,0.41340963085681265,-0.7482640153328447,-0.24732441001551925,0.0,0.3379995376215146,-1.9802350475110393,-0.511990409021178,0.0,-0.1985171234313611,-3.137013716047355,-0.801589228484582,0.0,0.8378522378183918,-3.1452533503899693,-0.2588682193166671,0.0,0.8530804351507569,-4.545196910561953,-0.4860314472239562,0.0,0.4596242102962201,-3.296160395717458,-0.4213658444955706,0.0,0.2717831214344998,-2.6671422832809695,-0.36952756194995084,0.0,0.4998847662631972,-4.965971230764752,-0.3830609302245914,0.0,0.37067480408324827,-5.306282341387592,-0.48754539552741577,0.0,0.1512804903698111,-3.1189820381207314,-0.35041509561983136,0.0,0.07834679705533987,-2.4737345150319783,-0.30330331147391043,0.0,-0.15121312722117436,-3.650009641871377,-0.35758260392576824,0.0,-0.31595113322759005,-7.098601307408057,-0.8012527450748982,0.0,-0.15789145760915613,-3.714043871544236,-0.49010824115755414,0.0,-0.13052596479334708,-2.8184822491391723,-0.3939821919936831,0.0,-0.4166152933610721,-1.9030244189328416,-0.28284542073513896,0.0,-0.7908762734535534,-4.349215317528953,-0.7204654583102859,0.0,-0.7603340208250245,-4.707187082159596,-0.7890753677649842,0.0,-0.553220869111719,-3.710608721881955,-0.6055126047760087,0.0
0.0,0.0,0.0,0.0,0.18923759481453803,-0.17955009041005004,-0.12354111716668069,0.0,0.4168523794691449,-0.7527110318279085,-0.2385935582028787,0.0,0.3218696629411113,-1.9431602699837063,-0.48957337802957396,0.0,-0.20378405355064233,-2.9996861991965136,-0.7552064800664509,0.0,0.8238364662051625,-3.147384879800388,-0.2529800916933267,0.0,0.8397947060145923,-4.5341773082202135,-0.4778830553154166,0.0,0.4546075918637632,-3.2871908450645133,-0.4148759331520886,0.0,0.2694049101553989,-2.6578329244927303,-0.3637047224320148,0.0,0.4726959079908131,-4.957547955725705,-0.3884944920757088,0.0,0.35520127543593566,-5.323306392855348,-0.49484426140190235,0.0,0.14461860928960707,-3.1156811053053586,-0.3533138814687208,0.0,0.07343024018599635,-2.4686604520332946,-0.30545012153392953,0.0,-0.1730573003586258,-3.6135434146077907,-0.36961157073208306,0.0,-0.35970237685088435,-7.09485921863952,-0.8291369320957354,0.0,-0.1762983470990701,-3.696195677547251,-0.501952456914802,0.0,-0.1438479556378085,-2.802769361880939,-0.40175133076763153,0.0,-0.42662173789508584,-1.8799890708375464,-0.29458254602191764,0.0,-0.804842440434877,-4.351312212518647,-0.7459631426700949,0.0,-0.7665247983708242,-4.701630944672368,-0.8094972899813715,0.0,-0.5565687449887428,-3.697286654537575,-0.6183784374482899,0.0
0.0,0.0,0.0,0.0,0.18657038105348137,-0.17818603184197912,-0.12378036189835061,0.0,0.41119836473429516,-0.7665122115072225,-0.24035274175968363,0.0,0.3232636961653883,-2.0292591077750806,-0.4994024537964404,0.0,-0.22611472927378315,-3.1645663173491987,-0.7697090676241847,0.0,0.8433603840080806,-3.132683258870666,-0.23878443919445108,0.0,0.861760726496532,-4.557232489920682,-0.46097536731775823,0.0,0.4681451774642491,-3.31320862569831,-0.40553632595598554,0.0,0.27950832102313405,-2.677061019622711,-0.3577431861755892,0.0,0.5142235561369957,-4.998140954623246,-0.3622441598253693,0.0,0.3821544397489708,-5.3529630332776215,-0.47131517133413375,0.0,0.15989160809803693,-3.140117901191063,-0.342395913581676,0.0,0.08640209535663519,-2.4872264297278273,-0.2979966297472149,0.0,-0.14917785651404566,-3.708014067071421,-0.34813260996320444,0.0,-0.3191777717890165,-7.116866563729145,-0.7798064394246027,0.0,-0.15728130462328346,-3.72569621783124,-0.4796644179615799,0.0,-0.12868962698657332,-2.826535797083012,-0.38670349944283416,0.0,-0.4200647454552545,-1.9268037258301158,-0.2781296343852721,0.0,-0.7888623038258792,-4.406577274142916,-0.7083619399690221,0.0,-0.748896898957674,-4.757942019374349,-0.7738080065253553,0.0,-0.5404268531204355,-3.7421456673887588,-0.5942730466170997,0.0
0.0,0.0,0.0,0.0,0.18912291549851915,-0.18175746220317932,-0.12131125165024996,0.0,0.4090505703212713,-0.7723157292044763,-0.23371396555310334,0.0,0.3035428887494813,-1.995213727730681,-0.47837516880662756,0.0,-0.23522295577951208,-2.987292419747077,-0.7160525930407194,0.0,0.8189583434575431,-3.188178114843743,-0.22835319250864153,0.0,0.8369993964216819,-4.569081083879167,-0.4434553348660986,0.0,0.4567357438226071,-3.312196333279749,-0.3929686354970992,0.0,0.2731597840540353,-2.677609855020995,-0.34892763963038215,0.0,0.46362148209354703,-5.015349672369379,-0.351293372732058,0.0,0.3492740148384964,-5.349875521943125,-0.461031377278491,0.0,0.14783310182100995,-3.1363452626428185,-0.3391512802949453,0.0,0.07918181101974722,-2.484695508588837,-0.29694183223115617,0.0,-0.18211307434903548,-3.63557829994318,-0.34142432859915833,0.0,-0.36779010993419636,-7.105467244981412,-0.7900091372841473,0.0,-0.17540430308045518,-3.6975302383674697,-0.4904953811058846,0.0,-0.14075160501127607,-2.805509070644956,-0.3971223713367746,0.0,-0.4312547073440832,-1.8904839929860258,-0.27791531425307847,0.0,-0.8125402046761778,-4.398809600417967,-0.7226123429540752,0.0,-0.7629945247324416,-4.730894781904928,-0.792163018115043,0.0,-0.5455573378902768,-3.700696953265094,-0.6079430264336638,0.0
0.0,0.0,0.0,0.0,0.18842507731239994,-0.16550895526292755,-0.1266100588276821,0.0,0.4135382148652828,-0.740586303473187,-0.24424585994249035,0.0,0.33594673801784586,-1.9314350006887442,-0.497318237776512,0.0,-0.18215449348345425,-2.9418065009172882,-0.7528889764043238,0.0,0.8480558125960179,-3.122566446829768,-0.2580187201670267,0.0,0.8843821121149585,-4.577997655767169,-0.4887765828009894,0.0,0.48090227672520813,-3.3121816086258833,-0.4238025547066285,0.0,0.2892456153107247,-2.6742354100134236,-0.3721264824719138,0.0,0.5182477013761462,-4.949157106578892,-0.3812858301024509,0.0,0.3923435270452857,-5.312941588169041,-0.48642115546690956,0.0,0.16683155936833233,-3.119902148762317,-0.3527725303366699,0.0,0.09376852049451594,-2.4704222509374216,-0.3069703917256108,0.0,-0.1389431485672325,-3.679803813824066,-0.35826684399061304,0.0,-0.28640466840018636,-7.024229977417181,-0.7867658084039705,0.0,-0.13882675808168385,-3.690973090711801,-0.49149263331919707,0.0,-0.11319966687239971,-2.806171893510096,-0.4001875194485784,0.0,-0.4136002297860615,-1.9474095494802721,-0.28549047227989865,0.0,-0.775203754945453,-4.473410461143259,-0.7264234875401588,0.0,-0.7217698806404587,-4.713191229971753,-0.7836352576374889,0.0,-0.5191201976298023,-3.6784934780354352,-0.6032895016346199,0.0
0.0,0.0,0.0,0.0,0.1910328077991492,-0.17060163798696118,-0.12575839410312004,0.0,0.4178411559228242,-0.7530901260354012,-0.24222901687486734,0.0,0.3334042584959284,-1.9612153106790908,-0.494224934144208,0.0,-0.18762615441418892,-2.9143713285669595,-0.7353088659659103,0.0,0.8426464411844338,-3.1689387534012607,-0.25388623896541884,0.0,0.871372791747186,-4.582397977130396,-0.4786299103951999,0.0,0.47197251016453734,-3.3034090711638147,-0.4148895032787733,0.0,0.2816340031190521,-2.6678708603772696,-0.36494291023090447,0.0,0.5046673452296632,-4.990538555248006,-0.3773195762798989,0.0,0.3905450904918056,-5.332224304540484,-0.4819447735562145,0.0,0.16583402319612475,-3.123289141641026,-0.34973493930875377,0.0,0.09086685180131658,-2.4740003859385564,-0.3045513643920676,0.0,-0.15034456201129615,-3.657513213805285,-0.3548841721439552,0.0,-0.29741110720978564,-7.0745018499201615,-0.7936181156663867,0.0,-0.1458558845348468,-3.690272502231945,-0.49353743434486685,0.0,-0.12232529495203727,-2.800117359825881,-0.4005381134821617,0.0,-0.41673490358113996,-1.9160943782704476,-0.28319974492387745,0.0,-0.7773591811823914,-4.465507134402818,-0.7292654932353432,0.0,-0.7294756440780499,-4.768773760504871,-0.7949969228825633,0.0,-0.5247162884997324,-3.7158267472075015,-0.6098354995292268,0.0
0.0,0.0,0.0,0.0,0.19105255415126748,-0.1751738836950191,-0.12719150465368748,0.0,0.42555694374076053,-0.7491792402411772,-0.24621886399322682,0.0,0.33247346512787385,-1.9440606707786852,-0.5044831820629716,0.0,-0.1967286696863956,-2.8741425866801853,-0.7461735335004592,0.0,0.855498148361155,-3.034555101004941,-0.24691992483334732,0.0,0.9375701719536145,-4.554418716935263,-0.48943845183339907,0.0,0.5279956923789247,-3.3248552000569815,-0.4297131314529949,0.0,0.3273707004859272,-2.6854530392113594,-0.37702209174353507,0.0,0.5267689049278567,-4.850663189934434,-0.3744955641855664,0.0,0.42731350412067093,-5.326913057146667,-0.4956766498115,0.0,0.19320714627264318,-3.1231722723331106,-0.35901616421762594,0.0,0.11824260619156084,-2.473076224594507,-0.3113780011903274,0.0,-0.13141267947241053,-3.6285820783237486,-0.3604377863313704,0.0,-0.2580699222649305,-6.87847592232385,-0.7964892349013782,0.0,-0.11403692070040314,-3.6504232749442713,-0.4973866693024447,0.0,-0.08607454676720562,-2.7882275235653764,-0.40316217818316263,0.0,-0.4085546985703649,-1.9344298646579894,-0.2914918618195919,0.0,-0.7520841709180696,-4.450902194290789,-0.7408243442730408,0.0,-0.6820199485852987,-4.6798396938258655,-0.787613891079023,0.0,-0.482533072538034,-3.677486944543519,-0.6049588005802277,0.0
0.0,0.0,0.0,0.0,0.18933245257313416,-0.17466558570712343,-0.12698891648912994,0.0,0.42447812817934116,-0.7423581583156248,-0.2455007052939686,0.0,0.3476465067857574,-1.9427921620485977,-0.5042226449429531,0.0,-0.1730940609849089,-2.9608549902702315,-0.7642076660780778,0.0,0.8727989949843257,-3.0775640517007594,-0.2568456585347593,0.0,0.9318193185198637,-4.544253756798495,-0.49204488029721977,0.0,0.5180349259117255,-3.305226187012884,-0.4275272066174046,0.0,0.3167476910916286,-2.6669062168666167,-0.3730866835826287,0.0,0.5568308693331547,-4.913245881069405,-0.38819437382300115,0.0,0.4489116913911075,-5.342482331420395,-0.5005097427588365,0.0,0.1984275103373949,-3.1220150144227032,-0.3573664984444315,0.0,0.1174481329967823,-2.470291053049939,-0.3083476818851366,0.0,-0.11243769360798196,-3.663905325959335,-0.3686118305056627,0.0,-0.23104893335234017,-7.079555929280608,-0.8171630299434697,0.0,-0.1053861175598877,-3.6979825792913426,-0.4977456882358587,0.0,-0.08482972346460231,-2.808518119937238,-0.39973722143997387,0.0,-0.40088338297420373,-1.941350555428474,-0.29410353762203956,0.0,-0.7387615774485085,-4.437374126794998,-0.7366337832114938,0.0,-0.6816021576280614,-4.704929126910146,-0.7851549294385343,0.0,-0.487628377447412,-3.705236933816129,-0.6016014970203113,0.0
0.0,0.0,0.0,0.0,0.1861286773558726,-0.17058911105721294,-0.12185467050331945,0.0,0.41638351662074563,-0.723351115212631,-0.2375333146342448,0.0,0.3546496963557461,-1.8961570830834025,-0.4880865745001125,0.0,-0.12480718849282633,-2.977258210684048,-0.7603387785971901,0.0,0.8791309544984044,-2.993402684485783,-0.26933785162046825,0.0,1.0346919963311263,-4.595609766266548,-0.5313066780472521,0.0,0.5986057646711956,-3.319958745994174,-0.4517791669933205,0.0,0.3860403561872137,-2.6763829920062188,-0.39025101147112434,0.0,0.5856734841713255,-4.83891909011858,-0.42362354284692866,0.0,0.5307418544272133,-5.297024092841408,-0.5364806129076197,0.0,0.26010702425226273,-3.1202124525478934,-0.3757906143190277,0.0,0.17394409709647163,-2.482114705381057,-0.32130529825470516,0.0,-0.0848905597822506,-3.6733761860582974,-0.40805596147091866,0.0,-0.13512282613562038,-6.7175433492359575,-0.8265234550767487,0.0,-0.05141325219974285,-3.6008202297277028,-0.5033646344871154,0.0,-0.03828403410660235,-2.7692879885749986,-0.40473795518701644,0.0,-0.3867128042792732,-1.9775497984724573,-0.3238061940339247,0.0,-0.6844714237553086,-4.499487592196204,-0.7866570341108526,0.0,-0.5987710616718378,-4.625003309765537,-0.8008463636098554,0.0,-0.42042625082498053,-3.6690817518038696,-0.6129837796821277,0.0
0.0,0.0,0.0,0.0,0.18240581024677655,-0.17401471354692336,-0.12396167970049413,0.0,0.41792610143764836,-0.7280785379396565,-0.24295206891081625,0.0,0.370463016540172,-1.937781966327612,-0.5059325525157047,0.0,-0.12150069310890513,-3.079495170849918,-0.7958418344201704,0.0,0.8858248551354508,-2.991977191251217,-0.27331613031486374,0.0,1.0398196125027144,-4.595551828041951,-0.5322538602023482,0.0,0.6024442182317518,-3.3167443496465046,-0.4502990560068508,0.0,0.3904849316082178,-2.6725052552807704,-0.38810856008494954,0.0,0.5939078733681273,-4.800483975549544,-0.4242178524760324,0.0,0.5471582433758295,-5.3025199046835,-0.5360140622175343,0.0,0.2670223635449241,-3.1170614181850063,-0.37336645802114576,0.0,0.17656768681986787,-2.47709772909128,-0.3190375936509021,0.0,-0.06984638230468268,-3.6526958942234455,-0.40750883190821396,0.0,-0.09986076092025253,-6.838165060926395,-0.8395015287768148,0.0,-0.03184421560366738,-3.642620970480339,-0.506752463702548,0.0,-0.025568535095249697,-2.791461280084697,-0.40622913941696687,0.0,-0.3758681625937489,-1.9754515012754748,-0.32428343475135046,0.0,-0.6625212051651608,-4.52899930913434,-0.793300990442376,0.0,-0.5819214267706854,-4.705118493220376,-0.8162982823269627,0.0,-0.40689310241950677,-3.7027155041274096,-0.620145970020382,0.0
0.0,0.0,0.0,0.0,0.19293359731042783,-0.16365023394754552,-0.12322012585949145,0.0,0.44907719548705416,-0.7113468723070852,-0.23814148046674335,0.0,0.4438487830114904,-1.9781783191613782,-0.4991432116135146,0.0,-0.009181344967407737,-3.2358319209990327,-0.7886600693677982,0.0,0.999631139306403,-2.922631918436037,-0.24434657660723935,0.0,1.226673900792404,-4.546739727026982,-0.5011401596674868,0.0,0.7390009251970879,-3.297455220102497,-0.4356506198781319,0.0,0.4982388777193521,-2.6615574262212034,-0.37995806078099986,0.0,0.7874055852401943,-4.8053353767335,-0.37759453188931386,0.0,0.7498777180008879,-5.254423170574378,-0.49101625280692196,0.0,0.3927305617349859,-3.136609600117993,-0.3568184776904555,0.0,0.2782804372389469,-2.5080620421055566,-0.3112569438218122,0.0,0.07092969647385215,-3.742170459362786,-0.3709326479425796,0.0,0.1604662803075885,-6.808371565991846,-0.7779948654411688,0.0,0.10583495606873879,-3.653781462499748,-0.4807478615568312,0.0,0.07859953285912961,-2.8125537376813656,-0.390248936174639,0.0,-0.3107369348162549,-2.03563359145043,-0.2987390045806614,0.0,-0.4920640341834216,-4.632898170476282,-0.7527341774139049,0.0,-0.40767070807011246,-4.639243104954028,-0.7514207742997001,0.0,-0.2881802012487702,-3.6419460383376907,-0.5713992914282499,0.0
0.0,0.0,0.0,0.0,0.19170495861786233,-0.16458376157195181,-0.12061601431676242,0.0,0.4540856250943993,-0.721844545140003,-0.23311709427120614,0.0,0.4541050507218979,-1.9985062431848708,-0.4890784097354934,0.0,-0.028390065790071268,-3.1566671913447117,-0.7532255590304783,0.0,0.9812614392044108,-2.9041694067391193,-0.24376440037210262,0.0,1.232718366455999,-4.586914059910942,-0.49775506214111187,0.0,0.7404651358314729,-3.3130294057711045,-0.42501888382262565,0.0,0.4985565134933889,-2.669141864461569,-0.36846381421731117,0.0,0.7625747677936566,-4.731744922805598,-0.38388556789322753,0.0,0.7655197870284456,-5.334489561863293,-0.501346692902621,0.0,0.39553282655192995,-3.122405034722657,-0.35127278410279317,0.0,0.2783550062463552,-2.4832310930540054,-0.3031039536593534,0.0,0.06127383975867829,-3.6814477007004585,-0.38384955968478696,0.0,0.1691390529292051,-6.788915330603214,-0.7902866301285073,0.0,0.11760796120140816,-3.6416778073396983,-0.48542503320116204,0.0,0.08859176571676518,-2.796281977798758,-0.3926835913772075,0.0,-0.31262959786859995,-2.0268677186102404,-0.3139763999707368,0.0,-0.4927576674458778,-4.551301849488495,-0.7655758827589699,0.0,-0.40050298415385877,-4.664942087681622,-0.7824476589783987,0.0,-0.26987635368703605,-3.6653631886239406,-0.597460773068592,0.0
0.0,0.0,0.0,0.0,0.19781565141236213,-0.15936834571415298,-0.12241365754221968,0.0,0.46837938084051267,-0.6970822162699499,-0.23430361516493173,0.0,0.5041200472036723,-1.9766274243176187,-0.48944199559387264,0.0,0.07822047834683572,-3.1996318577204566,-0.759887505799489,0.0,1.067150607338728,-2.9001919886633765,-0.24276617450346988,0.0,1.3907067298515499,-4.5752157294344205,-0.4976212445732146,0.0,0.8592634555191945,-3.294066296401145,-0.42980107300436,0.0,0.599109124792837,-2.6526642683706845,-0.3744024916597609,0.0,0.8985128942362536,-4.74867600059251,-0.3698276560934278,0.0,0.9203272670405627,-5.266598639676435,-0.4765468995721777,0.0,0.4989301550871298,-3.119856583954456,-0.34696186305802695,0.0,0.3668965728626098,-2.487947253896323,-0.304390015849783,0.0,0.16866080550071946,-3.6979371777899646,-0.3610636457786967,0.0,0.3701691814146023,-6.74493579660267,-0.7499782359866307,0.0,0.22544546020978418,-3.6272920458544697,-0.47356228385759963,0.0,0.17266558259989612,-2.7923454933749903,-0.3893920059664748,0.0,-0.2522272406489352,-2.0451555922002855,-0.29350859448985794,0.0,-0.34326981493436964,-4.683052533517421,-0.7414809127009261,0.0,-0.2485181463202971,-4.649144694177989,-0.7409126485983404,0.0,-0.15598124884758452,-3.626968998698949,-0.5659422732119707,0.0
0.0,0.0,0.0,0.0,0.1946280775152461,-0.15472686852919437,-0.12240243367804104,0.0,0.46747746073468016,-0.6928217005514623,-0.2354896961932854,0.0,0.5069607889053618,-1.9635929183030478,-0.4929526447199175,0.0,0.07069687383456423,-3.1552327607932233,-0.7630208924153606,0.0,1.0678700646210912,-2.9280306261067452,-0.25010865119319575,0.0,1.3974127729223729,-4.613622030075781,-0.506162062932342,0.0,0.8608014685552422,-3.3126376465802614,-0.431237913756586,0.0,0.5997193492649495,-2.6628729558983277,-0.3740807346070356,0.0,0.8990547821067294,-4.776134398758057,-0.38265265300498286,0.0,0.942035515796551,-5.3469753546565855,-0.4977820173572687,0.0,0.5071539959804137,-3.130475455552609,-0.35528496835607437,0.0,0.37184455417336404,-2.483057161802152,-0.3083672493448462,0.0,0.1675556534743989,-3.7037795602464794,-0.37319667889226193,0.0,0.37630113500369444,-6.707220806235382,-0.7646856621457422,0.0,0.2327699394390603,-3.6045484379580097,-0.4816687578973201,0.0,0.17995779409915466,-2.7650771885997916,-0.39365587348477105,0.0,-0.250816047929458,-2.062230806469959,-0.30409297213928066,0.0,-0.34789342596981676,-4.63160276264133,-0.7502379773381438,0.0,-0.24221846547027676,-4.658273933848927,-0.7642054863745396,0.0,-0.13758907715993896,-3.6550606826969743,-0.5892918947070683,0.0
0.0,0.0,0.0,0.0,0.19775787633608047,-0.14888622327405565,-0.1245384513249652,0.0,0.48028321865556933,-0.698311040830778,-0.2361305093825071,0.0,0.5222320717012658,-2.0002826566239005,-0.4885668549464145,0.0,0.08104287068548396,-3.117457899437856,-0.7193959142406542,0.0,1.1414872445404136,-2.9476825591072284,-0.20646189200362883,0.0,1.469249074434782,-4.55055995906585,-0.4399426194808414,0.0,0.9194960956406003,-3.295426944138988,-0.39458346070674727,0.0,0.6480723331816446,-2.658511390934816,-0.3503063856374975,0.0,1.0172931819531827,-4.888388887943289,-0.3013708649713467,0.0,1.0366550010798028,-5.337436842612079,-0.41669886440306797,0.0,0.5646083525111569,-3.146435405404418,-0.3165249818513161,0.0,0.4191258676725143,-2.5067521518893736,-0.28301547903755203,0.0,0.24349574695476087,-3.81820794765947,-0.3010626189309495,0.0,0.48430656172532416,-6.681635843791576,-0.643079876793363,0.0,0.2908518784180167,-3.6451667520784623,-0.4297510946605395,0.0,0.2237571819865036,-2.8136343179593406,-0.3610167944119802,0.0,-0.2197379216912716,-2.126297067832902,-0.2556850784301253,0.0,-0.26702743211671,-4.7321647344812225,-0.6538190271532588,0.0,-0.1677589079435974,-4.660459461828681,-0.6624228693066995,0.0,-0.08561436659698309,-3.643376108664331,-0.5140365068798075,0.0
0.0,0.0,0.0,0.0,0.20043276962331139,-0.14986072466134964,-0.1232550615604849,0.0,0.48317625817505716,-0.6907125293871654,-0.23593319570205581,0.0,0.5369774062234327,-1.9770944849192884,-0.4928657145673816,0.0,0.09207852932216992,-3.044594216214512,-0.7301957654667061,0.0,1.1262709513483418,-2.8868366996668304,-0.2256640557025942,0.0,1.4896831804715085,-4.573593663441494,-0.4706724519763419,0.0,0.9305870451819447,-3.320037042032725,-0.41516686364403577,0.0,0.6511084814894694,-2.6706595954077,-0.3649549233939685,0.0,1.0005194697623332,-4.751308868408844,-0.34035125430016694,0.0,1.0534637892551193,-5.342891497215932,-0.45687945676863007,0.0,0.5706505767380485,-3.1366829464364407,-0.3392424557893001,0.0,0.42023432158603,-2.486505998812284,-0.2995376642118839,0.0,0.24597974074551052,-3.729561452381919,-0.3390502763826455,0.0,0.506123136571003,-6.6915490985893955,-0.7024032951490706,0.0,0.30110906950436134,-3.606166386334316,-0.459093369833546,0.0,0.23082594852489838,-2.771631952830972,-0.3826410478201497,0.0,-0.21034894883523741,-2.0988747775026595,-0.2834592768583712,0.0,-0.2593567695890461,-4.702734710655246,-0.7003926105299828,0.0,-0.15313690632703847,-4.619626791988061,-0.7045200741873346,0.0,-0.0707342986008661,-3.6134187560824915,-0.5478627190238509,0.0
0.0,0.0,0.0,0.0,0.19440799243178544,-0.14524707949433477,-0.12062479335142466,0.0,0.48158317831775216,-0.7088073725700269,-0.23037269787095085,0.0,0.5499548295466595,-2.056714722642328,-0.48269980561571174,0.0,0.08817761607952583,-3.130203361742306,-0.7033835694219689,0.0,1.140540470894446,-2.959991402167041,-0.21283868301913295,0.0,1.4838534298887298,-4.571004582414273,-0.4395610248663433,0.0,0.9328267519798165,-3.3137338022604856,-0.389414973709065,0.0,0.6593337371547978,-2.6767246113250205,-0.3454337089451858,0.0,1.012602629248209,-4.813922209011037,-0.3169908583249874,0.0,1.0591269028133015,-5.34994926419187,-0.42781609233066215,0.0,0.5760756768364416,-3.136370406348516,-0.31833047758866834,0.0,0.42407705039813764,-2.492632489466692,-0.2824290465104289,0.0,0.24976874354480508,-3.749113766506456,-0.31906954704549767,0.0,0.5174800683123026,-6.7684842806268914,-0.6769006203638119,0.0,0.3137114206984265,-3.651825205619166,-0.44415521866610036,0.0,0.24020371044829816,-2.79981258625835,-0.3695556368252311,0.0,-0.2146387221584521,-2.1154285970024955,-0.27131025312015117,0.0,-0.2631952299324527,-4.669436943462892,-0.6718176517420269,0.0,-0.15068013416914383,-4.6498871274182045,-0.6879789469472251,0.0,-0.06286591218825867,-3.6434156339320647,-0.5359501357727142,0.0
0.0,0.0,0.0,0.0,0.19412495850332373,-0.1468408098471993,-0.12244919519391126,0.0,0.47645122373770066,-0.6951942846052318,-0.231736185939991,0.0,0.5579076945643859,-2.0546389637112203,-0.48656912969624183,0.0,0.11289460942585569,-3.201176777976984,-0.720069349837691,0.0,1.1268299686787961,-2.897504949474136,-0.2149497100633523,0.0,1.5061231528075858,-4.62236255490175,-0.44823224830993363,0.0,0.9441623794814747,-3.3451667506058533,-0.39844156651940915,0.0,0.6635885479851804,-2.6873258603941257,-0.3528306668064055,0.0,1.0195886914572134,-4.840958067066452,-0.3214964539347367,0.0,1.0527590089657355,-5.358527441406003,-0.41952122184725527,0.0,0.5753903840007597,-3.1589822807251013,-0.3184907617734908,0.0,0.42479109276455157,-2.5058922373039656,-0.28486583455761655,0.0,0.2576719122337615,-3.816231937552542,-0.32030693024807455,0.0,0.5224424395417744,-6.730953131100127,-0.655036134856857,0.0,0.3133397138074213,-3.638286499438766,-0.4365735503793197,0.0,0.2380516640013686,-2.794430285221285,-0.3675729196898527,0.0,-0.20968242369521986,-2.142888918409764,-0.26884982530457513,0.0,-0.25148962895007204,-4.7824711085362654,-0.6659757127732475,0.0,-0.14420373431647546,-4.60972144356451,-0.6610397193284496,0.0,-0.06755600326617539,-3.603287631846289,-0.5169039083481778,0.0
0.0,0.0,0.0,0.0,0.19317798485264034,-0.14436581911478916,-0.11859903432861552,0.0,0.46556375361345487,-0.6839906658578545,-0.22727419834991894,0.0,0.5311997113839899,-1.9600983642898793,-0.4738715764509346,0.0,0.10854266922700355,-3.166846701227264,-0.7309969625360806,0.0,1.0930282229755164,-2.848556610061913,-0.22773935215105467,0.0,1.4644589850435807,-4.635402309286469,-0.47698888845287013,0.0,0.9027274294039579,-3.332065124339745,-0.4103916364728916,0.0,0.630493025004738,-2.6782792747899378,-0.35836141111522674,0.0,0.9676694588621713,-4.701181026775979,-0.346058432494412,0.0,1.0169143478538616,-5.351173269254462,-0.45918842226184153,0.0,0.5486555924528522,-3.130042627160142,-0.33313893167053477,0.0,0.4034225102854955,-2.4843837295847093,-0.2921834026819943,0.0,0.23353969018840043,-3.757953255430183,-0.34746720089340305,0.0,0.4635186065387997,-6.6562905009421725,-0.6927481274487203,0.0,0.2835375468431333,-3.608531803771488,-0.44909838505874605,0.0,0.21915732703992438,-2.7770081405848326,-0.37345755421845467,0.0,-0.2181263870293929,-2.1263470235243553,-0.28879110124506246,0.0,-0.2879554040456096,-4.713300820565218,-0.6986992749941054,0.0,-0.17857613533834668,-4.619519410554984,-0.6981474483190101,0.0,-0.08920895015209929,-3.6207210203183773,-0.5428158380352728,0.0
0.0,0.0,0.0,0.0,0.19927217838329417,-0.14809999099110055,-0.12047038299446391,0.0,0.47330621746281554,-0.6815444851142162,-0.2261659295325945,0.0,0.5329371389713181,-1.9832591425724428,-0.4689954241792344,0.0,0.10779443880372,-3.092224616859028,-0.6963351216345463,0.0,1.0842489235820894,-2.7818263130954786,-0.21369147948313216,0.0,1.4931161735205265,-4.62311391941453,-0.4540015832082697,0.0,0.926684857502777,-3.349969887287952,-0.39919944298326515,0.0,0.6444990396978267,-2.690348221680459,-0.35142006280359367,0.0,0.9745698811247995,-4.696087296336033,-0.3236224510641804,0.0,1.026172631217603,-5.346995126906487,-0.42430495311836064,0.0,0.5517632020321706,-3.1392502633603905,-0.3181197183916453,0.0,0.4035967946846304,-2.49121364480136,-0.28360627899071045,0.0,0.2456070181256966,-3.8210456817170124,-0.3283801582921881,0.0,0.4725008942995587,-6.590294133799122,-0.6388298270889501,0.0,0.2834328465574213,-3.585613124850495,-0.4274043990685088,0.0,0.21523020475698923,-2.76608006797586,-0.3619750861457917,0.0,-0.21470130565748524,-2.1575252976061847,-0.27409118514251396,0.0,-0.2783969249860419,-4.76383533825529,-0.6595242603569257,0.0,-0.1688002428331672,-4.585302726044057,-0.651535116299983,0.0,-0.08362024225734968,-3.61055050990685,-0.5138226504885833,0.0
0.0,0.0,0.0,0.0,0.19745805711275805,-0.14986887790525039,-0.11858006548277374,0.0,0.47174257834109834,-0.6906683827963217,-0.22676790390025556,0.0,0.5193282647836481,-1.9426087804400398,-0.4720092756875999,0.0,0.08476432552773375,-3.0994167619179605,-0.7303044400811629,0.0,1.0750585855701487,-2.9179137847325043,-0.23498572169204585,0.0,1.3597103692083492,-4.629890219451282,-0.4822569512161413,0.0,0.8159483805852458,-3.312798391070097,-0.4125952209309117,0.0,0.5556175724486732,-2.6628747635907293,-0.3597095890384285,0.0,0.9226738056105442,-4.78987419020895,-0.36736210023108795,0.0,0.9198144527720729,-5.3501088739092255,-0.4794647332049801,0.0,0.4854718831873835,-3.1152651355281735,-0.344025202237649,0.0,0.35119990115763833,-2.46907013703435,-0.2998704154074097,0.0,0.18283651250146854,-3.7426042788685367,-0.36777822149066985,0.0,0.3739704118696527,-6.845741142009625,-0.7559588320552759,0.0,0.22984171396828107,-3.6727156330423485,-0.4800193464433407,0.0,0.17498212482416342,-2.8130393076536215,-0.39404560436145686,0.0,-0.24502818888024216,-2.06698457632836,-0.30204881824130625,0.0,-0.35541383841063107,-4.650990040265503,-0.7376381750935186,0.0,-0.2577910361377812,-4.666060884591232,-0.7498417764409858,0.0,-0.15709662284640696,-3.6436206217837634,-0.5763252082803096,0.0
0.0,0.0,0.0,0.0,0.1944125340891995,-0.15093049254821866,-0.12182229014925237,0.0,0.46398529202186684,-0.6883948119233829,-0.23247489515917483,0.0,0.5034389839950391,-1.941112408627692,-0.48180882996909896,0.0,0.0649857143397021,-3.080042045400281,-0.738078392882567,0.0,1.0524036224236915,-2.9061424289493165,-0.24356066483736477,0.0,1.3555652872688553,-4.659451402969981,-0.4929149666008566,0.0,0.8202915276853516,-3.337839209414671,-0.41936302625524824,0.0,0.5628662308911204,-2.6826814073731717,-0.36523914593666357,0.0,0.8887115817317359,-4.7810666782030165,-0.3711687956632577,0.0,0.8880885567265594,-5.313580636958526,-0.4756463310474213,0.0,0.47658163677979687,-3.120120932872849,-0.34448318645158293,0.0,0.34959442284233266,-2.4780225442723194,-0.3012267406394017,0.0,0.16105301951379433,-3.7365916334799487,-0.36301009818444574,0.0,0.32856950033754695,-6.651749070061111,-0.7289836952114471,0.0,0.208778260210918,-3.6173366728400893,-0.47283378235771995,0.0,0.16397798030317115,-2.7876363253173744,-0.3920210453058152,0.0,-0.2557177625719217,-2.0675099679097944,-0.29472112660970823,0.0,-0.3794061013651578,-4.645913365596215,-0.728889100450784,0.0,-0.2765269720702302,-4.635930515372192,-0.7433838235677398,0.0,-0.16493067552971888,-3.6422945350381446,-0.5779717458957746,0.0
0.0,0.0,0.0,0.0,0.19106044833162553,-0.16626983345995924,-0.11993990271243811,0.0,0.4434641270567373,-0.7275649126039987,-0.2342172254919306,0.0,0.4371614026214901,-2.001150769323998,-0.49294346959611585,0.0,-0.024642417549961142,-3.1983149607017385,-0.7679256225666129,0.0,1.0095264001107036,-3.0240085467435147,-0.2433720315165062,0.0,1.2240361228252494,-4.646670314285267,-0.49175418798035564,0.0,0.7249948562150651,-3.3271818825367796,-0.420662461170656,0.0,0.4872201740969267,-2.67925998207057,-0.36606387655677924,0.0,0.8084974819129607,-4.839114765588603,-0.37396069210947974,0.0,0.7853802299851458,-5.388436395416975,-0.49102862406964753,0.0,0.40249614540882506,-3.130991907995052,-0.34579619777356074,0.0,0.2818833598808194,-2.4784936518177374,-0.29813370777176723,0.0,0.09971435818667011,-3.758880527176831,-0.3737199307905086,0.0,0.2208783541130804,-7.023521065593567,-0.7779993749804364,0.0,0.1409208727340362,-3.720791275296455,-0.477311084156038,0.0,0.10339119056792351,-2.8366553880701346,-0.38583200370223225,0.0,-0.29321722399575373,-2.060631050226208,-0.30616642359640034,0.0,-0.4774117377121505,-4.6370221850653985,-0.7384907465458965,0.0,-0.38763610058755804,-4.748765856472906,-0.7561062324406584,0.0,-0.25630664546124776,-3.717840805477869,-0.5769970955402435,0.0
0.0,0.0,0.0,0.0,0.19259867591489238,-0.16070083259688095,-0.12030285753447593,0.0,0.4439524159583117,-0.7049184180136412,-0.2310569587646299,0.0,0.44987278923667623,-1.914966704496381,-0.4745449124250082,0.0,0.007988263255325093,-3.012676768430639,-0.7308355317037716,0.0,0.9908045151861496,-2.9822593695468433,-0.2441462123363438,0.0,1.230739009077652,-4.649621021570947,-0.49142545798116083,0.0,0.7353008386430934,-3.331641642110706,-0.41971141499136727,0.0,0.4979732701516008,-2.6837325418231077,-0.36593353204031254,0.0,0.7772175231553137,-4.859302600299199,-0.3773706264264017,0.0,0.7585108937923106,-5.341839520979606,-0.4863267738449052,0.0,0.39552534249622234,-3.1276170491261195,-0.34941226105940615,0.0,0.28285689373247785,-2.482968471045213,-0.30366121368425897,0.0,0.06517206181888748,-3.745758223321963,-0.37002045908822534,0.0,0.16090242117488288,-6.731613355436461,-0.7519742565683861,0.0,0.11634536204268846,-3.6310455727384734,-0.47888812273735254,0.0,0.09405296307858234,-2.7929151960986847,-0.39353478802427994,0.0,-0.310501092995445,-2.0520600186014453,-0.3002159478010213,0.0,-0.5010097602548316,-4.551697351303288,-0.7272706221550453,0.0,-0.3953909317289382,-4.634329375071356,-0.7505708716018619,0.0,-0.24912908157623176,-3.675778362816884,-0.5849035335680852,0.0
0.0,0.0,0.0,0.0,0.19132231482491652,-0.16891290737011844,-0.12387338498073866,0.0,0.430597970035825,-0.7297113240855402,-0.24204219088026635,0.0,0.3919640174357523,-1.9517887649160663,-0.5034177456726634,0.0,-0.08821820558355677,-3.0328938934544682,-0.772444593256233,0.0,0.9613071545383476,-3.068247459819299,-0.25523111782038505,0.0,1.0971110847980294,-4.604191833621255,-0.49942294557801997,0.0,0.633732171300031,-3.303411654223411,-0.42803789845428075,0.0,0.4122943062007284,-2.6614872451401803,-0.37241502466487186,0.0,0.7124290472032107,-4.875842278220609,-0.3875973752541935,0.0,0.6573251432883663,-5.383744448451188,-0.5068012872753251,0.0,0.32540662799527775,-3.127259936838542,-0.3569693067530978,0.0,0.22007797929110967,-2.4763754117369214,-0.3074285032786182,0.0,0.013074120647175549,-3.718850578633891,-0.3777997436035573,0.0,0.04986530792770795,-7.065257621195414,-0.8079593102128234,0.0,0.04863348279680447,-3.7186107389691476,-0.49299970055446996,0.0,0.03213624959545027,-2.832154533001919,-0.39674404707579725,0.0,-0.3382128159268156,-2.007764448257461,-0.30515362069006907,0.0,-0.5820769695879262,-4.54470077405201,-0.7468658977459921,0.0,-0.5050520871922649,-4.744815513026656,-0.7807509137832221,0.0,-0.34968132727734863,-3.716728307160327,-0.5948480619517218,0.0
0.0,0.0,0.0,0.0,0.19229251189867766,-0.16625840172374132,-0.12253869274909374,0.0,0.43757661845445794,-0.7156119608047539,-0.23435436404711082,0.0,0.40461826346289165,-1.8938876985916826,-0.4768555570519396,0.0,-0.0662019205264037,-2.8816985889418802,-0.7170945842112046,0.0,0.948982462997203,-3.0170288118091255,-0.2297270753615226,0.0,1.113031317132458,-4.63348283860231,-0.46896058894115905,0.0,0.6473040005253211,-3.3334363097271615,-0.40904441317496537,0.0,0.42329617416265747,-2.6835249946777635,-0.359512607573313,0.0,0.6955757809263534,-4.871853336242318,-0.35243460557681194,0.0,0.637448372701623,-5.34298319623809,-0.46603953129333153,0.0,0.3223666652879622,-3.1296568437415795,-0.3417672910133516,0.0,0.22330506737682568,-2.483658204980331,-0.29963969847703753,0.0,-0.0045790434913310415,-3.725682523349229,-0.34999549520408224,0.0,0.01502040553961961,-6.821786161790319,-0.7453417518355828,0.0,0.03784848122821994,-3.6488430752136236,-0.4761438160096395,0.0,0.03328145625993725,-2.798435930461468,-0.39117833476452035,0.0,-0.35131602712682675,-2.0160578437351306,-0.28732282203478476,0.0,-0.5981941315730518,-4.508598816181327,-0.7139594722143363,0.0,-0.5021453839875976,-4.6348882968385805,-0.7476522695509676,0.0,-0.3377791950433886,-3.6754453076195492,-0.5831529841759883,0.0
0.0,0.0,0.0,0.0,0.19095281973964345,-0.16827370764023844,-0.12390303967389557,0.0,0.42692744994913545,-0.7343489299328262,-0.23955056760095045,0.0,0.37802513916539365,-1.9325838821304269,-0.49103561416974184,0.0,-0.1036895026972003,-2.939052038152251,-0.7437789526538336,0.0,0.9271346553371143,-3.159014205649988,-0.24660946044966955,0.0,1.0261120424754009,-4.598421014094779,-0.4783997193194764,0.0,0.5860510820061517,-3.304866643253341,-0.41679598293475933,0.0,0.375240503878691,-2.6670522585654264,-0.36732397468122324,0.0,0.646790803596142,-4.964445820449113,-0.3749941642519729,0.0,0.5730170006091868,-5.337351210643833,-0.4875210101959926,0.0,0.277124669311179,-3.1230908747188617,-0.35552152526281094,0.0,0.17992800712556917,-2.4744122493738456,-0.3103355444751174,0.0,-0.041900538323678606,-3.6857072585622808,-0.3644319722126668,0.0,-0.05867720453832006,-7.077855363267109,-0.8076950761420039,0.0,-0.013786055562843699,-3.685802051116355,-0.5017001383469982,0.0,-0.01849437732822281,-2.799836070708913,-0.40771975017403844,0.0,-0.3649117009855891,-1.948182087149401,-0.2944819727218848,0.0,-0.6445308959674726,-4.434543974050224,-0.7391302093962945,0.0,-0.5757623975432751,-4.720024938200052,-0.8022884246007412,0.0,-0.39677179521404954,-3.691421908112824,-0.6169386868777036,0.0
0.0,0.0,0.0,0.0,0.19158328196865798,-0.169325462815417,-0.12504684597026428,0.0,0.43199079851038863,-0.7277146491610046,-0.2403807857459687,0.0,0.38904121475217385,-1.9172865066065226,-0.49045975264534275,0.0,-0.09344647147895235,-2.91193481758865,-0.7397222604299235,0.0,0.9244023592333832,-3.12169096173208,-0.2455615272778333,0.0,1.039297590500969,-4.630276633951661,-0.48188219486565526,0.0,0.5930211495729423,-3.3327676752571285,-0.41958973979518144,0.0,0.3795776071691309,-2.6837388827933126,-0.368720897502228,0.0,0.6400576618870797,-5.001524903523064,-0.3720439349421383,0.0,0.5604097455198074,-5.345806677713455,-0.47837866564026754,0.0,0.2746903097632375,-3.136227442832664,-0.34874908823680967,0.0,0.18310074374750765,-2.4883132244515207,-0.30485210394831097,0.0,-0.05324943222707936,-3.716016360102255,-0.3564198068854689,0.0,-0.07403305038144253,-6.882306080427998,-0.7659945885473892,0.0,-0.017179702035776817,-3.658860399623756,-0.4826185142136787,0.0,-0.015427118383742482,-2.798075926011186,-0.3939616645161716,0.0,-0.36983685695447466,-1.9731404726890145,-0.2875349043416163,0.0,-0.6472003385819598,-4.523835070757833,-0.7318880805521708,0.0,-0.5642001850914143,-4.733953052017062,-0.7781506009830442,0.0,-0.3876187954802537,-3.7112645387045538,-0.598572706939243,0.0
0.0,0.0,0.0,0.0,0.1889026752777678,-0.17664930993176067,-0.12341421527593911,0.0,0.41823836971159684,-0.7462361102074353,-0.2431240725196729,0.0,0.3613886648748161,-1.9344591594174512,-0.5022891501851854,0.0,-0.1331590121185566,-2.9380548105708426,-0.7693131426124512,0.0,0.9024246457295466,-3.131234242656731,-0.2674143617504559,0.0,0.9986703713535943,-4.576760295810406,-0.5119052068615695,0.0,0.5692741986737964,-3.297623864307701,-0.4398897044260547,0.0,0.36307046596032994,-2.6603591556606894,-0.3841241667732936,0.0,0.598505597950799,-4.885337167100565,-0.4153665721466125,0.0,0.540672475404862,-5.3447890958557975,-0.537096858395836,0.0,0.2625844425305416,-3.1279376438014794,-0.38088746119279754,0.0,0.17286530206331052,-2.474191482901887,-0.3277725422224713,0.0,-0.07783160324025805,-3.574463402204514,-0.3979616857552789,0.0,-0.11100902763586845,-7.056452929731594,-0.8866039263186718,0.0,-0.03146506515252722,-3.6782650050796764,-0.535679464768348,0.0,-0.023270683479638538,-2.793194814665243,-0.42941582192931593,0.0,-0.37803312192637833,-1.8936734952255978,-0.3184447081173497,0.0,-0.6702150124184638,-4.391115563845987,-0.7994806209976068,0.0,-0.5985072209054291,-4.696571551340164,-0.860796180612547,0.0,-0.41042358342405466,-3.6772799058114125,-0.6577944620652822,0.0
0.0,0.0,0.0,0.0,0.18774171857554603,-0.16709035672648367,-0.12880517298885547,0.0,0.41813314865100376,-0.7344443365791656,-0.25118605768025204,0.0,0.36570578511137536,-1.9149432119560326,-0.5118026801261102,0.0,-0.12916336703978945,-2.8810199444217646,-0.7685907729155212,0.0,0.9000989101621818,-3.1305781871894633,-0.2725943502644714,0.0,1.011585711213831,-4.610180286316594,-0.5133245192639413,0.0,0.5777513776411829,-3.3110858889332593,-0.4376575037999002,0.0,0.3704170816420648,-2.6712651940324372,-0.3826824974020057,0.0,0.5952637530261327,-4.933950893619996,-0.4045344143107284,0.0,0.5349455565474055,-5.300810823471051,-0.5112389510332589,0.0,0.2649037980138916,-3.131170791101291,-0.36992506773022305,0.0,0.17662077215170177,-2.4854159793633666,-0.32159481935900847,0.0,-0.08339553152123928,-3.620676227238116,-0.3758770011017774,0.0,-0.11182551534217482,-6.9139759468134026,-0.8219329008764212,0.0,-0.032712949047043256,-3.644262880574429,-0.5122644038291786,0.0,-0.02380466273152405,-2.7763769380539185,-0.4162615542348392,0.0,-0.3833995356104487,-1.9308722252575836,-0.2989682973851744,0.0,-0.6762428901120288,-4.451812756309127,-0.7611524043061718,0.0,-0.5968032149366335,-4.690590659769513,-0.8208278008162802,0.0,-0.41027058709941877,-3.6850156998562045,-0.6368106008493468,0.0
0.0,0.0,0.0,0.0,0.19171314894801597,-0.1684171758094345,-0.12692186295702343,0.0,0.432751208868311,-0.7383385308070549,-0.24383210073633754,0.0,0.368431557360415,-1.9397298421022613,-0.4946764710043129,0.0,-0.13577389831165063,-2.7853922847187587,-0.7087390858662451,0.0,0.9164004600347101,-3.096193839779202,-0.24576303982474562,0.0,1.0216309006341375,-4.588929573621289,-0.4669056721523633,0.0,0.5857683019471974,-3.3085166232408287,-0.40549989999784936,0.0,0.37856622558265507,-2.671666177767738,-0.3583123857819412,0.0,0.6237849876049678,-4.993285520380991,-0.36371840589897747,0.0,0.5379851530047315,-5.3022596543484415,-0.4540167554451083,0.0,0.2656847506229782,-3.1391649138729036,-0.3398855600488458,0.0,0.17805962582123516,-2.494564724123148,-0.3011262560774541,0.0,-0.06369911186560538,-3.7123794413972386,-0.3407316049660087,0.0,-0.09957561636506534,-6.862237247408905,-0.7265186352648002,0.0,-0.026758545769745755,-3.660465711233279,-0.47156751658073576,0.0,-0.01953886455280528,-2.8025461450596074,-0.3918424392437441,0.0,-0.36853271743628524,-1.9796547576932313,-0.2739531956446985,0.0,-0.6588177274725263,-4.5589194169231195,-0.6996660652357666,0.0,-0.5797516528634415,-4.736901223861689,-0.7498949186077049,0.0,-0.40343170911554,-3.7128653140514802,-0.5854844642641033,0.0
0.0,0.0,0.0,0.0,0.1926446174768991,-0.1725041405462049,-0.12478450113526561,0.0,0.4329000831744529,-0.7499600522070271,-0.24107411296786768,0.0,0.36168779388574646,-1.9615017629537963,-0.4919060339732208,0.0,-0.1510187539419836,-2.834821536586226,-0.7097521945335734,0.0,0.9094778227062643,-3.100227139752348,-0.24500416471297243,0.0,1.0123151317971897,-4.584759666009552,-0.46969613779651753,0.0,0.5787428193516492,-3.3042016723160375,-0.40680251820951274,0.0,0.3716824705923649,-2.666111588819567,-0.3580562399250081,0.0,0.6116863686402759,-4.969974664721899,-0.368598237205379,0.0,0.5367454364769391,-5.343345185980125,-0.46993712031345153,0.0,0.26271260931941387,-3.1392605080297797,-0.34516118078024316,0.0,0.17448960616662912,-2.488498734822925,-0.3029112815672233,0.0,-0.06991404516617657,-3.694487621488908,-0.35004622015069836,0.0,-0.10628761384105175,-6.959199008220006,-0.760389774505146,0.0,-0.02607324310045604,-3.6921835609233145,-0.48479217980645967,0.0,-0.01822777365313128,-2.8181168560475136,-0.3985988455198501,0.0,-0.3703808702806979,-1.9757361411861671,-0.28312048836316006,0.0,-0.6585375386114157,-4.561958227674711,-0.7231430157410691,0.0,-0.5810241421424269,-4.783311588427232,-0.7774681846066716,0.0,-0.40305918000724933,-3.7237825174873658,-0.5994089285590803,0.0
0.0,0.0,0.0,0.0,0.1899554996058887,-0.17649425793539722,-0.12592644055907362,0.0,0.42895682781339145,-0.7429512344555385,-0.24534949071752693,0.0,0.3618316456817252,-1.9521074213234133,-0.5069353343614419,0.0,-0.15141827317336648,-2.860095452988594,-0.7479340473929871,0.0,0.8932845621802774,-3.06172456691081,-0.26177196405122416,0.0,1.0094521547849513,-4.579282058994158,-0.4999092530176649,0.0,0.576457151822476,-3.3061581672049676,-0.4288437423095493,0.0,0.3684519875043635,-2.664757953366834,-0.37415872061805483,0.0,0.5905163566397604,-4.872054889725755,-0.39926416686432303,0.0,0.5330112745681193,-5.340505815661852,-0.5069424300063164,0.0,0.25733143783139895,-3.1313797839274997,-0.36285868671589605,0.0,0.16869620250645542,-2.481411566141457,-0.31495135924685486,0.0,-0.08041656089716202,-3.6392634933171646,-0.3800662829740725,0.0,-0.12462257009173149,-6.957384772050106,-0.8152343040532635,0.0,-0.04008454265476666,-3.6675410047597015,-0.5030998602473635,0.0,-0.030825936390993854,-2.7964958389900216,-0.4084683010957329,0.0,-0.3803194211083584,-1.947805531091754,-0.3042542842273085,0.0,-0.6770655694588354,-4.4845326761715185,-0.7575633717267964,0.0,-0.5996307457753691,-4.707745282604227,-0.8022671283944455,0.0,-0.41766701899805647,-3.6903101204638133,-0.6167153212064891,0.0
0.0,0.0,0.0,0.0,0.18883551144113164,-0.17368629707528027,-0.12588623278295089,0.0,0.42667053202979277,-0.7452625597140016,-0.24566845834612067,0.0,0.36481146008975557,-1.9665955647365374,-0.5075640058578897,0.0,-0.14833623825984898,-2.8798101576129085,-0.7474310734786367,0.0,0.8935844127451288,-3.065132349227987,-0.26778140650456805,0.0,1.0100701685161795,-4.591266531879759,-0.5073605247632503,0.0,0.5745996807031384,-3.309227009934743,-0.43299502619089425,0.0,0.36578397796386836,-2.6679030968229567,-0.37735608410533134,0.0,0.5931459057357875,-4.896849063290513,-0.40775092201802604,0.0,0.5336058618723077,-5.343540145720061,-0.5123370687576747,0.0,0.2585833862749518,-3.130410166404467,-0.3645870458868565,0.0,0.17017367439496106,-2.4822970612643127,-0.3158382593288572,0.0,-0.07873094600367021,-3.6498516727703394,-0.38427392575020425,0.0,-0.11780424116336065,-6.932238445689027,-0.8136680618797786,0.0,-0.03729657004581214,-3.6646534569501945,-0.5025884449682153,0.0,-0.02938567271156692,-2.7975518174151772,-0.4082230170582753,0.0,-0.3778034588605868,-1.9498155299583035,-0.30537730758053894,0.0,-0.6726553753193638,-4.508729228437079,-0.7634392082849083,0.0,-0.596328367616799,-4.738809112067783,-0.809524766014562,0.0,-0.41490517689314166,-3.709003611379052,-0.621080403418552,0.0
0.0,0.0,0.0,0.0,0.19312636944921968,-0.17817204772011339,-0.1231804008445083,0.0,0.42694142919706857,-0.7330533463228809,-0.2358516684556102,0.0,0.3673325042910311,-1.9223209172110838,-0.48077567279434963,0.0,-0.12731815398276827,-2.8179167658378534,-0.7077826255867149,0.0,0.8861022199265512,-3.055128163314493,-0.2430669221439968,0.0,1.0033332587219714,-4.618864576575389,-0.4707044404804868,0.0,0.5710444769455374,-3.3230962759168965,-0.4076847713670922,0.0,0.36507294318604666,-2.6798971581465016,-0.3587144507334227,0.0,0.5840310040902633,-4.938161361862705,-0.3721568639051465,0.0,0.5056415693334706,-5.320516808714429,-0.46314010201206723,0.0,0.24535730120962754,-3.1278824593125383,-0.34054944222292055,0.0,0.1628115385067399,-2.4828118748924726,-0.29945657982956086,0.0,-0.08947649040457092,-3.6902241981188855,-0.3547352089735975,0.0,-0.14390358707161816,-6.842066241486973,-0.741194023778442,0.0,-0.04830291702262494,-3.6415976751637933,-0.4722170027287131,0.0,-0.034040208619571036,-2.79052688820221,-0.3896497447487994,0.0,-0.3832830524793392,-1.9584871644733273,-0.2840240898145441,0.0,-0.6897459019489207,-4.504955054422047,-0.7086996529783284,0.0,-0.6073340650485621,-4.692860266693377,-0.7477599704903077,0.0,-0.4247389489606711,-3.721797248305349,-0.5844229307557522,0.0
0.0,0.0,0.0,0.0,0.19068927765778282,-0.17617707079453562,-0.1229532594191219,0.0,0.42588577806601136,-0.740188794871355,-0.23756865179813777,0.0,0.3659120045942699,-1.9358307804490678,-0.4867815604461283,0.0,-0.13194917399672532,-2.851959303416722,-0.7215066343237592,0.0,0.8843615102868747,-3.083055702334918,-0.2476241179326728,0.0,0.9980829791846789,-4.621937360552661,-0.48109478801960315,0.0,0.569852163107918,-3.324262226034072,-0.4159384060657611,0.0,0.36572992896245077,-2.6788504572659595,-0.36511980103278036,0.0,0.5779614238460083,-4.946122350606766,-0.3820503955095664,0.0,0.5044826229998222,-5.3494929317413,-0.48351547952880525,0.0,0.24439434796281534,-3.1350493595481086,-0.35051188142512396,0.0,0.16149993175384003,-2.483217211097442,-0.3056066697154925,0.0,-0.09128492102509214,-3.67991222512437,-0.3666051446393616,0.0,-0.14815632070574578,-6.8910679168651745,-0.7761227821902762,0.0,-0.05061459201386957,-3.6532598386095696,-0.48625081005105913,0.0,-0.036828973234612414,-2.792031930213825,-0.39724366926104615,0.0,-0.3838008310378277,-1.955799783501191,-0.29495652042191506,0.0,-0.6897980667151268,-4.510275640986459,-0.7369781524846759,0.0,-0.6067962574070238,-4.707784876827452,-0.7772360313788127,0.0,-0.422417005765935,-3.702308837701785,-0.6004837118511624,0.0
0.0,0.0,0.0,0.0,0.1909652560645817,-0.17568066419151673,-0.12318477780677455,0.0,0.41638898155928245,-0.7354033040603533,-0.23737485258814578,0.0,0.36904596804871176,-1.9321329620777463,-0.48536104797394164,0.0,-0.11335264547635153,-2.994930867597398,-0.7478022166735943,0.0,0.8873063996037163,-3.1249663854875656,-0.25230197688697054,0.0,0.9766014028658132,-4.601514483230829,-0.47522717394905317,0.0,0.5533489189449756,-3.3099491504994485,-0.41102569005910905,0.0,0.35197143794885716,-2.672656779863594,-0.3621310358073688,0.0,0.5767170423918003,-4.924282447235611,-0.37956646882746364,0.0,0.49451187385175294,-5.320209821859758,-0.47603186161791783,0.0,0.23703186280060362,-3.1300903450748865,-0.3482437516392227,0.0,0.15546480032789697,-2.481451441244889,-0.3049978319741503,0.0,-0.08989438456846602,-3.610126055908297,-0.35703991991786627,0.0,-0.1523504942970714,-6.930084328185494,-0.7767604249256478,0.0,-0.055121859726544015,-3.668381912593148,-0.4908878688928999,0.0,-0.03995004420543684,-2.7979439120577343,-0.4017693082999106,0.0,-0.3776912825059291,-1.913666030316886,-0.28603551298843066,0.0,-0.6861009504709132,-4.50737260498737,-0.7410209762805897,0.0,-0.6145715245211222,-4.742713152500376,-0.7963440473748615,0.0,-0.427010029193665,-3.711292241873533,-0.6146055623478904,0.0
0.0,0.0,0.0,0.0,0.1902577530170295,-0.17965371352697876,-0.12329477904455727,0.0,0.4162103907268428,-0.7413156899379708,-0.23815230706222504,0.0,0.3633082599187883,-1.9578058273895524,-0.49007574671406756,0.0,-0.1329929921209277,-2.9635448688567925,-0.7409746840214326,0.0,0.8749297475541351,-3.1103818675821424,-0.25460495519561555,0.0,0.9774409978361951,-4.628194791834229,-0.48099841862793596,0.0,0.5539048909964249,-3.3223351628444795,-0.41365819276231663,0.0,0.3518748058897187,-2.677660095590538,-0.3627734323405098,0.0,0.5641579619701943,-4.934759735385258,-0.38197335257446047,0.0,0.4921651974257468,-5.326344634177726,-0.47339948916422053,0.0,0.23589739432971146,-3.135027903229745,-0.34437590993664285,0.0,0.152619005438765,-2.4853343896459075,-0.30100557719579796,0.0,-0.09723282093922672,-3.650928336786597,-0.35846183999485515,0.0,-0.15951295298719972,-6.940758353177026,-0.7636645961364639,0.0,-0.05945240402948769,-3.6775626489874886,-0.4807403244648656,0.0,-0.0468954009267915,-2.8083888171099405,-0.39390854251685226,0.0,-0.38372362000227994,-1.9456604271798008,-0.2866003188455493,0.0,-0.6954204538957016,-4.564634275760283,-0.729429544206565,0.0,-0.6170076727432631,-4.773129920109691,-0.774386685707256,0.0,-0.43125622665796093,-3.7260836260544377,-0.5958312198801189,0.0
0.0,0.0,0.0,0.0,0.18990715371522351,-0.17871994051841641,-0.12550380309074613,0.0,0.4221208628823886,-0.7507982362492863,-0.24531291342961112,0.0,0.35264985162050255,-1.9617660006321207,-0.5078501577130845,0.0,-0.15624137026304957,-3.042593170343951,-0.7849101061096202,0.0,0.8857417614973665,-3.099692018857831,-0.2517198391725175,0.0,0.9678893294678096,-4.585216061964936,-0.48880519410431267,0.0,0.5430716033154142,-3.3178942088207304,-0.4259730493202826,0.0,0.3403403362671276,-2.6730912618732807,-0.37391844912687583,0.0,0.5802367620508992,-4.854379560817571,-0.38009806091984605,0.0,0.4907948954704956,-5.341271287572992,-0.49893775750079966,0.0,0.22826448092465182,-3.1315836997916002,-0.3630500703159107,0.0,0.1448861749832233,-2.475975793586131,-0.31617393347630895,0.0,-0.0801224819839668,-3.623463237096779,-0.36735758777695,0.0,-0.1635399558315837,-7.03680580523468,-0.8220524910598301,0.0,-0.06575551000755613,-3.685940751488747,-0.5109768051164774,0.0,-0.05180767796613849,-2.803428877461301,-0.415410333236566,0.0,-0.3736443850865322,-1.9345112522958763,-0.29725037249808167,0.0,-0.6942308251557783,-4.484290838565128,-0.7615493976391684,0.0,-0.6341525988337026,-4.747979901220529,-0.8228066953171116,0.0,-0.4484903963207934,-3.7028867834068615,-0.6321731402805824,0.0
0.0,0.0,0.0,0.0,0.19051800889130838,-0.17663875238673915,-0.12651686793131867,0.0,0.42553076208697316,-0.7413421849474985,-0.24693073213425693,0.0,0.3529427251625549,-1.9205851873960926,-0.5090869434796468,0.0,-0.15619437656642945,-2.873693030308767,-0.7691078393924676,0.0,0.8760498704267968,-3.107976506198341,-0.26189714919220214,0.0,0.9595501234563221,-4.570176516218553,-0.5026811206530866,0.0,0.5390399516560929,-3.302334380158541,-0.4351274712614929,0.0,0.33803212766522106,-2.661970302715763,-0.38099880671176506,0.0,0.5618358662057397,-4.87641663735468,-0.4000777607956059,0.0,0.4784380600225694,-5.304066911494092,-0.5147493470440485,0.0,0.22207795360546084,-3.1128478608614976,-0.37251924761145444,0.0,0.1389495473638917,-2.4634168405480277,-0.323760676472522,0.0,-0.097244704240505,-3.6092927193005657,-0.38392967574188047,0.0,-0.17349751425582594,-7.011326141791783,-0.8511097885513922,0.0,-0.07284467895482816,-3.662679929584936,-0.5261500338651877,0.0,-0.060802464178078656,-2.785719534640491,-0.42719432255074824,0.0,-0.3829915333001998,-1.911589592887643,-0.3077636263649067,0.0,-0.7009645756175763,-4.447022509284517,-0.782992445889851,0.0,-0.6432529281000618,-4.7410471055915275,-0.8497276605514396,0.0,-0.45674259636842546,-3.6913909294645237,-0.6516070961960411,0.0
0.0,0.0,0.0,0.0,0.19004730829971575,-0.17496147442029805,-0.12464574313179386,0.0,0.41919611549914465,-0.7356452409613408,-0.24240675767761768,0.0,0.35734087500170786,-1.9129739519684827,-0.49829918270017837,0.0,-0.14049493670197802,-2.8616222991784817,-0.754608650295836,0.0,0.8685508533629354,-3.134587534159853,-0.2688208604420932,0.0,0.9452524745045273,-4.584629886761629,-0.505364976526319,0.0,0.5284270076153744,-3.3061935804823537,-0.43413117819880537,0.0,0.32872772605509437,-2.6674999574297185,-0.3788707158747769,0.0,0.5429975809730762,-4.895235063729125,-0.4111247992202218,0.0,0.4659224650544279,-5.310611163458055,-0.5142640583668394,0.0,0.21519103735398595,-3.1087504342341616,-0.3642677656929743,0.0,0.13314145313918885,-2.4660867234449695,-0.31477828330489427,0.0,-0.114975725498068,-3.5745240319155416,-0.38865567634489984,0.0,-0.2021099750350244,-7.034097444257015,-0.8512659416625474,0.0,-0.0857851014958712,-3.658509396373707,-0.5149948183693424,0.0,-0.0703559437203891,-2.783503859081269,-0.41476779266751457,0.0,-0.3963362556078835,-1.8919586557991503,-0.3100895427757927,0.0,-0.7216866330958863,-4.409629405846106,-0.7756960944442272,0.0,-0.6558275443699076,-4.695217300420172,-0.8293925598330303,0.0,-0.4605909713535301,-3.675660469148644,-0.6334274387856478,0.0
0.0,0.0,0.0,0.0,0.19062352137572855,-0.17895062389439534,-0.12326367491954626,0.0,0.4191052396525918,-0.7402736357233778,-0.23872134440663428,0.0,0.35696351415549116,-1.9318589141158475,-0.49077609192782373,0.0,-0.14216369260846076,-2.869340886588078,-0.7371272162536057,0.0,0.8692799044188341,-3.1180128754401335,-0.2583516934932742,0.0,0.9517929971341118,-4.586509663693298,-0.48897475418309266,0.0,0.5331346229772218,-3.314635593249745,-0.42297668593357324,0.0,0.33168933301714815,-2.6763496869947647,-0.3704697926248225,0.0,0.5464206555101214,-4.901498515846737,-0.39491123372959275,0.0,0.4724816582171595,-5.318126989564756,-0.4925294601899757,0.0,0.2186306441978036,-3.1186999977003302,-0.352233262786051,0.0,0.13572508947059367,-2.475119827944152,-0.30584006282766285,0.0,-0.1117681623504639,-3.5885652574470117,-0.3738655981150452,0.0,-0.19484771162927148,-6.99605320728799,-0.8089893541697322,0.0,-0.0813154508240318,-3.654667368323654,-0.4940722087033102,0.0,-0.06587701595527984,-2.7873663189681666,-0.4005148869507815,0.0,-0.39294393690115176,-1.9017660746724445,-0.2994952042877946,0.0,-0.7202844504366445,-4.439299154077284,-0.7490187887417533,0.0,-0.6511481348115862,-4.69708054648639,-0.7947907943390529,0.0,-0.45782171558759555,-3.685661848579146,-0.6085925774511584,0.0
0.0,0.0,0.0,0.0,0.19161874589370853,-0.177040864277348,-0.12380577108686237,0.0,0.42307865113778703,-0.7470372738638505,-0.24162584618648159,0.0,0.3614351341125147,-1.943764246147048,-0.49858684996652586,0.0,-0.14429990849199525,-2.89570968547205,-0.752491952929832,0.0,0.8785931466927482,-3.1796566441949854,-0.2655106059039159,0.0,0.9438642649002092,-4.598931031771701,-0.4964514158714511,0.0,0.5306307282055224,-3.2973934810170937,-0.42462171144984223,0.0,0.33542231145666096,-2.659896073037739,-0.3711634162960352,0.0,0.5531366912915189,-4.917482928195237,-0.4021227817482723,0.0,0.47041749181310405,-5.3122035638453795,-0.505854092385441,0.0,0.2214459378465165,-3.114761101522893,-0.3605147406401798,0.0,0.14045458134544103,-2.4693864043254314,-0.3117415479516332,0.0,-0.10216063943405841,-3.5682985717050024,-0.378879299590885,0.0,-0.18246452468051796,-7.0417043281108205,-0.8396310121218096,0.0,-0.07385540686751657,-3.6764654329725626,-0.5116040024231384,0.0,-0.05930594699229371,-2.795020856807622,-0.411968676483644,0.0,-0.38364835866089686,-1.883934282119164,-0.3030464164687948,0.0,-0.7031443091477322,-4.417998978864518,-0.7697081450632043,0.0,-0.6451222185012663,-4.767494243849746,-0.8380742723940129,0.0,-0.45174206367126135,-3.72255964002607,-0.6394965570554637,0.0
0.0,0.0,0.0,0.0,0.19139446122539297,-0.17626170422536408,-0.12397464014728792,0.0,0.42260433997726454,-0.747909902469002,-0.2414639696590102,0.0,0.3600185257174879,-1.9505776790267855,-0.49790005746219235,0.0,-0.1473611452432955,-2.8963802536729646,-0.7481115521512388,0.0,0.8752033353811466,-3.1732415843690687,-0.2642170374759694,0.0,0.942712604658333,-4.603430219365624,-0.49504931519945017,0.0,0.5292181427936405,-3.298237088134114,-0.42285816067815096,0.0,0.3341920529170315,-2.661139784269318,-0.3695409946871756,0.0,0.5487532900437498,-4.913857211786291,-0.3989822441180347,0.0,0.4679651223293357,-5.316090797834765,-0.5025394355145364,0.0,0.2201447671707907,-3.114087470257369,-0.35776152544244566,0.0,0.13961243638370763,-2.4700125208418267,-0.3094276505575245,0.0,-0.10556517861349546,-3.568470818219827,-0.3756741546133938,0.0,-0.18527354291464393,-7.045791787994553,-0.8334443921420317,0.0,-0.07458487482112895,-3.6763481653761185,-0.5080647747048583,0.0,-0.05982062012475844,-2.7955763826626474,-0.4093128138209573,0.0,-0.3863891818497945,-1.8857728311581834,-0.30074819454203805,0.0,-0.7074260763869719,-4.417040580967213,-0.7634876775801184,0.0,-0.6486539942093625,-4.758525317881033,-0.830014561478734,0.0,-0.4553552509958085,-3.719573611914969,-0.6339840970787567,0.0
0.0,0.0,0.0,0.0,0.1840815276936913,-0.18434429369389863,-0.12403245393789869,0.0,0.4111768376689982,-0.7591715954223693,-0.24436248530383387,0.0,0.3347630078060209,-1.9699633074584697,-0.5075288194154276,0.0,-0.17644246962772456,-3.074998236050859,-0.7913182915168278,0.0,0.8676214080427108,-3.1456350634265204,-0.261846946786969,0.0,0.9341708946295558,-4.591213481871837,-0.5036858120317597,0.0,0.5219196004713528,-3.307566574357553,-0.43417389977140414,0.0,0.3260191690601404,-2.6680882834960644,-0.3784717232411888,0.0,0.5478298296104815,-4.864164819347663,-0.3976194408347843,0.0,0.47090602380417357,-5.362581231815358,-0.518535354476188,0.0,0.21600312837801647,-3.134141740698883,-0.3666660799816458,0.0,0.13391295825972227,-2.4816244035386754,-0.31545112635405,0.0,-0.10067818856326774,-3.607104159781695,-0.3835538933566866,0.0,-0.18546808342927032,-7.153562574428151,-0.8588041002480299,0.0,-0.07880094624922579,-3.7090152166755286,-0.5141703182877314,0.0,-0.06499133103982693,-2.8163213143758776,-0.4111951304485135,0.0,-0.38713962863228385,-1.9188532366701478,-0.30874263140129055,0.0,-0.7186195747831817,-4.469954932403676,-0.7808718268471657,0.0,-0.660935396952831,-4.763838364229213,-0.8341331931450012,0.0,-0.4681256000742851,-3.714623787742308,-0.6312755669914969,0.0
0.0,0.0,0.0,0.0,0.18545616072236948,-0.18269995204991493,-0.12314115923071375,0.0,0.4116821064669245,-0.7522046404781582,-0.24099204742136038,0.0,0.32944910124533733,-1.9533679273781301,-0.49824868610992734,0.0,-0.1811297390578567,-2.9184502438187487,-0.7493821645269552,0.0,0.8489007144614443,-3.1151646161705715,-0.25816129469591054,0.0,0.935573793353786,-4.604662568789667,-0.49830764975383246,0.0,0.5235489416385345,-3.312827193140645,-0.4271446232564695,0.0,0.3264426871225486,-2.673557053587295,-0.3721793256205261,0.0,0.5180230253373838,-4.8853947299282465,-0.39582277588768555,0.0,0.4525504844819015,-5.344553324027702,-0.5055933616465474,0.0,0.21185258076682853,-3.128653066587229,-0.35675254715098864,0.0,0.13326599560861405,-2.482820746368967,-0.30744429442395577,0.0,-0.13024172299168169,-3.6173122754704536,-0.3800922632657593,0.0,-0.2175340978183214,-6.994515598156174,-0.8239322061752041,0.0,-0.08878366988227789,-3.6682224211344527,-0.4972563532901467,0.0,-0.06877939053374234,-2.797692698107195,-0.3991899104728906,0.0,-0.4060729819471824,-1.9236370173026514,-0.30562318008886435,0.0,-0.7380040596721243,-4.463202536207431,-0.764944871813779,0.0,-0.6670357691248456,-4.7509649882771186,-0.8123781393225191,0.0,-0.4683750606448666,-3.732442429526813,-0.6191013520489789,0.0
0.0,0.0,0.0,0.0,0.18546186522519165,-0.18190460231633612,-0.12295557878221508,0.0,0.41094407141536327,-0.7434316701437595,-0.24044406643117042,0.0,0.3394969547932757,-1.9062109613505647,-0.4923202290125377,0.0,-0.15480737878025566,-2.8768388708429264,-0.749107920070001,0.0,0.8541533408453065,-3.124941663321688,-0.26777808015008486,0.0,0.9426322410787515,-4.6207435269516415,-0.5090776610713816,0.0,0.5309519676463682,-3.3186194354298952,-0.4339083297108358,0.0,0.3344086164487309,-2.676882416735935,-0.37756978665323154,0.0,0.5276097817152844,-4.958233599139909,-0.4153944793091248,0.0,0.450032700931862,-5.294618100491322,-0.5093564560244714,0.0,0.21239302047240768,-3.124202344046977,-0.36177725548241707,0.0,0.1347729766300294,-2.481536013162161,-0.3117447941939091,0.0,-0.1270055558373942,-3.6508213881886933,-0.39289027089370615,0.0,-0.2053038931859927,-6.88468793906679,-0.8160961599268641,0.0,-0.08614055280217942,-3.6404749529424847,-0.49557945812423454,0.0,-0.06599994179140432,-2.7819846126435057,-0.398578035007231,0.0,-0.4005230410870254,-1.9227806624406085,-0.31091043774698035,0.0,-0.7322130145158048,-4.451037727200018,-0.7671253640092275,0.0,-0.6638713224253425,-4.731245351081806,-0.8102475618675381,0.0,-0.46861350429987275,-3.73825780894828,-0.6205650937300471,0.0
0.0,0.0,0.0,0.0,0.18525706595951424,-0.18882290780345162,-0.12409954630187645,0.0,0.40712995037036065,-0.7468941396637062,-0.24398113332348506,0.0,0.32829082576418106,-1.9148202274688848,-0.5024422026865629,0.0,-0.1687329003936004,-2.899279138400959,-0.7674843565898013,0.0,0.8449849685268709,-3.1015538617938008,-0.27856204356353553,0.0,0.9400262148160747,-4.609195990703556,-0.5212264285084963,0.0,0.528852815534453,-3.3122400258183,-0.44146459844595454,0.0,0.33184419622157224,-2.669366428193858,-0.38228271713201095,0.0,0.5153217269755583,-4.873977518240597,-0.4266847387998588,0.0,0.4532512812283645,-5.310318320750312,-0.5217997750986842,0.0,0.21145669947327547,-3.1237433839544195,-0.3668539876079821,0.0,0.1322645597476373,-2.476495231088003,-0.31537057857331346,0.0,-0.12747161283207717,-3.6095063835630494,-0.40088116590744843,0.0,-0.20782419434305324,-6.9717041031162035,-0.8381299024639487,0.0,-0.08671427924028327,-3.6616374916946866,-0.5039893228096016,0.0,-0.06835899397484557,-2.7932293664799164,-0.4052266326699869,0.0,-0.3986500598050347,-1.9194746488359329,-0.3166186466719615,0.0,-0.7329957088173689,-4.5036375917936144,-0.7820271658056305,0.0,-0.6612243802236651,-4.762547449514839,-0.8204604484699949,0.0,-0.46670395813602783,-3.735886834856674,-0.6249357672936091,0.0
0.0,0.0,0.0,0.0,0.1909411540557045,-0.17973865771841185,-0.11779447580532325,0.0,0.4268690594211045,-0.7288708231186664,-0.2299130342042245,0.0,0.3558324929183418,-1.8786689450036789,-0.47324486727042664,0.0,-0.12210722826130727,-2.762196900531556,-0.7078076103026406,0.0,0.8708084311337249,-2.9637156569299905,-0.2524391244289636,0.0,1.0176143039792547,-4.588923644773527,-0.5100824612136086,0.0,0.5813666694156562,-3.323470223593736,-0.43734783954916673,0.0,0.3703224977020455,-2.6844796668973987,-0.37948218408568124,0.0,0.5735852653622786,-4.789969813348287,-0.40977637222517443,0.0,0.5138654184046729,-5.305549716514444,-0.5233597296835939,0.0,0.24459747348134706,-3.1217267053438933,-0.3653308493186074,0.0,0.15911502978954212,-2.488068961844324,-0.3126998821375083,0.0,-0.08929873402261579,-3.6809117246398646,-0.4087559613100585,0.0,-0.1484258348310888,-6.661068908574532,-0.806466887701112,0.0,-0.06128447515466575,-3.576159624182927,-0.486322092104173,0.0,-0.04778813304983462,-2.760238138962858,-0.3904408986020593,0.0,-0.3899680774445958,-1.9797703765876926,-0.3285411577715529,0.0,-0.6952565107651862,-4.493570507790317,-0.7803738740614696,0.0,-0.6091571125492617,-4.626850567482199,-0.7829375567316189,0.0,-0.4311930530768609,-3.6770124680273604,-0.5954165410200041,0.0
0.0,0.0,0.0,0.0,0.18708940090449036,-0.1787357048260665,-0.11740281280868424,0.0,0.4224812924253542,-0.7275039546914609,-0.22958221463909945,0.0,0.3674169207693293,-1.8805957121010255,-0.47288106185781964,0.0,-0.108343810668117,-2.808374693306264,-0.7160476112181616,0.0,0.8832485148596623,-3.0646268063553976,-0.25857700597014566,0.0,1.008503640025369,-4.6042190870503,-0.500877413218393,0.0,0.5792468427072632,-3.3115997875373218,-0.4260448292208012,0.0,0.3751161244183806,-2.6765341101639746,-0.3701482429963367,0.0,0.5881699933855723,-4.914000359004223,-0.4165953338714133,0.0,0.5164681514480922,-5.288927636579224,-0.5081484150884926,0.0,0.2488999123393224,-3.1047666273772356,-0.35440450368364196,0.0,0.16364621691527734,-2.4715396173203623,-0.30450555940450846,0.0,-0.07562465347836018,-3.6876395999119773,-0.40723179976434504,0.0,-0.11745200732938703,-6.838675554182995,-0.8156183826537883,0.0,-0.04359281241293325,-3.6360880692546593,-0.491441446977925,0.0,-0.035901795062282554,-2.792100986906422,-0.3953963645550197,0.0,-0.3741839466316786,-1.9682555320972812,-0.32614160958645455,0.0,-0.67265051071973,-4.519441115135844,-0.7845366960280478,0.0,-0.5952833269641509,-4.70746568994148,-0.8027910271249233,0.0,-0.4207395194753032,-3.6988139730264895,-0.6072068018308858,0.0
0.0,0.0,0.0,0.0,0.19784621691363238,-0.1791558855691047,-0.11714540720828692,0.0,0.45679324760613643,-0.7267848172079399,-0.22536816932448747,0.0,0.43289974225593847,-1.958310961013686,-0.46813780084013734,0.0,-0.024511229338955106,-2.9586711255364726,-0.7059665585871799,0.0,0.9481450767626578,-2.9548206267116734,-0.24579039696816682,0.0,1.1902288836644195,-4.662660234214095,-0.5111649728031772,0.0,0.7155005194586125,-3.3441532753862035,-0.4391604546902267,0.0,0.48698454857830564,-2.6935432951431846,-0.3810762202782363,0.0,0.7023106729501187,-4.8004185100931815,-0.3927348143641773,0.0,0.6706068994481773,-5.318417596377045,-0.5001614546186305,0.0,0.3466612401619095,-3.1367921852109664,-0.3535673387173372,0.0,0.24757246092720006,-2.5048248576224004,-0.3059480379188767,0.0,0.020530546858638195,-3.6976817077337376,-0.3892547886206616,0.0,0.07131838927954912,-6.7313999950366785,-0.7852036235293752,0.0,0.05938046057745458,-3.6071463922328473,-0.476753133953521,0.0,0.04563689403407553,-2.784499022411691,-0.38487708615739086,0.0,-0.32794072199846414,-2.011138796919596,-0.31457871070410953,0.0,-0.5366894423375478,-4.722680103830093,-0.7836950122955711,0.0,-0.43566410777164116,-4.6317705912318425,-0.7500300546106645,0.0,-0.3061096251083592,-3.6117112024237206,-0.5603849280226996,0.0
0.0,0.0,0.0,0.0,0.19749954960966382,-0.17588021083259597,-0.11469371837328637,0.0,0.4606734949870505,-0.7095743030493518,-0.22293060952245214,0.0,0.4618156138092318,-1.9191540771713527,-0.4666560381220531,0.0,0.019471921442011354,-2.982280287076204,-0.7227103172576604,0.0,0.9906520226643163,-2.968736371474293,-0.24909913035680636,0.0,1.2314008223648616,-4.630739944632519,-0.5035671011854094,0.0,0.743516991925107,-3.3371092104449973,-0.4291818283456978,0.0,0.5097423012512614,-2.6916682131668805,-0.3710424589935481,0.0,0.7856566242152491,-4.898925085487225,-0.4066403886477872,0.0,0.7405363713107075,-5.313237283778598,-0.49900927712544757,0.0,0.38174141484315044,-3.1215432211647354,-0.3454031210077759,0.0,0.27077510707009217,-2.4865231652797184,-0.2955092983454361,0.0,0.08045959109807788,-3.8118507219792512,-0.4055965603782051,0.0,0.15216752598544547,-6.652519865316032,-0.7642850338979574,0.0,0.09984660712694898,-3.6081510286992953,-0.46203469877763303,0.0,0.07475216034197746,-2.7862878026162794,-0.3710970183459544,0.0,-0.3003783806123167,-2.0598824456572946,-0.3237328491892163,0.0,-0.49823420043239874,-4.550204438026868,-0.7471161944724277,0.0,-0.4078399893182379,-4.63781610499028,-0.7359598775642898,0.0,-0.2779165099097459,-3.6791400554562887,-0.5559425913616495,0.0
0.0,0.0,0.0,0.0,0.20191512058436456,-0.17001033681299105,-0.11257591553658143,0.0,0.4893376800493187,-0.7395352076450564,-0.21478856120732803,0.0,0.5255278837877265,-2.0938183759300584,-0.4531563757695305,0.0,0.06448832114507409,-3.180885386095502,-0.6687599319545826,0.0,1.056678890773426,-2.8566038875210498,-0.18513902294916318,0.0,1.4094294067778654,-4.6463885571557375,-0.43580645551098207,0.0,0.8785014486030475,-3.3499925671102617,-0.38898604481496857,0.0,0.6184591661242225,-2.7051374392654073,-0.34348325988560624,0.0,0.898581854824197,-4.69461348972134,-0.29792254299107424,0.0,0.9290954639440374,-5.387924982879596,-0.42589847806700415,0.0,0.4947561774802078,-3.157256289445348,-0.30897618085675527,0.0,0.3629289352106647,-2.5253747766296337,-0.2710499924101327,0.0,0.18538673093691685,-3.7543225679080052,-0.32284651978455947,0.0,0.37301106250892957,-6.706100955757733,-0.6764417011581894,0.0,0.22112812453184646,-3.6341112862669585,-0.42272550747586596,0.0,0.16700642610772312,-2.818097052398535,-0.3446502972660504,0.0,-0.24920735864210342,-2.092480484778732,-0.27857021885466965,0.0,-0.3405965344767951,-4.7890017310701225,-0.7039717382080148,0.0,-0.23907761759911347,-4.5816290216525175,-0.6609855292171691,0.0,-0.1548579614849258,-3.57028909938647,-0.49307839026654615,0.0
0.0,0.0,0.0,0.0,0.1993318675138949,-0.1672649039108779,-0.10920886463776444,0.0,0.4782519279485188,-0.7070117107953136,-0.20893089503213688,0.0,0.5403365043931453,-1.9883442759131023,-0.4384191727422326,0.0,0.11950692994800247,-3.1887310977834247,-0.6827540472607729,0.0,1.0680953089821723,-2.924237196399899,-0.2063494854188343,0.0,1.4272521954714326,-4.707571352827077,-0.4483374551148223,0.0,0.8855398821673353,-3.373660632991172,-0.38995388594565095,0.0,0.6241013367377686,-2.7149762708037057,-0.3409364165817967,0.0,0.9299419476430123,-4.874722108258362,-0.33745226284932006,0.0,0.9485466319167309,-5.388183060355959,-0.4322096119064184,0.0,0.5119537788856084,-3.1485353103178455,-0.30817969968427567,0.0,0.3782040068818204,-2.5061387463296074,-0.26850150868647177,0.0,0.20135893188766663,-3.8677917242678572,-0.35244898941894826,0.0,0.3859929343487552,-6.60829251317335,-0.6638283798086508,0.0,0.24027090009039767,-3.6111100279240897,-0.41917751829864286,0.0,0.1868103619134858,-2.7875756585131874,-0.343058213963185,0.0,-0.23521033311685813,-2.153112051423574,-0.2950381366234132,0.0,-0.3330399683839787,-4.700073862148784,-0.683205581916474,0.0,-0.22341501945354955,-4.628225120812875,-0.6604102420594171,0.0,-0.12779293435607267,-3.662166271921495,-0.5046342536188202,0.0
0.0,0.0,0.0,0.0,0.20422749765917766,-0.14926810297738527,-0.12294424207954877,0.0,0.5000094735138012,-0.6955449275476311,-0.23158263238075863,0.0,0.5858152649420945,-2.0567372876399923,-0.4874808461005833,0.0,0.14704023790432105,-3.2066008087574343,-0.7265843669399936,0.0,1.1188094110660347,-2.8662477111720794,-0.22069346436134762,0.0,1.5033548491910227,-4.631781463414841,-0.4685050212901551,0.0,0.9312304159911459,-3.339491655307396,-0.41043394841214254,0.0,0.6488815374952384,-2.679552498020826,-0.3599160165398743,0.0,0.9940321942959094,-4.745794782976238,-0.3277425934844093,0.0,1.0267467476496461,-5.318471408862192,-0.4336800153700054,0.0,0.5588056111606853,-3.1459318285967357,-0.3234197686856912,0.0,0.41359293313592654,-2.5112173709659147,-0.2884990383379973,0.0,0.25041598250322533,-3.7445076701075313,-0.3245315730747671,0.0,0.5031050212654437,-6.7267628425234305,-0.6813635651037234,0.0,0.29102543648474005,-3.629839552030461,-0.44294621550491947,0.0,0.21772479043483314,-2.8008751472554363,-0.3703149554130169,0.0,-0.2095364245379593,-2.099208453815181,-0.2707364763788135,0.0,-0.24863693236650022,-4.796937021847746,-0.6923246855571079,0.0,-0.14996639886199836,-4.597436211428614,-0.6752328870504789,0.0,-0.08085731225047742,-3.5613312014076843,-0.5174571228498092,0.0
0.0,0.0,0.0,0.0,0.1998377300728619,-0.1439056674264109,-0.12066726160811851,0.0,0.49293417194058536,-0.6756479498851312,-0.22831845150254695,0.0,0.5868769958400515,-1.9767466502571305,-0.47710835537108504,0.0,0.1616340492223257,-3.128801674908244,-0.7232671802565335,0.0,1.1236154569312133,-2.868849215523897,-0.2375713242569452,0.0,1.50869915915231,-4.635982361765103,-0.47961537492606576,0.0,0.9358420819676562,-3.3330488665456866,-0.4099990139306805,0.0,0.6554880327306248,-2.6786584820884016,-0.35694554242691184,0.0,1.002226263658777,-4.726940676367928,-0.3544188472067238,0.0,1.0583401676488464,-5.3326313842619095,-0.4510934879752,0.0,0.573052369626044,-3.1283385387711613,-0.3268224512817425,0.0,0.4205880630613128,-2.4854130758530766,-0.2872619235317746,0.0,0.2569763728031273,-3.709548289164452,-0.34373906932098924,0.0,0.5209552314968977,-6.672832837865636,-0.6883335702145918,0.0,0.307813998476677,-3.6016445409833393,-0.44424982194642976,0.0,0.23179828080145606,-2.7669369063090783,-0.36894575712354527,0.0,-0.20167041995493729,-2.0974736459922876,-0.2826783478140328,0.0,-0.23689381258910042,-4.751235382820762,-0.6941264285212777,0.0,-0.1293202947717742,-4.633108390701771,-0.6873493809945562,0.0,-0.056089302298430906,-3.6090777189918994,-0.5307118062011936,0.0
0.0,0.0,0.0,0.0,0.19883950374149,-0.14473020687734747,-0.11728325840759744,0.0,0.4896109900041926,-0.6885861128190566,-0.21983985617178733,0.0,0.5661986649153016,-1.9974245548545224,-0.4549492971831427,0.0,0.12726388315678447,-3.1309939100370667,-0.6777749320587283,0.0,1.1365989510236065,-2.951995839452729,-0.20244544328599867,0.0,1.4747520284297562,-4.604979223111357,-0.41710566041371955,0.0,0.9223299436739243,-3.3248441847415973,-0.3687456825250215,0.0,0.6511455974039947,-2.6852890660558546,-0.3278147248767486,0.0,1.005154332288095,-4.838826128616799,-0.3017042218706332,0.0,1.041277215124513,-5.353342730091014,-0.39841664392742593,0.0,0.5654655044058524,-3.1427597719317353,-0.3010893288977472,0.0,0.4155784589939252,-2.4972123178191734,-0.2689481820284175,0.0,0.2444543568809647,-3.7470794194287715,-0.30194041153933115,0.0,0.49454902343194374,-6.691035025602691,-0.6303014983599434,0.0,0.2996384375311569,-3.6261058287575603,-0.4213381145826396,0.0,0.22944500098821938,-2.7828057842110967,-0.35313887490209256,0.0,-0.21089168578809375,-2.105629567831929,-0.2568552839145998,0.0,-0.2618010608247699,-4.700401687479231,-0.6417224163229094,0.0,-0.15094180071352123,-4.647226325218687,-0.6532684970225312,0.0,-0.06481982813557224,-3.6374983015800786,-0.509458467053292,0.0
0.0,0.0,0.0,0.0,0.2003423143020824,-0.15232194231062646,-0.11910003860753549,0.0,0.4899194404053398,-0.6899294775463025,-0.22375212899023367,0.0,0.5586404389941437,-2.013226625134144,-0.46652794095265954,0.0,0.1137304197148276,-3.1219763585952642,-0.6903926504696467,0.0,1.1055582652277405,-2.8608314484063477,-0.2170587182509266,0.0,1.489790173767081,-4.626143186205799,-0.4474571954567245,0.0,0.9274012434987099,-3.3358200588160214,-0.38877262694471126,0.0,0.6498359064749447,-2.6820482347021546,-0.3407851243960035,0.0,0.9703437300065619,-4.696970227056898,-0.3232944316123699,0.0,1.0491909810795923,-5.375071313932284,-0.4242211176437545,0.0,0.5658517943081587,-3.138136822875907,-0.31284122227745176,0.0,0.41487162119319476,-2.4890101107441867,-0.27725401302402314,0.0,0.23482035243415303,-3.6955766870774087,-0.31989595303227947,0.0,0.4936343248314531,-6.711572816231542,-0.6581905148162895,0.0,0.29717207646502003,-3.609371558226411,-0.4310408705512268,0.0,0.22676687345827087,-2.770214171797005,-0.36016505912617813,0.0,-0.21336344058548193,-2.101459132984603,-0.26846754209016205,0.0,-0.2643109292440515,-4.724804306629972,-0.6622117718009767,0.0,-0.15137997971536946,-4.625365289478097,-0.6624121779359498,0.0,-0.06667886263991733,-3.6228356804217143,-0.5159237683436777,0.0
0.0,0.0,0.0,0.0,0.19826291174463093,-0.14966976189713171,-0.11883405991666061,0.0,0.4820768845787226,-0.7091930473378623,-0.22823924139627452,0.0,0.5425206568770591,-2.0276576905632853,-0.47778149972750444,0.0,0.09160494306568058,-3.139622661229524,-0.7132881066491508,0.0,1.1209294463176849,-2.953711453294108,-0.2305663066929218,0.0,1.4350171816875175,-4.616173754832469,-0.46714034636606555,0.0,0.8840459336154445,-3.322837959867227,-0.4029681570306635,0.0,0.6161220808516114,-2.6763631996605555,-0.35260317940740427,0.0,0.9816405611905605,-4.819649374103632,-0.35209797722846103,0.0,1.0156314000586566,-5.375837430765038,-0.46165573439545804,0.0,0.5483552258683653,-3.1340587831945057,-0.33151315726627206,0.0,0.40351551145702136,-2.4866915130340277,-0.28942024838335606,0.0,0.22120620204268207,-3.7258596658814938,-0.347725292447915,0.0,0.4689225165353926,-6.792596193817478,-0.7218478521277041,0.0,0.284915538252909,-3.659926332663128,-0.4623254161551517,0.0,0.21714560386736936,-2.8030560349188196,-0.3798785613795057,0.0,-0.2253611797861888,-2.076194287170807,-0.28742955414639765,0.0,-0.29157155944674595,-4.6574782328074065,-0.7122108912944637,0.0,-0.18150784969190928,-4.693033112630322,-0.7303342135273424,0.0,-0.08879802655138448,-3.657824652526048,-0.5609541209600919,0.0
0.0,0.0,0.0,0.0,0.2013354391973089,-0.15280929399072274,-0.11750273453619543,0.0,0.48648495292395894,-0.7007021533368117,-0.22155011476484046,0.0,0.5411667794482979,-1.9975223530595185,-0.4569544217896182,0.0,0.09003528711586552,-2.924482699179721,-0.6507301103316631,0.0,1.1197546964241762,-2.976765912389843,-0.2216629617483793,0.0,1.4244212657940194,-4.610809174493896,-0.43824743719725257,0.0,0.8824201150760256,-3.3143953114511713,-0.38063753822003865,0.0,0.620055148167501,-2.679386881968169,-0.3366479971348454,0.0,0.9827857645440666,-4.959844795853602,-0.34286538414696094,0.0,0.9804551531049664,-5.316737362017546,-0.4202776659057202,0.0,0.5330485981143436,-3.1367572821543477,-0.31323414787236104,0.0,0.3920926200735478,-2.4962679609168426,-0.2777329940877625,0.0,0.2126811565141714,-3.772511650541155,-0.3332333303748407,0.0,0.43878933634915773,-6.691727942254121,-0.6653143687603205,0.0,0.2697528360028045,-3.627935864481307,-0.4391041940147963,0.0,0.20811681250199793,-2.7892910261227204,-0.3665421847063881,0.0,-0.22415757066502748,-2.0681888203443446,-0.2734910480101363,0.0,-0.29248137965109666,-4.723020446388265,-0.6781078868443544,0.0,-0.18124864420731948,-4.715079445506966,-0.6886582694050933,0.0,-0.08755593506067667,-3.695339720275858,-0.5345399390306403,0.0
0.0,0.0,0.0,0.0,0.19770049203360918,-0.16242875958165542,-0.11833760611099867,0.0,0.47546656432981416,-0.7206567864416867,-0.23021044536132157,0.0,0.49145140488697375,-1.9859547280139935,-0.48234691680769604,0.0,0.029368917262897976,-2.9609669426179264,-0.7087657984586332,0.0,1.083130470444071,-2.971018220709333,-0.23491390121458647,0.0,1.339493273219605,-4.544675992479234,-0.46869572073913873,0.0,0.8189235345066478,-3.2941900348909643,-0.40486140105774243,0.0,0.563797107289008,-2.6648558157930395,-0.35419610619480824,0.0,0.9172420307930472,-4.800816005079466,-0.3702460691646856,0.0,0.9279559282021999,-5.338801440998298,-0.4784870660069551,0.0,0.4890940009407821,-3.1216181268382157,-0.33964329554532463,0.0,0.3502610275246774,-2.4768290275886558,-0.29420548122569845,0.0,0.17522890841595679,-3.710941720280571,-0.37272004495547495,0.0,0.39001477859752126,-6.943586916206878,-0.7759179003971611,0.0,0.23294241836432894,-3.6762695042038285,-0.4787658429466063,0.0,0.17322409920409323,-2.8047954067816376,-0.3881052094544631,0.0,-0.25112398295318966,-2.0414532605555946,-0.30684829183852064,0.0,-0.36451575753725923,-4.585048965069865,-0.7417586728472104,0.0,-0.2728414330031623,-4.678181080782395,-0.7574370701625982,0.0,-0.17294467097211846,-3.6484167178994,-0.5760417907226038,0.0
0.0,0.0,0.0,0.0,0.19834137390186693,-0.15625436799092615,-0.12125694871972173,0.0,0.47258477563602946,-0.709874296625795,-0.23295457265211583,0.0,0.48650962433780365,-1.9603864546762322,-0.48023234877558285,0.0,0.02094703778245039,-2.848807660019171,-0.6857724072268736,0.0,1.0768920365567807,-2.9618668000350934,-0.2350431694616927,0.0,1.3497762194485834,-4.563162071155235,-0.46219381137566123,0.0,0.830367816643018,-3.3014752391338282,-0.3995881426995502,0.0,0.5766363822259631,-2.6708107957108544,-0.3511871752071401,0.0,0.9047027655102786,-4.856898029539517,-0.3603247839815457,0.0,0.904202645383833,-5.300278607860699,-0.4524195103726285,0.0,0.48492367240091283,-3.125496474892919,-0.3318095803169321,0.0,0.352888968527862,-2.483457571852578,-0.29088702161878294,0.0,0.15721615197099867,-3.7102333838351615,-0.35025287540778305,0.0,0.3383735330094261,-6.756486297845117,-0.7165042833965519,0.0,0.2141981941250722,-3.62599341388209,-0.46164396863656104,0.0,0.16725248974780907,-2.780423024278695,-0.3811561623216023,0.0,-0.25452580162631605,-2.039625258947524,-0.2866029580122384,0.0,-0.3731650942443132,-4.623372418163202,-0.7004822797755742,0.0,-0.2700498742894202,-4.660886405189489,-0.715636815709019,0.0,-0.1611773956287469,-3.6514122274152014,-0.5532423209823728,0.0
0.0,0.0,0.0,0.0,0.19208188230455792,-0.16747867155836602,-0.1170633271610464,0.0,0.4479786994226217,-0.7355831677272407,-0.22855063413046167,0.0,0.42601865189497784,-1.9960633183916456,-0.4793174261370463,0.0,-0.05642613871039063,-2.979701499405327,-0.70789424312389,0.0,1.009872638184325,-2.995245236020814,-0.22336467960001305,0.0,1.212141701302351,-4.552628537527278,-0.4550773433256832,0.0,0.7299864243858533,-3.308477407789084,-0.3992093893214497,0.0,0.4940532192653154,-2.678735548289117,-0.35068225373014916,0.0,0.805083790209092,-4.89151091273725,-0.3588486209458538,0.0,0.7698124573121762,-5.3776255632367205,-0.4641835960572055,0.0,0.3949597929025914,-3.134773379416178,-0.328679620510557,0.0,0.27794540661200534,-2.4866917234907913,-0.2840518629032632,0.0,0.07824223814822143,-3.779808442197853,-0.36683979545830503,0.0,0.1912621556932655,-6.947166235648198,-0.7429634660123667,0.0,0.12620494354881057,-3.6932644944638833,-0.45562950868984226,0.0,0.09411864693240224,-2.822984262545392,-0.36813426517563214,0.0,-0.3092282856789518,-2.0408054504030653,-0.3026657447689956,0.0,-0.5004920764131247,-4.540054867650178,-0.7077165086577494,0.0,-0.4126110270838535,-4.657372213170851,-0.7154188532556442,0.0,-0.27928047611022555,-3.6678378485358216,-0.5443826895282705,0.0
0.0,0.0,0.0,0.0,0.1943047457335525,-0.16800392590626548,-0.11655007037941173,0.0,0.45350804103633086,-0.7414574634296295,-0.22592575332301654,0.0,0.42876377226791873,-1.9934421139324334,-0.4674896517565284,0.0,-0.05971870336778552,-2.8622743859192425,-0.6691075406745632,0.0,0.9974114354985498,-2.980143226823721,-0.22149143492574,0.0,1.2278442615999732,-4.55904354135833,-0.4514953758313716,0.0,0.752843053577768,-3.322780222310164,-0.3972533805416538,0.0,0.5171910600064942,-2.69087255595611,-0.3505349568066451,0.0,0.7841582032273529,-4.939255646247667,-0.36086334124767905,0.0,0.7465558900383701,-5.308546699500831,-0.4543738346096424,0.0,0.39425660573241217,-3.1346616226596824,-0.3303436640749828,0.0,0.2827673127114406,-2.4915708221242174,-0.28773231948585803,0.0,0.05621966205870076,-3.7827700791866605,-0.3651130044931108,0.0,0.1377823542578779,-6.685240514508703,-0.7216428256439316,0.0,0.10547451237041928,-3.626746629415988,-0.4599453909445912,0.0,0.0861376887547466,-2.7871507125958663,-0.3761975778768749,0.0,-0.31575194352878194,-2.047315021206915,-0.30026575022068047,0.0,-0.5135660201748811,-4.4976090385514125,-0.7019800610444094,0.0,-0.41602680220502963,-4.608443662027469,-0.7176822412401691,0.0,-0.27350448404217736,-3.6668450734970155,-0.5568978137140604,0.0
0.0,0.0,0.0,0.0,0.1900773774449964,-0.1854274232723767,-0.11939341260904636,0.0,0.41617767295697716,-0.7336441009923718,-0.2402891291882772,0.0,0.3560882682516983,-1.9227345205393163,-0.5121415619305819,0.0,-0.1355842955688367,-2.977980231548849,-0.8064338959718813,0.0,0.9015232105188883,-3.0013945411695997,-0.26681111076094627,0.0,1.0144621931959819,-4.486619351612914,-0.5205740317806931,0.0,0.5890775090181986,-3.2770706480136638,-0.45103768270644357,0.0,0.3812480872644116,-2.660857735431545,-0.39242008431203096,0.0,0.6224077222687033,-4.87367922957213,-0.44087671158753255,0.0,0.5428397325737603,-5.283837305311874,-0.5448262426366951,0.0,0.2609813590543998,-3.111015329657809,-0.3759340521404151,0.0,0.16901773711422494,-2.475682071057353,-0.3201761023805576,0.0,-0.06965986798532683,-3.7125865067300303,-0.436796887483785,0.0,-0.0998460429505758,-6.913847623469332,-0.8570011044050351,0.0,-0.039567532057035844,-3.6913508941591004,-0.5065038833447908,0.0,-0.03763974343806054,-2.820012300624477,-0.40110008103930345,0.0,-0.3861898333196495,-1.9445934179255437,-0.3434879770073152,0.0,-0.6748195002122895,-4.387896930155576,-0.7852955922696753,0.0,-0.6116371455140266,-4.645349371104886,-0.8007571022366389,0.0,-0.4420168940630069,-3.6861236228404337,-0.6047973138651042,0.0
0.0,0.0,0.0,0.0,0.1880760704698167,-0.18855838874613892,-0.11742355583700537,0.0,0.4190543175521352,-0.7465442370381661,-0.23430797509809825,0.0,0.35661180288202515,-1.9344748917745402,-0.49206834790079995,0.0,-0.14599786916259708,-2.9159469915833776,-0.7548931600573398,0.0,0.886515036589642,-3.0241041133201714,-0.26342003312635087,0.0,1.0176024221216715,-4.532936110584559,-0.5125149945306774,0.0,0.5990859825530879,-3.2871987827804925,-0.4390780764345332,0.0,0.396087061671092,-2.659450366658536,-0.38057129017056557,0.0,0.586893060385348,-4.8945420740689825,-0.43357605678367006,0.0,0.5212699329417921,-5.327910566821258,-0.5381119211776098,0.0,0.25737555416344937,-3.129474920251228,-0.370911721982382,0.0,0.17362550050022832,-2.486481600518044,-0.31518573986104803,0.0,-0.09307008907501166,-3.6575731206577236,-0.42189349437983104,0.0,-0.13747585023835598,-6.811608668331944,-0.8468773272777302,0.0,-0.04254328110156344,-3.652684700961173,-0.5025043732751303,0.0,-0.025966285361940566,-2.798042563144361,-0.39727865297553844,0.0,-0.3900406580973885,-1.9313824627679208,-0.3335309892176707,0.0,-0.6858212127117933,-4.348300761652328,-0.7782631406332459,0.0,-0.6090401210231269,-4.624636052507933,-0.7995276432565942,0.0,-0.4248722958174588,-3.698122662565825,-0.6072846703330471,0.0
0.0,0.0,0.0,0.0,0.19513631849300153,-0.17993063336125278,-0.12719426450405474,0.0,0.4156979425492382,-0.7231927194567697,-0.2546993073797079,0.0,0.2781615672186253,-1.8018376046359816,-0.5260621167464631,0.0,-0.22371990119468138,-2.5658811869529847,-0.7750402622271427,0.0,0.8453046800854743,-3.000179369269939,-0.3051225785264202,0.0,0.9014655298792387,-4.356364701984516,-0.5533442201190187,0.0,0.5116205176575801,-3.1995777675571317,-0.4713417865288499,0.0,0.32053299212457076,-2.604346224617997,-0.4078159831823125,0.0,0.5058469183385088,-4.736440613762935,-0.4882833626559356,0.0,0.43892015023511655,-5.206585532545408,-0.6017711534642802,0.0,0.197144342689338,-3.069755894130749,-0.41470129469901373,0.0,0.1167892517032066,-2.4317812907436607,-0.3499494359915735,0.0,-0.1557486186746087,-3.5127432181150438,-0.4638074803685139,0.0,-0.2713192146909893,-6.9702900758835735,-0.976978565492611,0.0,-0.12657994454213675,-3.63406283311617,-0.5699142255681635,0.0,-0.09934186025731187,-2.7544442338661566,-0.44810904055523104,0.0,-0.42550478564566996,-1.8331175494448482,-0.3581458422984799,0.0,-0.7670214299020328,-4.146748680998351,-0.8306817659670107,0.0,-0.7319065246305649,-4.509108647171503,-0.8844597089476138,0.0,-0.5362330558884898,-3.6149879049600693,-0.6801108621685683,0.0
0.0,0.0,0.0,0.0,0.19147847791375347,-0.17798739002636668,-0.12981651581170503,0.0,0.409141931108469,-0.7213647173863121,-0.2574879565573955,0.0,0.25466489437778916,-1.7796091287907643,-0.5230779727544946,0.0,-0.24187227575931614,-2.5688738094941796,-0.7676458493762045,0.0,0.8255092719261333,-2.93274854125526,-0.2905903039339816,0.0,0.9232460926442965,-4.420211310824776,-0.5562334339078506,0.0,0.5245245895353114,-3.243313802060103,-0.47532658578486686,0.0,0.32887115225516284,-2.6301885702884538,-0.4108884355011674,0.0,0.48302988476914915,-4.74942755414305,-0.46341513877175944,0.0,0.4110887114467696,-5.211819953552421,-0.5831270833973273,0.0,0.18916954887363507,-3.077138459624794,-0.40726859524956055,0.0,0.11821302710445748,-2.4418555247814333,-0.3458815134414036,0.0,-0.17729483587087122,-3.5803078273367217,-0.4432418683044759,0.0,-0.2936470635590511,-6.690135709627613,-0.911871222763412,0.0,-0.1289306949741982,-3.583871673215526,-0.5535767832107948,0.0,-0.09404663997798647,-2.743972925549715,-0.4412915934693836,0.0,-0.4389376771286328,-1.8730396222136678,-0.3429437413019113,0.0,-0.7878248465133072,-4.233065264257518,-0.818908957019395,0.0,-0.7289719370769236,-4.512293260220224,-0.863438717752342,0.0,-0.5304590879995191,-3.623100467619164,-0.6682478825884864,0.0
0.0,0.0,0.0,0.0,0.18882542758072043,-0.18156448913819787,-0.1265106700025626,0.0,0.38448580742601585,-0.7130097627213959,-0.2580860192493496,0.0,0.19301212592255995,-1.6697453862116505,-0.5204361923676986,0.0,-0.29428561945790477,-2.454686462528541,-0.7871282802252193,0.0,0.7744550224806307,-2.9305297795523537,-0.33418925476321326,0.0,0.8362062046117986,-4.334375852796816,-0.6175480413673492,0.0,0.46790504094902813,-3.170327208953805,-0.5174989139096302,0.0,0.28696982431806767,-2.5796767051281764,-0.4428988545566519,0.0,0.3910890823454303,-4.541272070054153,-0.5409169453015678,0.0,0.3569257050892835,-5.162215868161572,-0.6834317568453281,0.0,0.15733820890133648,-3.0408635617517987,-0.4604113899373774,0.0,0.08914479097161365,-2.4036349406185664,-0.3816137968157848,0.0,-0.23393879772146534,-3.359758553968833,-0.5151282313798029,0.0,-0.39357819734745514,-6.918127988250849,-1.109383287034171,0.0,-0.18051279755137656,-3.5840751293905115,-0.6279648087290166,0.0,-0.13491836829930273,-2.709745760213048,-0.4842094693857119,0.0,-0.46745913121868954,-1.7547380818516667,-0.395220745603134,0.0,-0.8388838662069659,-4.01494644718491,-0.912843857268714,0.0,-0.8003819645191524,-4.4519366953108275,-0.979213041614512,0.0,-0.5685804113823314,-3.5611016223853214,-0.7416256061650452,0.0
0.0,0.0,0.0,0.0,0.188883930539486,-0.1793763683610021,-0.1323068719766739,0.0,0.39188723682393006,-0.7074385876407262,-0.2651502734521225,0.0,0.21980503052744213,-1.6891060964137021,-0.5319753572785529,0.0,-0.2622039926771117,-2.5497246268715212,-0.813127747168486,0.0,0.789986504557252,-2.83161064752294,-0.3259977695682075,0.0,0.8794832898342559,-4.330460066116374,-0.6145928216570324,0.0,0.4955388190080367,-3.177852468657862,-0.5144133097439111,0.0,0.30964558768069744,-2.583516710015697,-0.43984098448871417,0.0,0.4214368274403017,-4.515480294452825,-0.5190817739392507,0.0,0.35358966202664605,-5.157429108949984,-0.6608957094708628,0.0,0.15312487708716202,-3.0467333335657925,-0.4512740002721318,0.0,0.09044961585632326,-2.417880293654039,-0.37819245841976645,0.0,-0.21945914838189637,-3.401905499650336,-0.48912486662661214,0.0,-0.3995886970146035,-6.683045254789977,-1.0255304292645182,0.0,-0.17897243539114,-3.5529479977053615,-0.6035832208524322,0.0,-0.12431093026291631,-2.7085784372841264,-0.4732444048147184,0.0,-0.4648920896942858,-1.7955003585809612,-0.37383255783619884,0.0,-0.8348113025713815,-4.056341052369443,-0.8684502852655542,0.0,-0.7808444369089157,-4.447998063257584,-0.9325434369035704,0.0,-0.5538411236225056,-3.6238744117526394,-0.7270458624373128,0.0
0.0,0.0,0.0,0.0,0.1950292831860091,-0.17844619157957012,-0.13221105703076325,0.0,0.40195918511471146,-0.7058839269333297,-0.26874826645757816,0.0,0.22028663542314028,-1.6395488705994798,-0.5373348244160657,0.0,-0.266838785200985,-2.3688508280495584,-0.8035322955813,0.0,0.7896208411764426,-2.8463367888701065,-0.34422164394397775,0.0,0.8682330527034167,-4.311687473135304,-0.6412329005416433,0.0,0.4891207005818437,-3.16570077496382,-0.5352603145501469,0.0,0.3065115661999615,-2.574950372626964,-0.4576444110187913,0.0,0.4096441502675928,-4.4608191132810155,-0.5551458655208612,0.0,0.3630258135278571,-5.130697158392364,-0.7087130796447317,0.0,0.16396512605498278,-3.0324469011385244,-0.4827327813575739,0.0,0.10166773431766923,-2.399468114218877,-0.4020618266341547,0.0,-0.22496148619610776,-3.308706422560539,-0.523066892674288,0.0,-0.3818786061923302,-6.6463366360864,-1.1098477877668453,0.0,-0.17095078270370717,-3.509464629245906,-0.6498392189011352,0.0,-0.1183966808708058,-2.6626533489825253,-0.5059469180996822,0.0,-0.46144344035595664,-1.7244160075798871,-0.3970406282183351,0.0,-0.8222020073939617,-3.9054078853087013,-0.9213182490051341,0.0,-0.7858724874380538,-4.355163929137579,-1.0096427856578467,0.0,-0.5556518147905206,-3.528772938383526,-0.7818096715340882,0.0
0.0,0.0,0.0,0.0,0.19228845986616502,-0.1819766297478329,-0.13050044686907672,0.0,0.39559354535938285,-0.7097503793986294,-0.265674538094182,0.0,0.21308574613261624,-1.6610596453180317,-0.5351675448567337,0.0,-0.27331323236103844,-2.4015075880503853,-0.8035466719860213,0.0,0.7789048530329157,-2.8001673047729554,-0.34151031694434497,0.0,0.8713901300726052,-4.311690583926412,-0.6457263753013663,0.0,0.4913925086578824,-3.160909396854832,-0.5374989601213941,0.0,0.30852791803984914,-2.5687861845271645,-0.45805507789750083,0.0,0.40044680461093757,-4.419628113655156,-0.555190981860209,0.0,0.351010828089445,-5.1663409623019385,-0.7165365395003432,0.0,0.15488951279797375,-3.033424889957209,-0.482564362901465,0.0,0.09464262808033289,-2.402279357064096,-0.40159377915583117,0.0,-0.2290898001212474,-3.3036556180468515,-0.5258095921412544,0.0,-0.4058255306379776,-6.648085766725995,-1.103509403725026,0.0,-0.18117680876584227,-3.5079272431580932,-0.6403615972412882,0.0,-0.12463583718623888,-2.6703225791600826,-0.49954477493864885,0.0,-0.4640267051012473,-1.7357803120141029,-0.4012633318344903,0.0,-0.8324400866410235,-3.950272544832097,-0.9213097931810134,0.0,-0.7879674051295397,-4.375782561601715,-0.9940312206791835,0.0,-0.5561058305288058,-3.5520347091115605,-0.7693776421347781,0.0
0.0,0.0,0.0,0.0,0.19323029185288282,-0.1807203272844738,-0.13443100159496954,0.0,0.4038773813379336,-0.7193810356858604,-0.2726929962885483,0.0,0.22439057608703047,-1.742096183344919,-0.5580665724474859,0.0,-0.28941071475834573,-2.5032420498079886,-0.8290790481341831,0.0,0.7829531212102014,-2.814800142345071,-0.34419609793988426,0.0,0.8744472974281943,-4.311489122256096,-0.6423573339951923,0.0,0.49339218625717146,-3.166737376608697,-0.5345177522497254,0.0,0.3089162301836566,-2.5733161057945946,-0.45568195710457077,0.0,0.4053649472561789,-4.443226615191536,-0.5506445518280396,0.0,0.357523695763951,-5.1443660956103505,-0.7028422394634666,0.0,0.15789925547740966,-3.033429635518757,-0.47541238589656365,0.0,0.0955634696230023,-2.40502554223478,-0.39639937262065306,0.0,-0.22609997016809677,-3.3057347960046752,-0.5151414493399857,0.0,-0.3888945642279497,-6.645044227759394,-1.0931975095555164,0.0,-0.17860548632025244,-3.5195611761265666,-0.6379253572388862,0.0,-0.12743375827679249,-2.6816066480235308,-0.49797568229972805,0.0,-0.46340659323478295,-1.7295666141178654,-0.39069721091596543,0.0,-0.8259691985059556,-3.935830656625142,-0.914001548231211,0.0,-0.7931475035054757,-4.4085772972564845,-1.0018754418543008,0.0,-0.5689428620399414,-3.5991209825064763,-0.780785783857328,0.0
0.0,0.0,0.0,0.0,0.19143719188659358,-0.18075653221926274,-0.13504140175722093,0.0,0.404061436452882,-0.715613761296298,-0.2736231911081561,0.0,0.23451414265570067,-1.7415937391344463,-0.5610441527115407,0.0,-0.2771187317887529,-2.5242676066176606,-0.8389331382243379,0.0,0.7917754154333508,-2.823382789923784,-0.34207533799617307,0.0,0.8816550912946851,-4.312741879872396,-0.6383653344513966,0.0,0.4984366306275052,-3.1690342307840758,-0.5326534335849562,0.0,0.31318707830378073,-2.5742991206670385,-0.4543385927928202,0.0,0.41978670276245444,-4.468097089212362,-0.5471860826347452,0.0,0.36708288916696014,-5.146796793924528,-0.6968500352557101,0.0,0.16314517149611388,-3.035658531609876,-0.47202680578333667,0.0,0.09985899464594361,-2.4062856122471694,-0.3937508764490959,0.0,-0.2168362612146543,-3.326740833032015,-0.512258430661388,0.0,-0.37814245494905324,-6.657325129197196,-1.0847599972146116,0.0,-0.17239183456821527,-3.5332483169984945,-0.6338844470065651,0.0,-0.12096282937839017,-2.6905992694029828,-0.4944154169783435,0.0,-0.4589251138806694,-1.7419229692803406,-0.3892234707563697,0.0,-0.8177573800394552,-3.9402125730940134,-0.9073810709109899,0.0,-0.7843996772847709,-4.411875128142976,-0.9934832382202863,0.0,-0.5610202373610974,-3.6075474591029115,-0.7747285874237768,0.0
0.0,0.0,0.0,0.0,0.19163206303463506,-0.1761292569730917,-0.13572999722251802,0.0,0.40383451515612645,-0.7019295414703007,-0.2734606154605858,0.0,0.25509688268006736,-1.7496011290846902,-0.5629701756820569,0.0,-0.2386738514725165,-2.654956829590018,-0.8699448794676263,0.0,0.8174172070547614,-2.8309703540010527,-0.34941546585069155,0.0,0.931946502692328,-4.319423612325571,-0.6526012414784323,0.0,0.537320773422562,-3.162888269007369,-0.5432989301517382,0.0,0.3460523747678227,-2.5699323929915017,-0.46252153639925614,0.0,0.4563299955304372,-4.473160361642853,-0.5481496326492331,0.0,0.42165947266396264,-5.194923753002706,-0.7079771195474408,0.0,0.1936484968119427,-3.045499812130159,-0.4763831131233453,0.0,0.1237670272045445,-2.4131379822751926,-0.3968491317501972,0.0,-0.19090944280412997,-3.315650134729428,-0.5035635814246575,0.0,-0.32594118892992624,-6.7410199092600065,-1.0926329001501107,0.0,-0.13721483287276262,-3.5481984310676924,-0.6339697140829813,0.0,-0.09228444604510834,-2.7021339393426085,-0.49473292200835234,0.0,-0.44900145294937477,-1.7488940915263635,-0.38076004255954365,0.0,-0.7888339105873903,-3.9660831431968866,-0.8911146268334673,0.0,-0.7350889636074062,-4.386872592575749,-0.9642658015443262,0.0,-0.5184858807092517,-3.582582807246134,-0.7515967588498241,0.0
0.0,0.0,0.0,0.0,0.19286481929766908,-0.177488171998661,-0.13666325975453322,0.0,0.4079046119828519,-0.7130684742850331,-0.2748381268817392,0.0,0.2548984598798495,-1.7768353776869485,-0.5642397813925601,0.0,-0.24603012511852582,-2.694188124275886,-0.8643437033357517,0.0,0.8282553769902876,-2.8462994329199325,-0.3398930097969204,0.0,0.9455782357725101,-4.3291793948016934,-0.6341327941604656,0.0,0.5485594972879955,-3.1732521505481657,-0.5300765306197539,0.0,0.35648639729323583,-2.5778138942650295,-0.4524240674429617,0.0,0.4753052391739175,-4.515803783912808,-0.5264109246122047,0.0,0.4380667134253352,-5.2058541359274795,-0.6788290926988165,0.0,0.2047493215622445,-3.061780312651506,-0.4622233402290269,0.0,0.13352390154365912,-2.4269297653345956,-0.3874150206408137,0.0,-0.17712416801830086,-3.3707977565200498,-0.4833148910782837,0.0,-0.29642195347206723,-6.711755645157091,-1.0354873855254405,0.0,-0.12461711145738748,-3.561865587486999,-0.611847162565783,0.0,-0.0837295220034473,-2.7155809961133057,-0.4811846144795849,0.0,-0.4406112893266295,-1.7827530413717876,-0.36616087824848365,0.0,-0.7741833467073469,-4.027966114448519,-0.862470645518168,0.0,-0.7210461585370805,-4.4376850522641895,-0.9355451311710037,0.0,-0.5092999404706318,-3.6091304242874718,-0.7300554342520862,0.0
0.0,0.0,0.0,0.0,0.1904143037196235,-0.17260735627866833,-0.13575239739788886,0.0,0.4158385601372458,-0.7060335964507006,-0.27228495233427247,0.0,0.29178924699158243,-1.799390459063309,-0.5630973514664412,0.0,-0.21235582213142248,-2.6945793291935645,-0.8530958223114816,0.0,0.8689757015178478,-2.814575882116514,-0.32558285098513484,0.0,1.0108293025068738,-4.333788809244175,-0.6222603173788737,0.0,0.5914790843327483,-3.191683937982869,-0.5266665128429479,0.0,0.3844224040606657,-2.589802830776193,-0.4511159097592939,0.0,0.5528579793538607,-4.574420313979222,-0.5159917004949434,0.0,0.507701636100822,-5.1895189398019275,-0.6613027024338333,0.0,0.24412838317808566,-3.066653472685166,-0.4544941130258057,0.0,0.16118819610545249,-2.433776149882465,-0.38232410453842375,0.0,-0.12746872133647835,-3.4524474309044977,-0.4813780106647215,0.0,-0.20525112406873652,-6.717823409493862,-1.0170594837439177,0.0,-0.07989464241103834,-3.564010797187767,-0.598681882344577,0.0,-0.05283147215717255,-2.716597959736007,-0.46967192523417767,0.0,-0.4191223129224568,-1.8255225671261923,-0.3660529223465374,0.0,-0.7229455636284741,-4.102489035531835,-0.8621182887977683,0.0,-0.6614210250461658,-4.45691520338475,-0.9185520434465639,0.0,-0.4669743682095106,-3.6163774017714108,-0.713426394842684,0.0
0.0,0.0,0.0,0.0,0.19176371548286616,-0.1696788203427642,-0.13145734744928247,0.0,0.4221676749721131,-0.700341883144697,-0.2624619416966609,0.0,0.3101868867656102,-1.7860563767980013,-0.5421447049232644,0.0,-0.18332660604690454,-2.7333631184041707,-0.8347464563082845,0.0,0.8705553155276341,-2.813108517230344,-0.3121444162023694,0.0,1.023785235180626,-4.356410413990096,-0.5992111980703118,0.0,0.5993619933905301,-3.19870771611951,-0.5039252646899274,0.0,0.39250050720936785,-2.599498355340803,-0.43233988098618975,0.0,0.5585771491376152,-4.544874933257055,-0.49534105346595614,0.0,0.5228570657205324,-5.1838040999941795,-0.6364730134371503,0.0,0.25458114757139616,-3.0614003851823934,-0.43739739525432686,0.0,0.17020375328615606,-2.4352555365237434,-0.3693335255870054,0.0,-0.11314422009145252,-3.459275811657021,-0.46942172864869736,0.0,-0.1724460056879853,-6.590112896076684,-0.9648446152086658,0.0,-0.0659453225709256,-3.548282209537702,-0.5796716443812614,0.0,-0.04453271349325975,-2.7177590919840227,-0.45905336215794607,0.0,-0.40772286447945105,-1.8347381207755291,-0.3601913353744705,0.0,-0.7015076383866511,-4.141067184584502,-0.8521653274917579,0.0,-0.6400452572835488,-4.479263286892725,-0.9073634667981124,0.0,-0.45119158487034466,-3.614116179618741,-0.7026150301381431,0.0
0.0,0.0,0.0,0.0,0.1913814339429477,-0.17442859281994735,-0.1363240828955775,0.0,0.4203358747053017,-0.7217928786496484,-0.2735061795730157,0.0,0.3168449817441969,-1.8834605076616768,-0.5719943331729179,0.0,-0.19808732811312418,-2.7824438032943695,-0.8517941647380869,0.0,0.890706029056341,-2.8564636723521106,-0.30681641793904474,0.0,1.0549659290844384,-4.407785550039138,-0.591264140818233,0.0,0.6242538893358385,-3.2422994326751793,-0.5047124121104184,0.0,0.41067522162018744,-2.623890549249526,-0.4340429111706819,0.0,0.5870616486528106,-4.633178880276233,-0.4735616888329683,0.0,0.5540062569250949,-5.243747114801037,-0.6140764399608246,0.0,0.2768431313208062,-3.0967894320824856,-0.42791009531724455,0.0,0.1903364761173789,-2.455814425832036,-0.3627072249733463,0.0,-0.09924710245729237,-3.5291808223974446,-0.44312683191425906,0.0,-0.1317814068634635,-6.7203172944441,-0.9352847932103525,0.0,-0.03750836753100856,-3.604395098330382,-0.5675929743724661,0.0,-0.019976521547030557,-2.755437040236135,-0.4515066996790849,0.0,-0.40578922975530385,-1.892029624419355,-0.3419002681813242,0.0,-0.6891510692697441,-4.231118431214156,-0.8128109421190894,0.0,-0.6108986511326376,-4.51204469563903,-0.8589907505015233,0.0,-0.4241319689069046,-3.6418312036051295,-0.6696969708760288,0.0
0.0,0.0,0.0,0.0,0.19035382780323512,-0.17336075979801416,-0.13468650158929676,0.0,0.421775588873177,-0.7202852330046596,-0.26940135397455445,0.0,0.3208711966156921,-1.8631399379421265,-0.5594302209454586,0.0,-0.1911192364010495,-2.7617208873189965,-0.8349954179010244,0.0,0.8951186649315593,-2.865961139721926,-0.2979176135212548,0.0,1.05957377293261,-4.42832119993823,-0.578412748400794,0.0,0.6262164654497804,-3.2573705073323156,-0.495668453351515,0.0,0.411884041413719,-2.6350982574133317,-0.42780773535304956,0.0,0.6004822579974436,-4.665417945096128,-0.4636128932077753,0.0,0.557462045551226,-5.246946820646265,-0.60024279409656,0.0,0.2769074920248471,-3.1032832952712828,-0.4231374975483278,0.0,0.18913182419449737,-2.4606838166436606,-0.3609125808704267,0.0,-0.08790119398249675,-3.5768241619373113,-0.4397758804175519,0.0,-0.12404569853307014,-6.7247350138211495,-0.9208188871372794,0.0,-0.03323389660750761,-3.59997945138146,-0.5630688905935666,0.0,-0.015678137129100645,-2.7515125718785582,-0.45063076744637093,0.0,-0.40013313185054,-1.917626667340892,-0.34107185958138786,0.0,-0.6838020529011777,-4.265895157241333,-0.8092950071446069,0.0,-0.6007012758883226,-4.521389265640248,-0.8560927992775994,0.0,-0.41273970905994695,-3.6439321131743814,-0.6704852471562908,0.0
0.0,0.0,0.0,0.0,0.19268238038843868,-0.1601746331276918,-0.1386267529128097,0.0,0.43012669938592585,-0.7053694175150445,-0.27280818956151154,0.0,0.3403126041009696,-1.8733693147018073,-0.563718287160866,0.0,-0.1671734099937786,-2.7110853954499032,-0.8128145319810008,0.0,0.9323638207348586,-2.855319980816082,-0.28518570081166267,0.0,1.1203395712872122,-4.425682211967479,-0.5608017457942646,0.0,0.6655890758447479,-3.2576361094843174,-0.4854150737324853,0.0,0.43789863437855797,-2.632068348843624,-0.4205783932562126,0.0,0.6669237125249191,-4.704944459261094,-0.4306003763747843,0.0,0.6182748653558457,-5.231183174633563,-0.5625128935046563,0.0,0.311921928503135,-3.1034710884784773,-0.40455574102192554,0.0,0.21514918184129475,-2.462623989989308,-0.3477043474008292,0.0,-0.03844776433936763,-3.6244595363350247,-0.40475506232415265,0.0,-0.03258355405005941,-6.723208656455516,-0.8604906822329034,0.0,0.011638001022746895,-3.605559890511548,-0.5356603068714771,0.0,0.014856895074137635,-2.75882788603425,-0.4318733086254016,0.0,-0.37513438308574687,-1.9551555865616963,-0.3166334470510295,0.0,-0.6333298457289233,-4.360835264763894,-0.7694760473973077,0.0,-0.5474081361287824,-4.5235004730780375,-0.8026322802391119,0.0,-0.3784768122738755,-3.6271629180466234,-0.6274840605784091,0.0
0.0,0.0,0.0,0.0,0.1937814639741739,-0.16057519380192234,-0.13663491490454002,0.0,0.4335370354549133,-0.7046759946757314,-0.26816375997342434,0.0,0.3510039603957305,-1.8837542228505268,-0.5562779328787479,0.0,-0.15792123969095756,-2.7771986646348905,-0.8126079621791369,0.0,0.9390927212552478,-2.8806247078084475,-0.2745620615872736,0.0,1.120962355500505,-4.440534742981202,-0.5383384071706057,0.0,0.6632931325905798,-3.266797544660124,-0.4665024787174767,0.0,0.43482504171319863,-2.641690860338087,-0.4061276357315412,0.0,0.6752534640759411,-4.695532639860823,-0.41243763493823715,0.0,0.6413086042705403,-5.244928480048897,-0.54435555736381,0.0,0.325668700004969,-3.10730215125833,-0.3937651980873276,0.0,0.22424336095212613,-2.4663499462042564,-0.3404240178127827,0.0,-0.027015271152107712,-3.618124927498905,-0.39264129731040903,0.0,-0.016225395698833214,-6.751583148838644,-0.8468839854759718,0.0,0.023576931369690513,-3.622510039478267,-0.5323472423018103,0.0,0.02446484810146166,-2.7672841607641936,-0.43065288780639394,0.0,-0.367748266357407,-1.9559618681338709,-0.3107503011362661,0.0,-0.6206760950086729,-4.332248367042372,-0.7624221888478088,0.0,-0.5350746230957222,-4.5249410961020935,-0.8093470289394464,0.0,-0.3640774568651828,-3.6101640804243504,-0.6329011353987213,0.0
0.0,0.0,0.0,0.0,0.19243684648534748,-0.16312692006329302,-0.13481744454500785,0.0,0.424181916437408,-0.7118029299126459,-0.266953237253178,0.0,0.34126836500020474,-1.9058314357483692,-0.5562858082038806,0.0,-0.16285785340180128,-2.8348555386283487,-0.8181148899544232,0.0,0.9304174924259166,-2.8370259507749824,-0.2843106440225166,0.0,1.1377604638100791,-4.4205140762012665,-0.5544248716168266,0.0,0.6807699642589234,-3.253748231628714,-0.47452444442406216,0.0,0.45350533552520855,-2.638354318039934,-0.41039272184096093,0.0,0.6658259656023146,-4.6453947103511615,-0.4308676905779263,0.0,0.6543787767867398,-5.2538042785798655,-0.5620036033716834,0.0,0.33433182167246406,-3.1024987659339187,-0.3954864291534511,0.0,0.2332865654217386,-2.467886029775505,-0.33832697048921506,0.0,-0.03310194391823933,-3.5915505234183565,-0.4071666619365036,0.0,-0.014483314557065924,-6.678776435206541,-0.8473398455006853,0.0,0.02685805991378009,-3.607645529049657,-0.52407081245554,0.0,0.029010810460122254,-2.7647768341687966,-0.42086176183847096,0.0,-0.37029707856793476,-1.9479400799522801,-0.31953282941610717,0.0,-0.6168581154292313,-4.337803055864515,-0.7650675446204857,0.0,-0.5228488949442683,-4.550207543447841,-0.8004600328823546,0.0,-0.3491281424647905,-3.648590097905788,-0.6224964970516711,0.0
0.0,0.0,0.0,0.0,0.18990238828371114,-0.16557289448731224,-0.13254533382812625,0.0,0.4222800427339711,-0.7127430255610804,-0.2618987116778226,0.0,0.3337131894238321,-1.8883782986999331,-0.5439065126235141,0.0,-0.17110599483619912,-2.785573682781067,-0.7985889346194655,0.0,0.9202119474398729,-2.847871480204623,-0.2780029644393275,0.0,1.1297663455727844,-4.4171986324746575,-0.5478122886968091,0.0,0.6829044632279954,-3.2561980161041526,-0.4723208687647757,0.0,0.45743072994048667,-2.639262036724535,-0.40952146761011926,0.0,0.6508824067773198,-4.6581249410185235,-0.4339145764125145,0.0,0.6320853808745669,-5.238596230268315,-0.5651261164635651,0.0,0.322250590795682,-3.098543872036759,-0.3994832605369801,0.0,0.22356362814758562,-2.4629680918486807,-0.34206138247254814,0.0,-0.045509424759872436,-3.590339812029595,-0.41908931232881647,0.0,-0.03500638578272276,-6.753214209138468,-0.8851613099508188,0.0,0.015792703542661327,-3.5999196567274456,-0.5390211831184203,0.0,0.020433290042568195,-2.752001313616332,-0.43085103166265004,0.0,-0.3789147576844484,-1.9357963406404886,-0.3309670846314703,0.0,-0.6311477654005221,-4.3292770328593235,-0.7918595053683914,0.0,-0.5340522251073532,-4.500978693979924,-0.8194559081106962,0.0,-0.36040386381319633,-3.607594538652262,-0.6366022962444223,0.0
0.0,0.0,0.0,0.0,0.1961336120410615,-0.16888002700927446,-0.1284970957278246,0.0,0.41937572463031453,-0.7064026665412112,-0.2548880404902835,0.0,0.3211409414059372,-1.8282129936716613,-0.5245394625757582,0.0,-0.14638418810645867,-2.731778983602793,-0.7832162802457134,0.0,0.908619181874407,-2.870128621948961,-0.29283686307088963,0.0,1.1022097619278235,-4.4312432059601985,-0.5677745426486761,0.0,0.6578820416514692,-3.239283838450319,-0.4800079891420881,0.0,0.4410144827774802,-2.6296682911768205,-0.41339996199447554,0.0,0.6229028199141139,-4.672186577877756,-0.4594413159849498,0.0,0.6180579983351805,-5.248938131401619,-0.5881328661537832,0.0,0.3149351480713769,-3.0833610527537303,-0.40392892701490635,0.0,0.22079232691571804,-2.4507855376141245,-0.34158012091301015,0.0,-0.07288755874142372,-3.5627076529299484,-0.43542282449116876,0.0,-0.0502498670296146,-6.598646468189822,-0.8784047876347353,0.0,0.008823590234639718,-3.572302522488691,-0.53502544355824,0.0,0.01695034068066579,-2.743260462407199,-0.4268082556784111,0.0,-0.392381931737147,-1.9078921950950125,-0.337852294553753,0.0,-0.64542850520329,-4.212633632185122,-0.7881797074984248,0.0,-0.5608739950689259,-4.501202329702073,-0.8306191742006578,0.0,-0.38144934556501575,-3.629862895384056,-0.644163571552933,0.0
0.0,0.0,0.0,0.0,0.18889197001313998,-0.1802293329918346,-0.12780747383945465,0.0,0.4153577163816626,-0.7187224014759644,-0.25556768667207047,0.0,0.30838455446749646,-1.8175488160100886,-0.5255027216193192,0.0,-0.1721919140929548,-2.711168026122274,-0.7899322952947381,0.0,0.8988788439855238,-2.8669436029895277,-0.28788918753958154,0.0,1.0831354930635095,-4.398625332447012,-0.5675456548861821,0.0,0.6515288365676072,-3.2320702226876,-0.4871003064213089,0.0,0.43645468329755155,-2.617680615915056,-0.41941964936261095,0.0,0.6117155244486417,-4.7169867000594,-0.4713932539076921,0.0,0.5782779935171447,-5.241131302540761,-0.6010941573510694,0.0,0.29386454792971567,-3.09279948263134,-0.4157011250791725,0.0,0.20604830040949954,-2.4569873393853503,-0.3515170371050911,0.0,-0.0862242892615584,-3.5927385940721592,-0.456883792716453,0.0,-0.1014287122098727,-6.683542335891667,-0.9298358478351358,0.0,-0.015056927342384544,-3.589849052714048,-0.555112471042341,0.0,0.003819124751731802,-2.746672164393863,-0.43754370354912087,0.0,-0.39993233595410393,-1.9108305866280075,-0.3564459477846848,0.0,-0.6693963658274362,-4.211532759799182,-0.8227621944440904,0.0,-0.585054131057653,-4.471433630113478,-0.8523769238932064,0.0,-0.40267292442654123,-3.642756305334918,-0.6633177787864413,0.0
0.0,0.0,0.0,0.0,0.19897368552737743,-0.17229756130225382,-0.13392282396369878,0.0,0.41891508169181163,-0.6694248416361007,-0.2678042898395929,0.0,0.27820390740801815,-1.6398156834607862,-0.5402231850656223,0.0,-0.17036605400291632,-2.490596317113846,-0.8208974597359349,0.0,0.8947842729933635,-2.7964060535089925,-0.3235185839098851,0.0,1.080281634582735,-4.318254373723626,-0.6208541777462927,0.0,0.6517760100107178,-3.1795937624827775,-0.5233413705794049,0.0,0.43902842612645593,-2.577899099058008,-0.4457332579424964,0.0,0.5871854927119238,-4.482886678119878,-0.510707015411899,0.0,0.5952255560158015,-5.1964227552658455,-0.6675933575063179,0.0,0.29954660882788514,-3.050513363149791,-0.45077775454816726,0.0,0.2075027276973607,-2.407430374165718,-0.37379267304775465,0.0,-0.09175112528864805,-3.450069964870613,-0.4871001862485701,0.0,-0.0795614164523192,-6.5743798724932985,-0.9956328640014148,0.0,-0.012592804060376533,-3.5414959362527654,-0.5888947227470362,0.0,0.0012241100264202339,-2.695741509597452,-0.4576185812175333,0.0,-0.40294238179583836,-1.859417733960032,-0.37630657315699695,0.0,-0.6647004326665276,-4.0895551804645045,-0.859338175139178,0.0,-0.588447218281235,-4.417898733962335,-0.9052588750562265,0.0,-0.3990486455857419,-3.57351968924702,-0.695823088940226,0.0
0.0,0.0,0.0,0.0,0.18851036855141998,-0.1787272960148619,-0.12908386402003102,0.0,0.40419855212447897,-0.6932354648866845,-0.26006482519722607,0.0,0.2699731859083756,-1.7229348223354792,-0.5339351243278497,0.0,-0.20118355806619437,-2.5855607513283325,-0.8141184333250517,0.0,0.8690754472085709,-2.8012591041598442,-0.3141029128291359,0.0,1.0326234582929437,-4.332068480250781,-0.6123952977868542,0.0,0.6190400993299942,-3.178845887252524,-0.5178153277111425,0.0,0.41620477152100466,-2.5792502869441583,-0.4421541219052603,0.0,0.5562913554796987,-4.552716251851937,-0.5152321525051883,0.0,0.528573883009709,-5.233817454583949,-0.6700398802392187,0.0,0.2615984427056357,-3.0550641267115752,-0.45041626198407386,0.0,0.18164788224338438,-2.422346165254246,-0.3759354580777324,0.0,-0.12284824543876767,-3.4616923584500703,-0.4950828110087381,0.0,-0.18554275127344605,-6.6466666597936985,-1.0180617398112182,0.0,-0.06294971324556513,-3.5564270152096795,-0.5962117111170334,0.0,-0.03327494738296807,-2.7200400661002444,-0.4652447584747667,0.0,-0.4183477721655521,-1.8363711314688604,-0.3812402239961199,0.0,-0.7114405380143448,-4.107369206963639,-0.8740922309789066,0.0,-0.6306376384072939,-4.423767991960631,-0.9110163575939615,0.0,-0.43132939924468167,-3.6167655704890818,-0.70632381390197,0.0
0.0,0.0,0.0,0.0,0.1958771446609408,-0.1723985068172681,-0.13098880347693637,0.0,0.39690558544898497,-0.6537797317589856,-0.2680079802032688,0.0,0.2192689705055467,-1.526492521310253,-0.5351931499066813,0.0,-0.21972399356466027,-2.235854509430934,-0.8068565087060576,0.0,0.8346668551682196,-2.860451613263237,-0.38194005207744397,0.0,0.9715357181528407,-4.262555337024187,-0.6879271629782587,0.0,0.5804661536902408,-3.1302868850045478,-0.5668435425352255,0.0,0.3843384999781651,-2.548883110069501,-0.47864697950920515,0.0,0.4737195329963416,-4.541150530279988,-0.6235011692393979,0.0,0.4848460366117522,-5.067166272994259,-0.7512283955992659,0.0,0.2433382262895273,-3.004753013574124,-0.4956799383841588,0.0,0.16261947379058472,-2.383431113943735,-0.4057261707589896,0.0,-0.18729553569468887,-3.330047101200549,-0.5715931099178504,0.0,-0.2343183618442268,-6.563490756918451,-1.148751006641019,0.0,-0.09317071931922895,-3.4962525474810002,-0.6507029799589615,0.0,-0.06277901563056745,-2.663865715170581,-0.4972485844862792,0.0,-0.44603589990287784,-1.7278686781344297,-0.42470769888474175,0.0,-0.7581710917303508,-3.8827098469271717,-0.9432880177319748,0.0,-0.6942988263851443,-4.271475106367882,-0.9856078140694945,0.0,-0.4835065815096264,-3.4662460117663683,-0.7463048979979968,0.0
0.0,0.0,0.0,0.0,0.19202977901127113,-0.1778506746899498,-0.13306692135700093,0.0,0.3984834940363004,-0.6620147131958258,-0.27068214520473943,0.0,0.235034298027105,-1.5665290048212375,-0.545977990731381,0.0,-0.2131452568398585,-2.3310847704494293,-0.836480642043655,0.0,0.8242789215739806,-2.7975907937346283,-0.36407190566250625,0.0,0.9520954672837803,-4.243153688532781,-0.6776664937828283,0.0,0.5668238950493684,-3.112583761662419,-0.5634212363438159,0.0,0.3754960615732964,-2.531447209649459,-0.47693200983713785,0.0,0.4623175420288167,-4.51307982422242,-0.6017057301417686,0.0,0.4371490754416516,-5.1328591652421975,-0.753198256280218,0.0,0.2145690038036434,-3.0200051796003535,-0.49964148530423724,0.0,0.14325766905166207,-2.3912665288653767,-0.4107538526486986,0.0,-0.19983538718238902,-3.34101012058257,-0.5587349383135211,0.0,-0.31245774508753443,-6.589308127417161,-1.1453014922982083,0.0,-0.12476678701977545,-3.5341378100271417,-0.6571620663028305,0.0,-0.07739956062324449,-2.6878458478386555,-0.5024505239965744,0.0,-0.45592140469756054,-1.7499809309366396,-0.420780451978713,0.0,-0.7833892097188626,-3.8889374235386662,-0.9297134414414727,0.0,-0.7170798324519843,-4.256396727709395,-0.9713670217096155,0.0,-0.5024746350542412,-3.5049870104326004,-0.7498868663788993,0.0
0.0,0.0,0.0,0.0,0.19682465961537376,-0.16588535895298517,-0.1379010837702613,0.0,0.3948186285749095,-0.6296527792773196,-0.27962324368558206,0.0,0.1783647370972069,-1.4339744119224527,-0.5462753769023102,0.0,-0.2686134903948376,-2.0066168206800277,-0.7890091978092142,0.0,0.8244221137622679,-2.788026555636654,-0.38441394829167463,0.0,0.966479847250046,-4.1816456584447375,-0.6992438275390762,0.0,0.5905763695758386,-3.1130416459320127,-0.5881648128491058,0.0,0.39733059549794725,-2.535754658063288,-0.4987550815897807,0.0,0.46293579752977937,-4.582258983787404,-0.6350734601390505,0.0,0.4495752671758456,-4.987770947348982,-0.7544132078593785,0.0,0.2245147701325229,-2.9873940750060317,-0.5121299544224137,0.0,0.14986298343589582,-2.3641114909359966,-0.42134539528632997,0.0,-0.21503524721935213,-3.405238986103016,-0.5815598950960563,0.0,-0.27111892018704264,-6.323884730490553,-1.1242132617258247,0.0,-0.11029735478087502,-3.434475009635071,-0.6627787173975913,0.0,-0.06918768102044244,-2.6198500359120795,-0.5114115279302149,0.0,-0.4682293186558191,-1.7488704679738063,-0.4247933070924032,0.0,-0.7897615959064821,-3.8195404826660693,-0.935096973339226,0.0,-0.7276970645587372,-4.178239056739177,-0.9884599709479174,0.0,-0.5136483680364268,-3.4475436439653686,-0.7690975908575519,0.0
0.0,0.0,0.0,0.0,0.1925442570763504,-0.17395022664385543,-0.13793271602650156,0.0,0.39589560331826024,-0.6504255024834248,-0.2834784209953864,0.0,0.19270093717883582,-1.502868783066924,-0.5677573822689105,0.0,-0.2752802216425813,-2.1792773616676495,-0.8511384200654014,0.0,0.8064503238096901,-2.6971887320562793,-0.38970508123166536,0.0,0.9445850619898831,-4.1397084379496905,-0.7225251018823206,0.0,0.5708460659953777,-3.081571957175706,-0.602678894436197,0.0,0.37978481423376265,-2.5118696130510214,-0.5085076783049621,0.0,0.4333862620383042,-4.3999453909415465,-0.6522070264542151,0.0,0.4137404364333852,-5.058331725392761,-0.8173927878775273,0.0,0.20163892150585963,-2.9831354158008048,-0.5384918153499383,0.0,0.1338338839603518,-2.3590758137289427,-0.43953164547335477,0.0,-0.23181920548855403,-3.254667373463196,-0.6021454173254918,0.0,-0.36356461538286416,-6.4768273464982276,-1.2421863421241492,0.0,-0.14575539555712053,-3.4773507958510423,-0.7091811421397961,0.0,-0.08910677040397773,-2.6394010565555504,-0.5382398683618169,0.0,-0.476220253696713,-1.6902792043514492,-0.4468824558130918,0.0,-0.8066421242031224,-3.749717891443578,-0.9849115638992686,0.0,-0.7478710918054384,-4.148237794315644,-1.0400759697250668,0.0,-0.5262224521166915,-3.4201754561042037,-0.8030543355464561,0.0
0.0,0.0,0.0,0.0,0.19910585609675274,-0.15999754572537556,-0.147322862696061,0.0,0.3953411219099832,-0.6206722619279543,-0.2999883125574063,0.0,0.16978299454764906,-1.4382960581327486,-0.5927987928968623,0.0,-0.2910399345853992,-2.048481750243548,-0.8672284883620874,0.0,0.8043840902976276,-2.6684677797547103,-0.4167880365098698,0.0,0.9471757866483953,-4.147200526002231,-0.7665069557351545,0.0,0.5611932684935277,-3.0871920993441573,-0.6333054089682719,0.0,0.3658433871502264,-2.5109334962978864,-0.5312339653419804,0.0,0.435274888522884,-4.358289093254395,-0.6721566906855808,0.0,0.4231299330770978,-5.00698860712402,-0.8344381708001755,0.0,0.20259308587920907,-2.9706825065769955,-0.5538016621601969,0.0,0.1319702610946624,-2.345726849920014,-0.4509379643209552,0.0,-0.23234068867105565,-3.293423967192583,-0.6133103376291903,0.0,-0.3341545929595523,-6.4354139686852125,-1.2412688522199984,0.0,-0.1427836059306914,-3.447417947749745,-0.716526166045092,0.0,-0.09324797208169443,-2.6189547255302865,-0.5483626947243266,0.0,-0.48495365459117507,-1.7146618723593714,-0.4466023033982991,0.0,-0.8193117870939179,-3.760084558171994,-0.980370378179312,0.0,-0.7565674735744985,-4.127303313633961,-1.0408342777849613,0.0,-0.5334333765161221,-3.411848361349648,-0.812082639596403,0.0
0.0,0.0,0.0,0.0,0.19295687932569933,-0.16200895939861387,-0.14445667835157663,0.0,0.3914972835326892,-0.6363392256343999,-0.29372360280165255,0.0,0.18020132568817243,-1.4927226968916383,-0.585707725860478,0.0,-0.2968368802632124,-2.149779705640947,-0.8662147342240247,0.0,0.803656607303893,-2.7151782354637435,-0.3956309588030051,0.0,0.9227503263986736,-4.141612362697848,-0.7290320490762502,0.0,0.5452536882760497,-3.08377072704001,-0.6080023734822937,0.0,0.3548793563868901,-2.511571220883774,-0.5138182562040652,0.0,0.4359130344018717,-4.503226628481796,-0.6526332928514706,0.0,0.3874363216564152,-5.032357214843966,-0.8049166418853837,0.0,0.18183841949090193,-2.9840281762546805,-0.5373921361396627,0.0,0.11693602470907274,-2.3598372304081265,-0.44041183613545387,0.0,-0.2433172757106463,-3.3637501426351673,-0.59841268503925,0.0,-0.39303431606978984,-6.502264838703942,-1.2232407526361766,0.0,-0.16827560104802652,-3.4959035536347,-0.709291065556426,0.0,-0.10791704383096254,-2.648952104753966,-0.541658575129823,0.0,-0.49141197334669623,-1.7343158629066324,-0.43786258877529405,0.0,-0.8317651454232748,-3.7703905755953016,-0.967532660842925,0.0,-0.7766766015681147,-4.169427087903774,-1.0378237963668657,0.0,-0.5482166053705659,-3.4610601219436847,-0.8140387059246691,0.0
0.0,0.0,0.0,0.0,0.19312028908512405,-0.16326238625146597,-0.14743580030557105,0.0,0.39337832077019785,-0.6419101733505154,-0.2985195812673993,0.0,0.18478799661601614,-1.5138063103414492,-0.5951578206997944,0.0,-0.29497022506647713,-2.160240841059014,-0.8740458718309128,0.0,0.8046098645628246,-2.750778638783152,-0.4057097508017137,0.0,0.9113114776967912,-4.173004395227273,-0.7393768097883693,0.0,0.5357937405392681,-3.0939745738813214,-0.6144329800613687,0.0,0.34749178792653673,-2.5136898019722786,-0.5179283867811558,0.0,0.4308423996498797,-4.547955901855463,-0.6586048515266455,0.0,0.3738286408742415,-5.052314446199778,-0.8039180465564164,0.0,0.17344680736550022,-2.9989147506150027,-0.5381718389008076,0.0,0.1103988117285212,-2.366688646600102,-0.44022938006904455,0.0,-0.24414465140652755,-3.3712315911280757,-0.5929010428976526,0.0,-0.407122015459398,-6.577852100205353,-1.2259067698509487,0.0,-0.18024731839652988,-3.506963298307219,-0.7046829974484834,0.0,-0.11998065613554804,-2.650956173468771,-0.5361697154088766,0.0,-0.4879489704833989,-1.7323558062782336,-0.43053308522908695,0.0,-0.8402767973316427,-3.804647246631904,-0.9607565931313022,0.0,-0.7850796834620275,-4.189548342187409,-1.024759989925861,0.0,-0.5562472714373985,-3.4588516147476627,-0.7982998884964135,0.0
0.0,0.0,0.0,0.0,0.19330683647280317,-0.1627724638711319,-0.14631212076063307,0.0,0.39557073972263607,-0.6462971840113206,-0.2957271229596091,0.0,0.19050361997893892,-1.5308547584317436,-0.5906981629084743,0.0,-0.2932975190915547,-2.1931663111112036,-0.8693509095306309,0.0,0.8063958133363743,-2.734945970935588,-0.3932621817539946,0.0,0.9209579622017224,-4.1872291676241025,-0.7278272049967711,0.0,0.5413077608646816,-3.110761927907989,-0.6083435701677253,0.0,0.35004795056974525,-2.523902978054889,-0.5137157336575959,0.0,0.4382544321111532,-4.516794111269323,-0.6421256567044166,0.0,0.37820998946031387,-5.045841223484192,-0.7908213339583318,0.0,0.17493107845559897,-2.9952212023389886,-0.5328844725568506,0.0,0.11107351494892612,-2.3610154676068396,-0.43692347901894857,0.0,-0.2354838965557832,-3.3617531854596527,-0.5853569103051848,0.0,-0.39790016908678133,-6.590340471086906,-1.2224156286164585,0.0,-0.1724344053753741,-3.5069252362518393,-0.7052292292834467,0.0,-0.11333099812339352,-2.648610326852014,-0.5377832744623242,0.0,-0.48320849795296006,-1.7308848937286005,-0.4284784297580986,0.0,-0.8322107012393402,-3.81571870655992,-0.9630859775664096,0.0,-0.7762026751988872,-4.202373361053643,-1.0307669402275972,0.0,-0.5485909030804921,-3.4582848008773603,-0.8028624146882986,0.0
0.0,0.0,0.0,0.0,0.1880276121583066,-0.16320973414535392,-0.1401205668543039,0.0,0.3954835797490662,-0.6598437809207199,-0.28187383565553653,0.0,0.2233621480110354,-1.6115540218329678,-0.5709989031008316,0.0,-0.26554589491400604,-2.3708736426740487,-0.8610502218744953,0.0,0.8134193047578795,-2.778594249584696,-0.376621802054584,0.0,0.9133435161442657,-4.204428363220879,-0.6899072386942048,0.0,0.5324823655491333,-3.0991697286632083,-0.5730245177025075,0.0,0.34450569832708716,-2.520726780481475,-0.4860123496954002,0.0,0.4539138759890753,-4.538310670964946,-0.6064344963054868,0.0,0.39572356013089066,-5.155724019010402,-0.7681734464310148,0.0,0.17959878567852167,-3.0203641222805273,-0.5109953594886932,0.0,0.11302708851386035,-2.3853225024523774,-0.4210285238792829,0.0,-0.21454651292489066,-3.3604428204814134,-0.5504124565668448,0.0,-0.3906895278374826,-6.700251387790902,-1.178372747976174,0.0,-0.17443595879852344,-3.5232829075322827,-0.675287128842713,0.0,-0.11812212176814624,-2.66716817261947,-0.5186071247201839,0.0,-0.46800641137874405,-1.7409059668751272,-0.4056051849798979,0.0,-0.8186986923635758,-3.8525560709335416,-0.9313952180224934,0.0,-0.7684736614426224,-4.223629762422058,-1.0005680488641306,0.0,-0.5485669816112874,-3.476932535406575,-0.7837448279409212,0.0
0.0,0.0,0.0,0.0,0.19188777201860727,-0.16292469824431086,-0.14516871165008402,0.0,0.4011967940142741,-0.657632136049651,-0.29147633654275745,0.0,0.22059504489489004,-1.582823142676439,-0.5846843767242356,0.0,-0.26588920266507865,-2.302145821879191,-0.8693064083784575,0.0,0.8152818143287651,-2.787985680399154,-0.3798327383155895,0.0,0.9240002331009005,-4.20491813916377,-0.692977490232505,0.0,0.5403261815290872,-3.1154595206558335,-0.5794873516470082,0.0,0.35042206623289135,-2.5333006439106422,-0.49222365495675063,0.0,0.4458440955716973,-4.557737289600229,-0.6066341756040208,0.0,0.39424811321201564,-5.088150625322069,-0.7512342633206551,0.0,0.18339500085518923,-3.013552763068202,-0.510890260467474,0.0,0.11847061765649519,-2.3814021568979853,-0.42374902404485554,0.0,-0.22272165751157283,-3.372898704693469,-0.5475942677542499,0.0,-0.3654529123677286,-6.599543549495606,-1.15032641391574,0.0,-0.15859275295983846,-3.514259234718973,-0.6762076643393468,0.0,-0.10434826745390798,-2.666753629296225,-0.524816848037336,0.0,-0.4699886209567503,-1.747847842648365,-0.403726505835681,0.0,-0.8141886499583367,-3.853175103403607,-0.9219510321408223,0.0,-0.7635201233132346,-4.242525494537006,-0.9998577007879736,0.0,-0.5429723502307683,-3.4924412551211144,-0.7874476207259719,0.0
0.0,0.0,0.0,0.0,0.18840520642127262,-0.17270319468774373,-0.13993649886641973,0.0,0.4054249650738559,-0.6760729401667865,-0.28141589518703686,0.0,0.24633886880602535,-1.650092696537215,-0.5716074524026674,0.0,-0.24253362480387394,-2.4156345080475736,-0.8607140968890522,0.0,0.8390359846549165,-2.8490101256310005,-0.367360281879993,0.0,0.9356738133879335,-4.218340807815744,-0.666384803357417,0.0,0.5534729593710889,-3.105117613351112,-0.5573637628292128,0.0,0.3633334597616979,-2.5265993783644918,-0.4745463372096026,0.0,0.47977075466118074,-4.531838716718801,-0.5814056741863508,0.0,0.4395758439720327,-5.160762977036758,-0.7427707586086792,0.0,0.2087099221782635,-3.0285045299197138,-0.4996567644088273,0.0,0.13743874798559708,-2.3931028163999333,-0.4144776638744393,0.0,-0.1871596822310085,-3.2945337444466376,-0.5245414896115879,0.0,-0.3362013839973164,-6.861627737966202,-1.185882477440455,0.0,-0.1438133414077824,-3.5600316136898558,-0.6750776753545521,0.0,-0.09625084999107818,-2.6936485127590712,-0.5202206851534569,0.0,-0.44927009087811687,-1.7176763085551863,-0.3919723142925563,0.0,-0.7861428118616461,-3.8704191411520044,-0.9195542678199379,0.0,-0.7318545432684896,-4.231350912054217,-0.9851202161237491,0.0,-0.5191120265799775,-3.4671964998931215,-0.7686062855704164,0.0
0.0,0.0,0.0,0.0,0.19244553078473556,-0.17375672234289236,-0.13731206899153242,0.0,0.40798111708674245,-0.6727664217614199,-0.2779633420273682,0.0,0.26424666900074195,-1.64805843513074,-0.5689764073832803,0.0,-0.20818326263756914,-2.4598498921206997,-0.8723762067899357,0.0,0.8451771824430103,-2.8357988947128283,-0.36426057289804226,0.0,0.9574709219713267,-4.259429566234777,-0.6728520572854303,0.0,0.5619649023592452,-3.1265183300686235,-0.5598630801310681,0.0,0.3678420092427822,-2.543167489870016,-0.47565088530967686,0.0,0.4940749581213489,-4.548259486246625,-0.5889025235951904,0.0,0.45125853644116176,-5.135149084129492,-0.741483831872332,0.0,0.2145013617674385,-3.023342825281842,-0.49595120941861087,0.0,0.13996043657272894,-2.3960428352651975,-0.4102727040272355,0.0,-0.17388664529885872,-3.3398729895981654,-0.540811939852462,0.0,-0.2915892220125671,-6.749607074222187,-1.1649398623619154,0.0,-0.11984019926169678,-3.555498828246269,-0.6662552036006437,0.0,-0.07816683606682845,-2.6964722822433753,-0.5119596358595454,0.0,-0.43915341594356405,-1.7453728234594226,-0.4067853304918219,0.0,-0.7605737055893141,-3.9095881340313086,-0.9350384178900747,0.0,-0.7072673678723057,-4.322220332861918,-1.0033755232930928,0.0,-0.4960619640614871,-3.5310798566230606,-0.7756854609632213,0.0
0.0,0.0,0.0,0.0,0.1870862279222279,-0.16479101946921865,-0.13612787702302523,0.0,0.41357825523725195,-0.6702170604879578,-0.2719513336159791,0.0,0.3220234267543683,-1.7277466958530205,-0.562044099225731,0.0,-0.14859038883033895,-2.6799944272305543,-0.8807058897459659,0.0,0.8983584860393513,-2.8637964261672297,-0.3412452329526121,0.0,1.029602458339497,-4.314452559732353,-0.6363753402441341,0.0,0.60959173192118,-3.156614980461501,-0.5341200438305831,0.0,0.4026086814882514,-2.56378334856315,-0.4568837306246751,0.0,0.5904471880098477,-4.6041866986030815,-0.5362128078237703,0.0,0.5490316872799181,-5.194713037515256,-0.6887279865127389,0.0,0.26757004313693655,-3.0601386479329142,-0.46941016359570514,0.0,0.17865112794258184,-2.42544475889188,-0.39244952775920333,0.0,-0.09860481010363392,-3.4187406035719206,-0.49127473137835814,0.0,-0.15016184773815083,-6.858689372403414,-1.0837932368381205,0.0,-0.05449067593415666,-3.576425291375443,-0.6242498049879094,0.0,-0.03633144243948776,-2.7168247717235134,-0.48519124685167336,0.0,-0.4041836212746678,-1.8001189356039202,-0.37042536830637185,0.0,-0.6961988515140685,-4.042491564435584,-0.8845455115354577,0.0,-0.632168864754206,-4.333332888362345,-0.9343266676182366,0.0,-0.446387862222445,-3.5229832155059184,-0.7253283462503981,0.0
0.0,0.0,0.0,0.0,0.19105746959983344,-0.1761490720823184,-0.12645773268815538,0.0,0.421954469515885,-0.6941251138116621,-0.2549041082548181,0.0,0.31642093804156185,-1.71880053575819,-0.5233928265890658,0.0,-0.15213588631279404,-2.50894837986913,-0.7906603533725961,0.0,0.8911365556187423,-2.8686541073711065,-0.31928524975071265,0.0,1.0362421613481183,-4.328499907539008,-0.605401966601683,0.0,0.6171210891434309,-3.182859051224494,-0.5122193150176211,0.0,0.40789736167162577,-2.587453165074622,-0.43912223034739456,0.0,0.5812556562455469,-4.643927309126133,-0.5315298442307698,0.0,0.5458822197211881,-5.183098231326597,-0.6675957762124504,0.0,0.2708576372578395,-3.0501650073381437,-0.4523268242321896,0.0,0.1831270802117569,-2.4206287786369045,-0.3778466554725028,0.0,-0.10510592726212183,-3.455718129688873,-0.505821527996145,0.0,-0.1548080012890273,-6.7042986610662085,-1.047486330111094,0.0,-0.052679355928781195,-3.5589721823039606,-0.6105978314320323,0.0,-0.03307077561182455,-2.710052204120054,-0.4748554019959651,0.0,-0.4014558706597054,-1.8151357277638822,-0.38783650188221713,0.0,-0.6846185882433873,-4.095496120883796,-0.8988166590936661,0.0,-0.6171810267693437,-4.4072843849464824,-0.9385242017363711,0.0,-0.431849201661811,-3.554650381063584,-0.7186771185625657,0.0
0.0,0.0,0.0,0.0,0.19196595265249908,-0.17089451622524873,-0.1258270017720593,0.0,0.4318911308348526,-0.7094236425469947,-0.247404608975983,0.0,0.3609815175412919,-1.8268822356388095,-0.5070479428094151,0.0,-0.10621790621273933,-2.7365333258564633,-0.7659431229919331,0.0,0.9482122926678069,-2.9354502256249018,-0.27685498419833515,0.0,1.1079842877567554,-4.421796894524232,-0.5478528506380352,0.0,0.6609762744874966,-3.2271300240820535,-0.4733311442964239,0.0,0.44139446636216306,-2.6115576367637283,-0.4101033505803699,0.0,0.6748302423579209,-4.769728341681594,-0.4478984180462296,0.0,0.633571535042203,-5.280908664675032,-0.5871062178592936,0.0,0.31917363827595807,-3.0936535137362715,-0.40922612630578903,0.0,0.2220708016608542,-2.452622382065952,-0.3471416863141992,0.0,-0.037710100075919815,-3.579813502815602,-0.43188338442409147,0.0,-0.030211438272851106,-6.797278676442637,-0.9222141129503293,0.0,0.008760285107659605,-3.6040377944934554,-0.5508751256256412,0.0,0.011609377400041762,-2.7530986367778927,-0.4352956750055301,0.0,-0.37224482824880645,-1.9020730181314611,-0.3393914246668606,0.0,-0.6245175435132592,-4.243585261835922,-0.8099536859580428,0.0,-0.5461452493656734,-4.475496697551248,-0.842201230476664,0.0,-0.37917476138826844,-3.630073481566577,-0.6551192676774796,0.0
0.0,0.0,0.0,0.0,0.19280829357760532,-0.1761723332575875,-0.12271616562704932,0.0,0.43167252172925696,-0.7204392520722608,-0.24360417139701213,0.0,0.35126356680209336,-1.8306694988591172,-0.5011281048054905,0.0,-0.1225132418967234,-2.682305060450406,-0.748262746073194,0.0,0.9368720242331567,-2.9455937321483106,-0.2695971426955842,0.0,1.1069334437091312,-4.422302624152206,-0.5326147088803876,0.0,0.6666187591798808,-3.2350277120636686,-0.46081465106974967,0.0,0.4492021394551865,-2.622645675127216,-0.4006315112194092,0.0,0.6555169136367246,-4.772363948007112,-0.4466903311548921,0.0,0.6315210686307805,-5.282577832797074,-0.5813334257188519,0.0,0.32136039147202494,-3.090786100143845,-0.40503542990945096,0.0,0.22510684051412477,-2.4504444575266113,-0.34418483410845074,0.0,-0.04873227910758826,-3.571733802609132,-0.437963893392924,0.0,-0.03604891600460483,-6.744056891271527,-0.9171406557995376,0.0,0.013902515162315584,-3.5952632153248927,-0.5534882912900962,0.0,0.01981999498789042,-2.7467086551751083,-0.43927402488669154,0.0,-0.37192473854818925,-1.8972787585321254,-0.34745024802812513,0.0,-0.6209009285975173,-4.237079768549259,-0.8196012331203745,0.0,-0.538473551685088,-4.509541848275225,-0.8608945298326699,0.0,-0.36518545175340406,-3.641493174470283,-0.6689785989639623,0.0
0.0,0.0,0.0,0.0,0.19345107915126378,-0.16987071724174407,-0.12280022665089786,0.0,0.44457075242738303,-0.7152332310159981,-0.23996901958381545,0.0,0.39962639613044365,-1.8976708276594214,-0.4973813675329404,0.0,-0.07353840958811934,-2.738654811288182,-0.7264785395752719,0.0,0.9773519964362426,-2.9095711962885296,-0.2516267042003397,0.0,1.1874840050944335,-4.479991830633246,-0.5134699176035147,0.0,0.7198574066020882,-3.266572982650813,-0.44815231196371963,0.0,0.4883464749052507,-2.6435035050433964,-0.3912982954146999,0.0,0.7385915503699376,-4.765169763222195,-0.4091788511047318,0.0,0.7181359729627567,-5.3179667060191536,-0.5427464977498612,0.0,0.36714268291626945,-3.118609062835304,-0.3847776023309004,0.0,0.2576500553740338,-2.4754967597332835,-0.33005363054089415,0.0,0.020073101149582006,-3.649072228754648,-0.4067490195802765,0.0,0.07798459490950692,-6.83348956805479,-0.8579756300070818,0.0,0.06659576990055532,-3.6087957796764134,-0.5172436858366143,0.0,0.054282623936478175,-2.7628382183867153,-0.4136781266205594,0.0,-0.3443023643268642,-1.9704064658237566,-0.327309500045223,0.0,-0.5621436550879251,-4.38244922986168,-0.7719855372127207,0.0,-0.46338814951334895,-4.486281451741727,-0.7797098680972488,0.0,-0.3112035020419308,-3.6027445822000903,-0.6035781783041727,0.0
0.0,0.0,0.0,0.0,0.19368164653594705,-0.17817505861549474,-0.12446499907290003,0.0,0.4400170951842312,-0.7089552872762346,-0.24391283619190124,0.0,0.40381118614311107,-1.8931895261113274,-0.5092123238479086,0.0,-0.0564580293643334,-2.8019368465886147,-0.7604227750559255,0.0,0.970711203310783,-2.9030199762885625,-0.2708852231331458,0.0,1.210143737566393,-4.5303261490916515,-0.5345469512434646,0.0,0.7298285339309021,-3.2921381889245502,-0.45850411209460085,0.0,0.4909890677823386,-2.6513514433557304,-0.39607229784628906,0.0,0.7398169067019604,-4.716033606021884,-0.4308277325145307,0.0,0.7494233032720644,-5.3431387115910205,-0.5539049582572826,0.0,0.3809816534547663,-3.1141970814942734,-0.38672204439664837,0.0,0.26447625359343935,-2.4601472422488766,-0.32995991316734563,0.0,0.03793245621935622,-3.6444686527884578,-0.42083699815839726,0.0,0.11156302783286799,-6.877097540375431,-0.8666502598457337,0.0,0.08619194144469079,-3.6108498932397266,-0.5196254876328762,0.0,0.0687570651077478,-2.7591829905479175,-0.4167934214619504,0.0,-0.3280414002529357,-1.982456748352659,-0.334289222158233,0.0,-0.5432426303788291,-4.439373892002254,-0.7792921803430034,0.0,-0.43842620947376865,-4.540444423745062,-0.7863853339060125,0.0,-0.2892766495752674,-3.6531201097658736,-0.6133500926418508,0.0
0.0,0.0,0.0,0.0,0.20229807087743024,-0.17067288830239213,-0.1275011095719345,0.0,0.46644571086962644,-0.721096467851253,-0.24605716771875277,0.0,0.4776352157148268,-2.051758093545325,-0.5229629469264155,0.0,-0.01225031559151489,-3.000423116922191,-0.7586132118376477,0.0,1.011153918985277,-2.835941249332052,-0.25412277608984735,0.0,1.320725263342157,-4.595894351495589,-0.5197533668710927,0.0,0.8016506768554192,-3.32156293228849,-0.4479472310225843,0.0,0.5447033626765956,-2.6629780469193833,-0.3881165544629369,0.0,0.8225431816305931,-4.679915031353043,-0.38764482072076106,0.0,0.846426791684114,-5.352646443844325,-0.5059625840189588,0.0,0.4412871720726119,-3.1351505606949526,-0.36248481649305264,0.0,0.3136137642915881,-2.4830745506308514,-0.31407783021246305,0.0,0.11093051514946539,-3.672122475519332,-0.37533601719472626,0.0,0.25139936322272854,-6.812064206521756,-0.7781168570919642,0.0,0.16258798207781786,-3.6263712498926557,-0.48396064682828405,0.0,0.12448476565395278,-2.781434754772484,-0.394735622820218,0.0,-0.28899283708265927,-2.0181208363869927,-0.3005775791155181,0.0,-0.4487907778340964,-4.557464791336386,-0.7257483722328117,0.0,-0.34411838783703697,-4.578342275971449,-0.7276975069952175,0.0,-0.2245834992909009,-3.639260400672732,-0.5655280057269452,0.0
0.0,0.0,0.0,0.0,0.20240460197032673,-0.18145290772981768,-0.1216097051203345,0.0,0.46127191682630425,-0.7142600739316743,-0.23330735566969496,0.0,0.48258374033015156,-2.0209267630721213,-0.49552351939847544,0.0,0.011966820028046448,-2.983912419152245,-0.7314362678275372,0.0,1.01293613358031,-2.833529013973259,-0.252183995980636,0.0,1.3148347910855769,-4.587883586782838,-0.5014131415983842,0.0,0.7964704780460127,-3.3258768895648814,-0.43151965569914497,0.0,0.5375120012326734,-2.669563424246596,-0.3743686296853408,0.0,0.831070067464093,-4.686873714506706,-0.40030095015939304,0.0,0.858799524442376,-5.3411922146892445,-0.49784179278410157,0.0,0.4464291231981274,-3.1315564216920726,-0.3565042527136868,0.0,0.31415075896183875,-2.4739584688757668,-0.3088549904552405,0.0,0.11634129192290195,-3.6396298455872556,-0.38982221433496633,0.0,0.2716653963854862,-6.930618836082423,-0.8006760164266887,0.0,0.1696512806590535,-3.6400618657754515,-0.48996275228253444,0.0,0.1261562944173127,-2.7804493544722515,-0.39809905472553897,0.0,-0.2785088083050874,-1.9830286237696724,-0.31029453928831613,0.0,-0.43118299605125676,-4.626622960694413,-0.7526253236057543,0.0,-0.32187361083100136,-4.613385536971991,-0.7430556996967561,0.0,-0.20763460372332915,-3.6501477888923057,-0.573736079321794,0.0
0.0,0.0,0.0,0.0,0.20423106610571376,-0.17506116010872316,-0.12039479183048483,0.0,0.48156593264882125,-0.7409318769743852,-0.23166244568562758,0.0,0.5244258977705426,-2.1351572856022463,-0.49764006654981857,0.0,0.03325063172151532,-3.1995049119247714,-0.7342750680322727,0.0,1.0394713803748057,-2.8012406181114513,-0.22286795717316202,0.0,1.382430006920556,-4.59588744268653,-0.47235151683021115,0.0,0.842827710115228,-3.3431444707635687,-0.41480252947928115,0.0,0.5715823998173882,-2.677580451497897,-0.36224807587969576,0.0,0.8645923714626865,-4.544947931595509,-0.3486883003625459,0.0,0.934916168297728,-5.429962111422195,-0.47613600644621573,0.0,0.48627581505645895,-3.1428032053066874,-0.34150643437603984,0.0,0.34716951524752176,-2.4821934998887953,-0.298258320397567,0.0,0.15444873285648242,-3.574634503175906,-0.3541976276050296,0.0,0.34587455817867424,-6.894718734741452,-0.758076768788378,0.0,0.21634142353004335,-3.638985561032078,-0.4706372493418074,0.0,0.1666866300891103,-2.7836229495137372,-0.3854782535565964,0.0,-0.2608876953910689,-2.0024717211507874,-0.2957041803303829,0.0,-0.3865244312358527,-4.5531861816363515,-0.7186106460154373,0.0,-0.27444960790800854,-4.6007950253743966,-0.7265205311619208,0.0,-0.1610246446939915,-3.6470587722969903,-0.5654301280240509,0.0
0.0,0.0,0.0,0.0,0.2073421394163257,-0.1759142286278691,-0.11430477738616579,0.0,0.4840670040069999,-0.7569195050520767,-0.21849715783956092,0.0,0.5381420176043645,-2.201637678730035,-0.47015313604163295,0.0,0.038397171602794884,-3.1396490313806424,-0.6657653204987807,0.0,1.0573538968576608,-2.851798208900509,-0.2080914297022789,0.0,1.3878970418872099,-4.621768971812843,-0.43724276790963007,0.0,0.8445982688005156,-3.33848638184457,-0.384139376179752,0.0,0.575367191307096,-2.679911952421937,-0.3385029661961121,0.0,0.896307794053636,-4.649342585629725,-0.3341418197233369,0.0,0.9545665590196586,-5.471228740893903,-0.4466027920958552,0.0,0.4967405674870006,-3.153472347554581,-0.32039887492105096,0.0,0.35486593569399827,-2.490701856296089,-0.2803778453757242,0.0,0.173570585953939,-3.615783774148744,-0.3433168535199792,0.0,0.3710589725739319,-6.972900046780903,-0.7278499653702015,0.0,0.22794530024072954,-3.6621608058028166,-0.4509623472232451,0.0,0.1740012651786596,-2.7967637478733263,-0.3691476220902092,0.0,-0.24843954839598503,-2.0053109165415557,-0.28837365698109885,0.0,-0.36704440341044975,-4.600939443249101,-0.6977228786700312,0.0,-0.2525312503998076,-4.64920733447285,-0.7021977930448828,0.0,-0.1431243890820857,-3.683151752197669,-0.5455302554175279,0.0
0.0,0.0,0.0,0.0,0.23100052498579104,-0.18119040725991264,-0.08732846063005556,0.0,0.5249368508123339,-0.793932983042053,-0.1718259702968189,0.0,0.5874712652110305,-2.161102167206532,-0.37316045786064467,0.0,0.14810529724468757,-3.120420809254873,-0.566709483505001,0.0,1.1070395174937926,-2.9959894756418244,-0.17917278371305942,0.0,1.4239594823603097,-4.685563541930038,-0.428876490195351,0.0,0.88592805352486,-3.318241822524975,-0.3830115060510502,0.0,0.6350847408378048,-2.675205393974337,-0.33947564905212,0.0,0.9074873400007044,-4.657346541329473,-0.34686417043317413,0.0,1.026416023549427,-5.631735291326962,-0.5049427645171247,0.0,0.5342257293961162,-3.1599998969687753,-0.3416437337215086,0.0,0.39284042501037614,-2.4927359291365607,-0.2915685818901485,0.0,0.1647456312204647,-3.503380848974662,-0.3861732813688362,0.0,0.4307844676731412,-6.814151528130756,-0.7981664462810253,0.0,0.27229620404708604,-3.62182423656144,-0.46844223937503665,0.0,0.21898129216027984,-2.794134456562889,-0.37383131847679935,0.0,-0.2672241896471594,-1.9019614924694463,-0.3268669774962232,0.0,-0.3559964253082156,-4.218551668580284,-0.719179936348591,0.0,-0.22199873839506157,-4.501410757353825,-0.7236174204364292,0.0,-0.10168283895300094,-3.64790078847112,-0.5541463972509985,0.0
0.0,0.0,0.0,0.0,0.23192294163245716,-0.18922605950042398,-0.09784918962094195,0.0,0.5288212169752008,-0.785696631727454,-0.18535029689950508,0.0,0.6156049094480693,-2.188664782087538,-0.39249629067492653,0.0,0.21367338825220084,-3.413992086791064,-0.6101380405797536,0.0,1.083323341890635,-2.9194118780334133,-0.17855237116511,0.0,1.4816319662199366,-4.85572853104574,-0.4483947363072508,0.0,0.8906054705186089,-3.348582334214391,-0.3861044723872122,0.0,0.6287078765342282,-2.665647618786303,-0.3358656291696907,0.0,0.9005899235601523,-4.558582283588658,-0.3086857458745845,0.0,1.0300382872755294,-5.6400434259677406,-0.4696284108507061,0.0,0.5347850253806029,-3.1520284722798086,-0.323076483918345,0.0,0.3985813778396794,-2.4943196365616296,-0.27970570729473493,0.0,0.18897368067298986,-3.530176498494444,-0.33829655979679085,0.0,0.46365355843877104,-6.947771105359983,-0.7526546068240498,0.0,0.277038762705015,-3.6276462717399887,-0.4490305594279629,0.0,0.22244772335026317,-2.8022421390591594,-0.3636394964199164,0.0,-0.24528389113332827,-1.9696802151922619,-0.29131922517816006,0.0,-0.3281339369361064,-4.357526287806684,-0.6825684628640986,0.0,-0.20024086923813839,-4.571875960121009,-0.6971681867698072,0.0,-0.08989448193658321,-3.692984796652245,-0.5399416924285699,0.0
0.0,0.0,0.0,0.0,0.2746574194577495,-0.21325772506846824,-0.14357196486556856,0.0,0.7540586734374393,-1.0213700234513048,-0.29144508576465145,0.0,1.3175969643973877,-1.833114750134652,-0.4348112522512299,0.0,1.4134173749300551,-1.7603335388156518,-0.40588651888376764,0.0,1.2033316365669247,-3.3062237620071344,0.08625937143552642,0.0,1.9701020432662784,-6.105140271557197,-0.11976688054169676,0.0,1.1100140402833971,-3.618752196841752,-0.21118238833652306,0.0,0.8255940227927236,-2.770537813285787,-0.22936475778422763,0.0,0.7643517357358413,-3.6795990809798633,0.10201741050775572,0.0,1.3530672653520375,-6.593800458721762,-0.09768459045769523,0.0,0.7110124309840772,-3.4006736422874075,-0.20787232742319542,0.0,0.5716009519439212,-2.566529583612871,-0.2242518493212772,0.0,0.15733349031038235,-2.6193270662473034,-0.008254621840848806,0.0,0.515640906464202,-6.02643202194417,-0.31354185435196563,0.0,0.43134354485768894,-3.8182074276533955,-0.36846092676970343,0.0,0.4100174420099328,-2.9103229250938085,-0.3459435243905353,0.0,-0.17288768960701198,-1.7050672075846425,-0.10218344464234518,0.0,-0.09814793151141096,-3.807858669452752,-0.3934469400264883,0.0,0.07783736881477497,-4.208909640678477,-0.5515564285944792,0.0,0.20603066513274385,-3.5131042581098852,-0.5085668834047938,0.0
0.0,0.0,0.0,0.0,0.28212742148274667,-0.17951472313947442,-0.014791118406359783,0.0,0.6109499237524542,-0.8344682712969782,0.016268776781147798,0.0,1.0634252506311377,-2.021325228548703,0.03862200339489334,0.0,1.5776120345026388,-3.190984201363054,0.052168496228659746,0.0,1.1161635897300732,-2.8557503768471793,0.31975818893012903,0.0,1.8018559580451394,-5.161340868179525,0.2626198417919955,0.0,1.1522076011902256,-3.535627425077151,0.024286780473919987,0.0,0.8593306153223907,-2.7724700992766187,-0.060274115458202104,0.0,0.9323236407595192,-3.9691256592963398,0.1919682988781322,0.0,1.470563945881543,-6.355680934308181,-0.0031991015320151552,0.0,0.7648921762528945,-3.29571834467731,-0.16220479831566517,0.0,0.5931657148592199,-2.5086305036267578,-0.18920740617019263,0.0,0.3012382724579305,-3.1892999118389245,-0.09404573847600252,0.0,0.6951770421583136,-6.387576103069001,-0.4344931495239396,0.0,0.4754827669611112,-3.5600054955079923,-0.3873810338569176,0.0,0.417321448803151,-2.719070618017098,-0.3504780344955708,0.0,-0.10875028344106193,-1.978114889891335,-0.24503326425276972,0.0,-0.025606533850590373,-3.9803865840817427,-0.6007836278902506,0.0,0.11819895952558145,-3.8504067014919676,-0.6570319796262587,0.0,0.20056991879851968,-3.1943762899186243,-0.5705937639112668,0.0
