0,1,2,3,4,5,6,7,8,9,10,11,12,13,14,15,16,17,18,19,20,21,22,23,24,25,26,27,28,29,30,31,32,33,34,35,36,37,38,39,40,41,42,43,44,45,46,47,48,49,50,51,52,53,54,55,56,57,58,59,60,61,62,63,64,65,66,67,68,69,70,71,72,73,74,75,76,77,78,79,80,81,82,83
0.0,0.0,0.0,0.0,0.19291683734311946,-0.13108046632219422,-0.2073830884683899,0.0,0.45433410324873263,-0.6370230227929558,-0.4254124180251073,0.0,0.798973722273772,-1.6152479934068351,-0.7987522360980398,0.0,1.1387575511381822,-2.475460082215838,-1.1373430807549338,0.0,0.9026343330368332,-2.7702936422744817,-0.6464969044992004,0.0,1.3869622665883183,-5.206466418298242,-1.3774664910274428,0.0,0.7288038371360305,-3.202957842427669,-0.9019412866495229,0.0,0.496182483541995,-2.4983584585010443,-0.7066016453357683,0.0,0.5025030114981293,-3.7555937660682526,-0.6941804346870346,0.0,0.9180731971567327,-6.448631699407048,-1.3868796712584792,0.0,0.3975803621571454,-3.1625213919175166,-0.7176575224269152,0.0,0.2846119694938923,-2.4277930826700462,-0.5496145655158534,0.0,-0.11300390856122422,-2.711216554417599,-0.4873862290879875,0.0,0.12124477624005928,-6.744837425239334,-1.4363405680953052,0.0,0.09049856186568625,-3.50851988826921,-0.7641033498193605,0.0,0.07485039861643628,-2.687695526143427,-0.569025318484986,0.0,-0.42895174932353297,-1.5750516578475313,-0.331812733161157,0.0,-0.5793750606311759,-3.488879581554923,-0.8753626582990577,0.0,-0.4650911562865214,-3.741774313908982,-0.9255260663641539,0.0,-0.315958261076186,-3.168593921997915,-0.7386733033564216,0.0
0.0,0.0,0.0,0.0,0.19488766050419035,-0.15321243947389038,-0.13138572348314684,0.0,0.4031788331814352,-0.7187661438572284,-0.2535144464027763,0.0,0.6261287580967096,-2.0825935980569206,-0.5282200867819606,0.0,1.017470042579669,-4.732124242722748,-1.0915629903653767,0.0,0.8275096276932213,-2.954384400002244,-0.27063973614479175,0.0,1.2224796829223907,-5.298719422745284,-0.6831276306841491,0.0,0.6871203560294448,-3.4398307115696567,-0.5370355167534739,0.0,0.47226926365109684,-2.6996917951374204,-0.4516397279938773,0.0,0.49426680424951314,-4.238253506074814,-0.33150754538548377,0.0,0.6872785594740345,-6.242982823872524,-0.6760035539056312,0.0,0.3155622579448683,-3.261865963270972,-0.4278226308795546,0.0,0.22222397464421134,-2.5339796236784773,-0.3544614870722675,0.0,-0.11823655345163243,-3.3335612808245463,-0.3046647595061813,0.0,-0.0595618208713483,-6.7418288915088915,-0.8221094186024741,0.0,-0.0026903531315959585,-3.6046951942239893,-0.49768656029412645,0.0,0.005050800027307594,-2.7892461468133987,-0.3951697376990286,0.0,-0.4391022071953702,-1.9099062613501074,-0.24737566746308318,0.0,-0.6565939815417379,-4.164252911887615,-0.6684393300089152,0.0,-0.5124952335821089,-4.141969899604168,-0.6704100531180943,0.0,-0.34133884792075064,-3.3995507372390565,-0.5272816186438342,0.0
0.0,0.0,0.0,0.0,0.23835453877585694,-0.14644254226323616,-0.09327766707067407,0.0,0.5237821061113748,-0.8184181852092771,-0.16822173611355598,0.0,0.6999590821283839,-2.417291893299572,-0.34455771252644035,0.0,0.3280766277913861,-3.5124179182233664,-0.4928830463618941,0.0,1.0916904826811062,-3.059507685429876,-0.1509523850983568,0.0,1.3837765497109293,-4.616696707992302,-0.3681521991366595,0.0,0.8735916534549514,-3.265144992499588,-0.3374442019178676,0.0,0.6484582423508487,-2.6607310877627843,-0.3071141316602419,0.0,0.9245477645452015,-5.121350539871304,-0.2582261274748812,0.0,0.9051118200393286,-5.532535643766846,-0.36885713715808205,0.0,0.4886547097915823,-3.166558515231945,-0.2734891027422161,0.0,0.3764774918237775,-2.5270916051354115,-0.24184897547459797,0.0,0.1057438569398097,-3.7468320224413754,-0.2717106257677427,0.0,0.21213608879986776,-6.430499107276373,-0.5611501557149422,0.0,0.1575554803724414,-3.6453798779270485,-0.38914709317851287,0.0,0.14337789839090492,-2.8348559411777634,-0.32687333409224706,0.0,-0.3175517941263225,-1.9664484664578872,-0.2292447088767153,0.0,-0.46832295954391706,-3.946429428715444,-0.5133845228788274,0.0,-0.3785347485796763,-4.124884324073133,-0.5360425275336155,0.0,-0.25409610252948006,-3.5106953880041036,-0.4434806140152322,0.0
0.0,0.0,0.0,0.0,0.23780550751492913,-0.1602357447853067,-0.08541051357213189,0.0,0.5247069661741617,-0.8019855165525372,-0.15587207306801962,0.0,0.7905569659537469,-2.3550297559761866,-0.3280183028422651,0.0,0.6821552991582617,-4.342156333381787,-0.5911642528740848,0.0,1.1408370085039625,-3.0852546366224756,-0.12509799505817337,0.0,1.471535275934318,-4.704619367865657,-0.34403837546150756,0.0,0.9403170378705776,-3.33204677018722,-0.33397173176361045,0.0,0.6883098730257324,-2.6843302656784167,-0.3085714562785813,0.0,0.9998508201283811,-5.1210456863555605,-0.24295140197313386,0.0,0.9870877909468198,-5.582697805288668,-0.3676266090771113,0.0,0.5347979693657833,-3.2107418141970605,-0.28264454091606683,0.0,0.3999338687641216,-2.5374883224438016,-0.2521110067987871,0.0,0.16890453030551106,-3.810226486285943,-0.27838172934117034,0.0,0.3404474670220384,-6.5064851458637785,-0.5859407090003623,0.0,0.22085187065460044,-3.6805677307349742,-0.406921849113684,0.0,0.17220913014071074,-2.8509825716880686,-0.34147176607274543,0.0,-0.27582998209281745,-2.033616433068889,-0.2442249715019126,0.0,-0.3786547236437316,-4.097026573108414,-0.5572128857252542,0.0,-0.2953113636724382,-4.172846580051317,-0.5797353437271476,0.0,-0.2051504539637068,-3.4879182446082,-0.4788398534859778,0.0
0.0,0.0,0.0,0.0,0.235559155799371,-0.1922193281870238,-0.09478639170778191,0.0,0.5698664552511509,-0.9065943576535214,-0.179742129963145,0.0,0.7640161028247519,-2.901706856860781,-0.4193452920132714,0.0,0.24801869812510485,-4.492873946035264,-0.6286022576579184,0.0,1.0688637556910645,-2.7770444833799144,-0.10559935063862905,0.0,1.537556475325648,-4.761631991959161,-0.3278584504894412,0.0,0.9915362580332693,-3.4182443563500056,-0.3095805285398264,0.0,0.7331994136865606,-2.7667218510808262,-0.2819474283502501,0.0,0.9090652093401748,-4.518338107772766,-0.18365456709987035,0.0,1.0728535418525047,-5.853182634271878,-0.34672826520565186,0.0,0.5661520779931515,-3.2936825761586253,-0.25263253645319084,0.0,0.42999655312775087,-2.6177652399957143,-0.22433179978598577,0.0,0.19724564590644356,-3.695338442158566,-0.23508205162445267,0.0,0.422668722495349,-6.621658585447745,-0.5227980111788608,0.0,0.27315060993461066,-3.7195927715374224,-0.3504415782415559,0.0,0.2250524864332724,-2.9054873064389417,-0.29404780348788584,0.0,-0.2492237418710262,-2.148005041213894,-0.22828807196668063,0.0,-0.3264218857223067,-4.4901306876141085,-0.5180427350803027,0.0,-0.2087601392638004,-4.376398567242357,-0.5001692550219833,0.0,-0.11002766022926788,-3.5938281445458307,-0.4017873939657796,0.0
0.0,0.0,0.0,0.0,0.23137820152162877,-0.20435336875685878,-0.09626401031718045,0.0,0.5480788003397802,-0.9238093491991534,-0.1815046805838285,0.0,0.7320385195168773,-2.9614712194373425,-0.42260527716491153,0.0,0.2170157368349717,-4.894717186653705,-0.6583047408995704,0.0,1.045914707703204,-2.8078672773507702,-0.08977534381783828,0.0,1.5063067343213201,-4.819540716041857,-0.30112075759772805,0.0,0.9641911208313729,-3.433661162182892,-0.29742876852923184,0.0,0.705513204788825,-2.7385722484216317,-0.27280457667789,0.0,0.8846306060388504,-4.650787427858176,-0.15446374757796805,0.0,1.0352730123004903,-5.924202667590604,-0.2940608390139574,0.0,0.5514841380613351,-3.3200924217596093,-0.2305414373586701,0.0,0.42175412773291,-2.6105344280023437,-0.21012888560892842,0.0,0.16308489674746166,-3.7746133400805575,-0.20344659909186194,0.0,0.34224731009703857,-6.741569900801162,-0.4617840071610236,0.0,0.23148653055050583,-3.751348091187668,-0.3209166134568837,0.0,0.19299991458957075,-2.908007479334803,-0.2740593240906804,0.0,-0.26519073484295447,-2.198870286311147,-0.2061969493799406,0.0,-0.36836312579086256,-4.454036333607396,-0.46044998991597963,0.0,-0.2403722103723621,-4.500015882430062,-0.4636823161928394,0.0,-0.12586192030761859,-3.7015683050718646,-0.3764812684755411,0.0
0.0,0.0,0.0,0.0,0.23452404316061123,-0.18009805041531246,-0.10797320334204202,0.0,0.5654148993658019,-0.9070366462296563,-0.2092884113094411,0.0,0.7885986705217709,-3.108337193223883,-0.5122071921721775,0.0,0.2717477075250399,-5.173281805870939,-0.7973124809143549,0.0,1.1040458116159153,-2.725224404239167,-0.10730964346795653,0.0,1.5695367850422597,-4.662991648389599,-0.3386492062057358,0.0,1.0065497243879729,-3.3790193827529365,-0.32636437812978475,0.0,0.7292876529556802,-2.716021977787023,-0.29855257592559675,0.0,0.9435382125274353,-4.348198554432676,-0.16298798902938177,0.0,1.1678559897701462,-5.886336880629891,-0.3624205560293303,0.0,0.6098712238288586,-3.2947030692891013,-0.2723778698884818,0.0,0.4577920034591718,-2.5888804494969784,-0.24255388570549316,0.0,0.22048601581158087,-3.4668570353205204,-0.20393425710730292,0.0,0.5109469026518009,-6.895402253945808,-0.5757597273304125,0.0,0.31701982899582704,-3.7654577214713147,-0.3840559449329756,0.0,0.2546422070660311,-2.896617458269212,-0.31850801166392945,0.0,-0.22265903067264334,-2.050981513474182,-0.20678101356110956,0.0,-0.2663370328239703,-4.496481769246377,-0.5585152823913463,0.0,-0.1547107527925031,-4.492544318214006,-0.575939289948796,0.0,-0.06394937491016577,-3.597131188845995,-0.45763862886838974,0.0
0.0,0.0,0.0,0.0,0.22322983888299583,-0.1764270576575956,-0.10864261866972534,0.0,0.5421145589062621,-0.8824760055922203,-0.2026726877791882,0.0,0.7395417224019598,-2.935998696873826,-0.46587437580807967,0.0,0.2349205489663385,-5.08560004904823,-0.7217857175587938,0.0,1.096089322489101,-2.7963935842360743,-0.0835471663089561,0.0,1.5515500389735455,-4.696190970532835,-0.27874518816726057,0.0,0.9883369438273909,-3.373310630254009,-0.27947623021246604,0.0,0.7168333013156217,-2.697415532685628,-0.2604927820626814,0.0,0.960311857204306,-4.638241539027027,-0.11438185290767748,0.0,1.1053154200039756,-5.7927581639040815,-0.25970755856420275,0.0,0.5974964482313189,-3.277539148205486,-0.2206068520760549,0.0,0.4557206330139333,-2.5793389118332843,-0.20621583590834733,0.0,0.2185481780600629,-3.7070195467590894,-0.15325936639914078,0.0,0.445409689096499,-6.85795880249457,-0.44488194403147424,0.0,0.29186945444370427,-3.8068375332036357,-0.32876101456896933,0.0,0.2347406881904938,-2.916665210913371,-0.2826103216834381,0.0,-0.22764566785097548,-2.1778850353776877,-0.16770328764383768,0.0,-0.29034653056107146,-4.50543989796285,-0.45017030931774654,0.0,-0.16635335782014118,-4.631285787215147,-0.4929017571858908,0.0,-0.057094311164301415,-3.7290456630320015,-0.40292013377647223,0.0
0.0,0.0,0.0,0.0,0.2258484477107285,-0.16012181665753877,-0.1129931278444162,0.0,0.5418750603745166,-0.866876401260291,-0.2074134499990674,0.0,0.708353086588622,-2.989982496034439,-0.48002193251513386,0.0,0.1760999835901446,-5.037523674809834,-0.7101113187666034,0.0,1.1039876830034154,-2.7523615094818386,-0.052957260543508765,0.0,1.5483194022801758,-4.569181339462,-0.23997202365147216,0.0,1.0154292872364015,-3.36148798641752,-0.2686459531458617,0.0,0.7394572282024011,-2.7006716555535735,-0.26212086884696956,0.0,0.9440865155156262,-4.451400805786623,-0.0637973350967603,0.0,1.1013776833196143,-5.713157199778743,-0.2319163601621358,0.0,0.5955933424505296,-3.272276661422223,-0.2266002574995419,0.0,0.44897995622249304,-2.5773155283217366,-0.2217522172157093,0.0,0.21945820225984497,-3.5628503923690893,-0.11680921551956502,0.0,0.4699221810128226,-6.892118555794572,-0.45975345872107914,0.0,0.28787851502417966,-3.762489266243175,-0.36480050173655065,0.0,0.21837775979532784,-2.8926645228918373,-0.32312370130993423,0.0,-0.2257124419461431,-2.0927300241265288,-0.1474464919757501,0.0,-0.27015829554534215,-4.602626441957091,-0.4882230987436814,0.0,-0.15961299827533243,-4.4922932933375685,-0.5480828709386579,0.0,-0.07535460300128399,-3.510506743572628,-0.45079803850987554,0.0
0.0,0.0,0.0,0.0,0.22470231809087174,-0.16382838849972106,-0.11390669877402894,0.0,0.5476781850504124,-0.8508817375783712,-0.20942364366071217,0.0,0.7309990022997641,-2.8438970182053143,-0.4774934390453207,0.0,0.22981679813900618,-5.020165404303351,-0.7491045269205205,0.0,1.1166100730073192,-2.7987660966423045,-0.06354911457781148,0.0,1.5573426340750005,-4.625376951349765,-0.25308222364503163,0.0,1.0057555738963442,-3.3771066496632196,-0.2757444599514038,0.0,0.7241229540609242,-2.69548643987242,-0.2655817433636858,0.0,0.9785977187072371,-4.6060685006668995,-0.08902516830014774,0.0,1.1215241492611476,-5.742263010826614,-0.25212585981824975,0.0,0.6092349036738466,-3.276918739865774,-0.237876109396846,0.0,0.4586211979466199,-2.5657672475644797,-0.22865678528039987,0.0,0.22635940072074393,-3.633334690175637,-0.14294039521883622,0.0,0.46693922043295494,-6.899047790602382,-0.4875631249944407,0.0,0.29351329469848547,-3.7752472203534335,-0.3766015584570564,0.0,0.22660593684087815,-2.870813949451184,-0.3265836835133817,0.0,-0.2278881881041084,-2.0991601997974314,-0.16648597286019104,0.0,-0.2796731049691278,-4.471265763548855,-0.4980202718068253,0.0,-0.15988654428472482,-4.520653265229562,-0.5650491865554165,0.0,-0.05611960987775443,-3.5748147515833315,-0.46459504813246955,0.0
0.0,0.0,0.0,0.0,0.22566463842710782,-0.15777876024185597,-0.134978646430845,0.0,0.5397713263676646,-0.8227894410710656,-0.24857996820768055,0.0,0.7064344386236905,-2.708383608205995,-0.5517117243602293,0.0,0.1914425068715206,-4.581862146920838,-0.8193613103411663,0.0,1.1298634202418578,-2.794907061559363,-0.07449493756913142,0.0,1.5654911564431786,-4.576617583742609,-0.2507566423462404,0.0,1.016693889718159,-3.3412636457171843,-0.27350585572535663,0.0,0.7391193944012137,-2.677143835988122,-0.2640350756043883,0.0,0.96110877965496,-4.457739640984755,-0.05110969305102036,0.0,1.1127498742116173,-5.6011774375652665,-0.1898672250498414,0.0,0.6103357975893852,-3.2358048537043342,-0.20757565844375536,0.0,0.4628221709862386,-2.5582247646561425,-0.2101621388188154,0.0,0.22074304910148915,-3.50698016873041,-0.07928711770000649,0.0,0.49392272833771833,-6.838007730396623,-0.3852383530375882,0.0,0.3087616173374982,-3.746557810335944,-0.34229179301935553,0.0,0.23725817236652638,-2.874939688765206,-0.3133958126137257,0.0,-0.22686242422567948,-2.0801283545503413,-0.1120104360639691,0.0,-0.26350886618020924,-4.5136322331285585,-0.4035777117237197,0.0,-0.15012698436695884,-4.5217157666394225,-0.49148071706157676,0.0,-0.057471465791231156,-3.5801440072914406,-0.42304503411110395,0.0
0.0,0.0,0.0,0.0,0.22374593924553635,-0.15038608577117962,-0.12729087827276278,0.0,0.5492128114572873,-0.8174506587874105,-0.2348305826739944,0.0,0.7404612049711153,-2.7238333636829526,-0.5260779136023301,0.0,0.24494122227162102,-4.736437030800017,-0.8092664208054987,0.0,1.1441917442845309,-2.809216800038234,-0.09225503274476396,0.0,1.5731445194929146,-4.584060599833808,-0.2769774535228708,0.0,1.015405848799464,-3.350025731681594,-0.28986693385780526,0.0,0.7315802252689817,-2.6804685854950914,-0.27684850201904726,0.0,0.9958841661615678,-4.560443506814161,-0.10032583480265386,0.0,1.1290199477208804,-5.619572352080426,-0.2465704810105419,0.0,0.619187653112425,-3.243765588466628,-0.23877973807254932,0.0,0.466438657176642,-2.5532008478377124,-0.23337144542031316,0.0,0.2346194967359431,-3.5495106275753923,-0.13011488473039656,0.0,0.5019874925411574,-6.811485262379624,-0.4643324700319843,0.0,0.31246843444050265,-3.7503260304447283,-0.3806907516410032,0.0,0.23792529658996595,-2.862984587628006,-0.33924327730085496,0.0,-0.21951616507250965,-2.072483877419398,-0.1486863575430422,0.0,-0.2528126268549097,-4.494631565750709,-0.47500509669703217,0.0,-0.13566352473094634,-4.535034176564159,-0.5618311855189814,0.0,-0.04008862203041179,-3.576959967078456,-0.47373294707617863,0.0
0.0,0.0,0.0,0.0,0.22604186485763547,-0.15720151125301826,-0.13089066064954863,0.0,0.5478964819857473,-0.8301290716867505,-0.2418766088976443,0.0,0.7183498942604141,-2.7029971891693347,-0.5360622897474088,0.0,0.17876150238687738,-4.4395829181791076,-0.784673889748703,0.0,1.1274626535049688,-2.7741505179014445,-0.08041373768041749,0.0,1.5490943796833514,-4.532528735870191,-0.25651695872659225,0.0,1.0057938638911308,-3.328862833786351,-0.27687015154049605,0.0,0.7276095917700758,-2.6764972168420513,-0.2678620296671121,0.0,0.9516343687403485,-4.372765406596817,-0.07953247004954939,0.0,1.1307169054255206,-5.6305084764128654,-0.23363339363114902,0.0,0.6138596209403316,-3.2313952683227107,-0.23542303228704956,0.0,0.46014143146915615,-2.5513826656049448,-0.23318119267842047,0.0,0.21579614082488802,-3.4317331723329874,-0.11491398384991387,0.0,0.5081272857563894,-6.879633392911731,-0.46694561516739896,0.0,0.31056273646992444,-3.7162287597528745,-0.3874985305552513,0.0,0.23490509962126013,-2.8469387797791463,-0.3483158414197337,0.0,-0.23016676114664347,-2.0394313610572175,-0.14078100670248703,0.0,-0.26945902253685133,-4.453951742980775,-0.4696246164197645,0.0,-0.14946440508117922,-4.494312290095534,-0.5651050728770168,0.0,-0.05295522259041094,-3.5637832480150746,-0.48280558907284693,0.0
0.0,0.0,0.0,0.0,0.22207464164226257,-0.15603314215801378,-0.1244065554982085,0.0,0.5435363371345855,-0.8168088602431665,-0.23055606335078382,0.0,0.7067438752402984,-2.6462877605827764,-0.5105471277555526,0.0,0.19693989180212654,-4.438096223754691,-0.7681948514728594,0.0,1.146015159815203,-2.8452566758579882,-0.09885753466583058,0.0,1.546153517437298,-4.5313966870315605,-0.2896909071115348,0.0,1.003432709935614,-3.31419592476642,-0.2993766560238342,0.0,0.7288239651335023,-2.669544929073787,-0.2844658059605719,0.0,0.9893796091296713,-4.5912881535453485,-0.11985673222502558,0.0,1.120537930024566,-5.601440244315085,-0.2766188457580259,0.0,0.613965394816248,-3.2283635203264853,-0.2555313923596173,0.0,0.4619880444739301,-2.5475586768705623,-0.24533735000864637,0.0,0.22408778620266936,-3.5456539530014934,-0.15055688208982368,0.0,0.5083704259437328,-6.897190661501381,-0.5150322332947599,0.0,0.3150361565864436,-3.7430485616224334,-0.40223908403653974,0.0,0.24161532053398063,-2.857891166454389,-0.35228675249998503,0.0,-0.22871356287469094,-2.0478577335761226,-0.16207487395896772,0.0,-0.2709440061599273,-4.4167183323997685,-0.502876223359165,0.0,-0.1531477288675546,-4.499648789215424,-0.5872513412020794,0.0,-0.05413316893827135,-3.575464204234382,-0.4901648707689137,0.0
0.0,0.0,0.0,0.0,0.23763142762255254,-0.17342468032618022,-0.15198511453797403,0.0,0.5386244367979044,-0.8152711595435389,-0.281855839522256,0.0,0.6635163824149014,-2.4483075311490454,-0.6013958238291722,0.0,0.18341325566319477,-4.2080013288498055,-0.92656428467071,0.0,1.1235653921753792,-2.7790072233779135,-0.047621023378219086,0.0,1.514535504525445,-4.477917815588643,-0.18717575476421405,0.0,0.9840606998741572,-3.2976633722032496,-0.22793405968061253,0.0,0.714856786479259,-2.665373692017479,-0.2334353724897799,0.0,0.8835129379156829,-4.101984989917966,-0.011472911697477675,0.0,1.0957412080534659,-5.495314569979641,-0.12958880780106918,0.0,0.6082485706800024,-3.2265403310731577,-0.1914528377075156,0.0,0.454311824422487,-2.5454329356415952,-0.20731469984715586,0.0,0.183669117365537,-3.2182000264647797,-0.05988676349897749,0.0,0.5110783220320215,-7.012520690847342,-0.40507320661302776,0.0,0.30987469520089134,-3.734338042696375,-0.39498190762015706,0.0,0.2295002502048209,-2.8286244685418525,-0.36805302951968644,0.0,-0.2371904293876312,-2.0088514668981956,-0.11298975868231056,0.0,-0.28059505333512075,-4.439689416765883,-0.44449514210107655,0.0,-0.16688203811911712,-4.414162294797453,-0.581300099163437,0.0,-0.06943677187088185,-3.4810042505713548,-0.5172818115083375,0.0
0.0,0.0,0.0,0.0,0.23389660357045922,-0.16229600530440466,-0.14687871620726103,0.0,0.5411838878245089,-0.8014695270938985,-0.27015661470652624,0.0,0.6823215309972458,-2.475351339452814,-0.5781693858332873,0.0,0.2048694414102509,-4.300489077147826,-0.893993146805875,0.0,1.1330491306780102,-2.776437684562804,-0.06480432795209545,0.0,1.5285952182034785,-4.500479319865609,-0.2213553747432575,0.0,0.9910530134635833,-3.308606767110565,-0.254942122051091,0.0,0.717114019216337,-2.6673691469835137,-0.2540456842013292,0.0,0.9192492459930074,-4.202634211112475,-0.03426413609466804,0.0,1.107590361845119,-5.509055989271244,-0.1679335449193027,0.0,0.6110686217985187,-3.2168988901491065,-0.21324506019521436,0.0,0.457751959603262,-2.5419114836137955,-0.22365531588817344,0.0,0.20126793651893593,-3.2877510680010564,-0.07158047655670415,0.0,0.5059989941339219,-6.927315525377939,-0.4222002350920025,0.0,0.30904240621042733,-3.7231831896246077,-0.39967316169438966,0.0,0.23326152793625735,-2.8318299149513178,-0.36972607954281084,0.0,-0.23111042562866516,-2.0105294898634885,-0.11296298990051937,0.0,-0.28025788002423874,-4.4049549869815126,-0.44236417667985206,0.0,-0.1681390354780809,-4.391204817733386,-0.570763645066868,0.0,-0.06842414445334778,-3.4867423222729794,-0.5058461042610739,0.0
0.0,0.0,0.0,0.0,0.22993501216497123,-0.15962920087949756,-0.139903136531127,0.0,0.5379109766625823,-0.8163536123344095,-0.2536877195818368,0.0,0.6877370135953963,-2.541030600096167,-0.5388122283343415,0.0,0.18996840243480428,-4.303720147002748,-0.8045392780083818,0.0,1.125394577165069,-2.818819186230602,-0.03746540919367964,0.0,1.5138462863178628,-4.545751235515811,-0.1765490631788304,0.0,0.9792807489068887,-3.3244073703367847,-0.22315071449509738,0.0,0.7092359384084337,-2.674824663300443,-0.2296655993237875,0.0,0.9067068629186998,-4.265506882249418,0.0001241285912603756,0.0,1.0755165186201956,-5.528846039687838,-0.11901971031565363,0.0,0.5867798216472568,-3.2130248042927616,-0.18347346611755544,0.0,0.4358135604251654,-2.538228466657619,-0.2001549119193504,0.0,0.18737544883608814,-3.301262540496859,-0.045738742109098444,0.0,0.49060741108966904,-7.007552037813626,-0.3510869316616621,0.0,0.30008694336504843,-3.746682965222122,-0.35328072876031597,0.0,0.2233615107676729,-2.8475065979886627,-0.3328331046580383,0.0,-0.23795703631703627,-2.006688654755362,-0.09711412298878593,0.0,-0.2848157790125335,-4.490759290397608,-0.3889109126349905,0.0,-0.1667561309512424,-4.495724434211449,-0.5070552891168669,0.0,-0.0654131449726476,-3.5475365383753097,-0.45073410648623774,0.0
0.0,0.0,0.0,0.0,0.22084027188435698,-0.1524470783039079,-0.13431105582591416,0.0,0.5313690720632821,-0.8062293095252205,-0.2459980889717065,0.0,0.7028525196473225,-2.598001650579668,-0.5338550776332869,0.0,0.23697367848454495,-4.675652817764374,-0.8403219043692975,0.0,1.1351681851898399,-2.840591081535144,-0.08723339233176201,0.0,1.5318591074609063,-4.583170598780207,-0.26356001146764374,0.0,0.9821314603624632,-3.3351439291673217,-0.28101005527820044,0.0,0.7078406110795809,-2.671275571608748,-0.27010854581475685,0.0,0.9607447107414386,-4.47174257134534,-0.07247239668168526,0.0,1.0938360315167277,-5.57478256292601,-0.21490859065967907,0.0,0.5919887057955375,-3.2227207398332807,-0.22582886279342934,0.0,0.4425133699571593,-2.542591426823044,-0.22569502531293908,0.0,0.21598328341698986,-3.447176262660342,-0.09604183946919057,0.0,0.4991896182687019,-6.949033839040915,-0.4289728696107407,0.0,0.30195285563143015,-3.7507565889886223,-0.3677041675825135,0.0,0.22850281857071542,-2.860140194323587,-0.33234573771615983,0.0,-0.22493151007701914,-2.027673866814355,-0.12154563177012799,0.0,-0.2757267540603547,-4.486503379756666,-0.43578304901791554,0.0,-0.16788485930536476,-4.52722411779519,-0.532982909611753,0.0,-0.07001661456850664,-3.574924235875416,-0.45535588625362583,0.0
0.0,0.0,0.0,0.0,0.21727709557466102,-0.15274290766908274,-0.13037626379815617,0.0,0.5311995882190711,-0.7988235843688136,-0.2416164179051013,0.0,0.688261000743807,-2.533675211777524,-0.5245482008803295,0.0,0.21386337978294548,-4.3738045610346905,-0.8090682079680946,0.0,1.1242545949947342,-2.8385437410263936,-0.11518122221601557,0.0,1.525443621950645,-4.591442646748792,-0.30198773908238613,0.0,0.972427813910435,-3.330474967689218,-0.3005240658986799,0.0,0.7003325203174259,-2.6785161693265223,-0.28203086794696536,0.0,0.9513162229867584,-4.49803590500959,-0.12445891878430154,0.0,1.0795282165868907,-5.5631463418765685,-0.2623233643621036,0.0,0.5802240772762739,-3.2111970765784004,-0.2417945822097378,0.0,0.43019041209378095,-2.5435186619373455,-0.23345328449814703,0.0,0.21529991560286743,-3.4861272749413548,-0.14122279342578187,0.0,0.49672216953080944,-6.915649513974111,-0.47379798879894336,0.0,0.2964989720139958,-3.726564477996395,-0.3739715343247345,0.0,0.22135455171498022,-2.8549217039004566,-0.3323203354260862,0.0,-0.22352055377451313,-2.0440634214200766,-0.15202445073933274,0.0,-0.2755335045681383,-4.549769394475514,-0.47369416871958053,0.0,-0.16326243924901435,-4.5590674388106835,-0.5457253072409848,0.0,-0.06833927154997406,-3.596246823175618,-0.4555343572899731,0.0
0.0,0.0,0.0,0.0,0.21219554160896845,-0.15045348797414287,-0.12830782450243672,0.0,0.523455458589157,-0.785428242001386,-0.23859647671559853,0.0,0.679923607898296,-2.523477046988423,-0.5243946108998642,0.0,0.2142229877492639,-4.451077343074404,-0.8269896630112135,0.0,1.1251856427857057,-2.8389897536362274,-0.12163304686000559,0.0,1.5166604044265068,-4.583267121170364,-0.31458458715167104,0.0,0.962519606031426,-3.3184742691651983,-0.30783283151386187,0.0,0.693558689038095,-2.66679643801001,-0.2867006602794126,0.0,0.9608083531355098,-4.5207539343232,-0.13797580714137078,0.0,1.0885806820068502,-5.6074149575906125,-0.283616952716169,0.0,0.5816196933156632,-3.2218453417210253,-0.25099386753174363,0.0,0.4323899160352035,-2.548023860341029,-0.23961387408521026,0.0,0.22541407536025593,-3.535014993939225,-0.15450874281438734,0.0,0.4939507793199065,-6.911218584935676,-0.49402305433968285,0.0,0.2982561779096021,-3.741356857100392,-0.3794408828567932,0.0,0.22633589393765333,-2.8720662166153175,-0.33533498473215084,0.0,-0.22039599041095298,-2.0751752278881597,-0.16174183700890682,0.0,-0.2765720534129277,-4.545222180596861,-0.49294765878796987,0.0,-0.1648849183591072,-4.557243332810997,-0.5624145366484341,0.0,-0.06856938190233525,-3.5949834729208137,-0.4663350860780386,0.0
0.0,0.0,0.0,0.0,0.21832792555554176,-0.15590911647935493,-0.13969196605440262,0.0,0.5259166003070364,-0.8033680916528633,-0.26105143685848914,0.0,0.6716259862174306,-2.5735555751606745,-0.5748777897782944,0.0,0.1692153656673139,-4.348562699639074,-0.8701468759942614,0.0,1.1172515814016593,-2.821367819886036,-0.1053983836641507,0.0,1.4976519954976664,-4.581188580251111,-0.2864623998414689,0.0,0.9476539205446527,-3.3240563876439184,-0.2923108116030538,0.0,0.679345802318556,-2.6682421593003154,-0.27677130067520583,0.0,0.9203754641529884,-4.3677991544513555,-0.08760154394037384,0.0,1.0717854182499864,-5.61172710683962,-0.23058548353637842,0.0,0.5725012416440616,-3.2277622230381895,-0.23089204224154558,0.0,0.4253413853448592,-2.5468704768708883,-0.22833587942861064,0.0,0.20192485828679058,-3.402283342685594,-0.10058423520366908,0.0,0.48506234888912353,-7.001966451181952,-0.4307196328650272,0.0,0.2898763065551666,-3.7485503095113684,-0.3637129768577157,0.0,0.21692027687196982,-2.862938694885755,-0.3295374081195124,0.0,-0.2283617250671486,-2.036979075688582,-0.12198340819675413,0.0,-0.28944350509534467,-4.545457758758977,-0.42982172307086985,0.0,-0.18092453413922746,-4.591517853804031,-0.5248065141360866,0.0,-0.08222670993307896,-3.615896597568363,-0.4478356043146688,0.0
0.0,0.0,0.0,0.0,0.21963013939158788,-0.1490073306569582,-0.1389633307914594,0.0,0.5259188577086659,-0.7936613999185709,-0.2568875121296836,0.0,0.6738222032821758,-2.522379698007028,-0.5551796825119749,0.0,0.18430758113681273,-4.313636837705538,-0.8428386500882,0.0,1.1226830507332903,-2.823550820747669,-0.09807547456045955,0.0,1.4915070614661792,-4.545860367518059,-0.2673985855644849,0.0,0.9479229371258951,-3.308709067417645,-0.277808035172874,0.0,0.6826172156811677,-2.6673934929053766,-0.2669471345269419,0.0,0.9245939270647777,-4.374033514677516,-0.07720469751237126,0.0,1.0583985996523064,-5.540490605825542,-0.21187187718950903,0.0,0.5701462424854334,-3.2118833319293216,-0.22281232474847112,0.0,0.4235582128966871,-2.544730177491942,-0.22424127011974235,0.0,0.19827266414800174,-3.3940411900947827,-0.09308120213226141,0.0,0.4805447523707552,-6.902682505853248,-0.415925144354958,0.0,0.2889264731753607,-3.7288666283237815,-0.3654936333184737,0.0,0.21435111030871162,-2.854084257974009,-0.33511625810304924,0.0,-0.2316274506561605,-2.035992839838132,-0.11726367245392534,0.0,-0.2919427915291252,-4.509340623602813,-0.427779486635948,0.0,-0.18416399260552696,-4.5683220044219714,-0.5360715065561329,0.0,-0.08450030603419353,-3.6074328527976114,-0.4634388194039724,0.0
0.0,0.0,0.0,0.0,0.21969325406046988,-0.15480271370146864,-0.12335150522451002,0.0,0.5341036690510379,-0.8149719526149245,-0.22816844769066955,0.0,0.6566879065999057,-2.642790769354341,-0.5099959932075239,0.0,0.10768084543846511,-4.325116316385889,-0.7564377407315765,0.0,1.0803506246379853,-2.7525939642535224,-0.09060967904191375,0.0,1.4827375323622716,-4.621025695412693,-0.28746125036975645,0.0,0.9380008730963538,-3.362592054226647,-0.29618186248153766,0.0,0.6702315128043401,-2.68578467549457,-0.2792691597772138,0.0,0.9094259598428679,-4.4245359352897875,-0.1066130165595855,0.0,1.0405392744031456,-5.70267147802803,-0.26750139707916404,0.0,0.5440716218199891,-3.239303926037973,-0.2458605195821749,0.0,0.40329106233487555,-2.5486563868109116,-0.2369157927849249,0.0,0.2011304643049413,-3.5489474264581515,-0.1424561752209445,0.0,0.41136314023002474,-6.903136593079152,-0.48413224760865814,0.0,0.24568781294920675,-3.7228402813295456,-0.37362954210474447,0.0,0.18373298945854177,-2.8619997103443984,-0.3309828235628773,0.0,-0.23408533637506287,-2.0982213796218123,-0.1617368169455153,0.0,-0.3146384925341311,-4.624093959216625,-0.49406978636616666,0.0,-0.2059556786317291,-4.554984976733018,-0.5508992771747536,0.0,-0.11196956280026822,-3.566315346146149,-0.4540049388025562,0.0
0.0,0.0,0.0,0.0,0.2151574518535501,-0.1571659567094826,-0.12459495377055779,0.0,0.5183076198584795,-0.7966352243406519,-0.23339459040130037,0.0,0.6547954762478208,-2.5327669976021094,-0.5165481035704012,0.0,0.18954830264618586,-4.525247235900392,-0.8343991824662246,0.0,1.0948975635693254,-2.804225489555438,-0.11977087777810064,0.0,1.4824571939977331,-4.622576351564994,-0.3315208150264795,0.0,0.9324450760407557,-3.3357494074669596,-0.32121130371471335,0.0,0.6692639786100736,-2.673986899486613,-0.29539580822090433,0.0,0.9246881949466492,-4.4892475826387575,-0.14388038800169922,0.0,1.0556116642867954,-5.706888345860351,-0.31433615593382475,0.0,0.5530351456471079,-3.221739144178883,-0.2633556270633102,0.0,0.4126618373138605,-2.535639411281593,-0.2444803605366224,0.0,0.200813210890025,-3.5409077131922566,-0.16513765499798616,0.0,0.4208573268986515,-6.913619408089287,-0.5234073979601352,0.0,0.25431727172544655,-3.7178761721612648,-0.3835949282237703,0.0,0.1971283523238482,-2.8472525094564674,-0.33064362257996793,0.0,-0.23542953380460965,-2.0726087697438293,-0.17028943420003503,0.0,-0.319429670190728,-4.484043706292461,-0.5053314169857672,0.0,-0.2131378951944367,-4.562954455996542,-0.5706292273463416,0.0,-0.10348373604263844,-3.611450152251876,-0.4651323425467037,0.0
0.0,0.0,0.0,0.0,0.2095185986192841,-0.16878845299737863,-0.1274059599532801,0.0,0.5096807395271159,-0.8130695174436443,-0.2425281957396208,0.0,0.5902721708146068,-2.526761297830936,-0.5414172742542603,0.0,0.04910373564413124,-4.147570318222382,-0.8234830915319261,0.0,1.038036495475514,-2.7944557499098073,-0.1340136116465958,0.0,1.399751176206986,-4.587230673086293,-0.3460234427604443,0.0,0.8763778524732437,-3.3279201605051205,-0.32963339876256786,0.0,0.621839695381042,-2.671109873142348,-0.30094706401850463,0.0,0.8293562926548029,-4.411542695699628,-0.16794746755137574,0.0,0.9654563455840002,-5.664772608592409,-0.33258944887633934,0.0,0.49733460387834827,-3.225394132015049,-0.2737544540284494,0.0,0.36231312681333216,-2.54672564481234,-0.25392667291553855,0.0,0.13938342968725015,-3.4907647522306102,-0.1870760637448492,0.0,0.3421185822285051,-7.014941359591527,-0.5599774270991641,0.0,0.20387611498334243,-3.7297818600034938,-0.39810507452759736,0.0,0.1499872315611633,-2.867946532748679,-0.34389547518509017,0.0,-0.2662384690738304,-2.0579495259914444,-0.18752873787138116,0.0,-0.37443573540670827,-4.627095485136067,-0.5412890888406094,0.0,-0.26430560083797877,-4.625795706021022,-0.5894467232681182,0.0,-0.15497749330959334,-3.623158779674813,-0.4746926216172388,0.0
0.0,0.0,0.0,0.0,0.20475342665422933,-0.16212884294709304,-0.13413908836587568,0.0,0.5054476384955521,-0.7752254793001817,-0.25459690947537145,0.0,0.6072671131717091,-2.4496592402064232,-0.5682596194966479,0.0,0.10177806997392204,-4.249758829769905,-0.9072147946991724,0.0,1.0630196466106527,-2.8321183194519803,-0.15746922477576794,0.0,1.4058626409881847,-4.600694279856692,-0.38040717867475315,0.0,0.8710914251713061,-3.3198542164992433,-0.3552416263075593,0.0,0.6181645962780971,-2.6611441071291138,-0.3213633969136031,0.0,0.8561573670820186,-4.484510020218695,-0.18593344631873884,0.0,0.9645863740583988,-5.620315354849068,-0.3502998164176004,0.0,0.500693292738669,-3.2115649513258164,-0.28639403843347944,0.0,0.3678385332946884,-2.5348376215229966,-0.2642156177594947,0.0,0.15093035190543588,-3.4906786006953987,-0.18665040913191497,0.0,0.34942358641853505,-6.932194980678424,-0.5588775536958632,0.0,0.21141591304728147,-3.7245342268067376,-0.4004628780389899,0.0,0.16080243742515019,-2.858206917693294,-0.344674264536844,0.0,-0.25805647382030944,-2.024779194002896,-0.17787115180592544,0.0,-0.3637850166466873,-4.560299136864678,-0.534538504961079,0.0,-0.254890883053949,-4.6901393483960385,-0.6023351226370477,0.0,-0.1342548031272046,-3.68750295380437,-0.4847775152574597,0.0
0.0,0.0,0.0,0.0,0.20967333172403532,-0.17504061184474495,-0.1236609121155563,0.0,0.5038813610757199,-0.8166071868282274,-0.2361489251257912,0.0,0.570138062184684,-2.509522336712519,-0.530200605548047,0.0,0.010835399254676338,-3.8704253047883412,-0.7864997442616639,0.0,1.0137266322940695,-2.947562136489872,-0.15678528923144355,0.0,1.2931495274458595,-4.596039401253248,-0.36783209970607933,0.0,0.8037158135548114,-3.3145925715726046,-0.34245734187799365,0.0,0.5713548869014085,-2.6651318827980717,-0.311372915397789,0.0,0.7642728990082789,-4.589697118002684,-0.21290578400940968,0.0,0.8567773484948129,-5.692030146148385,-0.3793601190757001,0.0,0.4360897042286044,-3.2260081465372954,-0.2979809411968467,0.0,0.3140153395803657,-2.5355239855808747,-0.27026746913618754,0.0,0.07103822172997955,-3.484856902899968,-0.22450066752102804,0.0,0.21451879130512308,-7.020202346789569,-0.6225786412398155,0.0,0.14506849186241202,-3.734570543715048,-0.4263245444554149,0.0,0.1088402892902519,-2.856914273528028,-0.3609455964791979,0.0,-0.30248171936406476,-1.9838522664021392,-0.21008040061751834,0.0,-0.4510726164312276,-4.484889437353226,-0.5851420344941134,0.0,-0.34325167637569903,-4.692496609562011,-0.6536241769966581,0.0,-0.20619273992803838,-3.662635109017081,-0.5174263183225233,0.0
0.0,0.0,0.0,0.0,0.2075580712706313,-0.1660273995037154,-0.1311823025124647,0.0,0.49838926598146854,-0.7899385572896315,-0.2491923061426317,0.0,0.5551017715629465,-2.4294952246404478,-0.5486730455702474,0.0,0.020775856456638916,-4.010435170070233,-0.8444764003950707,0.0,1.024016876417655,-2.9279165398045652,-0.17783257443747721,0.0,1.3093569863576588,-4.6346177483065,-0.4005517771181191,0.0,0.8028007072346494,-3.3147310737846687,-0.36073871368055305,0.0,0.5689317219238664,-2.6622456024661134,-0.32259456227805916,0.0,0.7802753761727175,-4.638559365558804,-0.21952377554545072,0.0,0.8607324406962646,-5.648841233670585,-0.37499105683814443,0.0,0.44648772224848626,-3.215558585908646,-0.28942453849072936,0.0,0.3301054510912921,-2.539686597670009,-0.26140854317380785,0.0,0.07510497575926232,-3.507937378749332,-0.20988031646830793,0.0,0.2067803930099465,-6.905027936859181,-0.5816641997292984,0.0,0.14238838704898976,-3.7236741550466053,-0.4022751366533759,0.0,0.1149482056279742,-2.8565947396359364,-0.3401351503493815,0.0,-0.3003586847869944,-1.9937535084067777,-0.19000773730458131,0.0,-0.4520685922273723,-4.475910116148658,-0.5489118000419669,0.0,-0.3455394865293358,-4.678970282649901,-0.6153421534930403,0.0,-0.20119442467470808,-3.6987619917143904,-0.49026460513568,0.0
0.0,0.0,0.0,0.0,0.1994752322411569,-0.17868990398030526,-0.11914739589263715,0.0,0.4705881737515916,-0.8239125144074709,-0.23115150023275735,0.0,0.49388544839017384,-2.4874936629618456,-0.5169627392069269,0.0,-0.056345807627876505,-4.013205438899592,-0.7957742534889033,0.0,0.9810703349401577,-2.958160347792192,-0.20240066236201076,0.0,1.2286745272222914,-4.559354611798208,-0.4267771041318686,0.0,0.7592899078810866,-3.2874993838349473,-0.37510214265054825,0.0,0.5373305732952326,-2.655952647345602,-0.33045158367239774,0.0,0.7383332923815724,-4.7005088232263565,-0.28737951052218397,0.0,0.7822441440386436,-5.619272270693292,-0.42867121956204796,0.0,0.3934610943729975,-3.2054750677040635,-0.30534325937239837,0.0,0.2796675875879287,-2.529679377500056,-0.26585606442561865,0.0,0.05146262710033958,-3.612365272578502,-0.2813637360968219,0.0,0.14471357803615292,-7.103048745943815,-0.6607475073104173,0.0,0.0977995882333571,-3.7727527791882998,-0.4122474072781205,0.0,0.06827557326524325,-2.8871485536165777,-0.33673597258247195,0.0,-0.31797476946152226,-2.0185316645148954,-0.24020664951442727,0.0,-0.513894187235098,-4.482578400568168,-0.5957917572705512,0.0,-0.42499614947996145,-4.697459464598157,-0.6230983029006227,0.0,-0.2883043207849783,-3.7137234641975434,-0.4800036657317052,0.0
0.0,0.0,0.0,0.0,0.20118703570981883,-0.1783081114434566,-0.12624378395261499,0.0,0.4724912150103949,-0.8093474489797376,-0.24494233945932087,0.0,0.501927254529795,-2.4457611151284473,-0.5464947303804406,0.0,-0.03140600320611328,-4.09984724621471,-0.869809990571572,0.0,0.9570591045891099,-2.9212888936176076,-0.2038327927295482,0.0,1.2245201500843141,-4.677695504855803,-0.44844866150344836,0.0,0.7393107630936006,-3.3110785338204143,-0.388053588586315,0.0,0.5197137688065313,-2.6581410111118022,-0.3392625536202373,0.0,0.6987854016828593,-4.658863213041327,-0.27133671412298294,0.0,0.7382244013546587,-5.612105457482392,-0.4190328632207214,0.0,0.3769625000327243,-3.1999327502782298,-0.3011861647168258,0.0,0.2763811890985298,-2.539815208414966,-0.2641325939095542,0.0,0.022683212411143003,-3.5817310626671426,-0.2569649187020842,0.0,0.0870638890525196,-6.904290024730028,-0.6186324852775044,0.0,0.07033811283122887,-3.7315515291343186,-0.39988090206770116,0.0,0.05485856190244462,-2.8871922378694013,-0.33182055275999,0.0,-0.32953329187380304,-2.0240666717187055,-0.22131727886466088,0.0,-0.5351694968300598,-4.4903987454363605,-0.570820109440323,0.0,-0.44234562851908865,-4.703087898656193,-0.6057957092558044,0.0,-0.2919812670603646,-3.7492188567918947,-0.4718793406059403,0.0
0.0,0.0,0.0,0.0,0.19482971793612466,-0.17622591117374498,-0.12090666230805278,0.0,0.4572585492044263,-0.8375787321903366,-0.23197102267017894,0.0,0.4400014041383285,-2.493511479331572,-0.5092458792593594,0.0,-0.14751647836682416,-3.7689514006337848,-0.7355439007629332,0.0,0.9304886211230012,-3.03450162217014,-0.18663672057730865,0.0,1.1250743475149934,-4.568341340250251,-0.3898159751230622,0.0,0.6781602264248907,-3.2914956271520954,-0.34879170234148266,0.0,0.466031168112341,-2.661362284569907,-0.3115934879405344,0.0,0.6488683701289674,-4.763115404362202,-0.249458104071828,0.0,0.6810793455819588,-5.649331874157698,-0.3838677107972668,0.0,0.33361571937943807,-3.221837972472475,-0.2852138022373324,0.0,0.2273842402147142,-2.541682933526668,-0.2535608202935814,0.0,-0.02076450383339498,-3.623804084679043,-0.24299173007840455,0.0,0.008877376536896273,-7.162009983679259,-0.5928197514224206,0.0,0.025449220082468724,-3.8055236512623614,-0.3876382273643919,0.0,0.00656948000735224,-2.910479566669096,-0.3250058113870149,0.0,-0.3561262852419977,-2.032445013467757,-0.21464285677023642,0.0,-0.5972837414782012,-4.561340452225654,-0.5472197086736416,0.0,-0.507044240770647,-4.771361874246814,-0.5865601725678131,0.0,-0.3450198625341661,-3.7362085354583208,-0.4570860608692647,0.0
0.0,0.0,0.0,0.0,0.2051386351994795,-0.17932226610695973,-0.13534609810245615,0.0,0.4763050904158752,-0.8416204876724632,-0.2570722008281285,0.0,0.45492274726510795,-2.4752065678574393,-0.5542392316693205,0.0,-0.14997712675561586,-3.542057366240299,-0.7563564198241465,0.0,0.9297903892127063,-2.9863060792281813,-0.1588591088169979,0.0,1.1318921408189466,-4.611382000399604,-0.35597978438829964,0.0,0.6780068805976361,-3.3086406391652865,-0.33091688768103567,0.0,0.4695508507292432,-2.6653954589887827,-0.30171240861423965,0.0,0.6249637051985418,-4.60596296220286,-0.17298061950564578,0.0,0.6437314116937253,-5.617425597487448,-0.3140634772918164,0.0,0.32130666179478384,-3.2151169784969698,-0.26194595087615374,0.0,0.22909689316661774,-2.544138686905197,-0.24373499449650052,0.0,-0.029808430272139964,-3.5017895961368075,-0.16523159383553576,0.0,-0.02926851328862432,-6.931472186303527,-0.4908647172495684,0.0,0.011040351610093554,-3.7358818550098705,-0.3678352665229785,0.0,0.008340376939003595,-2.875182654542159,-0.32356510184967985,0.0,-0.3542787184858728,-2.0173525274025854,-0.16044133394236623,0.0,-0.6030998370246903,-4.506956373037702,-0.46932810082228543,0.0,-0.519728454064121,-4.731543141343364,-0.5473337919787398,0.0,-0.34771583179361165,-3.75954259871554,-0.45163284024386213,0.0
0.0,0.0,0.0,0.0,0.19766503110298206,-0.16969503943246825,-0.12569138954520365,0.0,0.4661835353970573,-0.8111169649508497,-0.23668221298074785,0.0,0.4689307076263141,-2.4394513322919953,-0.5131140408773892,0.0,-0.117075742735378,-3.6445023292699164,-0.7258917436541799,0.0,0.9558300185414023,-2.991432958542337,-0.16023833028102105,0.0,1.1551927728156042,-4.509339178902278,-0.34670191749736823,0.0,0.7018610409990369,-3.2799649848439225,-0.32147933634254255,0.0,0.48417877367410517,-2.6616289114312206,-0.2936691630980891,0.0,0.6801717176907086,-4.714140186503695,-0.20078252168064553,0.0,0.6996748766912952,-5.603475729493057,-0.3367707657508417,0.0,0.34766064742564,-3.2113174722595397,-0.26855087909434516,0.0,0.24216245839552109,-2.5398538181997683,-0.2453132959433229,0.0,-0.0003418307664061191,-3.5815844074173095,-0.19976131249953077,0.0,0.02642244153759534,-7.013258855682825,-0.5403646836139068,0.0,0.03880702156381026,-3.749528711046727,-0.3766903957001725,0.0,0.025351064868342044,-2.8722049164660755,-0.3219012734307425,0.0,-0.3441802549440212,-2.0228557921616797,-0.18543169754520197,0.0,-0.5765124063633893,-4.482678695728367,-0.5144835925332729,0.0,-0.49148232401956327,-4.675384963335574,-0.5723951864359679,0.0,-0.3309362126065734,-3.7083947368021692,-0.458998914938576,0.0
0.0,0.0,0.0,0.0,0.19959215632136176,-0.1722085493004604,-0.1346458484133499,0.0,0.4693955766647934,-0.8091868496925431,-0.25745856441955955,0.0,0.47098033329518435,-2.4043943545942423,-0.5590357921800398,0.0,-0.10287051535056205,-3.639582201538872,-0.8076058517371815,0.0,0.9510715448086077,-2.9823197641140053,-0.19286568064641577,0.0,1.159156868410467,-4.571398212157007,-0.40082145174509226,0.0,0.6989623181950145,-3.2924407765385,-0.36023004022488314,0.0,0.483450943677549,-2.6561036566598535,-0.32295548253970663,0.0,0.6624186505952422,-4.6504017212987545,-0.2326136769985339,0.0,0.6862764967968609,-5.5901881400765605,-0.37496633652528055,0.0,0.3452044595056871,-3.20668136974529,-0.29201792575743135,0.0,0.24516494180510115,-2.534496185057981,-0.2638934748877498,0.0,-0.008796218065400135,-3.506781033459636,-0.21454011473194678,0.0,0.019791244285538995,-7.011396815210611,-0.580078685995978,0.0,0.03454930630650057,-3.738296072227578,-0.40511486409186365,0.0,0.02398542338688062,-2.858428937387435,-0.34555506713122397,0.0,-0.3420982524940936,-1.9991878533247667,-0.1919171102383618,0.0,-0.5726095860554612,-4.510582667254542,-0.5388201961280827,0.0,-0.48625055705380466,-4.710044868898254,-0.6088097208604939,0.0,-0.32264042237666585,-3.7114301520736657,-0.48897017298168705,0.0
0.0,0.0,0.0,0.0,0.1955429479621896,-0.17456974629239339,-0.1320368304094237,0.0,0.44444757761623505,-0.7858365361661277,-0.2539327007854175,0.0,0.4234129198584022,-2.274586925177078,-0.5472731460823763,0.0,-0.13121660345883446,-3.6823093146256842,-0.8423002048945436,0.0,0.9548561111220277,-3.052948332877358,-0.1981939096459333,0.0,1.0772384558479549,-4.488156238262056,-0.394257445866104,0.0,0.6427800537494822,-3.254977835679383,-0.35482929775426925,0.0,0.4395834478169042,-2.6474988703993194,-0.3193180205707432,0.0,0.6781071623363341,-4.806808369955193,-0.24618425973096264,0.0,0.620559030070149,-5.541537726389371,-0.3785163214166954,0.0,0.2981131761466529,-3.203209617424032,-0.29297013754819795,0.0,0.20039959088952541,-2.539399040744183,-0.2645058685455923,0.0,-0.014453758757169066,-3.6479756916036132,-0.22689059412846446,0.0,-0.0029924345967239155,-7.214830332259814,-0.5901854941560177,0.0,0.01158399813579994,-3.8113819273622487,-0.40099762913118103,0.0,-0.0020581046931523973,-2.9043637480155313,-0.33882834915923127,0.0,-0.3553873998982687,-2.0208323097252348,-0.19552354308776673,0.0,-0.614734995255214,-4.480584652166171,-0.5327611042852534,0.0,-0.5524198339545102,-4.699357716134968,-0.5949356066643994,0.0,-0.3931341442558405,-3.7272566691679407,-0.47520961461792016,0.0
0.0,0.0,0.0,0.0,0.2058692105900408,-0.1715238056733859,-0.13358682522638587,0.0,0.46413625799381314,-0.796650241339508,-0.2523962450572888,0.0,0.44706664566393794,-2.302777887811268,-0.5370692277261184,0.0,-0.11660736622314145,-3.5463888785400948,-0.7942574252482649,0.0,0.9224038062783525,-3.005264644132085,-0.20221028460117063,0.0,1.0748774728971475,-4.498332525748931,-0.39895774630898856,0.0,0.6460742095970515,-3.255910068285694,-0.3564113935209934,0.0,0.44370849312340266,-2.643290263497105,-0.32088731714245006,0.0,0.6065971610365917,-4.6145467048090945,-0.2523320311601193,0.0,0.5991977027652006,-5.511873174807676,-0.39207978315217246,0.0,0.2932388906751266,-3.176794031100971,-0.3055555243303798,0.0,0.20220315952711504,-2.514378776481106,-0.27645849846985576,0.0,-0.05471631835511288,-3.4206422854592624,-0.2326530056675594,0.0,-0.08297751702261846,-7.015361448215758,-0.6345825091408083,0.0,-0.015957298823209943,-3.734947383548972,-0.4440202470492633,0.0,-0.011815832293435592,-2.8501171553975055,-0.3775632273484819,0.0,-0.3664487223895719,-1.9148879563167298,-0.2027089850487093,0.0,-0.6357591048699995,-4.337539658379077,-0.5682883454447614,0.0,-0.5643885882726334,-4.578178214235208,-0.6530664651469024,0.0,-0.3897222661852024,-3.6267203977947338,-0.5288165738653886,0.0
0.0,0.0,0.0,0.0,0.19705969441968874,-0.17350678467614786,-0.13765388408532855,0.0,0.44327316799741284,-0.7872252567766906,-0.259289260471246,0.0,0.41255044703602617,-2.253735646327392,-0.545639086533234,0.0,-0.15270376749941528,-3.679980547367685,-0.8349458420178456,0.0,0.9281439247267547,-3.0814095284576304,-0.1663946482288889,0.0,1.037184519502792,-4.496183475053398,-0.3446223049624999,0.0,0.6195045287912992,-3.296056919624516,-0.3292912290732545,0.0,0.41746002552671024,-2.6801195989788362,-0.30441333051892505,0.0,0.6144136981654273,-4.772806984474171,-0.18199865014743874,0.0,0.553038775007744,-5.481913899005683,-0.31054914083365975,0.0,0.2644555017829839,-3.1894447792893494,-0.26782214360035644,0.0,0.17386571661289055,-2.5296265414504266,-0.2515209896010978,0.0,-0.06439236842966081,-3.5524454248895405,-0.16873515721609775,0.0,-0.09961122957137364,-7.1231540778601925,-0.5237546641295365,0.0,-0.035205966569571666,-3.8030344513178362,-0.39642591399242466,0.0,-0.03830145391134332,-2.8990934117682206,-0.3458330518805459,0.0,-0.38178743274470506,-1.982325566449596,-0.15730791374850878,0.0,-0.6696268045989368,-4.444436319278383,-0.48783471443664017,0.0,-0.6016452925749538,-4.609763847968578,-0.5737865110611697,0.0,-0.42865810836497215,-3.644933133332681,-0.47138813753866227,0.0
0.0,0.0,0.0,0.0,0.20559956083664674,-0.17256766336691032,-0.13995070978556265,0.0,0.4536377910241826,-0.7922085036607581,-0.2631996475506578,0.0,0.4065431690350744,-2.2104566749886736,-0.5441210508894126,0.0,-0.15272711861004465,-3.3598913039893032,-0.7906230140677533,0.0,0.9021140881984854,-3.051543333123978,-0.20557210420195113,0.0,1.0381366080699514,-4.503479727866352,-0.4004303725790671,0.0,0.6180625870710701,-3.261439476528258,-0.3610222338534868,0.0,0.4189670856321219,-2.6420455890130152,-0.3254524512230649,0.0,0.5682289568614733,-4.653343247426327,-0.23852753362316548,0.0,0.5443723496526546,-5.435473360090846,-0.36796107515549664,0.0,0.26309617031419924,-3.158732356276955,-0.2975671351913479,0.0,0.1772800759492189,-2.500166731628889,-0.27263888466244346,0.0,-0.08789129095542021,-3.413253988661583,-0.21004932304997592,0.0,-0.13593105672340494,-6.976584698873049,-0.5948089649806215,0.0,-0.049621558054002396,-3.718620840421031,-0.4334701662272509,0.0,-0.04331692572239169,-2.8375172941574784,-0.374594817680122,0.0,-0.38417604799413624,-1.9057000407568914,-0.18299155010445772,0.0,-0.6736674960093098,-4.330362947488219,-0.5311838669282276,0.0,-0.6105107586486197,-4.6031207417765385,-0.6313004558924634,0.0,-0.4300764867880249,-3.6296776410080582,-0.5176776554678455,0.0
0.0,0.0,0.0,0.0,0.20707419263788818,-0.16725785375980293,-0.15155144842087784,0.0,0.46095732212266866,-0.7856667977979893,-0.282089893178229,0.0,0.43846737715058354,-2.211658923445225,-0.5758324054426767,0.0,-0.12470655297056525,-3.249260784490283,-0.8040962121576254,0.0,0.9166848385707939,-2.990050889275962,-0.20421975621718705,0.0,1.0884335406402301,-4.5400969935346245,-0.3958029451945608,0.0,0.651390154288152,-3.2653906309293825,-0.3579700323755773,0.0,0.4478583375296249,-2.635545378039023,-0.3240862582022112,0.0,0.5905038000979481,-4.501836646825956,-0.20769509354519053,0.0,0.5905639250450202,-5.450364216531301,-0.33028823417995823,0.0,0.2904377434343295,-3.165610438487023,-0.2826885589679434,0.0,0.20026616649591375,-2.506356054053612,-0.26684642991993784,0.0,-0.060868355293306205,-3.342608034765358,-0.1733574998645084,0.0,-0.08348279336402527,-6.921297132051311,-0.527849609270565,0.0,-0.02015890951715635,-3.705772964228306,-0.4176776232923732,0.0,-0.019207553875444892,-2.8289893959461927,-0.3728755039341329,0.0,-0.37250741307448104,-1.930183103015195,-0.15673895845296953,0.0,-0.6410057158040434,-4.390052043315706,-0.4845463074233254,0.0,-0.5589764573294083,-4.587596569494056,-0.5980858958537559,0.0,-0.38066253234205594,-3.6234812884077336,-0.5081503072522847,0.0
0.0,0.0,0.0,0.0,0.20556803858953998,-0.16809559400024263,-0.1505777955686253,0.0,0.46329815540718255,-0.7811089021347105,-0.28298964724059095,0.0,0.4410560374237458,-2.2229859316049416,-0.5867633578895607,0.0,-0.12410397810903251,-3.3155068680020476,-0.8318212300742296,0.0,0.9231320675385275,-2.96495139045905,-0.2164443346867665,0.0,1.104952447252487,-4.526550661020543,-0.42035372943609906,0.0,0.6598723577486777,-3.265483799483753,-0.3755519824164528,0.0,0.4508148386958477,-2.6361365006532114,-0.33637561310777,0.0,0.6066715249005222,-4.513776103497391,-0.2286042938704867,0.0,0.6110302069502684,-5.472458686906573,-0.35946190420303703,0.0,0.30008835569343695,-3.1654516103439585,-0.29441822817394553,0.0,0.2068927178728341,-2.504718268032477,-0.2728643370503111,0.0,-0.04949552930728658,-3.378373335066767,-0.18920685000363718,0.0,-0.05889298940790834,-6.9257948734246995,-0.5502871526829303,0.0,-0.006859579283798002,-3.718416475659658,-0.41946416908673195,0.0,-0.009857843707896503,-2.8421720425849917,-0.3695433307559222,0.0,-0.36561732887168336,-1.9438955617093707,-0.16545088498441005,0.0,-0.6225550835714495,-4.433319792452749,-0.49902764135009225,0.0,-0.5430248973085692,-4.629274143523203,-0.5997324303817451,0.0,-0.3739156707210551,-3.6396846237988156,-0.4996657622948777,0.0
0.0,0.0,0.0,0.0,0.20462670793782103,-0.1669404576799132,-0.14488699777670194,0.0,0.4592857259409976,-0.7913271399782998,-0.2736806824209361,0.0,0.4549138912949393,-2.2975495536584267,-0.575003436627869,0.0,-0.09698630070074783,-3.713320036286589,-0.86867174309101,0.0,0.9480293895160269,-3.026810796801982,-0.21550052254937807,0.0,1.1422551358788389,-4.59110370015885,-0.4286753094602732,0.0,0.6845302574774422,-3.298920560756641,-0.3838811379999581,0.0,0.4688648761532015,-2.6520453681439418,-0.3430203519843361,0.0,0.6450520034356039,-4.623170796019711,-0.23720702357647805,0.0,0.657736877737224,-5.5039266662388275,-0.37306791554973423,0.0,0.3341945839793302,-3.1953138623325614,-0.3027924928537723,0.0,0.2374334038408433,-2.5210050669043564,-0.2778410538283695,0.0,-0.026689530500023734,-3.419131861916171,-0.20076410732332192,0.0,-0.008157839715561624,-6.960416743456221,-0.5795326487615072,0.0,0.024269612146037924,-3.7389677091913467,-0.4300253244237173,0.0,0.01823477129545109,-2.851452603092156,-0.37341154495690243,0.0,-0.3514959808570018,-1.945267891982591,-0.17439744182098724,0.0,-0.5958480195798612,-4.425069988005367,-0.5262501379606734,0.0,-0.5122126649768989,-4.626846207388328,-0.6242709620472445,0.0,-0.3423098417431933,-3.6444453719957366,-0.514524327933489,0.0
0.0,0.0,0.0,0.0,0.2066901715166012,-0.1676122603476008,-0.14338788138657715,0.0,0.460580029228194,-0.7964951239124137,-0.26564685813373506,0.0,0.44727811062483114,-2.3191745363703373,-0.5507641330978292,0.0,-0.11861600027924261,-3.4955165621792252,-0.7750496301504951,0.0,0.9507599463595662,-3.032306750653891,-0.1809297261708544,0.0,1.139524627454417,-4.583137370572724,-0.3684319847333227,0.0,0.6851078987253996,-3.298936198939008,-0.34042508793758314,0.0,0.4708684471447302,-2.659042571876008,-0.30991268308257625,0.0,0.6474422912893468,-4.640478710708183,-0.17957248757827793,0.0,0.6563454690575645,-5.509140929753483,-0.3008871392021704,0.0,0.33299896838809423,-3.19010538409077,-0.2614310127891375,0.0,0.23751028623615378,-2.52307106471462,-0.24701681369767178,0.0,-0.02555198281134541,-3.4402779142149496,-0.15180050993617752,0.0,-0.010103600858153967,-6.932837756724362,-0.4776503130707743,0.0,0.022810071180979406,-3.734483233273871,-0.38150769402508833,0.0,0.01734213612651415,-2.8561362705781157,-0.3404270388448003,0.0,-0.35117268524988027,-1.962213307578948,-0.14116752300186716,0.0,-0.5975418452472642,-4.447706701921269,-0.4475455514651749,0.0,-0.5138042097132776,-4.624418330788296,-0.5441222827575862,0.0,-0.34412224024297,-3.6582372089373782,-0.45857275452308055,0.0
0.0,0.0,0.0,0.0,0.20398299338612105,-0.16577149185570358,-0.13519254839090877,0.0,0.46309661798991675,-0.8065939700985529,-0.2500957381576266,0.0,0.46177468808229544,-2.430714845252423,-0.530041415496679,0.0,-0.11864368796125352,-3.5109496509083824,-0.7166188049285814,0.0,0.9647730467525925,-3.0424290055628447,-0.15639358562591038,0.0,1.1642656567680096,-4.602582702156345,-0.3344037344561197,0.0,0.7028225542273708,-3.3212784439256082,-0.31776329255174596,0.0,0.48145682043278765,-2.6732047964093826,-0.29319552652545505,0.0,0.681817063007448,-4.736909863655559,-0.16206469518424044,0.0,0.7024918001530208,-5.570199497096313,-0.2804477538278841,0.0,0.3612726354423549,-3.2289404472416803,-0.24816312755101214,0.0,0.2577152013459138,-2.547272835451411,-0.23609233613855155,0.0,-0.0036853744659221146,-3.561225837179477,-0.15021283937788227,0.0,0.03134170959167325,-7.044511940649683,-0.46308698415286303,0.0,0.04782142437541823,-3.779310403702332,-0.36326307780062006,0.0,0.03580692702352024,-2.88795818054965,-0.3238734929932859,0.0,-0.34726972746916135,-2.036808033217281,-0.14678092091208764,0.0,-0.5793804857582417,-4.546521489202062,-0.4438943858244729,0.0,-0.4815736021674256,-4.610315545769641,-0.5148525573335323,0.0,-0.32057838362233715,-3.6506391572742514,-0.4316517823803111,0.0
0.0,0.0,0.0,0.0,0.20867791184574483,-0.16944215551287656,-0.1409849197199355,0.0,0.46464919618312167,-0.8097712401372187,-0.25899805199343506,0.0,0.46640730047184914,-2.4135701917923433,-0.5415001068091445,0.0,-0.09521773182752558,-3.6729978375196315,-0.7551082689119478,0.0,0.971157083278007,-3.0143557521277886,-0.13068011942013175,0.0,1.1802043300474827,-4.587880553797371,-0.2961912845913696,0.0,0.7181596076389233,-3.329282377609127,-0.29348273583010376,0.0,0.49530815005310436,-2.685209717872281,-0.2764194571306602,0.0,0.6833727307516312,-4.6063272549000205,-0.10915567805465322,0.0,0.7141715119636799,-5.535469594722927,-0.23211097525986363,0.0,0.36875459295496915,-3.2171293392065503,-0.22837183540355394,0.0,0.2655734376795632,-2.545678461466804,-0.22473771653328448,0.0,0.005261830995603082,-3.4796189307434897,-0.10415240605022481,0.0,0.04527593589134407,-6.965056454013191,-0.40920763047263636,0.0,0.054674189977781,-3.7504911657825466,-0.35289093851542125,0.0,0.044248827176936234,-2.864148175978757,-0.321572638885045,0.0,-0.3401954561503829,-2.0173591307210104,-0.11548897644718682,0.0,-0.5665621418661946,-4.494806763723673,-0.40462983181697804,0.0,-0.4770619117911017,-4.598242565225239,-0.5044385125936924,0.0,-0.31394845857506715,-3.659997926558649,-0.43640988917868345,0.0
0.0,0.0,0.0,0.0,0.20721292209306513,-0.14551968135096585,-0.15977650578071487,0.0,0.4719539030430923,-0.744911565377033,-0.2954783445477979,0.0,0.500341853489504,-2.248349982202557,-0.6127363114715402,0.0,-0.04008533201212252,-3.383335108327723,-0.8457996082980054,0.0,1.028026336877751,-2.9172596354575124,-0.1829161160154224,0.0,1.2608327203908063,-4.523120144937202,-0.35878752760758975,0.0,0.7646877488403946,-3.2971201027093886,-0.33647472298049164,0.0,0.5245452966673588,-2.6595592042787204,-0.3084083536143823,0.0,0.771045227182939,-4.527834637040647,-0.14235408060363391,0.0,0.8047591479341537,-5.394714391296378,-0.2475531039712702,0.0,0.421662771071817,-3.1833491539905303,-0.23696683862905935,0.0,0.30458456302737535,-2.53092645671343,-0.23217005913795025,0.0,0.06716964051253416,-3.4622165137809238,-0.0991905631808719,0.0,0.14815371042089276,-6.7581109560751615,-0.37611092380659583,0.0,0.10586270711205203,-3.7242331062247525,-0.3409816588832143,0.0,0.07703829962327136,-2.864504567439031,-0.3172449017616044,0.0,-0.3073791815444676,-2.041928647218475,-0.09763830062982785,0.0,-0.4873072605311136,-4.528025416407456,-0.3565595270356231,0.0,-0.4019943846013755,-4.54964829125843,-0.44843528764145685,0.0,-0.2689193047317918,-3.6181394658627664,-0.3956759279364625,0.0
0.0,0.0,0.0,0.0,0.20839098749096088,-0.14738565618459387,-0.13294722255285868,0.0,0.4681956977080505,-0.748496469580392,-0.2437373182171246,0.0,0.4941206859811058,-2.226102821138058,-0.5027225495830704,0.0,-0.012795398452610232,-3.4198779627567504,-0.7167822936703788,0.0,1.0070377765618814,-2.952700944090603,-0.17734070759969034,0.0,1.2447620170589164,-4.553484795708463,-0.36608747774809075,0.0,0.7508152860131917,-3.284223716581133,-0.3342843765289683,0.0,0.5135454525990073,-2.653725391607094,-0.3039357243529316,0.0,0.7542591184394462,-4.616679142465049,-0.19908733043901838,0.0,0.7942961121652938,-5.437739827916641,-0.31848927693616885,0.0,0.41377056030260856,-3.166974995814586,-0.2667936508921051,0.0,0.2978090604270047,-2.512926831863519,-0.24845363174455556,0.0,0.04872052224309227,-3.487621902168501,-0.18105344313264007,0.0,0.13956079721767084,-6.846789626375413,-0.5119629980319479,0.0,0.10975706956819851,-3.693240250524005,-0.38976855338222827,0.0,0.08446105320423582,-2.821036190058452,-0.3411463322786844,0.0,-0.31720125838218294,-1.9869940201529166,-0.16464442359126194,0.0,-0.5032736110508835,-4.460737683302001,-0.4866932184524704,0.0,-0.4082690345521021,-4.574144596283114,-0.5656007813281724,0.0,-0.2619647279081641,-3.6116533599908456,-0.46809234104522257,0.0
0.0,0.0,0.0,0.0,0.2100039965020416,-0.15453643205170647,-0.1436151127951015,0.0,0.49095685166228836,-0.7635582925583068,-0.2637661481214686,0.0,0.5154196806460722,-2.25231587509247,-0.541776165523214,0.0,-0.03221635654010458,-3.2837050561881664,-0.7306536044207257,0.0,1.0200652197434874,-2.845155100565881,-0.16219790773170148,0.0,1.317177796567702,-4.552991494278619,-0.35326053636563165,0.0,0.8098166891218337,-3.3100846073856793,-0.3351259747682126,0.0,0.5614860971691004,-2.660702077422717,-0.30683066116313595,0.0,0.784172793832176,-4.501457575158063,-0.15992225648070912,0.0,0.8543564255403737,-5.509314682136111,-0.2851401164679076,0.0,0.44610370593059656,-3.194702466702015,-0.25885628730860244,0.0,0.32487081797974465,-2.529685587286853,-0.24899225427520089,0.0,0.08294316095510365,-3.53567809254882,-0.14328885750421397,0.0,0.19802833245281076,-6.72802245547437,-0.443302658270552,0.0,0.13456563157993923,-3.6745793741219934,-0.3698458669474401,0.0,0.09997229419618928,-2.830459875104613,-0.33695708576597927,0.0,-0.3028818708779808,-2.0794264031315643,-0.1391228577242467,0.0,-0.4575699560262725,-4.577603861907978,-0.4282659067992201,0.0,-0.35524270709117467,-4.543473232784656,-0.5012583167927402,0.0,-0.22607058763831386,-3.595525206540221,-0.42856405707369355,0.0
0.0,0.0,0.0,0.0,0.2028199635098846,-0.1543374602807427,-0.1279073377505534,0.0,0.48059634156910963,-0.7522486353784201,-0.2387625706977018,0.0,0.5223467146437144,-2.2214306082488084,-0.49941589691169463,0.0,0.021046995534402535,-3.452586651610485,-0.729197798847198,0.0,1.0169569418249877,-2.9106239671178162,-0.19534352902961286,0.0,1.3129514360316994,-4.578865318780949,-0.40490450904708764,0.0,0.80617093649223,-3.292388111491595,-0.35907217049263285,0.0,0.56486118283531,-2.6604504330338274,-0.3211231508708153,0.0,0.7893305548905504,-4.635164492996033,-0.24696708814111776,0.0,0.8562799381723813,-5.4897484924780064,-0.37360983923924024,0.0,0.4480683691521281,-3.1713960445695593,-0.292593206427217,0.0,0.32594846556892415,-2.5152502243069326,-0.26609498725445674,0.0,0.08524102948052013,-3.5620216893707384,-0.22973446546949058,0.0,0.21483904011325777,-6.721729171141967,-0.5621879474343706,0.0,0.14423366018398162,-3.6452571150133344,-0.4050419795136257,0.0,0.10981637952546959,-2.804082319710217,-0.3507924502638652,0.0,-0.294009721906343,-2.0327063683156337,-0.19917450315890062,0.0,-0.44494654924897853,-4.543314050783846,-0.5440465455604971,0.0,-0.33986806381646495,-4.649666052037637,-0.6065376806732258,0.0,-0.2038636692852012,-3.667987024431542,-0.4916585562307005,0.0
0.0,0.0,0.0,0.0,0.20291732995411843,-0.14094015246477057,-0.13701582498730244,0.0,0.487964295347829,-0.7185571588716213,-0.2558932659414894,0.0,0.5481355541095055,-2.1367415501103673,-0.5329939385124488,0.0,0.06811418073008446,-3.326463919064581,-0.7800755137238589,0.0,1.0422455849600396,-2.8873369506982103,-0.2232614058103793,0.0,1.3488674349782201,-4.602607792630242,-0.4559328001709849,0.0,0.8217872500755166,-3.2922563989970826,-0.3969700686370811,0.0,0.5735306388495965,-2.6465539644458302,-0.3494401015218541,0.0,0.8272345095172998,-4.621185560133956,-0.2743974607373122,0.0,0.8891495035678947,-5.4995405194983915,-0.4086482429644466,0.0,0.4619672941126385,-3.1724239723069316,-0.31207800878423053,0.0,0.3368001708908284,-2.513633037089986,-0.280968779769332,0.0,0.11169507471393762,-3.5911702229671767,-0.2446078736078008,0.0,0.26511027179886537,-6.721365893701264,-0.5884391359711383,0.0,0.17007238321222395,-3.6523173542460556,-0.4151503845031264,0.0,0.12976730418288535,-2.8152418222757656,-0.35724762360422785,0.0,-0.2859846792496196,-2.063200415181474,-0.20713053002486528,0.0,-0.41544367728076353,-4.600649356381008,-0.5554189370713807,0.0,-0.3076692040279564,-4.587033354066104,-0.5952225743164221,0.0,-0.18621925584516996,-3.6212539846747918,-0.4804752244940686,0.0
0.0,0.0,0.0,0.0,0.19998240601104786,-0.14400553933788865,-0.12365438383255649,0.0,0.4768326115479705,-0.736445836559997,-0.230976849630905,0.0,0.5273028426422812,-2.183159935725055,-0.4821681330223118,0.0,0.06044352376103955,-3.5398506394915663,-0.7282217156274063,0.0,1.046248334885904,-2.93159155932525,-0.19849929573568129,0.0,1.3395457921787342,-4.5677524409311685,-0.4108221060236738,0.0,0.8264931363507206,-3.293278399522522,-0.3628667114519755,0.0,0.581273189609441,-2.667248652235284,-0.32419546787970926,0.0,0.8411577774747508,-4.719539505025391,-0.26510985379704843,0.0,0.8849963483340199,-5.471108586880993,-0.3928524187698109,0.0,0.4627372408983603,-3.1603615901685926,-0.2990982845386504,0.0,0.3357308584427568,-2.505529495910522,-0.2677284286696085,0.0,0.11740906061201242,-3.6143402684053676,-0.2516626324791392,0.0,0.2612173658519246,-6.681977467498724,-0.5913134940106284,0.0,0.16949273821376115,-3.6394693238411375,-0.41304451127625824,0.0,0.13019657413421118,-2.7964758381589627,-0.35124642089297925,0.0,-0.2785180901928176,-2.04008700158732,-0.21590123088602248,0.0,-0.4148273779808484,-4.536037225012923,-0.5809452167725004,0.0,-0.30971422904771273,-4.667524542162207,-0.6401051600158826,0.0,-0.17600969796375948,-3.6843824863311805,-0.5114953050015943,0.0
0.0,0.0,0.0,0.0,0.2071654162706299,-0.13767329852600693,-0.1319413611140892,0.0,0.49040542467517373,-0.7011492465303959,-0.24404110210418242,0.0,0.5547705770409995,-2.0679995580619175,-0.5028846992072941,0.0,0.0943773411454128,-3.2422371999766058,-0.743479908041978,0.0,1.0537130064836049,-2.875907428959338,-0.21245080436837824,0.0,1.3700797501706639,-4.588914258748114,-0.4380368263641799,0.0,0.8404968762534554,-3.306139798066877,-0.38711813450336885,0.0,0.587572333800732,-2.6619004723500983,-0.34385614495223454,0.0,0.8468012353280676,-4.611287717852122,-0.2719154950079494,0.0,0.8979343574839954,-5.446802773561997,-0.4029663789926904,0.0,0.4681695052281302,-3.151907960872657,-0.3127314966130343,0.0,0.3408900980325447,-2.4976526708079647,-0.2832915121958984,0.0,0.1278488910249948,-3.5801593935594505,-0.2512050423939613,0.0,0.2920939748149942,-6.6108947805407094,-0.5944336484432621,0.0,0.18585011122211856,-3.5959759837723424,-0.4252876543331898,0.0,0.14200160723539473,-2.773030283172847,-0.367900302024482,0.0,-0.2724812620069798,-2.0412167063538442,-0.21367710311625537,0.0,-0.39347407610033264,-4.579525841750915,-0.5792483729892292,0.0,-0.2860929646179897,-4.580767863903113,-0.6299403695935057,0.0,-0.16910644239654574,-3.6084668425923003,-0.5108573609532789,0.0
0.0,0.0,0.0,0.0,0.2010614429523183,-0.14282100856688454,-0.12282936912611307,0.0,0.4778339332726911,-0.7184814900928154,-0.23195000593367796,0.0,0.5433241430704426,-2.106772719709689,-0.48536809761047933,0.0,0.09228911262408793,-3.444300450015972,-0.751019967888351,0.0,1.044574405207805,-2.9053624612209963,-0.22286901075137744,0.0,1.3431401671822418,-4.566207278498819,-0.45279730427923504,0.0,0.8231282832046415,-3.285819189137362,-0.39018050775558283,0.0,0.5749474604123276,-2.6636266483390574,-0.34447112849243094,0.0,0.8296733566647987,-4.62647778646255,-0.30917824476006145,0.0,0.8909709774869535,-5.457826072211835,-0.4500620361895984,0.0,0.4656042884197607,-3.1449688199331836,-0.3272878669400206,0.0,0.3374432266085238,-2.498700155615782,-0.2881263362759996,0.0,0.10924488902841065,-3.5282220415247467,-0.2913116430331336,0.0,0.2782398888115396,-6.665317690715547,-0.6690055655765442,0.0,0.17898677642738564,-3.607481187092167,-0.44731880472101526,0.0,0.13564351126790786,-2.7713376906207134,-0.37384503893425425,0.0,-0.2818034359148561,-1.9931208523303494,-0.24328514611948368,0.0,-0.40076445295385493,-4.552518666556231,-0.6512177697009534,0.0,-0.2923844541018742,-4.67069882580283,-0.704342191145856,0.0,-0.16670728021875603,-3.6518526207104762,-0.5516968601200138,0.0
0.0,0.0,0.0,0.0,0.20867674489931515,-0.14679426755264924,-0.13369160139068237,0.0,0.4948746787697285,-0.7152931228205748,-0.25119690720256255,0.0,0.5568364675053178,-2.086845761302539,-0.5236106496480661,0.0,0.07828949670632769,-3.143591410392331,-0.7577643169027666,0.0,1.0754334689073222,-2.8501493026284797,-0.20699872345077314,0.0,1.3970682459615704,-4.541303340127391,-0.43585015397642296,0.0,0.8678315713546422,-3.3115948265178208,-0.3944891891514161,0.0,0.6070535032484909,-2.6693038871723065,-0.35263818256833696,0.0,0.8830284315568672,-4.582576451721094,-0.2769746409603358,0.0,0.9463895859297369,-5.438800297530058,-0.4198973399803392,0.0,0.49454389101476476,-3.1545576404917646,-0.3280455279017672,0.0,0.35940521346404575,-2.4956832431783944,-0.2964360656179493,0.0,0.1500814594136819,-3.566739580373779,-0.26722446370462605,0.0,0.33826512496271594,-6.6771224499270065,-0.6419385245147653,0.0,0.2084759351083189,-3.606740082123817,-0.4538005481643112,0.0,0.15842996520886798,-2.7690717209699782,-0.3886271481146482,0.0,-0.26643256168471036,-2.0278478031641853,-0.22989773762717636,0.0,-0.368464434837866,-4.569612878732869,-0.6179893479531335,0.0,-0.26158838693860337,-4.551638284062189,-0.6657491865100091,0.0,-0.1497734074119737,-3.571447808147897,-0.5351423201507324,0.0
0.0,0.0,0.0,0.0,0.2062366225725205,-0.14123739056053383,-0.130203644529714,0.0,0.48922097330312936,-0.7039592155311261,-0.24608510115662918,0.0,0.554481556405925,-2.068638427805387,-0.5148073899063074,0.0,0.09015455545418091,-3.221022068034644,-0.7652512111043214,0.0,1.0760287512924867,-2.853456888631684,-0.22827049831153218,0.0,1.389555159734644,-4.504376669204626,-0.45697925328900246,0.0,0.8548810144973713,-3.2713775496056274,-0.39771294078625635,0.0,0.5957280877386517,-2.654619866848378,-0.3517361327179453,0.0,0.880123136782949,-4.568789703056632,-0.3071875837771921,0.0,0.9602548229216349,-5.400721599752785,-0.4439072988611507,0.0,0.5005992213125992,-3.1313230919093678,-0.3299719576703726,0.0,0.3598907593855507,-2.490262403352507,-0.2931922272663468,0.0,0.14671315914145017,-3.51347132212028,-0.28481065217539153,0.0,0.35222144809108585,-6.701317125445854,-0.6641437755341455,0.0,0.21393358756653558,-3.599914979687131,-0.44933540250482645,0.0,0.1581544031849271,-2.7624778896371374,-0.3786264785793864,0.0,-0.2651476474790453,-1.9917373728394232,-0.23688821081293887,0.0,-0.35880629299593614,-4.551886206567802,-0.6303019324934289,0.0,-0.25083936753788916,-4.638315680695695,-0.6810040254873088,0.0,-0.13913660892579668,-3.6262619376167162,-0.5376187290369198,0.0
0.0,0.0,0.0,0.0,0.19855869987195165,-0.14116541460688795,-0.13304202369354032,0.0,0.4924236508198993,-0.7032505399875484,-0.2535227947828962,0.0,0.5633596756084304,-2.091059380598735,-0.5383475621172118,0.0,0.08082051966159409,-3.2435770737406617,-0.8006135558161532,0.0,1.076988173669587,-2.8580924145488935,-0.2315142453866535,0.0,1.4011350511237044,-4.508804497191441,-0.4669812057144359,0.0,0.8732057708481379,-3.2849438761963388,-0.4111746837447294,0.0,0.6141425327890186,-2.6515236047457282,-0.36337381243909833,0.0,0.8859190665771903,-4.603781367871693,-0.31933913778785017,0.0,0.9636376931068596,-5.407710274847642,-0.4583023405728437,0.0,0.5069476690161678,-3.143686141346559,-0.3446846465877243,0.0,0.36750053116107945,-2.4854182949462453,-0.3059427835071337,0.0,0.15262340337581792,-3.5510924359748777,-0.3010671571450884,0.0,0.3651058277280804,-6.701555670908772,-0.6981691810236855,0.0,0.22290616428949137,-3.606690715613333,-0.4725299156469095,0.0,0.16895174487571216,-2.762933372233171,-0.3975067567673345,0.0,-0.2614895903863947,-2.0063468376636195,-0.2510878034203303,0.0,-0.3523604843660234,-4.549752339152616,-0.6653340034034546,0.0,-0.24166320387966575,-4.62623972234214,-0.7175149039762663,0.0,-0.13020324001499306,-3.62659886779053,-0.5688290764908647,0.0
0.0,0.0,0.0,0.0,0.1957066771370209,-0.14194445737042702,-0.1276939485780991,0.0,0.47785118194266146,-0.7044841438756304,-0.2464693839214274,0.0,0.551507774398105,-2.079194350941964,-0.5246536537251164,0.0,0.10080911395589733,-3.4032163047069734,-0.8192838236500342,0.0,1.0702962716598987,-2.8679594184236508,-0.25019772316189515,0.0,1.3944592725090925,-4.540176942743931,-0.5006255501437954,0.0,0.8594607403064172,-3.283015569261056,-0.4272875365636517,0.0,0.6013772490496697,-2.656492509025353,-0.3731154195959441,0.0,0.8797328386759459,-4.617671850591253,-0.35309824659317685,0.0,0.9621247775113739,-5.43467751215841,-0.5001102986222107,0.0,0.5059022814183971,-3.1425874157033293,-0.3555870076140349,0.0,0.3673370367024355,-2.497181171095132,-0.3097221051208157,0.0,0.1464470108873245,-3.5604945064412727,-0.32911178540484964,0.0,0.3460889431290866,-6.664171886324891,-0.726036388324748,0.0,0.21553833407497144,-3.6014752377455466,-0.47002254746632505,0.0,0.16437043464910528,-2.76822096909235,-0.38885510974259774,0.0,-0.26701798893516887,-2.0080512075817007,-0.2679561360997968,0.0,-0.35831066436147047,-4.555401232976091,-0.690778172596565,0.0,-0.24043700571177107,-4.681347541846433,-0.7344780079015063,0.0,-0.12034173470548411,-3.66378769839924,-0.5713293398364419,0.0
0.0,0.0,0.0,0.0,0.2048458698278115,-0.15226476666701336,-0.12977704996182643,0.0,0.5003234312254378,-0.7216753240991799,-0.24507573428933602,0.0,0.5811307329922023,-2.144037764792862,-0.5202316970291084,0.0,0.10304958098817256,-3.323696772314831,-0.7740634142782185,0.0,1.0917918827914317,-2.8557803146880314,-0.2133956514110432,0.0,1.4108744473398942,-4.5381978861987795,-0.43932845477534843,0.0,0.8729733944143677,-3.2930551717214813,-0.3921376729862051,0.0,0.6118784463961904,-2.652785990702062,-0.34894728862017516,0.0,0.9063635774677334,-4.607832664718769,-0.29451212459385406,0.0,0.9844624414684536,-5.484148775410397,-0.42971721650411004,0.0,0.5144772275129349,-3.1663726695384278,-0.3295445014891021,0.0,0.3739589704512394,-2.497105789828622,-0.2957769558413704,0.0,0.16638769633204223,-3.5350101398748692,-0.2797794977836775,0.0,0.3827551689223936,-6.805701325300876,-0.6599655953478216,0.0,0.2322646937737165,-3.635050500053756,-0.45198528877668515,0.0,0.17676267287090555,-2.7777533845130984,-0.3834720889828053,0.0,-0.2505779576447487,-1.9865503625633185,-0.236050376748205,0.0,-0.3347889802982311,-4.58873468426597,-0.6292566215403583,0.0,-0.22204915372643996,-4.659759502726612,-0.6781937407306862,0.0,-0.11149735888949505,-3.648704412248091,-0.5394991371588763,0.0
0.0,0.0,0.0,0.0,0.20026803390669864,-0.1496263213512965,-0.13155096098877805,0.0,0.48688173268341095,-0.7235346219506947,-0.2530297034040974,0.0,0.5549175848985873,-2.135685489165092,-0.5390959810319849,0.0,0.11064505338691011,-3.598075674522086,-0.8564627627425732,0.0,1.0817587186408562,-2.9011704629016526,-0.24339224895534764,0.0,1.3799734695963481,-4.520998083810366,-0.4777595322056916,0.0,0.8485936626704096,-3.25844254962574,-0.4081707930297188,0.0,0.595839613646788,-2.6427394386469425,-0.35814903455846553,0.0,0.8664538528001288,-4.559903880940316,-0.3238265163727768,0.0,0.9636211048129242,-5.4594896356765155,-0.46994289711320647,0.0,0.5069741283038596,-3.1526300365899527,-0.34172384263690414,0.0,0.36776694770278656,-2.5026576538247847,-0.30062165817612624,0.0,0.13779178212014506,-3.454783452026766,-0.29313083629624465,0.0,0.35622801830123646,-6.813744580943813,-0.6974363357482012,0.0,0.22165817533175824,-3.6520628784466393,-0.46240432036724627,0.0,0.16786144130872818,-2.79196201387495,-0.3853100136151558,0.0,-0.26365875899840335,-1.958874894917344,-0.2411915204643617,0.0,-0.35500496511037793,-4.535154687330159,-0.6470189778925276,0.0,-0.2417209595158494,-4.729248198320331,-0.7100104359446656,0.0,-0.12145617407508899,-3.686147079582577,-0.5548041456296452,0.0
0.0,0.0,0.0,0.0,0.20570479158600025,-0.15252370116029587,-0.13642172508293415,0.0,0.48911225020681015,-0.7227430562021628,-0.26200944984501545,0.0,0.564148760212976,-2.131797717251804,-0.5580557972200545,0.0,0.11086908965819538,-3.522846261830748,-0.8735819416326477,0.0,1.0662617476813165,-2.8218654460969446,-0.23878996977038772,0.0,1.4144670495298004,-4.546165282964877,-0.4844198040744601,0.0,0.8748586909471051,-3.295341624178931,-0.42066055923255463,0.0,0.6115324139951064,-2.6571458441732965,-0.3693117332648027,0.0,0.8541167946654925,-4.414141241172933,-0.31391453184736323,0.0,0.9843218281101804,-5.449481236156021,-0.4708857349139416,0.0,0.5201408939300332,-3.1434004801878532,-0.3481570271068746,0.0,0.37949397333821383,-2.489341799691163,-0.30849068032845695,0.0,0.14266397407860107,-3.409190608747578,-0.29085181132310234,0.0,0.36102283405371477,-6.707398318259893,-0.7000128950976654,0.0,0.22477366185625447,-3.601899574034778,-0.474924247822589,0.0,0.1717888260415576,-2.759411767398375,-0.40036136508385567,0.0,-0.26063453630174377,-1.963281268979424,-0.24374907809858704,0.0,-0.35528010658208514,-4.4944817494982665,-0.651075806590782,0.0,-0.24035059824360624,-4.619376548225771,-0.7155004928950792,0.0,-0.11976939752409856,-3.63425149976324,-0.5724133694375756,0.0
0.0,0.0,0.0,0.0,0.20774285158709016,-0.14928659943472283,-0.1414394030796342,0.0,0.4896789708842549,-0.7125384457672994,-0.2688501378017323,0.0,0.5673636733169557,-2.095187419044059,-0.565512735032242,0.0,0.1085875339593934,-3.4055009677408297,-0.8676050224860565,0.0,1.0855568506803412,-2.8285702022078194,-0.21908370444579484,0.0,1.4093537153004017,-4.520294237553617,-0.44278783468585187,0.0,0.8725462447301997,-3.2926469232923807,-0.395826679449805,0.0,0.6096942148540468,-2.6588882218916643,-0.3531790069458045,0.0,0.8723444250870266,-4.403820779148258,-0.2713202069604708,0.0,0.9785989248750057,-5.399193944466157,-0.41347808896862803,0.0,0.5166441641356262,-3.135160335278034,-0.325007000381792,0.0,0.37537066547231823,-2.4869277146027646,-0.29543052295213523,0.0,0.15378547586698926,-3.388687696997449,-0.2495255575535076,0.0,0.37475344652930603,-6.720883160225816,-0.6355766941220056,0.0,0.22798514471952033,-3.606991177387996,-0.45549066697031876,0.0,0.17196473307312163,-2.760044112210059,-0.3915785769373575,0.0,-0.25247267192436446,-1.9593294406674653,-0.2150213470234501,0.0,-0.3461336655554759,-4.514879293816759,-0.5987499714370874,0.0,-0.2364652030264669,-4.62552193022316,-0.6749708439906436,0.0,-0.11794549631528263,-3.6441750332862783,-0.5501647625431585,0.0
0.0,0.0,0.0,0.0,0.20526343329573613,-0.14769852068187458,-0.12000815621698138,0.0,0.49567582822716905,-0.7347401116657952,-0.23075371566890754,0.0,0.5790581973056665,-2.20864209630354,-0.4996160035629737,0.0,0.09802599061077004,-3.428801300340625,-0.7505342460360116,0.0,1.0821644933860104,-2.8664514744393035,-0.2298841266902525,0.0,1.4105982806547055,-4.573423729074019,-0.4740729744676195,0.0,0.8608793814869259,-3.3067492639101927,-0.4073312649111944,0.0,0.594080314542648,-2.668104811218237,-0.35586464894967834,0.0,0.9021793640266259,-4.610811928684772,-0.33727882723748476,0.0,0.9974098058980211,-5.520524355926253,-0.48602281470240777,0.0,0.5192583481335394,-3.1592010539984283,-0.3410291624259343,0.0,0.37518999819547627,-2.495321932677998,-0.29445582697284506,0.0,0.1603516178852443,-3.5275207166756193,-0.32371668232431555,0.0,0.36714830725195696,-6.821977585106892,-0.7281778893060363,0.0,0.22832211140561437,-3.6452350325819736,-0.46138069788691605,0.0,0.17294627429574605,-2.7851312215497757,-0.3771962868180329,0.0,-0.25929581369064986,-1.984657709951179,-0.2677919593329798,0.0,-0.34827445797467577,-4.535550808416437,-0.6773968864989097,0.0,-0.22342942283009048,-4.689294819067928,-0.7132994529544544,0.0,-0.10351768433069243,-3.6582995034580237,-0.5484340461551883,0.0
0.0,0.0,0.0,0.0,0.20150007612803228,-0.14620271684927386,-0.1255156648318087,0.0,0.4877996452790054,-0.7247058571179327,-0.24127387361520977,0.0,0.570693298383935,-2.1559307586100314,-0.5168935717307087,0.0,0.10089009728040876,-3.425645153971203,-0.7896493210081358,0.0,1.0753231962390055,-2.875586095462738,-0.2272549512723764,0.0,1.3810374462870865,-4.563773006989299,-0.46220799060478274,0.0,0.844011307129836,-3.295222015623698,-0.3995303667908575,0.0,0.588018925963452,-2.670224695954505,-0.3530066715116333,0.0,0.8768672168123142,-4.577396187444773,-0.31808081737256794,0.0,0.9575809374031232,-5.444204473269314,-0.4610668730665456,0.0,0.5029671088598963,-3.1472145543241403,-0.3369559486019353,0.0,0.36501784356585065,-2.497192827598505,-0.29634380097737645,0.0,0.14198504102970233,-3.4897467106755977,-0.30024392386220866,0.0,0.33889501367473457,-6.765721425270788,-0.698049798508044,0.0,0.209660341482139,-3.6181845770362466,-0.46111177069730525,0.0,0.160427851219893,-2.769409498576121,-0.38401968922148366,0.0,-0.2666718656798364,-1.9602620529700754,-0.24907818290696696,0.0,-0.365688910553783,-4.516644577071503,-0.6575377428674986,0.0,-0.2514093354887282,-4.672972648520447,-0.7138143045671278,0.0,-0.12622205718640148,-3.6552531388667524,-0.5592922850702591,0.0
0.0,0.0,0.0,0.0,0.19917894668131314,-0.1541209418842507,-0.12101005963636591,0.0,0.4862486015679473,-0.7639837735564613,-0.2331565599400565,0.0,0.5659129205548478,-2.314488676330068,-0.5096646645137606,0.0,0.05478672208216652,-3.6268981838618006,-0.7667020512562743,0.0,1.0592594289128623,-2.9224016260049224,-0.2141631101274143,0.0,1.343655101197936,-4.601572474669432,-0.4425269209780182,0.0,0.8113198607260848,-3.3314661672931845,-0.3871792820877259,0.0,0.5526622082116608,-2.688185780983643,-0.3418283420757618,0.0,0.8542216758113303,-4.640504718755923,-0.3035538916597393,0.0,0.9310527595917405,-5.559202968040873,-0.44800663163466903,0.0,0.48081028375525925,-3.183080863818811,-0.3220772740099791,0.0,0.3425950156213289,-2.510828659557135,-0.2811488795112648,0.0,0.12739010184627225,-3.5448831046510394,-0.29270451738781317,0.0,0.31584873540432645,-6.98191840062319,-0.6865655907409711,0.0,0.1966991084332085,-3.6980258486968056,-0.43969093096714196,0.0,0.144297225512461,-2.815773403956909,-0.36196744136420733,0.0,-0.2742109559775497,-1.998857468456907,-0.24754330764033095,0.0,-0.3934547312594102,-4.589442975182364,-0.6416987010836126,0.0,-0.2783147351183134,-4.773265089166215,-0.6859940516430265,0.0,-0.1502778942609009,-3.7093558208667856,-0.5287300268739885,0.0
0.0,0.0,0.0,0.0,0.20047624233837955,-0.14839629138239377,-0.12343365899798422,0.0,0.4852894935258314,-0.7296022426924046,-0.23509100357092944,0.0,0.577508630598116,-2.1864865069900743,-0.5021121543750728,0.0,0.09970724581415548,-3.4503863076507097,-0.7613610887757111,0.0,1.0501981883161842,-2.8601053118744324,-0.23358270150665603,0.0,1.3692356712326614,-4.606673999339087,-0.46781083435984633,0.0,0.8314515537944103,-3.3216841314504744,-0.4008975197827527,0.0,0.5728773972810762,-2.680817801962569,-0.3519819265670291,0.0,0.8563338884611994,-4.5968203034242965,-0.3245984393831317,0.0,0.9248957205529277,-5.436382825609931,-0.4484008081209387,0.0,0.4853424395986189,-3.1595418247967286,-0.3267734402562212,0.0,0.34914557087363385,-2.5086185349061436,-0.28811304289553374,0.0,0.13538054957203918,-3.5514880129651543,-0.30105871513719623,0.0,0.3021129208710281,-6.696953130937097,-0.6522476791824076,0.0,0.18784051684556552,-3.612937707632032,-0.43302855816329455,0.0,0.13946497687417436,-2.7747229007374092,-0.3646445436420195,0.0,-0.2689866694711307,-2.007487910021839,-0.24680136166433722,0.0,-0.3884678402238209,-4.562727812494489,-0.6259181737072987,0.0,-0.2750786010288589,-4.674505585446723,-0.6684122428554041,0.0,-0.1494394183170888,-3.6672539756053593,-0.5272320897550417,0.0
0.0,0.0,0.0,0.0,0.19944161972270463,-0.15003000607740302,-0.12376809466282301,0.0,0.48443580993242347,-0.7718792844158578,-0.23614950685575853,0.0,0.5689872594896848,-2.3679201788986233,-0.5149452839426029,0.0,0.04280713014503552,-3.7387459972170194,-0.7699373332128822,0.0,1.0366424805006156,-2.9291394965888675,-0.20685772069129646,0.0,1.3287080087064262,-4.642751807717722,-0.43298927100082724,0.0,0.795135964807774,-3.34891779153259,-0.3806721422960236,0.0,0.5359933711333436,-2.6916304484246174,-0.33702268218552267,0.0,0.8185985690942392,-4.6016103192685955,-0.2808394620005441,0.0,0.8968361312043457,-5.589014365414363,-0.42754627865016404,0.0,0.4566690019504677,-3.188753215095314,-0.3138305209742407,0.0,0.32175062853364367,-2.5101493278613516,-0.27708076750403654,0.0,0.11060851859037243,-3.5250792264808024,-0.27007768332374826,0.0,0.2917006833930163,-7.061168994784289,-0.663844771239382,0.0,0.18384809665248486,-3.71274100941831,-0.43331446577831545,0.0,0.13353797071436058,-2.8235914995266347,-0.3610890448756632,0.0,-0.27864042804087674,-2.0101005129108107,-0.23328154492925277,0.0,-0.4077856099166891,-4.659105405983763,-0.6264083227612615,0.0,-0.29329736450374494,-4.810807201961777,-0.6781186969995086,0.0,-0.16493965977140976,-3.709311936617885,-0.5259355121099023,0.0
0.0,0.0,0.0,0.0,0.19929303998566059,-0.14689054298163065,-0.13362456672299317,0.0,0.4820771773505102,-0.7284082561454729,-0.2553907710179556,0.0,0.5807494700257709,-2.239319638437296,-0.5527292212442982,0.0,0.09051816175139485,-3.7124268585630866,-0.8630674718396586,0.0,1.0379280379822486,-2.8552686758859904,-0.24045119785760696,0.0,1.3519673764285922,-4.606192773471099,-0.47688531759669234,0.0,0.8157805251479717,-3.3383471325600684,-0.41092768558497994,0.0,0.5561527499849254,-2.6909568432167656,-0.3609640720161693,0.0,0.8287038113479084,-4.566413752303,-0.30799308728405794,0.0,0.8954797059635753,-5.466843200453773,-0.4397557994141958,0.0,0.4629989254024088,-3.169924709659699,-0.32530644456752433,0.0,0.33076599616753605,-2.5167730358077587,-0.2897436951823258,0.0,0.11566538499252046,-3.5365390926100617,-0.272014897331226,0.0,0.2791944154347876,-6.680210027095792,-0.6229399656571795,0.0,0.17692037693707954,-3.618439408127344,-0.4265903552104842,0.0,0.13163672090587086,-2.7866415604801125,-0.3647903113147561,0.0,-0.2777225359972879,-2.0235802599206294,-0.22219608600068466,0.0,-0.40617350677296765,-4.576900894724766,-0.5965611586385489,0.0,-0.2987738325493975,-4.72737468598561,-0.6603983675631377,0.0,-0.17074898736804228,-3.7186459712783604,-0.5305908890982741,0.0
0.0,0.0,0.0,0.0,0.19924751446512848,-0.15994444696691185,-0.11899092529397576,0.0,0.47768224265947384,-0.7806118646393794,-0.22787810600252686,0.0,0.5536584162236285,-2.3595678402862634,-0.49769488944563733,0.0,0.03806115371064171,-3.827015737652184,-0.7678105912937725,0.0,1.0233729919825545,-2.946715215276481,-0.19275536908479424,0.0,1.3049935959643753,-4.655737681799274,-0.4166640042697808,0.0,0.7851398642337548,-3.3663589674027126,-0.37132855982297447,0.0,0.5310509201059948,-2.7092948804889723,-0.33047529708696793,0.0,0.8022888855582975,-4.632685671584791,-0.2696978286370427,0.0,0.8587319201178221,-5.599332034491748,-0.41944034866027746,0.0,0.4368078973256805,-3.1960471781668973,-0.3075190211363928,0.0,0.3078871860705265,-2.5218264956515033,-0.2714036314127759,0.0,0.09846930112907838,-3.5561289302004786,-0.26838237094518147,0.0,0.2435254104331464,-7.0066956248267065,-0.652572431039988,0.0,0.1594207730421765,-3.706128669601098,-0.42413030357790643,0.0,0.11709237683855715,-2.8243819111231074,-0.3519188133653723,0.0,-0.2853195799721657,-2.021214583259583,-0.23478407847740784,0.0,-0.43476815509078354,-4.6469936018616576,-0.6246317906789819,0.0,-0.32314368145362227,-4.7849095747683315,-0.6689792927312173,0.0,-0.1890313089707998,-3.7074529637735814,-0.5178877026852272,0.0
0.0,0.0,0.0,0.0,0.19547285684950533,-0.154071277678262,-0.12843311483885222,0.0,0.4736577870160421,-0.7404484298991622,-0.24790435752805742,0.0,0.5699281105942218,-2.300387724059121,-0.548315419512,0.0,0.070418642047243,-3.934011422918928,-0.8860340132580643,0.0,1.0193324926610938,-2.849478429100217,-0.23026543815651795,0.0,1.3245762709736166,-4.632659701591601,-0.4716829249111381,0.0,0.7962689722557816,-3.3603749428270855,-0.40882010390684476,0.0,0.5393262739883997,-2.7091653594392335,-0.35935679179920166,0.0,0.8104036975338337,-4.583941922963931,-0.3075204247517507,0.0,0.8611397576727066,-5.464035984572355,-0.44148810079338124,0.0,0.4462142473299506,-3.183363470292558,-0.3227676285810853,0.0,0.317346431338147,-2.535720652194039,-0.28541850756512516,0.0,0.10798555304425458,-3.5855026004868913,-0.28269778212591085,0.0,0.23540129654793854,-6.6670205079084885,-0.6266504221224158,0.0,0.15213980860334533,-3.630673540018541,-0.4160744312633209,0.0,0.11273638372536877,-2.799345783709263,-0.35016532829844926,0.0,-0.2816963441099001,-2.0418356964809763,-0.23373306441049135,0.0,-0.4284257519037609,-4.622706696612418,-0.6140000587029892,0.0,-0.32245262596444824,-4.772817625843623,-0.6602619827490133,0.0,-0.18785932826040264,-3.7601371261291225,-0.521040215242985,0.0
0.0,0.0,0.0,0.0,0.20068090952894194,-0.16103309436288615,-0.12300010635602004,0.0,0.47561027334325046,-0.7833050302443465,-0.23527282204239539,0.0,0.5260445956085702,-2.3904200847562245,-0.5177354907126259,0.0,-0.01861421854399549,-3.764448009966776,-0.7759734955178644,0.0,1.008970152261275,-2.9336813693122332,-0.1899132092414815,0.0,1.2833845515414521,-4.641508917360968,-0.41108734158936233,0.0,0.7725237646909144,-3.373015167061295,-0.3699887758967042,0.0,0.5225093206811728,-2.7163400740727446,-0.33113319098155075,0.0,0.7750399423315417,-4.578578321411266,-0.25809219655675136,0.0,0.8333519985837244,-5.574962101161563,-0.4086716413851646,0.0,0.42342981393109236,-3.198237327201465,-0.3064864537570646,0.0,0.2980228337983627,-2.5237730472428557,-0.2730658507536529,0.0,0.08433872431389303,-3.537250198326306,-0.25770512994065925,0.0,0.21926063095216008,-6.995833835205537,-0.6429130894219685,0.0,0.14479414505366864,-3.707435771655488,-0.42535272388929646,0.0,0.1060651036015243,-2.829463815192085,-0.35602100135242687,0.0,-0.294990406330511,-2.0181219015524055,-0.22775322211586074,0.0,-0.45526705095103903,-4.664852495757088,-0.6210294754177463,0.0,-0.34223442035252094,-4.78992674424307,-0.6712907757560743,0.0,-0.2020522537191803,-3.70830564080794,-0.5228636912848325,0.0
0.0,0.0,0.0,0.0,0.20227058803468292,-0.15277018503555242,-0.13001587340602588,0.0,0.47529328103964485,-0.7624223263706127,-0.24804891926818579,0.0,0.5427666426946236,-2.345441375853148,-0.5414506903926427,0.0,0.031738575621374006,-3.9653957093730137,-0.8564761687708304,0.0,0.9901170601506447,-2.83558003983866,-0.2127976951029928,0.0,1.2974408380124647,-4.63339503727197,-0.44731471528527356,0.0,0.7793946341689135,-3.3598320177773098,-0.392499852411943,0.0,0.5289268514056884,-2.706833785601908,-0.34782695964525295,0.0,0.7508085100035391,-4.452223482876312,-0.27079023180425216,0.0,0.8210657946186124,-5.496385354328326,-0.4195149954280998,0.0,0.4218208970258663,-3.1754622941525614,-0.31585701042584347,0.0,0.30226977942034844,-2.5188379813671737,-0.28258454011079764,0.0,0.06995340845562094,-3.4709645479636433,-0.25123173293404566,0.0,0.18333302513337274,-6.666957311940544,-0.6093119973414675,0.0,0.1279912023286155,-3.6265847268895475,-0.4239703192100333,0.0,0.09971350376433706,-2.7940827921445446,-0.3627978273133919,0.0,-0.30060349427105654,-1.9988046905313392,-0.21416064627675918,0.0,-0.46784526980920077,-4.541525720102083,-0.593021283015926,0.0,-0.36271041092654704,-4.717149111934977,-0.6657415208856332,0.0,-0.21375204170984788,-3.7225323159794463,-0.5367289969400217,0.0
0.0,0.0,0.0,0.0,0.20127931234939264,-0.15464232259839805,-0.11966948144003761,0.0,0.47375713946780096,-0.7966684608951407,-0.22397178654380362,0.0,0.5603017033427626,-2.5098481483294055,-0.4913265367524145,0.0,0.03320892145095987,-4.24302757953412,-0.7639846385924901,0.0,0.9868729920234796,-2.9317620864455187,-0.1523402833412064,0.0,1.2795749905516474,-4.740572466679047,-0.3594348623907566,0.0,0.7677354587158345,-3.417888542546841,-0.33316603035286085,0.0,0.521515367465139,-2.750397231949742,-0.30378216790230683,0.0,0.746967235188048,-4.655918662157216,-0.19147622216076193,0.0,0.7934041625324844,-5.597213843025646,-0.3281454247376122,0.0,0.4133122035732643,-3.219802676109602,-0.26224130776031374,0.0,0.29863391405291984,-2.5499494001649996,-0.23993177554980225,0.0,0.05431329292144026,-3.603422494606636,-0.19483825968658416,0.0,0.1560916679568481,-6.745292647596296,-0.502558241261261,0.0,0.12236429856357108,-3.694496359952883,-0.36376149176473155,0.0,0.0956064476304288,-2.8406768231436343,-0.31406826366082186,0.0,-0.31222927144186574,-2.0653999661989806,-0.18281526086818042,0.0,-0.48424353067586,-4.652403091135641,-0.5188422347773791,0.0,-0.37338301031529425,-4.763783983307003,-0.5763528889424194,0.0,-0.22548439990470456,-3.752200955635904,-0.464402223589984,0.0
0.0,0.0,0.0,0.0,0.19886644305901297,-0.15586026447847304,-0.12449324682973839,0.0,0.467649835094945,-0.7688218717696826,-0.2348298963519409,0.0,0.5556188558572448,-2.397619569573688,-0.514979576374959,0.0,0.05984759855051194,-4.183853826447306,-0.8333181803303111,0.0,1.0015141663860454,-2.902949219584978,-0.1644727859731586,0.0,1.2911986484771596,-4.676385566198009,-0.3784627917439039,0.0,0.7850391577066821,-3.4150630281018164,-0.3556945478472432,0.0,0.5351808574273735,-2.74683526201026,-0.32393013204384774,0.0,0.7771881747230298,-4.645118883274171,-0.20688602879385193,0.0,0.8047564194141341,-5.528860352595466,-0.34403909869232513,0.0,0.4176892449850945,-3.2198311728481297,-0.2801613292139634,0.0,0.29969802854031846,-2.5533053136026984,-0.25817771126295264,0.0,0.07687499512288858,-3.6313734534664404,-0.20622475672613533,0.0,0.16849783920543493,-6.6736054735288715,-0.518523141629973,0.0,0.11723287327607457,-3.654425795376863,-0.37811116365090885,0.0,0.08865135203300321,-2.816852119174637,-0.32929052516353585,0.0,-0.30286419272312015,-2.073021481671817,-0.18843656247863955,0.0,-0.4752844463530025,-4.648600261835306,-0.5309070411492517,0.0,-0.36781390289396254,-4.7047469593902695,-0.5861466961846524,0.0,-0.2226551134731581,-3.726103460785298,-0.4777930759003939,0.0
0.0,0.0,0.0,0.0,0.20532754830492056,-0.16577018268452323,-0.12387723455273217,0.0,0.47544109573993043,-0.8010436587634697,-0.23486288653230783,0.0,0.5350148858191058,-2.454943948516989,-0.5137341225074773,0.0,0.02385210404631278,-4.237287654886395,-0.8181769093969539,0.0,0.98610504804043,-2.896576728150723,-0.16617591949114677,0.0,1.2885446947598374,-4.705569037042997,-0.3852409315568047,0.0,0.7757373726302036,-3.405957427914505,-0.3517153087289836,0.0,0.5269414540225205,-2.745120199677985,-0.3176453201673039,0.0,0.7485458575693249,-4.551214381411375,-0.2080866882456483,0.0,0.8104409075867705,-5.5444024588295235,-0.35547821406674623,0.0,0.4210758384604066,-3.203764895360312,-0.2789601086157611,0.0,0.3036525357572224,-2.544937454295664,-0.2537970237256159,0.0,0.06667790130214293,-3.5567499987891122,-0.20911795598005592,0.0,0.17669050156211769,-6.758847701174561,-0.5449282233727321,0.0,0.1326333520664564,-3.6900091353907927,-0.3883534839308107,0.0,0.10545875967117647,-2.844269269851956,-0.3342189551246252,0.0,-0.3064243295413666,-2.0475997903345386,-0.19171609713099058,0.0,-0.480250446976501,-4.577995835731782,-0.5438564881591411,0.0,-0.3737625653787529,-4.719509999024904,-0.6098962104607524,0.0,-0.2251217956913523,-3.7335568370875687,-0.49329934147850757,0.0
0.0,0.0,0.0,0.0,0.20264599511129,-0.1604944810612817,-0.13095666084465948,0.0,0.4713884927480521,-0.7750198541809039,-0.24787519165514285,0.0,0.5471586803172512,-2.383058014878304,-0.5395789966026779,0.0,0.04885734021063419,-4.125186335192159,-0.8654568064750053,0.0,0.9830611891251249,-2.8566173686421377,-0.18685720431542666,0.0,1.2994505370143026,-4.675755311083954,-0.4145478919269761,0.0,0.7844649707193946,-3.409574894535197,-0.37802426843038867,0.0,0.5299345491544754,-2.742379541127883,-0.3390276186345521,0.0,0.7454086350359237,-4.491216800443274,-0.225632333988772,0.0,0.8195456688634393,-5.513518423781393,-0.3697306387099899,0.0,0.4227705723079664,-3.1989076683376663,-0.29127123634846275,0.0,0.30165078768211734,-2.5375763219952314,-0.26564492218900226,0.0,0.06504925327068489,-3.5300251884068135,-0.21456530388371908,0.0,0.17825516365832553,-6.7143097612560325,-0.5490612487761379,0.0,0.12630628243767406,-3.66175984034414,-0.39487120539155907,0.0,0.09687758982535027,-2.8219470201675776,-0.34229432804255255,0.0,-0.3107727048325457,-2.04676627241289,-0.19157339956573366,0.0,-0.48222094545752814,-4.584361334334774,-0.538453637009566,0.0,-0.3720907893442368,-4.661382315210495,-0.5988448672879363,0.0,-0.22403886450848146,-3.691893654826654,-0.4888321199767614,0.0
0.0,0.0,0.0,0.0,0.2056773369727389,-0.1748994554906647,-0.12471423607868852,0.0,0.4704743370446268,-0.8239314268224679,-0.23391702751101057,0.0,0.49480746176550516,-2.462642400981175,-0.4998093223567742,0.0,-0.05175389416188897,-3.968760708209825,-0.7388502652805987,0.0,0.9857620433712957,-2.944136015249598,-0.13154195941195812,0.0,1.2479193625948204,-4.688604323446506,-0.3175468310731076,0.0,0.751465270846655,-3.4160768985570935,-0.30768825989967924,0.0,0.5066789710598559,-2.7538807559221747,-0.2851534750146085,0.0,0.7332146198054699,-4.587822851947958,-0.1458287259960233,0.0,0.7791751526840909,-5.564915030243946,-0.2750179651416873,0.0,0.4015578385686384,-3.2190456894379507,-0.23875158723460224,0.0,0.28494521893468994,-2.5522403103167677,-0.2252301075327789,0.0,0.04960750234082323,-3.566326892923497,-0.15226864794898637,0.0,0.14853643135931272,-6.917441357641656,-0.45260914145562525,0.0,0.11542925737626744,-3.7504791526858785,-0.34819720801626836,0.0,0.08657660526062284,-2.8754802533008803,-0.3068374194909053,0.0,-0.3131613219333194,-2.0711411091986554,-0.15319913745332459,0.0,-0.5017830553529987,-4.710619996542766,-0.46493835403424566,0.0,-0.3937104561098259,-4.7741855076308815,-0.5282125299396357,0.0,-0.24642402199342475,-3.7386578941714794,-0.43054472654715176,0.0
0.0,0.0,0.0,0.0,0.20527439717393023,-0.1661031779971568,-0.13409676803648815,0.0,0.47353061710346345,-0.7922767450665191,-0.25311211998686534,0.0,0.5025280044465192,-2.3785599204751153,-0.5421140369302452,0.0,-0.04704856414651741,-3.7094685373949248,-0.7894346900916593,0.0,0.9733856866994749,-2.846041340830278,-0.17316555764857494,0.0,1.2838767540066454,-4.639867007385836,-0.3874297267338148,0.0,0.7780293060919188,-3.4185649476334588,-0.364939731922483,0.0,0.5219918776472885,-2.748286696888528,-0.3304603186295018,0.0,0.7272742481088168,-4.485376687797677,-0.197779850536984,0.0,0.8001752873200925,-5.506544077409036,-0.33075622075861694,0.0,0.408899988076623,-3.196787721766969,-0.2755486370952801,0.0,0.28934559524379505,-2.532711112617242,-0.2567327071884917,0.0,0.04864092750968713,-3.5260401647339528,-0.1860488422235588,0.0,0.15001399782825162,-6.769655095697747,-0.5003415196108015,0.0,0.10958367260955956,-3.662001498598784,-0.3780915774919292,0.0,0.08085485769585496,-2.819626922079874,-0.33488789315731937,0.0,-0.31943306237401814,-2.047960951579841,-0.17003589710923547,0.0,-0.5027544306791456,-4.627370151290949,-0.48571002955103665,0.0,-0.3863483812318669,-4.668118415392033,-0.5467222542696419,0.0,-0.2360262262535481,-3.6788714889858376,-0.451682920224785,0.0
0.0,0.0,0.0,0.0,0.20456290908132857,-0.1704111568732776,-0.137805604747424,0.0,0.47150773393175544,-0.7917994760926188,-0.26190335513609264,0.0,0.5024312546385048,-2.3462246030480904,-0.5594628196810999,0.0,-0.0178810397227365,-3.922072543318108,-0.8643250392853411,0.0,0.9902792478613446,-2.919919689129855,-0.176700641772849,0.0,1.252837480453909,-4.655741584622299,-0.3854468360473313,0.0,0.7523946344460566,-3.4074705869629103,-0.3589804413601495,0.0,0.5064684118002236,-2.746799285996985,-0.32566114764184206,0.0,0.7376664285393126,-4.573070754982383,-0.19214027705159448,0.0,0.7854683427475903,-5.506241500356502,-0.3268870360619544,0.0,0.4048626665006372,-3.2196561676291577,-0.27415316769088915,0.0,0.2882336660025607,-2.558687532288734,-0.25518630783332186,0.0,0.047145324542088564,-3.538330749267833,-0.17453484090349428,0.0,0.14619686441145888,-6.7429789695097355,-0.4917657071365003,0.0,0.10236400780425554,-3.6741904760582242,-0.37521203050658486,0.0,0.0751810131215332,-2.8261666576860676,-0.33024567422687773,0.0,-0.3174611297927631,-2.0421355030143618,-0.15958628064726493,0.0,-0.5025426606483318,-4.6243420260923145,-0.4889618664684499,0.0,-0.4043317440415107,-4.7232207047698935,-0.5650207931829642,0.0,-0.2550440901816251,-3.7156371698523896,-0.46420336315746413,0.0
0.0,0.0,0.0,0.0,0.2065649962586357,-0.16022722421942528,-0.14319795427217116,0.0,0.4746129050561017,-0.7759643914412088,-0.2704494515291364,0.0,0.524320645141027,-2.305932971521931,-0.5720388038411434,0.0,-0.005415961470228533,-3.7237399889364653,-0.857738490090182,0.0,0.9911729739612626,-2.9019775969080723,-0.18779626611802072,0.0,1.256603122305404,-4.619669988759055,-0.3937561140561705,0.0,0.7525232538544075,-3.379410491604663,-0.3634408614797846,0.0,0.5057357269121138,-2.726403377943372,-0.3295216313672819,0.0,0.7281408861548542,-4.473950977891487,-0.19479374676586814,0.0,0.7861890649686968,-5.466393491961853,-0.32681865196725646,0.0,0.4036874298897763,-3.1927144633247417,-0.2747047823547439,0.0,0.2861600580119667,-2.540186461283846,-0.25762717009829633,0.0,0.042499304071183935,-3.4325859295037287,-0.16910456127412776,0.0,0.14693225387897357,-6.713381676295634,-0.49218477301216546,0.0,0.10743350493759336,-3.6592106958829134,-0.3826393758917408,0.0,0.07860947097907227,-2.817091526786303,-0.34046343987032784,0.0,-0.3189070069268354,-2.00820852449462,-0.15439283271103577,0.0,-0.5009648124540151,-4.5565569568598345,-0.48006096655266034,0.0,-0.39871763180063574,-4.690734763416796,-0.569987744146728,0.0,-0.24641643350303352,-3.6946548852107677,-0.47611674821083344,0.0
0.0,0.0,0.0,0.0,0.20521549356992583,-0.16644653681138546,-0.1290515791223542,0.0,0.4790660782281651,-0.8065986792996237,-0.24412659557493085,0.0,0.5316743785026999,-2.4613162825271675,-0.5311828897955583,0.0,-0.030025946668353096,-3.90876169688655,-0.7856863167309553,0.0,0.9902342598279475,-2.8686690028529034,-0.1498707405589624,0.0,1.2648527904546716,-4.626712121937371,-0.34908951511426173,0.0,0.7628621911996558,-3.4031539176619514,-0.33427749467593926,0.0,0.5136212301091924,-2.75431857816742,-0.30802628567657336,0.0,0.7500114278878577,-4.49906872678564,-0.16950308838909522,0.0,0.817383392230195,-5.539787673906261,-0.30527982853835905,0.0,0.41672214494648147,-3.220967163139372,-0.25972403248873566,0.0,0.29272194755935366,-2.5630999878014564,-0.24479910855307271,0.0,0.06553276347542968,-3.5504343087974966,-0.1702278370392869,0.0,0.16061441872883822,-6.8130122077996935,-0.4768288696978765,0.0,0.11173175372721937,-3.689619712902974,-0.36219016209486304,0.0,0.08082834640125398,-2.845327038267542,-0.32184877154409647,0.0,-0.3129085593671513,-2.0741768409895367,-0.1644241643413407,0.0,-0.4937707849074394,-4.641897760998316,-0.4787206677203011,0.0,-0.38683671335652964,-4.686037778859399,-0.5412705274385611,0.0,-0.24083329357237357,-3.705731492010262,-0.44850829204750275,0.0
0.0,0.0,0.0,0.0,0.20992346157550762,-0.17380210146936237,-0.1358379264078796,0.0,0.47988247459817635,-0.8115941843415315,-0.2554987705548051,0.0,0.5307934602926031,-2.4106002569481433,-0.5467648344514918,0.0,-0.03363999441857219,-3.754394047580017,-0.7965263764678581,0.0,0.9947225214283018,-2.840918964177064,-0.12371257587268068,0.0,1.2673676326961196,-4.567264137336946,-0.30701705196245677,0.0,0.7682669793528942,-3.3848137931093003,-0.31123209295401244,0.0,0.5177882704334547,-2.7430419398802943,-0.29374458839165796,0.0,0.7432462698694537,-4.320330333078025,-0.11812830921257657,0.0,0.8249050383366033,-5.508219204123425,-0.25253771730275126,0.0,0.4186260146364063,-3.2103935229321503,-0.24141624818604185,0.0,0.2921068562861825,-2.549206733440184,-0.23637453359481048,0.0,0.07100357891426523,-3.39859375427102,-0.12533766446817468,0.0,0.17813800024117138,-6.886941550475763,-0.4295933873738925,0.0,0.11615754297092235,-3.6833860853017124,-0.3551043016611,0.0,0.07948526420145205,-2.829661616328798,-0.32430335036297137,0.0,-0.30433699830925304,-2.017023223810247,-0.13606947826805707,0.0,-0.4888208537683605,-4.580524097141239,-0.4344213355261952,0.0,-0.3860265026095977,-4.6329504653366245,-0.5195041306546198,0.0,-0.23995248643260797,-3.646164835481961,-0.44153700094017156,0.0
0.0,0.0,0.0,0.0,0.21370386816544676,-0.17357325092774453,-0.13545331595850682,0.0,0.4851064465154255,-0.8200987853247622,-0.2519017820053288,0.0,0.5475114719345213,-2.4961769192338137,-0.5404574244423878,0.0,-0.023297809272091824,-3.9612012655081204,-0.7877035048100706,0.0,1.0166479463227465,-2.8705256483940667,-0.10762213861423761,0.0,1.2764166295323582,-4.594676948799723,-0.27450922558103147,0.0,0.7742951026397066,-3.3968249857556168,-0.2869218017151236,0.0,0.5226525182513412,-2.746005315668001,-0.27441893089544894,0.0,0.769825632814836,-4.408234154730812,-0.08591749733073799,0.0,0.8278971497019615,-5.53839715070662,-0.20971533393145103,0.0,0.42047631017023246,-3.213700176745141,-0.21641581089226553,0.0,0.2967750977255976,-2.5520891846097897,-0.2164956934762808,0.0,0.08303498311196435,-3.4305090140624936,-0.09066140376087083,0.0,0.1949038067418823,-6.9778153053605925,-0.37629278049396786,0.0,0.12993804806386847,-3.722845816197156,-0.3303998720336136,0.0,0.09487372966416267,-2.854758831772926,-0.305184396452927,0.0,-0.29494911976764826,-2.0106682954284376,-0.10731948325567275,0.0,-0.4772821612243903,-4.566854675992564,-0.38508924898844976,0.0,-0.3855565178058082,-4.632432425832123,-0.4755143013922189,0.0,-0.24560951093965883,-3.658191420368371,-0.40860326699563576,0.0
0.0,0.0,0.0,0.0,0.21297550202195897,-0.1691168388301929,-0.14236741391681265,0.0,0.48372514867063443,-0.8012725224514907,-0.26299217192376195,0.0,0.5488358115628225,-2.4141365819803844,-0.5548820030404438,0.0,-0.0073585298444468344,-3.785345653086733,-0.7979815210967174,0.0,1.0249591602367665,-2.874939443361178,-0.1095477102102829,0.0,1.275777573230041,-4.573817636978297,-0.26835488821160275,0.0,0.7733602561372336,-3.381247840178266,-0.28144373293501623,0.0,0.5233880995651486,-2.7402936029039684,-0.2705040123281806,0.0,0.7700308032084805,-4.377012958834907,-0.07195581203889508,0.0,0.8264312524833523,-5.4818055749661205,-0.18375951345394037,0.0,0.42048722189819016,-3.1989672480447218,-0.20343845217504145,0.0,0.2964392135288103,-2.5453211028604326,-0.20798994955445235,0.0,0.08362513668062539,-3.3886832987759132,-0.07002321601412478,0.0,0.20380218006091982,-6.92698313059061,-0.3374055643885669,0.0,0.1332299921487577,-3.7123876502925444,-0.3186440853107576,0.0,0.09487394129749534,-2.8519671697032436,-0.30063550502635256,0.0,-0.2921624704999505,-1.9976589807252088,-0.09010650508011621,0.0,-0.46873588363352203,-4.57463239730768,-0.3517089694035285,0.0,-0.3771567511848655,-4.6329734920059265,-0.4513372407978089,0.0,-0.23975406182168246,-3.6549598481506287,-0.3958813488106891,0.0
0.0,0.0,0.0,0.0,0.21260907680142782,-0.1665459844437864,-0.13461770733131861,0.0,0.4853619747799814,-0.8043963523270306,-0.252162324693307,0.0,0.56078382387136,-2.453566711549998,-0.5431306114927065,0.0,0.03057716246925449,-4.189074124559233,-0.8473822263591398,0.0,1.0082083109876285,-2.838588449222555,-0.14145003747008494,0.0,1.2935246676589192,-4.6591320207963856,-0.33557438906849013,0.0,0.7735446158139008,-3.400377164889611,-0.32424802102823247,0.0,0.5196053427354456,-2.7321416330212283,-0.29888460489992624,0.0,0.76989134282835,-4.369288558202832,-0.1387170547994879,0.0,0.846709977229825,-5.6174298518025925,-0.2779056522434708,0.0,0.4220771510623846,-3.2230144659284585,-0.24757414326143637,0.0,0.29606211300176305,-2.546462447525255,-0.23640277399016627,0.0,0.0935156733255543,-3.4470612507329954,-0.13449943369018413,0.0,0.21426390675822904,-7.037542459201589,-0.449751065138354,0.0,0.13826111857220502,-3.7370321870208247,-0.35653897783946176,0.0,0.10095371022242214,-2.859859805278172,-0.3198826016976331,0.0,-0.28880923623623317,-2.0365734518286196,-0.13666610843811522,0.0,-0.46713320117269175,-4.6165481422998935,-0.4369038811163785,0.0,-0.3698213398882372,-4.617868976429293,-0.5089764514653178,0.0,-0.2359330133720522,-3.629760429750459,-0.4268058871602376,0.0
0.0,0.0,0.0,0.0,0.21233532831977003,-0.1666049913559499,-0.13863890145107838,0.0,0.4806447775974886,-0.7993770110491683,-0.2579545000383887,0.0,0.5480208304436378,-2.4073374756426977,-0.5451056708145177,0.0,0.015312682649688245,-4.027692114990387,-0.8276396104243705,0.0,1.025872842575219,-2.8997054116721124,-0.130773566866283,0.0,1.2762378522561726,-4.651943880855834,-0.30046276224073404,0.0,0.7642573178047479,-3.3942314887704867,-0.29729004708912277,0.0,0.5163318897269438,-2.733781128039616,-0.2786227704014657,0.0,0.7834227022602729,-4.470934636035813,-0.10591752754672645,0.0,0.8222056323584223,-5.56112328316611,-0.22056530436476754,0.0,0.41642605609749656,-3.2231543649824905,-0.21777668612764825,0.0,0.29529524820627856,-2.5578758731328306,-0.21552242682335923,0.0,0.09164224201048347,-3.4773850820053025,-0.0952943077512174,0.0,0.2092509707234487,-6.961031253216465,-0.3671572811217974,0.0,0.13685897482528325,-3.7460040829330423,-0.32440011821703885,0.0,0.09935221132888002,-2.872571526884044,-0.300041113138342,0.0,-0.2874359035148811,-2.0457284283073953,-0.10439384924329118,0.0,-0.46880366117143846,-4.6281579029944,-0.37450488295398865,0.0,-0.3754367616035486,-4.657582080741964,-0.4615627392708447,0.0,-0.2408081103379394,-3.678468741505418,-0.3977819859933523,0.0
0.0,0.0,0.0,0.0,0.21066834357914868,-0.1674761410747857,-0.13235987122747694,0.0,0.4846404980074825,-0.7958554169764268,-0.2489629931734361,0.0,0.5418214489078105,-2.4099324275620404,-0.5373709147697234,0.0,-0.012037239526572955,-3.8255353478257663,-0.7934906933573244,0.0,1.0170772832913408,-2.8632327659430192,-0.1355694263078164,0.0,1.2793523566237983,-4.626866705671116,-0.3208154882973167,0.0,0.7649818878345246,-3.392742742893312,-0.3132426633740536,0.0,0.5118530033480673,-2.7348183467695395,-0.2907658916595848,0.0,0.78225510297599,-4.449483725953409,-0.13817456203420395,0.0,0.8343353445239369,-5.546964213224521,-0.2653188691200837,0.0,0.4215482816968536,-3.2231371663053503,-0.2385954504637243,0.0,0.29468883972277393,-2.5564762448612774,-0.22854380541288613,0.0,0.09256234882282773,-3.5012302805718174,-0.1389622683329384,0.0,0.20900472495113834,-6.972173932416832,-0.43570342316590877,0.0,0.13540017916372588,-3.73555547849222,-0.342641613994499,0.0,0.09666259008087877,-2.866888401456532,-0.3070255564239651,0.0,-0.29348104313668644,-2.0561613832578427,-0.14255208075381545,0.0,-0.47105493301058976,-4.654202060962969,-0.43668688597466176,0.0,-0.3688383975965867,-4.649282400905555,-0.49704588394028165,0.0,-0.2324864464373519,-3.6668282952774716,-0.41415982017153713,0.0
0.0,0.0,0.0,0.0,0.2108504264485919,-0.1625194265179831,-0.13328607609837154,0.0,0.4885858666014661,-0.7855217841956188,-0.25010240106121734,0.0,0.5601336539497386,-2.398988145836319,-0.54034822323053,0.0,0.005702499931482243,-3.7241667910587832,-0.7860973655483823,0.0,1.0125037984045155,-2.836426878823262,-0.14683851353660254,0.0,1.2899871892928654,-4.623321705794016,-0.33717894367056217,0.0,0.770762778713116,-3.3841110218738684,-0.32273693980060747,0.0,0.5165740357373765,-2.7256723800574254,-0.29723531758230615,0.0,0.7774589876411429,-4.407959111211762,-0.1546301224903231,0.0,0.839732661172818,-5.5369332365196735,-0.2820341316551806,0.0,0.4241610315673397,-3.2114481378411384,-0.24668209264419835,0.0,0.29733716236018615,-2.5443025756934623,-0.234172093633314,0.0,0.0914165717220583,-3.464542402557162,-0.15130912951670175,0.0,0.21003128867549456,-6.920188703272614,-0.4564887125856226,0.0,0.13888868684311168,-3.7104121174843128,-0.3544167817688388,0.0,0.10057345898136959,-2.8478307235695026,-0.31645521358739087,0.0,-0.29244623490101246,-2.0391023766062095,-0.15012155357371595,0.0,-0.46513166268801137,-4.62379089891389,-0.4528891110527468,0.0,-0.36172745031410664,-4.629421159604097,-0.5153777675695997,0.0,-0.22737162956752144,-3.6406071249890406,-0.42844579892284373,0.0
0.0,0.0,0.0,0.0,0.215841708767371,-0.17363245832278631,-0.13992638439944521,0.0,0.48350639770531506,-0.7948593785899516,-0.26154695170144776,0.0,0.5333054385493292,-2.3522271412677624,-0.5548063147055114,0.0,0.014149261165390423,-3.946919635559162,-0.8553943424284853,0.0,1.0069128039866349,-2.8618493304829573,-0.1327210042410028,0.0,1.2761103728353465,-4.634384296833925,-0.3187231525018551,0.0,0.7618505459711643,-3.3922917273076965,-0.3132173214137197,0.0,0.5081696603866218,-2.726110329505375,-0.29037958371181405,0.0,0.7544343169373687,-4.366216842903983,-0.11849303605596274,0.0,0.8287122716923014,-5.594194403610988,-0.25368885494115656,0.0,0.4140085636540065,-3.227994658950211,-0.2365407170027916,0.0,0.28729677391728975,-2.5452948749443536,-0.2277307494915833,0.0,0.07577709589363509,-3.4260731122404664,-0.11615188894829492,0.0,0.19627124763406492,-7.041672043641103,-0.42612256718897973,0.0,0.1302250939421006,-3.760120781041779,-0.3496095245778416,0.0,0.09251817342138756,-2.8645956036308178,-0.31357912975246804,0.0,-0.30273583319244285,-2.03653804638201,-0.12547527664885655,0.0,-0.48076620297706907,-4.612283389050754,-0.4182059282517661,0.0,-0.378972006475715,-4.628527339243975,-0.49557857094478464,0.0,-0.23996605298627674,-3.6248967425272425,-0.4153900701848985,0.0
0.0,0.0,0.0,0.0,0.21420295192373512,-0.17449518565583708,-0.15072915806722684,0.0,0.47521881014517803,-0.7882628788145177,-0.2787015739614356,0.0,0.5048604815423436,-2.270006681480206,-0.5711857903086576,0.0,-0.025818134726797216,-3.60921361589213,-0.8273379469750141,0.0,1.0148920257820948,-2.8970576711098084,-0.1108019630781857,0.0,1.2510785699173725,-4.597656050422742,-0.25682589921431204,0.0,0.7517128650736713,-3.374826246112649,-0.2661540155595383,0.0,0.5072860691190829,-2.7292835405763207,-0.25534647020832946,0.0,0.7429479278869952,-4.376397832550452,-0.05375069253747397,0.0,0.7913429294826342,-5.492972327696274,-0.14921869075696173,0.0,0.4040241323397123,-3.220432993483645,-0.18230693209158855,0.0,0.28321802029448007,-2.5552650969471262,-0.19016750957822987,0.0,0.06062576199006631,-3.3942709098302353,-0.04367468605666101,0.0,0.16797363992193007,-6.895786281252391,-0.27877437405992317,0.0,0.11807535151807265,-3.7522465907178697,-0.2939007794369372,0.0,0.0820258208120585,-2.866347319972841,-0.2816008517807351,0.0,-0.3078385169456473,-2.044540694576743,-0.06840255915316361,0.0,-0.4925660542243679,-4.616845522786086,-0.3040218713655964,0.0,-0.39489232166685523,-4.6343064729913745,-0.4062097380555179,0.0,-0.2528174263897182,-3.6557622344738085,-0.3629643705420588,0.0
0.0,0.0,0.0,0.0,0.2166231109886842,-0.16523335870970732,-0.1519229423050115,0.0,0.4863769387489591,-0.7955201018081771,-0.28059141346390204,0.0,0.5251376799371441,-2.3284557031432405,-0.578942797165471,0.0,-0.03839765600371228,-3.323784884797198,-0.7699658804140393,0.0,1.0181007037518317,-2.906567940570689,-0.10252535166032355,0.0,1.2460773389594946,-4.579367055779269,-0.24076850905401384,0.0,0.7499222206462115,-3.3737170580560982,-0.25490711617959305,0.0,0.5080197064738534,-2.739631570004042,-0.2491933963561694,0.0,0.7397225989400734,-4.377109525186151,-0.04434803894203228,0.0,0.7786652396142822,-5.437086559899074,-0.13746737293698305,0.0,0.3989051548257888,-3.1928341726295044,-0.17419054651841628,0.0,0.28091748652040643,-2.5448290319670006,-0.1846089820685135,0.0,0.056058975437511004,-3.358679446711535,-0.041517822217102644,0.0,0.15365796439376442,-6.850581831249711,-0.2855439526191788,0.0,0.11067356208248726,-3.711059211217776,-0.29908528271400076,0.0,0.07505893785685142,-2.8462179667914844,-0.2876551043638414,0.0,-0.3098753818473743,-2.01261417942939,-0.07138017475923704,0.0,-0.4950338542596949,-4.610370768825436,-0.3203699647451975,0.0,-0.4013697151046058,-4.611732631627697,-0.42684170592939996,0.0,-0.2666359954617316,-3.6137010399114726,-0.3805358231894093,0.0
0.0,0.0,0.0,0.0,0.218585917051477,-0.16287334304636128,-0.13824331690670671,0.0,0.4938207562815426,-0.8058702426287045,-0.2572312478822603,0.0,0.5516091002281653,-2.4852379060456347,-0.5546145362885665,0.0,-0.024992413933457597,-3.7888866830046406,-0.782636362385194,0.0,1.001023203548076,-2.856732350149739,-0.13548673352939233,0.0,1.2715162267948883,-4.654655400288535,-0.31905785130510567,0.0,0.7599201232873468,-3.3963631092324316,-0.30979539463391403,0.0,0.5119794783709856,-2.7318940798198836,-0.2877836522895534,0.0,0.7483098160501495,-4.409590534516721,-0.1223091129023028,0.0,0.8078992729851435,-5.589561036268957,-0.2525551107829893,0.0,0.4067774058835706,-3.213372893610468,-0.22988468261508593,0.0,0.2883101055021402,-2.5462806558593503,-0.2215877941412746,0.0,0.06664629800724262,-3.4323186566748363,-0.11705268416885746,0.0,0.1595174074411508,-6.9379788400299525,-0.4197648600392568,0.0,0.11614536517819495,-3.7271092694398917,-0.3414408711452427,0.0,0.08604446812719191,-2.853745464871851,-0.30660745988082566,0.0,-0.30758361046453253,-2.0258842096592105,-0.12458782632916837,0.0,-0.48882510208924734,-4.606658000699985,-0.41965428309264674,0.0,-0.3900962027741511,-4.626040153174345,-0.49561542061581226,0.0,-0.2534756990125908,-3.616356028249525,-0.4141418307244001,0.0
0.0,0.0,0.0,0.0,0.21531072552329994,-0.16765208457398206,-0.13138818011035747,0.0,0.48794897300317586,-0.8095295170035123,-0.24473311605315354,0.0,0.5401073930871158,-2.4588502384852435,-0.5246449562735866,0.0,-0.019759554982899753,-3.9701431632286974,-0.7760171476993548,0.0,1.0061670093256263,-2.863601856034804,-0.1190773697495437,0.0,1.2673276903388353,-4.641265884540804,-0.29629580206658646,0.0,0.760791447435416,-3.4050812954360588,-0.29587089911213327,0.0,0.5109624278030501,-2.7465337672590784,-0.2776329296506373,0.0,0.7656866572949939,-4.485001493894418,-0.111327937751015,0.0,0.8095568726359066,-5.60027925515047,-0.23993792135310282,0.0,0.4087877088945991,-3.22991284689608,-0.22481742127646462,0.0,0.2889861078787026,-2.562922203019522,-0.218404621493303,0.0,0.07416603986287378,-3.5227529176098895,-0.11535601145746657,0.0,0.17451659794166127,-6.947914895770404,-0.4033234052773302,0.0,0.12237245785087479,-3.743537470157916,-0.3311928285810789,0.0,0.09034006052205958,-2.871639309368607,-0.299007262649457,0.0,-0.3062892857807352,-2.0650715523177228,-0.1256260571675129,0.0,-0.4888100257929197,-4.641103604919637,-0.4129946200288252,0.0,-0.38973880954717677,-4.630847637021027,-0.48059211113571515,0.0,-0.2532404075813466,-3.6532195900820565,-0.4031434357862743,0.0
0.0,0.0,0.0,0.0,0.2125145943981665,-0.16268495075251044,-0.1507843665758462,0.0,0.48424936876024505,-0.7756377701220692,-0.2778127516437447,0.0,0.5418085124290031,-2.2908535056211985,-0.5741478661334641,0.0,0.006736828397368566,-3.6718445113678673,-0.8350784466061602,0.0,1.035770223501403,-2.9120249555901077,-0.10824174870068959,0.0,1.2764738979570718,-4.60291240193244,-0.2565885176993858,0.0,0.7736309653078612,-3.394526778878266,-0.27048484552476565,0.0,0.5267728084374148,-2.7510781796251416,-0.2622594460214561,0.0,0.7802394641260815,-4.42925773710123,-0.05177876935184329,0.0,0.8026075626060603,-5.443125000944572,-0.1521692826742013,0.0,0.4136709499543209,-3.2102139607199667,-0.18715156132822017,0.0,0.2918251242647274,-2.556583222375494,-0.19651831719462548,0.0,0.09019742269590114,-3.450633842404533,-0.04523141735243134,0.0,0.1991774867536687,-6.804044816288855,-0.2932984292795498,0.0,0.13302504099079382,-3.718861064851278,-0.3047446843076458,0.0,0.0929155026360469,-2.855898893178736,-0.292725451645895,0.0,-0.2936209557395301,-2.068256251615203,-0.07162256343815473,0.0,-0.4678527335308752,-4.627516978723757,-0.32556711909090763,0.0,-0.37155821290652497,-4.642587034587485,-0.4357641443945708,0.0,-0.23622084986626515,-3.6723046527523215,-0.39121912094108363,0.0
0.0,0.0,0.0,0.0,0.21319837096834166,-0.16534225164670896,-0.13597717321241398,0.0,0.4927847310021915,-0.8070559139190335,-0.25381920608721853,0.0,0.5653888534890156,-2.43990833577087,-0.5438163094535687,0.0,0.02392213100539643,-4.16598068199613,-0.8502405468889902,0.0,0.9995953738179156,-2.8904586283011136,-0.139318124649542,0.0,1.2650291885505278,-4.654403654779605,-0.3287535196992698,0.0,0.7570117279375406,-3.4056962849248444,-0.32108467069522123,0.0,0.5064670094166389,-2.7366149051139272,-0.29807192803734955,0.0,0.7407270316362333,-4.386550338794577,-0.1390564023727474,0.0,0.8034582191964353,-5.607168577668146,-0.27852210364142405,0.0,0.4015369872823658,-3.228048980844994,-0.2503801859057892,0.0,0.279859110808172,-2.546233415554819,-0.2397400705723856,0.0,0.06398525592264272,-3.3883980372149227,-0.13999587447624112,0.0,0.17755501374568372,-7.074080686888388,-0.482624149747017,0.0,0.12061462013032684,-3.746768771511352,-0.37852894444450236,0.0,0.0850071740158957,-2.850103323706414,-0.3357916071050265,0.0,-0.30610158736822524,-1.9937901733855217,-0.14440724586933285,0.0,-0.4889020212724878,-4.62454660888508,-0.47546783506988094,0.0,-0.3894164504309354,-4.613795638413795,-0.5540156481470079,0.0,-0.2515468769431737,-3.5886563382661603,-0.4592453524122151,0.0
0.0,0.0,0.0,0.0,0.21136975077177586,-0.17004197916206512,-0.12879292837746753,0.0,0.4917060706809282,-0.8143624407222241,-0.2412513318457667,0.0,0.5446908370378436,-2.4645539617279075,-0.5209627423699771,0.0,-0.01981358337021961,-4.013675996082911,-0.7845269068077366,0.0,1.0057557238126729,-2.9161095932550625,-0.13147951155155596,0.0,1.258975954147935,-4.650759028810318,-0.3182356937875551,0.0,0.7574527918831612,-3.414964692412702,-0.31305727025252666,0.0,0.5077344076110692,-2.7498207400386576,-0.2909595329348163,0.0,0.7606989126052851,-4.547419929045653,-0.14402531011852016,0.0,0.8018527714442529,-5.627637812299868,-0.2796754045945863,0.0,0.40350245382985017,-3.2371846367171426,-0.24477904409360912,0.0,0.28358936023907017,-2.5608120487581028,-0.23184730784631744,0.0,0.06720226040376334,-3.5210584586798017,-0.15151376444264644,0.0,0.1639601413462134,-7.004144921952314,-0.4734121196267395,0.0,0.11169199889067731,-3.7351479075853367,-0.3597495531838724,0.0,0.07974233389678756,-2.85172894999139,-0.3154398100237922,0.0,-0.3077914091569359,-2.0379037695697733,-0.15382877302753364,0.0,-0.494022056186235,-4.65649623919856,-0.4786957015309845,0.0,-0.3965865462411259,-4.641445244386464,-0.5371143509859584,0.0,-0.2597954804368968,-3.6366551986260776,-0.4384410262301102,0.0
0.0,0.0,0.0,0.0,0.20582281321029436,-0.1715683998353463,-0.13532523893571888,0.0,0.46825561947382904,-0.8023573326290158,-0.2516127700364514,0.0,0.5087372301666547,-2.3960348221256553,-0.5329548366703095,0.0,-0.015560657013761742,-4.1845451835004255,-0.8415434780881251,0.0,0.9819083346306113,-2.9250239190977245,-0.1319639229137658,0.0,1.2314818772643028,-4.70037973198867,-0.32216219894803033,0.0,0.7303789070080026,-3.417552869879672,-0.3153406984796104,0.0,0.4833747442753205,-2.745395038152741,-0.29193110181232873,0.0,0.7231750140532968,-4.514837234259708,-0.12675710356711037,0.0,0.7665007308381502,-5.672899175091367,-0.2704332967894697,0.0,0.3783690764647107,-3.2350108103862403,-0.23989970519424964,0.0,0.26093911577022855,-2.559519214471331,-0.22847796277354965,0.0,0.04441482793830015,-3.535062319789477,-0.1291023349246815,0.0,0.1425214771644016,-7.065517913755279,-0.45106914210385324,0.0,0.10069498452791166,-3.7784437195863516,-0.3534574280264356,0.0,0.06925789160463786,-2.8869028490219653,-0.31181412753661325,0.0,-0.3260679147710072,-2.0771160011478282,-0.13639996062474777,0.0,-0.5206110098306668,-4.724914055077876,-0.45589615079567397,0.0,-0.4131621940045344,-4.70601284655384,-0.5223403779841702,0.0,-0.26415435817377503,-3.6932747372121906,-0.4297372216655674,0.0
0.0,0.0,0.0,0.0,0.21213977231453918,-0.1700705357690003,-0.13890073625495003,0.0,0.4805090183383847,-0.8056276640004834,-0.2582230534546958,0.0,0.5256280191767558,-2.434685209212533,-0.550132411888137,0.0,-0.022723682088038537,-4.1319253124833395,-0.8427454581406968,0.0,0.9999069137364808,-2.8956159145425895,-0.11279814875160109,0.0,1.2470828376406804,-4.645518707544958,-0.28412918878854826,0.0,0.750176934753641,-3.4158378144551595,-0.29000407184330956,0.0,0.5068409614753895,-2.7618969446805974,-0.2756904787149673,0.0,0.73888574786305,-4.443867242222565,-0.0874840942275668,0.0,0.7716086647720175,-5.542062082542024,-0.21419888573526186,0.0,0.39300800876619907,-3.228895843665437,-0.21543222725436087,0.0,0.27958100528177715,-2.572678290461707,-0.2141545015896129,0.0,0.05998553942102356,-3.460459725797855,-0.09071601577204765,0.0,0.14516310291825243,-6.818373950604726,-0.3786868567684247,0.0,0.10229079517139805,-3.703218902849696,-0.32928030324767465,0.0,0.0751925467965904,-2.8468412755999304,-0.30140690114114826,0.0,-0.3101581201962483,-2.0366798591779407,-0.10775675840380558,0.0,-0.5027219298065965,-4.630563972386709,-0.4057872573801224,0.0,-0.40649733547884626,-4.697474822971278,-0.5002656603687131,0.0,-0.25628048892653216,-3.7110402046550734,-0.42652972140721,0.0
0.0,0.0,0.0,0.0,0.20854719890386775,-0.16406172712569356,-0.13639968212170903,0.0,0.4835245644187728,-0.7877274713950553,-0.2526093323234784,0.0,0.5391148624235318,-2.413280274068015,-0.5424465191277243,0.0,-0.002618025279419058,-4.148236414743895,-0.8439107230052646,0.0,1.0208626083016705,-2.94032884159224,-0.11411902235219908,0.0,1.2358114309555177,-4.604760946531247,-0.28536073087841735,0.0,0.7419976990291047,-3.403683065746002,-0.29457805284338423,0.0,0.4961969865633961,-2.7496691565349174,-0.2806694268711132,0.0,0.7713137720818382,-4.54929128738473,-0.09671672768566376,0.0,0.7793805198624204,-5.547834644850841,-0.22789730181400442,0.0,0.39148048986686185,-3.2374115825335466,-0.22629190946999533,0.0,0.2715635837066346,-2.565200341147695,-0.22319193910202167,0.0,0.07644946880840023,-3.531584376110668,-0.10279626407815791,0.0,0.16023120147058303,-6.999362776622766,-0.4105993253597553,0.0,0.10639975593381146,-3.7641163934076562,-0.3434745406048307,0.0,0.07261746285263511,-2.8720927125407014,-0.30976047125399003,0.0,-0.30312797156231697,-2.0555784498125376,-0.11838276694312677,0.0,-0.4884009850937951,-4.714706256765907,-0.43155794075709053,0.0,-0.399541241774495,-4.705903710346082,-0.513602740320217,0.0,-0.2649072844634088,-3.66425167370074,-0.42832584668359913,0.0
0.0,0.0,0.0,0.0,0.21071019984438918,-0.16235191494214124,-0.14021707504392247,0.0,0.4832350246822446,-0.7924408406398404,-0.259443671439225,0.0,0.5351854979389284,-2.4051015520043046,-0.5505530929888623,0.0,-0.010061455975127523,-4.040273031732684,-0.8370094773145066,0.0,1.0125652888862993,-2.9275731887780823,-0.12873766746418913,0.0,1.2315827384854279,-4.592152549045194,-0.2993459623311792,0.0,0.7366646292378363,-3.3772513591368005,-0.3012310187951374,0.0,0.49203719601943835,-2.7290177771689548,-0.2846827800383849,0.0,0.7523236240064254,-4.466120741027348,-0.10648559405786648,0.0,0.7730190918678376,-5.5340969065998955,-0.2338500314714575,0.0,0.3860886568611907,-3.2175387936844877,-0.23012839757791706,0.0,0.26628516369423133,-2.549596274126585,-0.22709155716189447,0.0,0.06673361505480395,-3.4489016634890093,-0.10192503669834824,0.0,0.16414407080713284,-7.0617492185620225,-0.41317480815511837,0.0,0.10863499944112587,-3.7848451559067384,-0.35279535750092,0.0,0.07151078561475983,-2.8859200445679205,-0.32075278245583944,0.0,-0.30623178221130903,-2.028836656000011,-0.11333324875752736,0.0,-0.4905126800659753,-4.705171057796275,-0.4207098703422928,0.0,-0.3988840196225302,-4.7092104873745155,-0.5121023818543617,0.0,-0.26344301950388677,-3.6564651189564112,-0.4313326812544887,0.0
0.0,0.0,0.0,0.0,0.20356105553668385,-0.1678595800176047,-0.13390074757721107,0.0,0.47612748880921596,-0.80466660585271,-0.25284095922027466,0.0,0.515046832787507,-2.4601663188753444,-0.5512143080456647,0.0,-0.05406803158567295,-4.074461919947469,-0.8377003281814581,0.0,0.992106145954376,-2.8849736281199303,-0.1309221792775427,0.0,1.2359387759299774,-4.612370024602251,-0.3164511824492589,0.0,0.7447150245469176,-3.4061980232347846,-0.3159906259540141,0.0,0.4978256823611046,-2.747980756481115,-0.2960015622210206,0.0,0.7415480202663387,-4.484978922292473,-0.13365215252649382,0.0,0.7661412187566744,-5.555748324115404,-0.2710623541087812,0.0,0.38685062847493557,-3.23461972251774,-0.24889200697699368,0.0,0.26786054509135926,-2.561665297037659,-0.23966685387884434,0.0,0.06087527312895204,-3.53608037435894,-0.13882635565241427,0.0,0.15357214179231168,-7.0041457408725805,-0.46123793980242234,0.0,0.1059071975499703,-3.7717150057927444,-0.3650651008238494,0.0,0.06962099037901189,-2.888983214461333,-0.3257675898593634,0.0,-0.312086327456672,-2.0714630316471783,-0.14425881918658517,0.0,-0.5031148592334023,-4.752913173367623,-0.4705668753925072,0.0,-0.40132591808598667,-4.711508940315245,-0.537644163610017,0.0,-0.2655213573258795,-3.666429132456569,-0.442604071854923,0.0
0.0,0.0,0.0,0.0,0.2069722929040672,-0.17085345155347456,-0.13535714754426467,0.0,0.48369997435777534,-0.8162103734418493,-0.25434597978434176,0.0,0.5429991491862822,-2.5118604341856847,-0.5552279654591932,0.0,-0.030709261293733265,-4.263061291530744,-0.8595499194093964,0.0,0.9908120422205222,-2.8753119032996834,-0.12528818462955824,0.0,1.25037049956716,-4.620933870212102,-0.3106003351732125,0.0,0.7541007200241285,-3.423235875203558,-0.31530798210259664,0.0,0.5029500266716612,-2.7584154339793345,-0.2966698117161777,0.0,0.7353873189783261,-4.43457658296096,-0.12014768269890685,0.0,0.7837683198613797,-5.563838452229895,-0.25565854107790603,0.0,0.395883922731711,-3.2392777412363487,-0.24251741420042588,0.0,0.2750001510825769,-2.5606294443368225,-0.2359858587478414,0.0,0.0594652033793283,-3.4664262236208208,-0.12488218643454901,0.0,0.15266058535928345,-7.0076823181653465,-0.44376538310597113,0.0,0.10735051081109913,-3.754745898743249,-0.3595935044647141,0.0,0.07296336590229231,-2.8685202477114666,-0.32348092646263465,0.0,-0.3088552797139041,-2.0344682279978827,-0.13398806362864057,0.0,-0.4968290117938796,-4.70442184337707,-0.45472127421881947,0.0,-0.3983881154100481,-4.693236424715441,-0.5321459181112032,0.0,-0.2620374150872259,-3.6449730470686026,-0.44178388257126733,0.0
0.0,0.0,0.0,0.0,0.20738544086546254,-0.1721418944945311,-0.13292829545220522,0.0,0.48059232634375715,-0.7900457420793242,-0.2494070340251572,0.0,0.5085184764660476,-2.348230181901767,-0.5328315101077549,0.0,-0.02325772125759988,-3.955820950139007,-0.8255592006487615,0.0,1.003066134610772,-2.904941027167076,-0.14370350525471537,0.0,1.2387533520937266,-4.621946713565448,-0.3340223838279851,0.0,0.7427720243917209,-3.3983790842528063,-0.324630877877042,0.0,0.496584128234883,-2.743502268313264,-0.30011064809669674,0.0,0.7569686990594161,-4.5555936025255654,-0.15413179451880105,0.0,0.7660205766757119,-5.55525928432954,-0.28829265754057576,0.0,0.38330762792646117,-3.225423496156892,-0.25430680623141605,0.0,0.2650377996014262,-2.5584720232971305,-0.24147419471364046,0.0,0.06968018591789706,-3.578049675760474,-0.15335167068902508,0.0,0.16203283037141378,-6.9977538885157555,-0.4752583632648413,0.0,0.10805783407593507,-3.763759591568384,-0.36778126237178793,0.0,0.07234769201685938,-2.8846685179377225,-0.3251587327555907,0.0,-0.30502195518882547,-2.083453154631274,-0.15121606852560132,0.0,-0.4958373787846373,-4.760824636571874,-0.477173669173124,0.0,-0.3960115479938884,-4.710882342399544,-0.5356295995031042,0.0,-0.26212500256044025,-3.680571808327323,-0.43761536590693306,0.0
0.0,0.0,0.0,0.0,0.208845233936883,-0.1753031931142289,-0.1363894088600247,0.0,0.4820697665249977,-0.7935945330907173,-0.2566391721165568,0.0,0.5247160380397987,-2.3656170081563177,-0.5521422231004928,0.0,-0.0022888793634820393,-4.06599151215837,-0.8772015447959108,0.0,0.9831633050006481,-2.8587729609099632,-0.15154681931697137,0.0,1.2486283146705681,-4.651720607140678,-0.35937414221231617,0.0,0.7436717420394678,-3.4179330334854763,-0.347527037053224,0.0,0.4930618106240043,-2.745312250120339,-0.31868009521283885,0.0,0.7281152592408273,-4.420257628724512,-0.1615767741109756,0.0,0.7718628119766145,-5.574617660427303,-0.3100478319552431,0.0,0.38239239031058864,-3.2215125893385474,-0.26896210758835204,0.0,0.2646526889466466,-2.5441616296994907,-0.2535728749535224,0.0,0.05691037965690675,-3.477804298299316,-0.1592935840417436,0.0,0.14861338310241703,-6.9810072220972,-0.5008425646332458,0.0,0.10050344495182979,-3.7367145085458313,-0.3831763121826081,0.0,0.06880429926492093,-2.858518227739855,-0.33812122640210096,0.0,-0.3104345691481507,-2.042783680139774,-0.15625723344515338,0.0,-0.5007420531958764,-4.717674666039553,-0.4958550556768976,0.0,-0.4016665155896319,-4.6834253434125115,-0.5611167907418063,0.0,-0.2647109271887484,-3.63778587500294,-0.45835449494444247,0.0
0.0,0.0,0.0,0.0,0.2082397780884372,-0.17582022243301748,-0.13266844715654694,0.0,0.48177794187125883,-0.7968802429127647,-0.24964640748211148,0.0,0.5183979835224054,-2.380330465990274,-0.5379597897633059,0.0,-0.008748912282605725,-4.098032998503756,-0.8540584320029887,0.0,0.9838796424625844,-2.8572805944262956,-0.14809741912217878,0.0,1.2489559164340882,-4.651631547653258,-0.3534911767990572,0.0,0.7453532274435354,-3.4142884149856956,-0.34053570451176407,0.0,0.49560306838996726,-2.747173691644915,-0.3121196024390262,0.0,0.7340384059899475,-4.463494458203053,-0.163390988746216,0.0,0.7711249274688265,-5.59803421217545,-0.30931756546238737,0.0,0.38318574582899584,-3.2287141988134747,-0.265233179797822,0.0,0.2660899825635197,-2.5541826244036114,-0.24903995963677628,0.0,0.05970149252989703,-3.5247100424732847,-0.16325423854845708,0.0,0.15260346951528034,-6.952761826695164,-0.4946270685289241,0.0,0.10278321930274262,-3.728547737229085,-0.37387091338178996,0.0,0.07035088228827353,-2.8582790317407016,-0.3284186704402501,0.0,-0.3094252251655947,-2.0588682408333434,-0.15869659246985846,0.0,-0.5027198155673661,-4.716754776717054,-0.49415260621213236,0.0,-0.4047570516353422,-4.679045811877831,-0.550696753282729,0.0,-0.2698933897361977,-3.654382997570311,-0.44752772644231614,0.0
0.0,0.0,0.0,0.0,0.2065135308169636,-0.1729234529680548,-0.13564340913891157,0.0,0.47666267823557984,-0.7920856005869449,-0.25648993298800465,0.0,0.5153223004016456,-2.372685288283992,-0.5539333814449421,0.0,-0.015498217744180125,-4.023402545670965,-0.8721781623509054,0.0,0.9617574526108273,-2.8530961782622684,-0.17244644012386734,0.0,1.2469716367998487,-4.701000655819238,-0.3947219749137958,0.0,0.7373129238152939,-3.4272718373938833,-0.3660375110692512,0.0,0.48465401323149604,-2.7456687191950473,-0.32879271378235664,0.0,0.7065956991411948,-4.440208133993317,-0.1943032790512656,0.0,0.7670734817788878,-5.633926427374516,-0.34781251337426117,0.0,0.37738090742391633,-3.225291913686159,-0.2809083877903209,0.0,0.2594868171219878,-2.5448994236867706,-0.2578023674112622,0.0,0.04302156735498939,-3.5227727914445124,-0.18586647260969738,0.0,0.12811360269552197,-6.994884804008905,-0.5323796625127503,0.0,0.0929162616496339,-3.7330490354640453,-0.3868572204084087,0.0,0.0648104612935312,-2.858164474321889,-0.3353307078152657,0.0,-0.3209572971936255,-2.0805596615699127,-0.17360156349954944,0.0,-0.5254932334711697,-4.694548091196234,-0.5054856902322834,0.0,-0.4184106964330008,-4.6332455119958835,-0.550477240217948,0.0,-0.2760596916724469,-3.6351062627015818,-0.4467224265438185,0.0
0.0,0.0,0.0,0.0,0.20741798633611522,-0.17949613812501541,-0.12996371500454337,0.0,0.48724092950103515,-0.8130479828160816,-0.24766452974540745,0.0,0.5136029381466427,-2.437446799386826,-0.5423365378819974,0.0,-0.0517826669997741,-3.9504310379868586,-0.8253049644162014,0.0,0.9696773464615691,-2.8245818024372893,-0.1534275224004156,0.0,1.2504069263563813,-4.65586384210031,-0.36544484386291143,0.0,0.7525592113259307,-3.4399771159789467,-0.35068716816065837,0.0,0.49953549716638507,-2.76299765735362,-0.3197271131365308,0.0,0.7241331291838248,-4.475437443531778,-0.18538701200620294,0.0,0.759465131934671,-5.591162652333905,-0.32859383852317176,0.0,0.3807173243601189,-3.232757451521176,-0.27309541860980535,0.0,0.26401518361449183,-2.557552650555047,-0.2537425706038993,0.0,0.05087152725630893,-3.570387100887426,-0.18977327539617997,0.0,0.12264807434910993,-6.873980328710354,-0.514554207630613,0.0,0.09017445827966815,-3.710924214305541,-0.3778689132670374,0.0,0.06041644107716715,-2.8480261583022295,-0.32921697505164144,0.0,-0.31709618408942614,-2.0755215630224573,-0.17956381043301642,0.0,-0.5203159861616726,-4.707795962532435,-0.514453924906417,0.0,-0.418094705253781,-4.641825587134938,-0.5543500039793918,0.0,-0.2845833856298475,-3.632303746497681,-0.44705866936322797,0.0
0.0,0.0,0.0,0.0,0.20659650784587763,-0.1757336790900815,-0.13193778024130512,0.0,0.4864500915488771,-0.8123895351971416,-0.2524003918218182,0.0,0.5206069074852268,-2.4760235043790937,-0.5581917359592329,0.0,-0.050676647184353905,-4.067245054936477,-0.8576102526698257,0.0,0.9606366238589086,-2.802057927033511,-0.16949053636683953,0.0,1.255987035594461,-4.6636706302712465,-0.3914744156897938,0.0,0.7526905978598395,-3.4377341775865085,-0.36683220450171466,0.0,0.49737936128614707,-2.7567779942761295,-0.3304171231975161,0.0,0.7127580785967875,-4.4267461834610415,-0.20461630282409565,0.0,0.7721433144761652,-5.607504330334721,-0.3514491220251259,0.0,0.38602973370146426,-3.2362135772440186,-0.282632242450141,0.0,0.26727952789273246,-2.557656023828057,-0.2597253329592482,0.0,0.046313256830450476,-3.5392790291859977,-0.2025568550241006,0.0,0.12443340691733772,-6.908464938593378,-0.5402245997456927,0.0,0.09270432904474896,-3.7226840664529663,-0.3874279066014316,0.0,0.06339104320976355,-2.8559152980502702,-0.3352949035851064,0.0,-0.3217345382719488,-2.071918294307021,-0.18706224895990015,0.0,-0.5207716274138888,-4.709537642153778,-0.5287188703657426,0.0,-0.4137409141077255,-4.633012444010089,-0.5641928547873106,0.0,-0.2784732620519082,-3.6255967858880647,-0.45401071120515124,0.0
0.0,0.0,0.0,0.0,0.20214216869467755,-0.1688907158152598,-0.1383713140298134,0.0,0.47516523928946874,-0.7741067343270802,-0.26270685026730717,0.0,0.5209287744914946,-2.338163433591243,-0.569533019989021,0.0,-0.013636513897553548,-3.9409582156000593,-0.8921651318149264,0.0,1.0012101725820044,-2.8910334889357023,-0.1765052810173955,0.0,1.235848950722864,-4.6130459620451285,-0.3800853206596225,0.0,0.7360673845195362,-3.3886730302712977,-0.355168563838455,0.0,0.48964185754844425,-2.73094258364889,-0.3218249386999017,0.0,0.7536888981472897,-4.530476616915791,-0.19439061916050673,0.0,0.7727820593482047,-5.57777116451362,-0.3314294158680923,0.0,0.3817437218812733,-3.2251551496196242,-0.27324247261084034,0.0,0.2625139348578693,-2.5565587075548586,-0.2536400276125206,0.0,0.0680237106571703,-3.5420368029775133,-0.1775288927861449,0.0,0.15929550805284648,-6.946704998374641,-0.506187783614742,0.0,0.10273390337394366,-3.73829326748998,-0.3717236168363713,0.0,0.06825300717580984,-2.8734125345396775,-0.3239353189378988,0.0,-0.30585372588450693,-2.050618867325213,-0.1623695934891609,0.0,-0.5040936618650655,-4.685422945321291,-0.4914014574323569,0.0,-0.40582850579112145,-4.684022624989886,-0.5404334068458905,0.0,-0.26864999848721266,-3.6716171506231174,-0.4354207738793306,0.0
0.0,0.0,0.0,0.0,0.20634902408186737,-0.17038208990440445,-0.1365820915108416,0.0,0.47956330256068846,-0.7920939709475986,-0.2553667450513748,0.0,0.5077676055027455,-2.3794602608740782,-0.5463684237607926,0.0,-0.04456725879345553,-3.883879726296766,-0.8207094274344016,0.0,0.9971377222219807,-2.9063460020078384,-0.14202779314653116,0.0,1.2305889447035925,-4.621833409067785,-0.32638923790193825,0.0,0.7357215638679412,-3.400133804821768,-0.318468357648857,0.0,0.49101536595513534,-2.7393641964975113,-0.29466766025320135,0.0,0.743378163798685,-4.5464176154398475,-0.14075002483397703,0.0,0.7578360681419939,-5.559647967632782,-0.2674535905497192,0.0,0.37654360830929273,-3.22592978123725,-0.24185259926221883,0.0,0.2608799409697904,-2.556888414200925,-0.23187823273521854,0.0,0.06141128621698401,-3.556693815464317,-0.13544538614913845,0.0,0.13912898835884108,-6.945585450410762,-0.43600343916155954,0.0,0.09698680821675972,-3.748614337904341,-0.3467138016908895,0.0,0.06800597602930843,-2.8785733396581654,-0.3102704409974285,0.0,-0.3068817623921685,-2.071273767016101,-0.13734661278005458,0.0,-0.5089638175607156,-4.708647581541676,-0.438605222453264,0.0,-0.41116544497858093,-4.710263109525084,-0.5015662298512503,0.0,-0.2704712794313592,-3.6960851104785903,-0.4149800019517733,0.0
0.0,0.0,0.0,0.0,0.2034243432993402,-0.16586193183876444,-0.1286692558689487,0.0,0.472194546840278,-0.8012229825043291,-0.24320683396752513,0.0,0.4957392533537517,-2.4202541845335355,-0.527292834576486,0.0,-0.0744592309105169,-3.7990079219614743,-0.7773093022158294,0.0,0.9637878880945908,-2.849912883223636,-0.16092819830397875,0.0,1.2208164848582777,-4.653584647242277,-0.3696243158580872,0.0,0.7237591359147035,-3.3998580549795503,-0.34675139154637613,0.0,0.4798624486400833,-2.734046563102267,-0.3156202544092861,0.0,0.7134957216416653,-4.455316665606208,-0.19308143908246989,0.0,0.744789273126095,-5.586569902258947,-0.33804901282043837,0.0,0.36598789599948633,-3.2138009682380044,-0.276656990683064,0.0,0.2515138982714941,-2.541811159036585,-0.2566717854985268,0.0,0.04703578552071811,-3.5384008984035824,-0.19462888303397574,0.0,0.1160281414030637,-7.020719451530873,-0.5397230871946629,0.0,0.08176768168096812,-3.734986550930548,-0.3897867064270429,0.0,0.0531865121022253,-2.868824180699129,-0.34065681972648987,0.0,-0.3219982420013691,-2.0676026643674823,-0.18307844906428056,0.0,-0.531477161454555,-4.7278304641988,-0.526406398057161,0.0,-0.4212308624712435,-4.678457677398714,-0.5728564148940053,0.0,-0.2749512502023873,-3.6491395067337544,-0.463587588712241,0.0
0.0,0.0,0.0,0.0,0.2051243302944145,-0.17385294936532286,-0.13220562160084137,0.0,0.47439872929837107,-0.8065011532852916,-0.25321315947598994,0.0,0.49597829513858743,-2.4140902042929757,-0.5523526126744965,0.0,-0.07044887926129513,-3.822013486456932,-0.8261611090013677,0.0,0.961218820677565,-2.828523230640748,-0.17536889001746128,0.0,1.238763099879317,-4.671381738111913,-0.40015827128795395,0.0,0.7367981342374743,-3.420324614496766,-0.3714196976180919,0.0,0.48810679784924643,-2.7432783560547773,-0.33396507294425465,0.0,0.7130302728497828,-4.450968044957642,-0.21104855889072896,0.0,0.761007721139834,-5.596672459355212,-0.36238222588965935,0.0,0.3758041327106496,-3.2192832267887663,-0.2897449568518667,0.0,0.26011863778519284,-2.541784544653533,-0.26487229792068884,0.0,0.0455300910797793,-3.533082768859213,-0.2052374850615287,0.0,0.119992914849393,-6.9327043556074255,-0.551341766191768,0.0,0.08503985713040955,-3.70446379348889,-0.3932455109563431,0.0,0.05903930545054489,-2.8446825765167123,-0.3405040703758753,0.0,-0.3201016017125241,-2.0549625707546118,-0.18694526838463665,0.0,-0.5271632784355584,-4.691472401152367,-0.5318915192685173,0.0,-0.42237838368295105,-4.6676164823888735,-0.5756146215357558,0.0,-0.27652758510583125,-3.653436570234114,-0.4634137438634618,0.0
0.0,0.0,0.0,0.0,0.21190407951827456,-0.1842677268647191,-0.135427075741139,0.0,0.4709228462317577,-0.8178109383756167,-0.2519137732406367,0.0,0.5019494617779432,-2.3737118399363015,-0.527999057472451,0.0,-0.0403567868484115,-3.9113986599888233,-0.7983301215984449,0.0,0.982374418345925,-2.9023120101794633,-0.10122195008831324,0.0,1.2246701755376275,-4.629235563735713,-0.2687216825218056,0.0,0.738722352082095,-3.417324087279693,-0.2839767070808924,0.0,0.4942770945905958,-2.7567176201549475,-0.2717527639590279,0.0,0.7261489056675946,-4.495035530069192,-0.08221051838874494,0.0,0.7450896242762463,-5.50083540816886,-0.20304234995416437,0.0,0.3766810211937871,-3.218797011637736,-0.21438590447288655,0.0,0.261766819906744,-2.5555674318306254,-0.21465159271577725,0.0,0.044317432414928054,-3.511680696535729,-0.09248975676166701,0.0,0.1228751104910756,-6.918934738609753,-0.3716614085704421,0.0,0.09027513941495971,-3.730175871960676,-0.3278930896920792,0.0,0.0612977759365981,-2.8599857733625047,-0.3015082374784584,0.0,-0.31978234661516886,-2.045683975234579,-0.11141453378511494,0.0,-0.5285146841757883,-4.607511170183923,-0.3911921378684174,0.0,-0.43646534000555365,-4.655815169699632,-0.4753187996149694,0.0,-0.2923155146360818,-3.676405538240902,-0.4050125592328142,0.0
0.0,0.0,0.0,0.0,0.2123231641737412,-0.18223936885280692,-0.1439693345397617,0.0,0.4759165281476019,-0.815679890628476,-0.26751421089173466,0.0,0.4988142214720518,-2.363916884131762,-0.5576886632225617,0.0,-0.06024478876173207,-3.7541750371454476,-0.8126162026308876,0.0,0.9765025208313525,-2.866879590292329,-0.0995542942232248,0.0,1.2273312720762908,-4.614557092427178,-0.260075733707431,0.0,0.7374031522611116,-3.409991430307702,-0.27779706969718,0.0,0.4927348733912539,-2.751331371304166,-0.2680680335901805,0.0,0.7058602469803981,-4.359738463760857,-0.06105084582423666,0.0,0.7460281851190238,-5.476351624218139,-0.17603876505081992,0.0,0.375661330149009,-3.217983783781949,-0.2044782374002284,0.0,0.25967074614639335,-2.555228289802047,-0.2107140723551211,0.0,0.039930796449092226,-3.418058948248222,-0.06488607559680529,0.0,0.12546567154156738,-6.9100456174973,-0.3334310301811672,0.0,0.09123920694972093,-3.722149030415933,-0.32131199049052006,0.0,0.06041540368064237,-2.856488345342032,-0.304126079252107,0.0,-0.32045045344826134,-2.0368480331744743,-0.0893900566212244,0.0,-0.5250787787178338,-4.636471064924272,-0.35736419897053007,0.0,-0.4298467764979199,-4.6562464273896005,-0.4577387344264359,0.0,-0.28576922944206296,-3.6576859405095035,-0.40059802769129504,0.0
0.0,0.0,0.0,0.0,0.2105970225331799,-0.15865642585003684,-0.14396401603983305,0.0,0.4827387481088916,-0.7725308511513514,-0.26544675190376005,0.0,0.5491692526752869,-2.360422507115614,-0.5617649080000021,0.0,0.005264117858763916,-3.708506021037431,-0.8134176668802025,0.0,0.9895303676055635,-2.8201287153449277,-0.1410236847117647,0.0,1.2746535797418652,-4.629263164585671,-0.32373194108578723,0.0,0.7622789968632021,-3.406506022155884,-0.3185074212116458,0.0,0.5093514359835052,-2.744079828213095,-0.2969985848083518,0.0,0.7410865879183608,-4.340384225411572,-0.11740384775624446,0.0,0.7865215923671438,-5.4729529103296635,-0.23647084469201438,0.0,0.3914840215621663,-3.1910095719646114,-0.22949949823052732,0.0,0.2708579915315662,-2.5360022433641243,-0.22628575481227178,0.0,0.07638804492271663,-3.4369149516610507,-0.10424878768980525,0.0,0.16942498341864512,-6.761629063601409,-0.3832110836597047,0.0,0.10858162529279952,-3.6651386237005776,-0.33426284338163265,0.0,0.07170400236565605,-2.8293518658188566,-0.31028311607057324,0.0,-0.29867281732401746,-2.042763340906052,-0.11093606894684653,0.0,-0.4861442647949448,-4.677992520198594,-0.39651137017247273,0.0,-0.3880395414410275,-4.636247499522799,-0.478640080828282,0.0,-0.2568180632445763,-3.646024265233188,-0.41196311272976,0.0
0.0,0.0,0.0,0.0,0.20959649696994379,-0.16165227765901163,-0.13749400149552302,0.0,0.4816414239831671,-0.7873839709233555,-0.255468112434756,0.0,0.5308715384103797,-2.394436538936112,-0.545416280832976,0.0,-0.023913674572195846,-3.812829838014187,-0.8013282593705283,0.0,0.9853340079224164,-2.840482989586059,-0.1517345185753668,0.0,1.2538051809499204,-4.595345505084714,-0.34428418601641303,0.0,0.7475437190444411,-3.38679386149294,-0.33207972352851567,0.0,0.4941821865705852,-2.728508987716434,-0.30570916925458574,0.0,0.7364670190186097,-4.39998603850185,-0.15386046556789482,0.0,0.7756078680075899,-5.511834762320029,-0.28339217694694024,0.0,0.38195474937172913,-3.186705524707885,-0.2500831604519724,0.0,0.2615282691889103,-2.523814663095529,-0.23843895485656544,0.0,0.06639263828322484,-3.4580183037598995,-0.14627758077465433,0.0,0.15731941381226835,-6.9580974720214135,-0.4663405955125311,0.0,0.10095172736998066,-3.7221601818132584,-0.3649041538625756,0.0,0.06447056173540243,-2.8581913823530876,-0.3263683666630584,0.0,-0.3052216766268338,-2.0327616069822843,-0.1446253438322164,0.0,-0.5010463954560896,-4.65820764749756,-0.4607037334863952,0.0,-0.401485043138359,-4.663485980209613,-0.5307799125343248,0.0,-0.2638561381339772,-3.648083455769764,-0.4406037622232447,0.0
0.0,0.0,0.0,0.0,0.21005069980210817,-0.1640967153027168,-0.13924135712349803,0.0,0.47989533682974683,-0.7863524462956242,-0.25949279011403364,0.0,0.526975354978208,-2.3893212074005223,-0.555030986350283,0.0,-0.023256235123121027,-3.9267690980014494,-0.8364749528412646,0.0,0.982471715048478,-2.815792748805411,-0.15043638435366308,0.0,1.2574690526426773,-4.613257144594301,-0.34534365182848825,0.0,0.7494281044820257,-3.3993942604253315,-0.33365530663820675,0.0,0.4950265372524655,-2.7349693406415025,-0.30694150706009615,0.0,0.7333593102530273,-4.365327756596512,-0.1483121225359169,0.0,0.7745453996018824,-5.529549304283498,-0.2810035797018036,0.0,0.3820304817174018,-3.1931807122308147,-0.25009927202690174,0.0,0.26303709156763766,-2.5300802553725252,-0.23916889582119158,0.0,0.06631620135769503,-3.453043377283544,-0.13951568769492936,0.0,0.15144072340458525,-6.894726080540875,-0.454972843336813,0.0,0.10063381914072704,-3.7065825732026867,-0.36155792716909574,0.0,0.06705868060324602,-2.8505416894488818,-0.3246569334055043,0.0,-0.30477642385429515,-2.0384181989537464,-0.138588753598406,0.0,-0.501003173253119,-4.662710769269359,-0.45461759367094984,0.0,-0.40216862809154336,-4.671193793402666,-0.5285721688966756,0.0,-0.26426615282024835,-3.66655758856665,-0.4413324862770025,0.0
0.0,0.0,0.0,0.0,0.21399792304858675,-0.17424707412133933,-0.14184451541213328,0.0,0.4804709283224191,-0.7963677277589131,-0.2612339505033334,0.0,0.5130399531344301,-2.3524397287443204,-0.5487565502493521,0.0,-0.04063044150310802,-3.766308075548922,-0.8091966439149963,0.0,0.9804161569516212,-2.862234150554741,-0.10785449628582858,0.0,1.228338065819417,-4.593835215135794,-0.27753969387558897,0.0,0.7368968634179994,-3.3850761624482475,-0.29107921864419023,0.0,0.4909508789880103,-2.7258361926200636,-0.2782577308566629,0.0,0.7062715322774861,-4.318807822907082,-0.08602802013974678,0.0,0.751709277864985,-5.508121580625823,-0.21577065028654732,0.0,0.37478290765535277,-3.1871115144787088,-0.22676559224669474,0.0,0.25795006931387765,-2.5195479133058645,-0.22712275068279275,0.0,0.043303127316008244,-3.353878045468522,-0.09463939631540198,0.0,0.13185042635232572,-7.060725581779782,-0.4173841173721557,0.0,0.09392918791281867,-3.732486885418298,-0.3631840883123651,0.0,0.06154269475831759,-2.844683328773543,-0.3319120646162406,0.0,-0.3164142365322425,-1.9820370421876745,-0.11382724973953554,0.0,-0.5211630804750604,-4.572727693254987,-0.42293172742185436,0.0,-0.42308568404595953,-4.631261641336001,-0.5258703388471679,0.0,-0.2758140875692756,-3.624292435601418,-0.44847726679422667,0.0
0.0,0.0,0.0,0.0,0.2155589532117799,-0.18183940439660723,-0.13535135528099812,0.0,0.4828934364543764,-0.829033600516294,-0.2500359179105596,0.0,0.5068896052443707,-2.451555846338158,-0.5290068344666324,0.0,-0.06463221052989503,-3.922242909824105,-0.7780341916288719,0.0,0.972391758241558,-2.8700655395658177,-0.09277536937508374,0.0,1.2255709138530417,-4.627238860091046,-0.2598701788399476,0.0,0.7379853709494649,-3.4085861705438454,-0.27831241178273075,0.0,0.49387833616066873,-2.7476688435084893,-0.2682547105716209,0.0,0.697142042511512,-4.346811326137842,-0.07342139505899593,0.0,0.7473685371134529,-5.551558662327584,-0.20565139418958117,0.0,0.37571910573727346,-3.213579545278117,-0.2189043766429721,0.0,0.261294209580364,-2.5480975583317496,-0.21994466232925577,0.0,0.03518988126508915,-3.38480595667311,-0.08991267928663646,0.0,0.11827318914388028,-7.010163733348209,-0.4011274874947163,0.0,0.08551901615709255,-3.712993681710779,-0.34929810406969014,0.0,0.054429086094385896,-2.842499880086613,-0.32006499055118226,0.0,-0.3219291670896427,-1.9933203174161418,-0.11214490846673396,0.0,-0.5300695788953741,-4.600855907156036,-0.41498278692345225,0.0,-0.4302700309361028,-4.654468468734981,-0.5119867188831454,0.0,-0.28204130865155275,-3.648603560672495,-0.43551715380923955,0.0
0.0,0.0,0.0,0.0,0.20874090244251192,-0.1739151474776075,-0.13238133992688883,0.0,0.4750839323315367,-0.8105090593702888,-0.24787856143518575,0.0,0.5084908415437756,-2.4196884685175286,-0.5306773415184981,0.0,-0.042733125946315335,-4.054989018525369,-0.8196069204182451,0.0,0.9767395267587413,-2.8952382244375356,-0.13208598773014152,0.0,1.2267162036646562,-4.6515016221003105,-0.32163918662581054,0.0,0.7373937073013949,-3.4191303030360913,-0.3197691072522778,0.0,0.4929462242364175,-2.7529523154483178,-0.29851183252511065,0.0,0.7187096475909485,-4.488457062733952,-0.13940281379611727,0.0,0.7472298203829496,-5.542982993991064,-0.2760042632616157,0.0,0.3773629373637677,-3.2188153868931115,-0.25136181627965365,0.0,0.2630317971445891,-2.5534533131416937,-0.24149795023304502,0.0,0.04328519831039396,-3.499836576152542,-0.14521942127687032,0.0,0.11804514994997461,-6.937716339601051,-0.472736209566585,0.0,0.08388045758839648,-3.710008290835829,-0.37277624253695746,0.0,0.05400903940663258,-2.846413628650676,-0.33267499720249133,0.0,-0.3194387430369177,-2.0269879188932696,-0.14767478180847354,0.0,-0.5280942032546928,-4.629184602092001,-0.4784366967320498,0.0,-0.4293230835459332,-4.6540335837628275,-0.5571706530030648,0.0,-0.28357585976244754,-3.6478679029386356,-0.46220237509713796,0.0
0.0,0.0,0.0,0.0,0.20282755492891358,-0.16114038687605095,-0.13821961387401535,0.0,0.4736561941521434,-0.7767675930007027,-0.26287121366390126,0.0,0.5422923174934554,-2.3785561766955183,-0.5720663567146788,0.0,-0.0023295439453250087,-4.036263899762831,-0.9006367278770294,0.0,0.9918545076262864,-2.8541406626775983,-0.18098696595805536,0.0,1.2631445010966216,-4.645485410262634,-0.39525224013885074,0.0,0.7572073944781021,-3.415499444714411,-0.368113950699606,0.0,0.5064014306741741,-2.748435182839689,-0.3333188754547381,0.0,0.760534566073931,-4.535239142105067,-0.20462083272976375,0.0,0.7799075149851945,-5.48825936759881,-0.3350147198124735,0.0,0.3938859531317918,-3.206296922350044,-0.27596697319406743,0.0,0.2748819031912491,-2.5510240805714823,-0.25705885588183314,0.0,0.06729346019918879,-3.549092895635105,-0.1890551102061773,0.0,0.1561766026574711,-6.806204726558207,-0.5185148812080428,0.0,0.1041842607838904,-3.6928961129408466,-0.3855676256378042,0.0,0.07013417610792066,-2.8428456229053816,-0.3383959432168407,0.0,-0.31023360635455016,-2.0532812372435316,-0.17143703419713924,0.0,-0.49902800596386176,-4.644837746061755,-0.5153054876656853,0.0,-0.4025283714006011,-4.654228193759012,-0.5785736586266637,0.0,-0.26652982355511035,-3.6470405725430437,-0.4725470399968794,0.0
0.0,0.0,0.0,0.0,0.20717996792778534,-0.16410861275383565,-0.15305960030647328,0.0,0.47255812275677955,-0.7630898503862119,-0.2895530390535774,0.0,0.5292583203303545,-2.2892497373098717,-0.6183679258304303,0.0,-0.00664990801226607,-3.809453729970402,-0.9523593941706837,0.0,1.0017360872518373,-2.862095316834938,-0.18353685380574672,0.0,1.2541373108057763,-4.613385689707464,-0.3874828226538196,0.0,0.7454551596081209,-3.389800218436603,-0.3628463330361592,0.0,0.4960115360547572,-2.7321183922712815,-0.3300557923671175,0.0,0.7476881870905445,-4.396842906657141,-0.17227284166965076,0.0,0.7875741887591031,-5.464985905450579,-0.2985308330766616,0.0,0.3921537772287173,-3.196160468344114,-0.25982458361253463,0.0,0.2693562929921717,-2.540900912554426,-0.2471254176805753,0.0,0.06430209649189297,-3.415978678072638,-0.14542653595891147,0.0,0.16819308782708134,-6.90838218783555,-0.47341166760508874,0.0,0.10964102898706037,-3.7207992936296335,-0.37623632311127486,0.0,0.072967067946828,-2.8515555882813914,-0.33656489882684026,0.0,-0.30999790972498237,-2.021875533412368,-0.13802204325960274,0.0,-0.49814551734714757,-4.606546549048385,-0.45730396543800605,0.0,-0.4033811427181273,-4.639891350393576,-0.542785847709432,0.0,-0.26340801844427114,-3.6333331511009677,-0.455102205044162,0.0
0.0,0.0,0.0,0.0,0.2031172768523945,-0.1588580018341024,-0.13765466052613662,0.0,0.4692082465990591,-0.7639636247228471,-0.2613877773684963,0.0,0.5034575503176382,-2.308459487167434,-0.5651082321660065,0.0,-0.03799674807859811,-3.831061788002844,-0.8749443353774686,0.0,0.9993963068712552,-2.8744681258787765,-0.18352095093494242,0.0,1.2209512235410795,-4.540582599632553,-0.3831776477468395,0.0,0.7302419178035705,-3.344973935714918,-0.35720555896846135,0.0,0.4860137366534208,-2.7055052429815296,-0.32487614029141143,0.0,0.7495013325115576,-4.468281012204375,-0.21117482140676058,0.0,0.7669472066783471,-5.516383099304648,-0.34892636920288345,0.0,0.3772068679197543,-3.1928725126466873,-0.2857529477338658,0.0,0.2553987545640733,-2.535429932830124,-0.2658181209709358,0.0,0.06404379960213957,-3.476572277447248,-0.19696259188725637,0.0,0.15830537355227298,-7.0048795816031335,-0.5574407344094164,0.0,0.10099412678282585,-3.738367192179011,-0.4078815937376433,0.0,0.06211429098695725,-2.8698066888254092,-0.35638872771041064,0.0,-0.30995139702502145,-2.011687746198316,-0.17782632571643317,0.0,-0.5137416642091173,-4.611603667155733,-0.5322880084233861,0.0,-0.4137017683820334,-4.644842076754893,-0.5989183093989132,0.0,-0.27362228608361366,-3.63898923164705,-0.4878284942604444,0.0
0.0,0.0,0.0,0.0,0.20930754680835398,-0.16155528286216572,-0.14391867588677856,0.0,0.476085347250487,-0.7794406255540752,-0.26981503230256576,0.0,0.5211361080270707,-2.3402898223730006,-0.575881463876326,0.0,-0.030900422542138397,-3.8454395788652915,-0.8747585744395224,0.0,0.9829498997738396,-2.8315184843984302,-0.14588759716770033,0.0,1.236024159871772,-4.568947969090729,-0.3332416482510386,0.0,0.7422086065072231,-3.378115739682926,-0.3288762964580483,0.0,0.49521816157411935,-2.726590446179111,-0.306451501012552,0.0,0.7160491632073669,-4.315888054264088,-0.13872296735101244,0.0,0.7614659221273954,-5.494467049892851,-0.2703670139378507,0.0,0.3765698418016784,-3.189549342586959,-0.2506975500641414,0.0,0.2577583711977201,-2.530390330794662,-0.24367282365055684,0.0,0.04840599646472573,-3.3686855354858625,-0.13421513124815299,0.0,0.13236395201538076,-6.939478438643082,-0.46490321109260674,0.0,0.09111859016520306,-3.710436953588628,-0.3790014138201677,0.0,0.05733355379745525,-2.846810534166719,-0.3432481935860492,0.0,-0.3158092926038104,-1.9979996362213917,-0.13880241530913606,0.0,-0.5168417887114564,-4.605665229046675,-0.46131984276284366,0.0,-0.414127832629879,-4.615885133881318,-0.5491944547479616,0.0,-0.2704694943018239,-3.6089526192397763,-0.46336683218807084,0.0
0.0,0.0,0.0,0.0,0.2066937825683489,-0.16700832446981398,-0.1366556323909007,0.0,0.46980112579169553,-0.7866625966125267,-0.2563963791414371,0.0,0.49390607244385754,-2.347108084067553,-0.5469441300011095,0.0,-0.06953833754925405,-3.7260373850250885,-0.8087039187028933,0.0,0.9704959291474343,-2.8160462478183548,-0.1462391858248208,0.0,1.2238016841125652,-4.582140345392827,-0.335363754225278,0.0,0.7318372696141867,-3.3870425127807415,-0.32878947098733546,0.0,0.48469584682142086,-2.7301736533531784,-0.304910608513892,0.0,0.7133600557765896,-4.392420548654638,-0.15628577421123696,0.0,0.747475995557845,-5.535000541352334,-0.28809700540549954,0.0,0.36813112267467746,-3.1968556214813995,-0.258425202832767,0.0,0.25152998293302276,-2.5367562020704066,-0.24870103289407564,0.0,0.04067047320411556,-3.4598493823753205,-0.15452902113299902,0.0,0.10962597883007831,-6.916109323325117,-0.47478022663739233,0.0,0.08037277211224077,-3.7105436728813985,-0.3761526713545008,0.0,0.05146652650935966,-2.858130787640519,-0.339219418076403,0.0,-0.3232024203726363,-2.0278757241612557,-0.15243343861848832,0.0,-0.5362064511230951,-4.634731819179484,-0.46999452883964565,0.0,-0.42330301897998335,-4.625959991039553,-0.5394101755352674,0.0,-0.2727448868941076,-3.649694942179971,-0.45262002352146363,0.0
0.0,0.0,0.0,0.0,0.21337539054490795,-0.17452828395199177,-0.13600490127824882,0.0,0.47594947280119004,-0.7956907343046834,-0.2505550820279557,0.0,0.5033316067252486,-2.35645029806684,-0.5286267946324472,0.0,-0.06440821890172065,-3.74008871171193,-0.7764079074740856,0.0,0.9643153908754087,-2.8043788900345423,-0.1029233771540604,0.0,1.2306657744479697,-4.601558056261842,-0.2718036440554815,0.0,0.7392089874578364,-3.4141303844396886,-0.28862735697942576,0.0,0.48950419762907116,-2.7480872416844657,-0.27663505096399704,0.0,0.7005715765987729,-4.317013772344436,-0.09174568438338411,0.0,0.7517172779052262,-5.511309885941526,-0.21484934195458508,0.0,0.374266746767782,-3.200102204229391,-0.2255884458160952,0.0,0.25796443204350833,-2.533400363827148,-0.2265942723912029,0.0,0.03668863098710184,-3.40675432551355,-0.10558199889334681,0.0,0.10008048803947261,-6.8907618772610615,-0.40135522384330136,0.0,0.07929469318749277,-3.6890888488389764,-0.349410945569938,0.0,0.05339346791533185,-2.833311294620928,-0.32267133420635025,0.0,-0.32426344909723187,-2.003150760204975,-0.12304680730947806,0.0,-0.5348802488444134,-4.616846891925564,-0.42031082825130667,0.0,-0.42473905418836594,-4.599131388873296,-0.5026928188676499,0.0,-0.2761807125498116,-3.621381477172852,-0.43023002388677883,0.0
0.0,0.0,0.0,0.0,0.21211691658933535,-0.1762375840201426,-0.13779444034034927,0.0,0.47297592627963936,-0.7963962462304535,-0.2552361071743078,0.0,0.4980115339269416,-2.3494565924154167,-0.5392073622208898,0.0,-0.0652363757126588,-3.78293368382974,-0.8028596113725601,0.0,0.9649562993447981,-2.816730408271324,-0.11250701773194086,0.0,1.2230262669450322,-4.5871506378054345,-0.28804494277984577,0.0,0.7338198241926714,-3.405691113750243,-0.3012276022476474,0.0,0.4844322912007637,-2.742470143174771,-0.286212956459192,0.0,0.6991351378222586,-4.328568011780355,-0.10215601406990056,0.0,0.747845052782124,-5.526104770365453,-0.23049015708298173,0.0,0.371297026115297,-3.2036691441581917,-0.23301906975979567,0.0,0.25499347660408433,-2.5370554692282847,-0.23173944281745873,0.0,0.03326014101864646,-3.403010420455887,-0.11161463777741829,0.0,0.09600596735229498,-6.909961691072079,-0.4137542352301871,0.0,0.07650223834736848,-3.7040883182220363,-0.35328811697566503,0.0,0.05080505901181586,-2.842436681241348,-0.3239471828372296,0.0,-0.3260095241142087,-2.002878999599034,-0.12609604641129343,0.0,-0.5388681520864681,-4.616902423447495,-0.4270356936864271,0.0,-0.4312527842428176,-4.607003600920989,-0.5072324750201987,0.0,-0.2817849928553728,-3.625374421596658,-0.43128731118187713,0.0
0.0,0.0,0.0,0.0,0.21089577830342035,-0.17011615309357744,-0.13699429585668357,0.0,0.4796036147318679,-0.7936834358530984,-0.25698456781132445,0.0,0.5234252708485698,-2.367744675007623,-0.5504333754023102,0.0,-0.03413512810102701,-3.7343980190627195,-0.8149533759342791,0.0,0.9764871316342576,-2.8452292178798193,-0.13759568459211122,0.0,1.2346018999283213,-4.624833841139445,-0.32796680005723394,0.0,0.7395960777075096,-3.4057070099695954,-0.3249644891580517,0.0,0.4916520675744589,-2.7397832064304533,-0.30238978282829454,0.0,0.718415875902117,-4.395280979028183,-0.14483637217084833,0.0,0.7601415421633672,-5.530924761545637,-0.2804575512816397,0.0,0.3773745028531039,-3.1941917320121798,-0.25489489477750016,0.0,0.26062069050958014,-2.525797392724461,-0.24425392976204,0.0,0.04594281047737579,-3.4306240685223,-0.14855874339808348,0.0,0.11745585051723564,-6.930791316713086,-0.47899016883228174,0.0,0.0866991170964699,-3.7071132501424673,-0.3785629714688981,0.0,0.05885825616067313,-2.843046920551779,-0.3380253931019098,0.0,-0.3177692014843137,-2.003429081073958,-0.15104374944795296,0.0,-0.5211905686592927,-4.628840376548317,-0.47616663379622964,0.0,-0.41820161973170666,-4.625087266385834,-0.5463730992156951,0.0,-0.2748019425282884,-3.6253494629360614,-0.453566305551665,0.0
0.0,0.0,0.0,0.0,0.21315244821091514,-0.1749652892321693,-0.14208492429275874,0.0,0.47935868329576986,-0.7953539443170295,-0.2648526924597393,0.0,0.5098763607132987,-2.333488169562471,-0.5587268792800699,0.0,-0.04407814734834283,-3.6816577080179864,-0.820218066449455,0.0,0.9850961899675874,-2.8713558894789806,-0.12225258278348912,0.0,1.2262046298612574,-4.612829816584383,-0.29766981085640065,0.0,0.7352859016662332,-3.407426179714344,-0.305055577478401,0.0,0.48886044501740583,-2.743034813844828,-0.2881111475301844,0.0,0.7191288415584388,-4.411405925231755,-0.1079076525332267,0.0,0.748869334056688,-5.5241192835228095,-0.23351065309848548,0.0,0.37222732059678365,-3.201483784094601,-0.23169148562163816,0.0,0.25720531186786194,-2.5340998186154744,-0.22842082538888767,0.0,0.04177764867274844,-3.4246679919027097,-0.11102805571106086,0.0,0.11243748726323466,-6.942297414123532,-0.4167959514697054,0.0,0.08395946032700437,-3.7211604264085976,-0.35401194646020734,0.0,0.05667722475229712,-2.848834793742502,-0.32199461265853097,0.0,-0.31919839913460163,-2.0123830022469793,-0.12402705918171884,0.0,-0.5238106874589851,-4.636444605144924,-0.42464987919080366,0.0,-0.4240167710075384,-4.642443987546339,-0.5063009867696401,0.0,-0.27912272493913626,-3.639310825080707,-0.42762352813293064,0.0
0.0,0.0,0.0,0.0,0.20465525850757404,-0.1569155336428872,-0.12218181557806447,0.0,0.469182271957868,-0.7906914769023659,-0.22950674161019208,0.0,0.5284537552578534,-2.4719773872306403,-0.5033141264385542,0.0,-0.03270689235409968,-3.822949556494109,-0.7342771469439928,0.0,0.9684692953829245,-2.8212732651679837,-0.17189657807264622,0.0,1.2592746852034733,-4.63410698640036,-0.38142167448418224,0.0,0.7551694321480611,-3.39847223498153,-0.35259142697812096,0.0,0.5038367719951222,-2.7411497644981258,-0.31940747597437014,0.0,0.7459347830066602,-4.530157310701454,-0.22430508444617317,0.0,0.778486474837222,-5.582703080555723,-0.35643394151011637,0.0,0.38504101442892386,-3.19699027050269,-0.27835060831616265,0.0,0.2656203263823686,-2.532011737068885,-0.2542264045747423,0.0,0.06477399161868914,-3.5911762732763357,-0.2236732442022457,0.0,0.14543698345753742,-6.93573298089047,-0.5595425874903063,0.0,0.0986668640816631,-3.6974082869598512,-0.39114990020304924,0.0,0.065026640797548,-2.8485490151477704,-0.33833298755937274,0.0,-0.31311845720881026,-2.0585924767493866,-0.19974061391470294,0.0,-0.514834016586419,-4.6743553964720785,-0.5461921882231456,0.0,-0.4038311567495743,-4.592965115296318,-0.57641740556919,0.0,-0.26969146801617905,-3.615884726945977,-0.46477357751171605,0.0
0.0,0.0,0.0,0.0,0.20423155937538282,-0.17618618014732035,-0.12894625105545263,0.0,0.46820051124271045,-0.8113442165505863,-0.246701998195835,0.0,0.509869881746165,-2.4266997271122728,-0.5377949127311785,0.0,-0.02605970233545618,-4.078367788989017,-0.8471250744851008,0.0,0.972347285591756,-2.889898128028488,-0.1681814380413431,0.0,1.24502814934396,-4.673062854261071,-0.38711254836868825,0.0,0.7454212020884132,-3.425810908086557,-0.36353922687176815,0.0,0.4957478390420961,-2.753636282098813,-0.32877558030690573,0.0,0.7286631404159547,-4.554829507105089,-0.20905488996586377,0.0,0.764750618371534,-5.582407946132155,-0.3555915624073319,0.0,0.3821727884107143,-3.215848626976517,-0.28450717293894995,0.0,0.2660065327948262,-2.5426387581908285,-0.2596973060624866,0.0,0.04631965051728202,-3.5713076981753242,-0.20907080764980587,0.0,0.1293015073146393,-6.945911309137743,-0.557753292492175,0.0,0.09164196935009923,-3.7143604066238556,-0.39494409698492194,0.0,0.06418699245044686,-2.847503086630864,-0.33910974406564065,0.0,-0.32217780268819346,-2.051453533618854,-0.1917200233051515,0.0,-0.5249385892056806,-4.621243730848871,-0.5380080721520912,0.0,-0.4220595743585599,-4.685632835396941,-0.5899170469880184,0.0,-0.27338928852402394,-3.69221328305317,-0.4748396152040488,0.0
0.0,0.0,0.0,0.0,0.20587457106100834,-0.17609875534466674,-0.13496332310305983,0.0,0.4666231961599877,-0.8027346766836415,-0.2565049494544911,0.0,0.4870340432108847,-2.3614406037261535,-0.5492310858327296,0.0,-0.06315211483860997,-3.7971525767250367,-0.8245208809155214,0.0,0.9803944794404731,-2.880211543448434,-0.1453987054626721,0.0,1.237968792783171,-4.620642108942349,-0.3410307639256617,0.0,0.7486439703086912,-3.4214327112410645,-0.33449950288775016,0.0,0.5008912522815543,-2.7604492058896914,-0.3091500117902633,0.0,0.7356403537338189,-4.5401582253444746,-0.15936974000019744,0.0,0.7509266258863775,-5.474249809917711,-0.28757286930746195,0.0,0.3803864896090354,-3.2031899828473676,-0.2539996447685065,0.0,0.2655216667176635,-2.549026753882436,-0.2412845274892295,0.0,0.046363020641973264,-3.571260521106246,-0.16061624025387441,0.0,0.12726710539967667,-6.833830350106441,-0.47100154663590366,0.0,0.09007129566602293,-3.6868409689698898,-0.36422447741500247,0.0,0.060458087743623504,-2.836356246023109,-0.3231268332476427,0.0,-0.32456097078338547,-2.0567241959068685,-0.1568372685461274,0.0,-0.5299975965883356,-4.6083969858754985,-0.4692188046055066,0.0,-0.4331774123971296,-4.662925716859697,-0.5339463507182425,0.0,-0.28864180894759733,-3.6932077438399653,-0.4424195166470316,0.0
0.0,0.0,0.0,0.0,0.2066682582004852,-0.17254359834654445,-0.12738934677860955,0.0,0.47529942691659444,-0.8023558383882972,-0.2420219828514344,0.0,0.508924336051589,-2.435178208668253,-0.5293527772096377,0.0,-0.05427809401677454,-3.6763062676564364,-0.7599454089242005,0.0,0.9756184321565431,-2.836237675647253,-0.1707600796779039,0.0,1.2539361868860985,-4.591136665349689,-0.3854651275787981,0.0,0.7527804171479459,-3.3899930594044436,-0.36085461670222435,0.0,0.499143338814456,-2.733056879589521,-0.32601113129061254,0.0,0.7482935589278165,-4.550478375578846,-0.216280183022955,0.0,0.7876385050561966,-5.555608073408111,-0.3564429439695139,0.0,0.38842516843934777,-3.2056151198847083,-0.2815365837930945,0.0,0.2659401363857947,-2.537250198836292,-0.2566742603216675,0.0,0.05852584565067466,-3.6280211831690026,-0.21572902620021817,0.0,0.14461274210739494,-6.9087308358791395,-0.5515861438216674,0.0,0.10106495289566717,-3.714177679937615,-0.38865066032946916,0.0,0.06971815370149981,-2.8583027630437874,-0.33539997461213195,0.0,-0.3238954829070081,-2.0923712825072673,-0.19512686855061667,0.0,-0.5146469932921897,-4.6279182652253175,-0.5320653971552477,0.0,-0.40923966366304326,-4.679755872078255,-0.5771062469576003,0.0,-0.26861701424676493,-3.6916552596944907,-0.4649016511079706,0.0
0.0,0.0,0.0,0.0,0.21504663527662257,-0.17770480560437543,-0.1403325851024366,0.0,0.47564687099324693,-0.8104896714626424,-0.26209685335576094,0.0,0.4888272439381402,-2.3803556503730365,-0.5516626868159519,0.0,-0.07020340550536312,-3.6004353046586757,-0.7770504376541563,0.0,0.9962776516037911,-2.838587723722452,-0.13182403793282263,0.0,1.2558466539842514,-4.56504159786084,-0.3126429755276975,0.0,0.7578300932155801,-3.3982971691064483,-0.3176740971960624,0.0,0.5014084920890313,-2.7357538688297294,-0.29804759363199385,0.0,0.7529899892242284,-4.448382910986625,-0.12435321835451416,0.0,0.7839232538787271,-5.483749434429217,-0.25042029643820934,0.0,0.3944725642311529,-3.2051554786869296,-0.24226296755576882,0.0,0.2734284243826789,-2.541206577790957,-0.2370207682671887,0.0,0.059053038968789266,-3.496486359945539,-0.1226728280194127,0.0,0.15137993554412357,-6.918452394428204,-0.42643124957323875,0.0,0.10423521625262233,-3.716111596338003,-0.3595328113048292,0.0,0.07221995653888885,-2.844674196242938,-0.32709736287133473,0.0,-0.31705910001657933,-2.0402285767866153,-0.1282751341909492,0.0,-0.5121186046645525,-4.582609787576615,-0.42267306475395805,0.0,-0.4117482820565845,-4.644312498866861,-0.5097527995045782,0.0,-0.2642882951577132,-3.6777943363404697,-0.43587723856356836,0.0
0.0,0.0,0.0,0.0,0.20975946237559165,-0.1703178519407346,-0.11610011935364904,0.0,0.4765073364866546,-0.8151558116233435,-0.22146159515618005,0.0,0.5078755491637421,-2.5414762723907547,-0.4959418497027184,0.0,-0.03828397833514363,-3.885393706119223,-0.7125019271390672,0.0,1.021653666701613,-2.8350750422017255,-0.13955142428606232,0.0,1.3058589664664817,-4.5832051859429095,-0.33701318248609535,0.0,0.792933369911664,-3.379800660598474,-0.3215742196306412,0.0,0.5391569796725982,-2.7403422627080167,-0.2942939038923946,0.0,0.8528197683560731,-4.729262622692865,-0.18165035948073435,0.0,0.8669516998300889,-5.64128028162743,-0.30543267794956014,0.0,0.43060481420025226,-3.233981850107512,-0.24138741553799853,0.0,0.30320386186454235,-2.5631785018223177,-0.22059438551271993,0.0,0.14005687446557416,-3.9332447000526884,-0.19486899346114073,0.0,0.2449242021295994,-6.912686713769386,-0.4476349989572722,0.0,0.14563922059347706,-3.7656682445620473,-0.3138040348929071,0.0,0.10529747422815558,-2.9074569090698303,-0.27143825014009254,0.0,-0.29117181645960055,-2.2302731299736833,-0.18141523380823513,0.0,-0.4607370890873282,-4.683445913487279,-0.4528351489946619,0.0,-0.3686705097571,-4.684342255854127,-0.46864173878232523,0.0,-0.24978121127235994,-3.755872444856396,-0.37604566707015025,0.0
0.0,0.0,0.0,0.0,0.21052738913689295,-0.170697899669709,-0.1081033346223781,0.0,0.4694022586544081,-0.8154222849182922,-0.2031337369495191,0.0,0.5094758679281899,-2.419323385517665,-0.43618135284214055,0.0,-0.01718412401844354,-3.568962546287626,-0.613245241661422,0.0,1.0003390553009122,-2.8580672398986198,-0.11876489907071312,0.0,1.2956236052556347,-4.613198466712063,-0.3071173719150971,0.0,0.8002517940581045,-3.4022090647186642,-0.3012332898629194,0.0,0.5499542092158715,-2.754058698743722,-0.27958242869221567,0.0,0.823960328628047,-4.767281645823454,-0.17366018930656144,0.0,0.8035876978180149,-5.52972371459756,-0.2938500815001262,0.0,0.4123451692511525,-3.2056591497181692,-0.24004669100139012,0.0,0.2960573072809452,-2.546492165659558,-0.22069553980912754,0.0,0.10116496222465259,-3.845737009389152,-0.20265559182888615,0.0,0.1736346829003197,-6.663212717495303,-0.4750489060327507,0.0,0.1187052476924682,-3.671617068661427,-0.34219345195164935,0.0,0.08967337232903418,-2.8553130142971557,-0.29645609083314334,0.0,-0.3034834075501222,-2.1574918513836407,-0.19283156119343975,0.0,-0.497849017601691,-4.525799343201057,-0.4893768818524625,0.0,-0.393403943948588,-4.548790948383476,-0.5178431079167125,0.0,-0.2571129862631897,-3.6780180514710796,-0.42159251715559554,0.0
0.0,0.0,0.0,0.0,0.20163531201081278,-0.21979311943200247,-0.1165777386455015,0.0,0.3868579352260064,-0.7724611654628082,-0.2126777332616663,0.0,0.5543477662893748,-2.217140801502221,-0.43364396967347174,0.0,0.3278297167100808,-3.506334298921149,-0.6751113580964362,0.0,0.9651682774129917,-2.889216887075884,-0.2144943338639919,0.0,1.2886717937658574,-4.5200837373995,-0.42350479641537825,0.0,0.782972615506979,-3.2165370592530085,-0.37558422175892076,0.0,0.5553309790963026,-2.607513054075594,-0.3390172138491217,0.0,0.7610876218246021,-4.6324199312554954,-0.31028899978484825,0.0,0.8704871870844428,-5.38370571530041,-0.4709559878490102,0.0,0.43699690289559334,-3.111044151078544,-0.36583304254990945,0.0,0.3186467173452024,-2.450994989697034,-0.32274091530252774,0.0,0.041760634517807683,-3.4853838076847263,-0.2794695843682507,0.0,0.25449226536651515,-7.000992464010754,-0.6931502403018122,0.0,0.14639279789838017,-3.6316440975913102,-0.473704013093808,0.0,0.11885642088948445,-2.7744716193597303,-0.4002409746772043,0.0,-0.3290638998573398,-1.7428520822475244,-0.207094218473277,0.0,-0.5192470866983091,-4.03739658996839,-0.5283497058326381,0.0,-0.4420313743637214,-4.296900030885504,-0.5939441828998216,0.0,-0.29951680821487137,-3.6588738801014213,-0.5148251471617394,0.0
0.0,0.0,0.0,0.0,0.1889980331215399,-0.1893576113120341,-0.12156984544262901,0.0,0.3596664842864604,-0.7201368705090464,-0.21784416280488186,0.0,0.49336650087549944,-2.003822076684355,-0.4213860036261589,0.0,0.23387201990511222,-3.0174334258999482,-0.6056333007748,0.0,1.0289118850157102,-3.068335990123688,-0.15973373023589177,0.0,1.3075962206104248,-4.501278198662683,-0.316295634518461,0.0,0.8196262493063823,-3.236360691568568,-0.3073399535735567,0.0,0.5763515459727606,-2.6428733099426283,-0.2901065767159225,0.0,0.9101706220171901,-5.229190168898018,-0.1790442686281663,0.0,0.8521272785191784,-5.102156136000325,-0.2782127166008852,0.0,0.4593978406826762,-3.1087212731246234,-0.25710363246521495,0.0,0.32502271858201043,-2.480742443941255,-0.238461296336452,0.0,0.1459637359431876,-4.142704329664711,-0.14972841537717393,0.0,0.2897464063368144,-6.670710387539807,-0.37473299688887396,0.0,0.16701222344152575,-3.6974219921529734,-0.32043673022205066,0.0,0.12630442529439076,-2.841988019348499,-0.28842973920955767,0.0,-0.29478067021368615,-2.0854283744442763,-0.11881749044569774,0.0,-0.48271179826024496,-4.279167189981001,-0.30934555915608053,0.0,-0.42705681282465296,-4.295091707185479,-0.3515287509976407,0.0,-0.3095496316358186,-3.6935388619594582,-0.3224392239845092,0.0
0.0,0.0,0.0,0.0,0.17753239171517943,-0.19138651961028588,-0.11937347138276601,0.0,0.36548537120131724,-0.7319216896009939,-0.21996101131631812,0.0,0.5463229173141986,-1.9991279437990743,-0.4375243489819561,0.0,0.3747862523042243,-3.0428971645485228,-0.6638878175386884,0.0,1.0454417079061578,-3.0153480281885203,-0.14350575447202923,0.0,1.3294306554182511,-4.529851640766224,-0.32392941691530264,0.0,0.8304648698855488,-3.276077497506789,-0.3271487217910684,0.0,0.5824260111222447,-2.6571678424656056,-0.3112661129250928,0.0,0.9164727512415135,-4.986344352013561,-0.19292948366259488,0.0,0.8673307066704331,-5.130131225971657,-0.3200919917969494,0.0,0.46073042344242104,-3.116370562538695,-0.2962934316079743,0.0,0.3275747790117033,-2.469173274678084,-0.2737179518663402,0.0,0.1607958777930811,-3.9792343459230515,-0.19937781986144018,0.0,0.31936350195708413,-6.784949810991912,-0.49219557644871553,0.0,0.176505911896215,-3.6785138624419633,-0.389625986417659,0.0,0.1371435226058293,-2.8174674739407473,-0.34364039098524923,0.0,-0.28009105372961624,-2.025879602734071,-0.16927442917088198,0.0,-0.4713014000442048,-4.252854685123962,-0.41369224118233733,0.0,-0.4130837945121549,-4.219111089396381,-0.4527061082467309,0.0,-0.29174125813231644,-3.6134580664296263,-0.40816446238545373,0.0
0.0,0.0,0.0,0.0,0.254244966643073,-0.28493670098445717,-0.28629900739939,0.0,0.6050979463514484,-0.7795413289467559,-0.5476702560217874,0.0,0.8933412352327003,-0.9187876685070249,-0.6245640918308665,0.0,0.9872599601303448,-0.8379545174184304,-0.598882445806991,0.0,1.2703752151502996,-4.387248487376521,-0.6234177151448148,0.0,1.295243960243981,-5.590279642621104,-0.7084912336902763,0.0,0.6428906545674887,-3.3200071018971875,-0.48546055057596155,0.0,0.4358139171981885,-2.6097466710141544,-0.42278783983938684,0.0,0.6340485227065469,-4.580196043844921,-0.22683556061807905,0.0,0.6865101447681679,-5.743172753224068,-0.3442513511531535,0.0,0.29926524398492915,-3.1995755072549588,-0.3343676040838942,0.0,0.19318831104572065,-2.4321420993129825,-0.32169420532002135,0.0,-0.03527450548197644,-2.638876102188614,0.05340050464580975,0.0,0.048647300057813564,-5.104821113418688,-0.008934843622582149,0.0,0.028638735996176445,-3.5933153543577765,-0.1749543956340288,0.0,0.023220890497108394,-2.789984318691773,-0.2272170191204824,0.0,-0.2686611254058975,-1.5903876125091,0.1171638508204355,0.0,-0.35177011097235844,-3.025997212218761,0.12136797126724391,0.0,-0.3320081845360806,-3.567251699883195,0.01808382501339688,0.0,-0.2561807378751073,-3.1558282396525486,-0.07507573384517424,0.0
0.0,0.0,0.0,0.0,0.2762502444575941,-0.2947799421828837,-0.23736394526291268,0.0,0.6474930305950205,-0.7964561301296041,-0.4805941780831241,0.0,0.9484324148271387,-0.9741498616477405,-0.5784670424525847,0.0,1.0193993363855232,-0.8489184214487213,-0.5574759413006021,0.0,1.1439185829753469,-4.080618507135834,-0.5685486203686497,0.0,1.2665367913024403,-5.779109440307196,-0.8159690160744719,0.0,0.6356812289187743,-3.388635668081777,-0.5471289433053147,0.0,0.44935662602456794,-2.646824541353259,-0.46238208041728235,0.0,0.5212857360973523,-4.354920068357626,-0.3657749687146873,0.0,0.5603614225143208,-5.684711848710803,-0.5563111746760848,0.0,0.2638462437125082,-3.2012247997695438,-0.420195429775353,0.0,0.1889667106544553,-2.4488655879082812,-0.36479792483880374,0.0,-0.07729350613539972,-2.6545653495471195,-0.1449183352936784,0.0,-0.04200477856278802,-5.341653921039869,-0.37680733474514005,0.0,-0.0026559478482190597,-3.5487450684042203,-0.354777124799818,0.0,0.019127579891605177,-2.758996853711413,-0.3256653482890328,0.0,-0.2988939596820095,-1.5907883813058272,-0.07825264614356574,0.0,-0.44725790413184574,-3.2315850443451315,-0.20237968255312935,0.0,-0.4082061875295433,-3.6704919225238597,-0.2806323289102797,0.0,-0.29587431624716376,-3.2316465432555734,-0.28206308934314234,0.0
