0,1,2,3,4,5,6,7,8,9,10,11,12,13,14,15,16,17,18,19,20,21,22,23,24,25,26,27,28,29,30,31,32,33,34,35,36,37,38,39,40,41,42,43,44,45,46,47,48,49,50,51,52,53,54,55,56,57,58,59,60,61,62,63,64,65,66,67,68,69,70,71,72,73,74,75,76,77,78,79,80,81,82,83
0.0,0.0,0.0,0.0,0.3946275988280877,-0.400075695250197,-0.20892473489953273,0.0,1.2000987896244606,-1.913995682973278,-0.4884497208993548,0.0,0.9956182191488817,-1.787036728663464,-0.40019754326952983,0.0,0.8610686383344741,-1.5259137977399748,-0.3226625475940903,0.0,0.23538308809420225,-2.773210032135594,-0.24089762166945455,0.0,0.5341612751942427,-2.7117058667464407,-0.6970545794397262,0.0,1.0749076954638097,-2.905661780650748,-1.5312768125543197,0.0,0.8498930560304311,-1.7432625044893455,-1.3379949708261916,0.0,-0.25393223704585716,-2.6252361646548064,-0.2567834334294695,0.0,0.3008735919083903,-3.462094330106883,-0.9140979441820082,0.0,1.1199423713550192,-5.158400153305703,-2.4313220698043985,0.0,0.4529215390619569,-2.187491642791951,-1.3110485188479504,0.0,-0.6436343856996426,-2.1973988489872944,-0.32493464641147135,0.0,-0.28432010606094416,-3.7804504699106642,-1.3325447400518973,0.0,-0.02497207346436017,-2.882263327880346,-1.4092011501331283,0.0,-0.12896328260009948,-1.3988788730966426,-0.6730369788579875,0.0,-0.8389973220736467,-1.5047626648957737,-0.3558397829803335,0.0,-0.7031899588266552,-2.5620130134814167,-0.9957109433063971,0.0,-0.46343427833788703,-1.6882222493821524,-0.8205574538649796,0.0,-0.4283028077515395,-1.0292567197437046,-0.4773268187820872,0.0
0.0,0.0,0.0,0.0,0.3951427617311517,-0.38005915198450374,-0.2744767960446041,0.0,1.1970642952081523,-1.483700204526475,-0.7660348843828925,0.0,1.227796810180165,-1.4395856548059631,-0.7439680681773482,0.0,1.1176982835280616,-1.1323899298386544,-0.6345406375143202,0.0,-0.0039647295903925284,-2.77631289968573,-0.547844144093732,0.0,0.7160730942812784,-2.7645031399076214,-1.1149758888875128,0.0,1.1256556214023659,-2.447864668007793,-1.782201272536862,0.0,0.9730079952566351,-1.6727605976337947,-1.6742470146215473,0.0,-0.3922886291697981,-2.19205841959628,-0.43323725499571386,0.0,0.43936092036716257,-2.968925633892362,-1.164075903585975,0.0,1.5139648179833785,-4.840113103257451,-3.2157693798632256,0.0,0.8181656225953997,-2.4379076193922726,-2.0801271595613153,0.0,-0.6054825445269422,-1.828742708085453,-0.43473063185379196,0.0,0.1351357056215884,-3.564545093563786,-1.6143518147739102,0.0,0.6093878048236695,-4.638139812685456,-3.1276553212455513,0.0,0.08159348562053717,-1.6628275310645841,-1.2590607225548205,0.0,-0.7396448608221429,-1.4954134601334124,-0.47464518055783356,0.0,-0.4439903914966483,-2.8864253588471946,-1.2793762995993212,0.0,-0.3009034932748445,-2.6720842806319225,-1.5553371360982413,0.0,-0.28316189591762647,-1.4161942935031062,-0.888327199072537,0.0
0.0,0.0,0.0,0.0,0.6373349750623925,-0.5206815074744012,-0.2979262406308647,0.0,1.532284480176434,-1.9362812561957465,-0.6693759450752017,0.0,1.1930965202192,-1.799394130370814,-0.5577739672221282,0.0,0.9569854922411212,-1.541346705878969,-0.45395269905810365,0.0,0.3846887079949746,-2.682647725936434,-0.26588067960141454,0.0,1.13316992435875,-2.777176597448137,-0.8432170119469037,0.0,1.3891028497271323,-2.049025640734731,-1.2752154914039993,0.0,1.1271621357354729,-1.2965511819851834,-1.1737420518150061,0.0,-0.0992095816497849,-2.368822062665155,-0.21235364054523514,0.0,0.9897752827195248,-4.01191546970314,-1.1689079126145279,0.0,1.6590571076765286,-3.3863597267827963,-1.8284248295289884,0.0,0.9443663435231964,-1.4797817901252133,-1.0883729712177728,0.0,-0.4422334230726122,-1.9272322441317105,-0.2175688341938654,0.0,0.3470142638539345,-4.531961011454538,-1.5302395879706552,0.0,0.648089382105911,-2.8717166796075695,-1.4921120307904432,0.0,0.29184497651490227,-1.2075962004059235,-0.7088686894549424,0.0,-0.6486364317349133,-1.421398059688002,-0.2337690114445728,0.0,-0.40771921792715493,-2.3974560209620415,-0.6841761948758998,0.0,-0.21556775817943544,-2.010929280169338,-0.720709051968696,0.0,-0.19830516680303029,-1.1580024488251568,-0.4116838640875849,0.0
0.0,0.0,0.0,0.0,0.6134741541161348,-0.4499408120654296,-0.2192593740048223,0.0,1.4672936786214592,-1.7509810286904208,-0.46567489166204173,0.0,1.182866192862428,-1.7189521789542361,-0.4143883254698295,0.0,0.9602804229713302,-1.4906712341863473,-0.34661703309768305,0.0,0.5502619664003487,-2.783207603808384,-0.17072974224188803,0.0,1.1033542020039087,-2.8720267660244527,-0.6991067874511068,0.0,1.4298706575548688,-2.243017861228351,-1.1822645674097791,0.0,1.1341056691915532,-1.2680978043012083,-1.0142695522348595,0.0,-0.013638502272240421,-2.5012185716811963,-0.15030523843797816,0.0,0.9199846053806645,-4.108491471255824,-0.9939131468039837,0.0,1.5447198196114518,-3.5270533750614703,-1.6466894028374082,0.0,0.7907863429085333,-1.2263633293164606,-0.8279418282370095,0.0,-0.4123950709389868,-2.0126696147036855,-0.17596557520075395,0.0,0.2295608559319806,-4.100607357256822,-1.2015016779484793,0.0,0.38584972683196983,-2.495049175392689,-1.1225248986272094,0.0,0.15949788367147305,-0.9211148362231297,-0.4746071450179418,0.0,-0.6462355838614454,-1.4825255910227364,-0.20050796642152993,0.0,-0.43643545512754134,-2.312587218200806,-0.5757526670357287,0.0,-0.32625685927398645,-1.935007417251224,-0.572541891424273,0.0,-0.2746960838200512,-1.053265627509244,-0.27680321478909264,0.0
0.0,0.0,0.0,0.0,0.5825990883702411,-0.40323943291638803,-0.15855289095379457,0.0,1.4544903881131364,-1.648041482012003,-0.3971215641804724,0.0,1.2851034955886078,-1.8258351807206863,-0.4194362173868581,0.0,1.0508876759850454,-1.500553148351614,-0.35210529351546416,0.0,0.8251659968964924,-2.802692723777226,-0.09138816603153385,0.0,1.2519095812292902,-2.648287489626019,-0.5993901719444755,0.0,1.388464468262576,-2.1044418759204495,-1.1713085262463696,0.0,0.7777375871858903,-0.8491380044047401,-0.91445004239266,0.0,0.24768758437505173,-2.7594397484742568,-0.11155432803248601,0.0,0.9047251660145458,-3.430619725712944,-0.6944422232311207,0.0,1.7809668447930465,-4.901950624436215,-1.9602088927781451,0.0,0.45756768921683416,-1.0173468451904282,-0.677978215123878,0.0,-0.24275423807379548,-2.3139520260853974,-0.17168345354002515,0.0,0.25637077495809785,-3.397921747774007,-0.8255551491617082,0.0,0.39075807124891354,-3.6905382363868897,-1.2897422856348062,0.0,0.05655039650521745,-0.9992519112327906,-0.4038870821875066,0.0,-0.573626270124256,-1.6778767151399983,-0.20979255044248485,0.0,-0.3311987849452224,-2.3677080099100047,-0.5021582451822273,0.0,-0.31418570173799076,-2.533061477100635,-0.5796997502376324,0.0,-0.2903359138111477,-1.405566207841229,-0.2607333282476289,0.0
0.0,0.0,0.0,0.0,0.5370273250359094,-0.35723325791721455,-0.15708264800667981,0.0,1.4365923919682635,-1.5189671258070738,-0.3817322712992042,0.0,1.33735278199604,-1.6343897086892483,-0.40067613952476216,0.0,1.1566810372061547,-1.3285746257583357,-0.3402845222610147,0.0,0.9081167282932886,-2.8694961400807437,-0.09413532584236584,0.0,1.1572395610999138,-2.5295393620727844,-0.5315536842565581,0.0,1.4542838590596172,-2.126578983673837,-1.090497366286883,0.0,0.8822142181328985,-0.8530332324986286,-0.8381638937840971,0.0,0.28342792787544446,-2.809611196179477,-0.10972384063714061,0.0,0.8211696215338908,-3.1761773439670895,-0.6158692321485756,0.0,1.932779953055097,-5.15363322151477,-1.8948764817269201,0.0,0.49149525257772325,-1.039718674897209,-0.5908624794518703,0.0,-0.23935539487823349,-2.3046521553843244,-0.16910963488939512,0.0,0.16418262727698846,-3.0021707442525662,-0.698803985927174,0.0,0.3130710963885391,-3.5967468634001953,-1.1207703403015123,0.0,0.05182212747398498,-0.9911189887213965,-0.30267886477528977,0.0,-0.5647271765584745,-1.6598726060125946,-0.20370069699345134,0.0,-0.3218779807419884,-2.2410808228838555,-0.4553594518077138,0.0,-0.35655606532718814,-2.3663231695347875,-0.49040317166462716,0.0,-0.36126190846182127,-1.354766078121909,-0.1915436496176251,0.0
0.0,0.0,0.0,0.0,0.5864743639202976,-0.43340548695737097,-0.1447329657046877,0.0,1.4674219638452894,-1.7390321929178025,-0.33604978727929874,0.0,1.264716684707041,-1.9231711271853842,-0.34888157934916736,0.0,1.0200627961209041,-1.5895432992451308,-0.2855584309913711,0.0,0.7824871323565974,-2.793395438457819,-0.025834188870280356,0.0,1.1929082377645162,-2.6182655735143303,-0.4641945538610913,0.0,1.4190665442505088,-2.244489016207833,-1.023795608912145,0.0,0.8082391030011015,-0.8859613157656824,-0.7888475217558467,0.0,0.23348450442387073,-2.6880536289836354,-0.03636154808985283,0.0,1.0146004728808307,-3.750285169876335,-0.5850803361864431,0.0,1.5769818097304962,-4.319675832796134,-1.3509658337582924,0.0,0.4461465119680576,-0.9084243472622345,-0.4736970259332632,0.0,-0.225272066896382,-2.3288213559854585,-0.09722926547193253,0.0,0.2731362878548387,-3.6316507597379917,-0.7029839349704122,0.0,0.30919107122666334,-3.3633337529411755,-0.8461727496169458,0.0,0.0607458781150595,-0.890750345713418,-0.20950664468140692,0.0,-0.5539628517929219,-1.75477125691901,-0.1473393815651213,0.0,-0.3333520365886494,-2.4441551760257543,-0.4159719975130765,0.0,-0.3454981656802179,-2.418375357586525,-0.40058469716689293,0.0,-0.31397255493248605,-1.3133027179736296,-0.11545613177900971,0.0
0.0,0.0,0.0,0.0,0.5351285391083138,-0.3764706698771577,-0.17930542587490395,0.0,1.447514216089747,-1.7451112602666643,-0.41953612731354495,0.0,1.2232543416730142,-1.9479204522152647,-0.40219839320154527,0.0,0.9689002707044626,-1.5980766707180234,-0.3123842218699671,0.0,0.8078918981641702,-2.8513072683006295,-0.09601614424669046,0.0,1.1669384279081056,-2.5943454254341374,-0.5370887804606543,0.0,1.3556121704387745,-2.124012607800747,-1.0663754250731223,0.0,0.7833881151939318,-0.8176285182743132,-0.8069518280662175,0.0,0.22669657933665888,-2.724837619096505,-0.07492619688112974,0.0,0.9556090622999387,-3.610736023179404,-0.6435855348613869,0.0,1.4732180085479234,-4.13646070473893,-1.4517128057629733,0.0,0.4008322373529363,-0.8488542374687221,-0.5034388528178741,0.0,-0.2450938648531643,-2.3345196763058507,-0.11269501949563263,0.0,0.22971859395929156,-3.6058607813099095,-0.7392530764097672,0.0,0.2307363186076192,-3.264918115794455,-0.8901607191157951,0.0,0.02806113563603813,-0.9040583146079858,-0.2396252136399179,0.0,-0.5670697191114428,-1.761174287220025,-0.1475398390952609,0.0,-0.3364096127819495,-2.4963278453393256,-0.4257167593149587,0.0,-0.37219520894373076,-2.4369598873398757,-0.409744435650256,0.0,-0.3644595524074451,-1.35761409102576,-0.12919616629675323,0.0
0.0,0.0,0.0,0.0,0.5248688252012144,-0.3370368867793213,-0.20584916027917902,0.0,1.4641188689315134,-1.7920612913566967,-0.4928964186066351,0.0,1.20840292206438,-1.9882424578287206,-0.44587288978783307,0.0,0.9535412461061858,-1.6061384475493243,-0.3332139976184397,0.0,0.7594659447439832,-2.7628068106741988,-0.17911835339881593,0.0,1.1139589607879343,-2.5424025030985513,-0.6181414448224868,0.0,1.3583596893182739,-2.1783794239199836,-1.190292129452126,0.0,0.7836380259900508,-0.8402934667551902,-0.8841149705658427,0.0,0.22267403958856663,-2.625710899200112,-0.13417960425787429,0.0,0.9469690263064132,-3.57639468832788,-0.7629376846543441,0.0,1.3697215655985473,-3.882156557898207,-1.575269539495139,0.0,0.384725562174184,-0.7771948285537589,-0.5379193310959733,0.0,-0.21645733766918288,-2.3151701976562915,-0.15561494781687885,0.0,0.28167144977062464,-3.772959280294214,-0.9240660611380678,0.0,0.1914024316658603,-2.638585472354022,-0.9351490162557725,0.0,0.022319673714180747,-0.6879694272802697,-0.28699251421678357,0.0,-0.5413501059066651,-1.799122511945984,-0.17987262273023605,0.0,-0.3267764332354016,-2.5315511568470077,-0.5189645666614077,0.0,-0.35185915864934764,-2.445536855105193,-0.5601584401009394,0.0,-0.32233341508524005,-1.3449820374773032,-0.24557338979063562,0.0
0.0,0.0,0.0,0.0,0.5238889157188856,-0.31190157998071016,-0.21800273405467718,0.0,1.4691165007008502,-1.7474270064534878,-0.5266260437489041,0.0,1.2313977330767945,-1.989146274121299,-0.47780253656017196,0.0,0.9583925087759593,-1.6126763878451809,-0.3497415646862081,0.0,0.7628697836440581,-2.738634642956337,-0.2010969435969065,0.0,1.1320687748648506,-2.480283874242935,-0.6285793803681148,0.0,1.361950461948058,-2.08973739815294,-1.179277795738864,0.0,0.8101687322329402,-0.8060379804114978,-0.8899995243602267,0.0,0.21353949339813255,-2.5764022101000252,-0.14493595804258466,0.0,0.9966252211936779,-3.586163895478509,-0.7980624685965376,0.0,1.4031687407541986,-3.666221134725346,-1.561123426499911,0.0,0.413725305556819,-0.734537733805153,-0.5519280218308346,0.0,-0.22364569150219238,-2.25758879973194,-0.15651660280064963,0.0,0.2954527969167363,-3.755196737371218,-0.9238923930414153,0.0,0.23249682714033634,-2.7509101399004643,-0.9636794947960974,0.0,0.040808808399323784,-0.7199430610752546,-0.29265096165259763,0.0,-0.5373922432682584,-1.767541320095559,-0.17589133661607334,0.0,-0.31506049673847286,-2.499191585659787,-0.511839753151235,0.0,-0.34285734402415,-2.386600805735046,-0.542499541183608,0.0,-0.31886013959409265,-1.2631563697061958,-0.22564154899633423,0.0
0.0,0.0,0.0,0.0,0.5415817078363294,-0.3776237471467941,-0.2353143620018075,0.0,1.4644121032559296,-1.8874546495780808,-0.5758769867426874,0.0,1.171988892317197,-2.0048524052820356,-0.5033518100911457,0.0,0.930446657296927,-1.6006033380347175,-0.3750700393042951,0.0,0.6921529936759409,-2.684707734632187,-0.2057742906519415,0.0,1.1018417248114771,-2.45342460271005,-0.6826190385999492,0.0,1.280689839682982,-1.9893901174416542,-1.246805625189398,0.0,0.7674893178455969,-0.8114163516269713,-0.9859511642201263,0.0,0.16540028116251163,-2.557490702300147,-0.16130343411515993,0.0,0.8742243333659492,-3.4098983777684464,-0.8380522530747149,0.0,1.3407702057436781,-3.711920889502509,-1.7952306520425287,0.0,0.37710318733628473,-0.751549742587626,-0.6475774042882231,0.0,-0.26979205701946085,-2.240482841419025,-0.18284658105711346,0.0,0.2508261335167489,-3.699211102466092,-1.063047506960618,0.0,0.2074191802526357,-2.547694989976824,-1.1325797758733311,0.0,0.015779822023440918,-0.6383774521674144,-0.3658085557045503,0.0,-0.589722619660388,-1.7016412879042342,-0.20290178637521128,0.0,-0.39506996949596,-2.404513686599213,-0.5981159182962967,0.0,-0.40094931216361285,-2.247216068903473,-0.6735157762916688,0.0,-0.3420492213599475,-1.1612488609371805,-0.31581117505720435,0.0
0.0,0.0,0.0,0.0,0.5365749129493473,-0.3640271101638849,-0.21171242130433773,0.0,1.4427270020775793,-1.859399847339956,-0.4996738658648676,0.0,1.1723500711540977,-2.018598597437313,-0.4407618357282934,0.0,0.9230350430354346,-1.6410299446724697,-0.3264906119826586,0.0,0.6787232738897885,-2.7440344505090386,-0.18362703414936724,0.0,1.0739804828946917,-2.5184466730743007,-0.5975703651254,0.0,1.3338966409841195,-2.229680587322117,-1.1758713552767344,0.0,0.7817982127410804,-0.8664234536259255,-0.8789716889149929,0.0,0.14953452312571225,-2.601065461120972,-0.1390366356570517,0.0,0.8914181066671145,-3.572376680572696,-0.7628494253461229,0.0,1.3094811875494825,-3.8251379481692545,-1.5588649893860569,0.0,0.3833286313376963,-0.7525068130917248,-0.5358345991557211,0.0,-0.2790636115530156,-2.290878848365436,-0.1568277629486531,0.0,0.21729500222924514,-3.8077369820888483,-0.9266646010704245,0.0,0.16719528974024264,-2.6885422835158552,-0.9282625793503227,0.0,0.026076964463565982,-0.6942435713032997,-0.27418310156563963,0.0,-0.5868770268193786,-1.7708586646708941,-0.17849925060189248,0.0,-0.38084263237413296,-2.4734958553873363,-0.5080050918947174,0.0,-0.4061316089476128,-2.38991059678701,-0.5369591111728591,0.0,-0.3365853850132066,-1.2528318194945245,-0.21278690955390103,0.0
0.0,0.0,0.0,0.0,0.5259521619795853,-0.37242790907561446,-0.2402093560247929,0.0,1.383263682040231,-1.8617135913538783,-0.5522323824487771,0.0,1.0953735339381185,-1.9983244883049873,-0.4746608486125142,0.0,0.8622720510765882,-1.6290718398632762,-0.35129094222763946,0.0,0.6297952137019421,-2.7642472562785927,-0.22806129260763158,0.0,0.9945065577316333,-2.5387662248726817,-0.6675718662228171,0.0,1.2433674843329088,-2.2476710908866817,-1.272787881043111,0.0,0.7342255506885745,-0.9303148284404666,-0.9719808754471484,0.0,0.08596930115958391,-2.6214447307102478,-0.16816088083165145,0.0,0.7116672122370133,-3.4128016808979873,-0.7965531676875982,0.0,1.2288992709683615,-4.140723259235037,-1.830186952439968,0.0,0.3448811043265185,-0.8047085891789731,-0.6067675689535708,0.0,-0.3492568480978349,-2.2692340239232047,-0.17524142771249457,0.0,0.10505234415449013,-3.7464384967934725,-1.0141160639627853,0.0,0.08875608890719434,-2.5324668938763177,-1.0275417046574256,0.0,-0.0019297984564959271,-0.6568659947433443,-0.3256631295041206,0.0,-0.6476638786390498,-1.7076560775551828,-0.1862881445124117,0.0,-0.452824478900593,-2.4960339166277694,-0.5686229847441343,0.0,-0.46214298330423775,-2.269561055055743,-0.6074973963293901,0.0,-0.37084621789828603,-1.1459237564485787,-0.26258151686411185,0.0
0.0,0.0,0.0,0.0,0.5450953563353075,-0.3836442574086428,-0.21665876098327508,0.0,1.4045603966782498,-1.8242081683781401,-0.5093970454165808,0.0,1.1485111573855964,-2.0222520099111247,-0.46280266435650963,0.0,0.9050756787668613,-1.6372543735714538,-0.34423229763470065,0.0,0.653950923386952,-2.715551104818778,-0.2017774789075423,0.0,1.0483787858939662,-2.546268189211197,-0.6353632020753741,0.0,1.2831629627296233,-2.2608492631614565,-1.2399259113009238,0.0,0.7398078344822122,-0.8799397622489415,-0.9221960409485908,0.0,0.12454372200882545,-2.5904318743304096,-0.15627950228669893,0.0,0.8390311277055104,-3.5595078840831715,-0.7952578291232371,0.0,1.3135242314693774,-4.228907713866948,-1.7604141762692092,0.0,0.35948657207772433,-0.8415067787183678,-0.5936972626843546,0.0,-0.3053759332102947,-2.280637274262673,-0.1709953732089013,0.0,0.18229218812424403,-3.884740996296627,-0.9774192705082964,0.0,0.1317378512185845,-2.7574770490224796,-0.9783038969675183,0.0,0.010181304913054332,-0.7384594303374273,-0.3013603333124331,0.0,-0.611374794091017,-1.7604207583538019,-0.19102861935804247,0.0,-0.410748680041631,-2.540728165628351,-0.5429590882589308,0.0,-0.43258592779458444,-2.28734905797338,-0.5419406902092524,0.0,-0.36442365594146714,-1.1663685854168742,-0.21834639243727133,0.0
0.0,0.0,0.0,0.0,0.5352105528268045,-0.34741124647809596,-0.2886859907410882,0.0,1.4184872544890952,-1.7774838044694183,-0.675101150677506,0.0,1.149176835682473,-1.9840273726014532,-0.5866154787599777,0.0,0.8990929100397037,-1.603264234191488,-0.4245657199177628,0.0,0.6816657468287758,-2.6942931186711694,-0.2852132900348083,0.0,1.0508273645311035,-2.459654839260434,-0.7600743662997095,0.0,1.2389118063479863,-2.0639967770554155,-1.3746583366735485,0.0,0.733754336886005,-0.8373872330584297,-1.0616784360560723,0.0,0.13936955595781697,-2.5374027737335023,-0.1988943344908764,0.0,0.8095732075207519,-3.422456547959628,-0.9393676753398101,0.0,1.279485807290838,-3.8522638896272814,-2.051561464149801,0.0,0.40129385427658504,-0.8332715885698179,-0.7664064196608517,0.0,-0.29335910203884497,-2.216754394414289,-0.19122125718747982,0.0,0.17404201608254288,-3.678030128468553,-1.0981117903648718,0.0,0.17573534216232523,-2.638984016708275,-1.2115708223839943,0.0,0.042922022634199246,-0.698272752601236,-0.4082080247736529,0.0,-0.6026088364729714,-1.6851708741093139,-0.1942104958481796,0.0,-0.4239441419780347,-2.4318671792726114,-0.6169290505902192,0.0,-0.40993616870105376,-2.1655417620297164,-0.6786099092787454,0.0,-0.32541043656952673,-1.1290381522051893,-0.32876370937077654,0.0
0.0,0.0,0.0,0.0,0.5589646586059118,-0.3828295297303631,-0.2355088055387785,0.0,1.4247262313540177,-1.8442523044377015,-0.5358803368150322,0.0,1.1370798058383462,-2.0012841856931733,-0.467345291676621,0.0,0.8968119122706861,-1.6256581192618935,-0.3439807299207234,0.0,0.6604043806874043,-2.7178873563332915,-0.19347305952819946,0.0,1.0455573438653465,-2.5590195655597765,-0.6363802817855112,0.0,1.3013325817945007,-2.2932173176991464,-1.2541769367290307,0.0,0.770294871613292,-0.9186283097886547,-0.9399178907424287,0.0,0.1371259808798252,-2.5796685715112426,-0.13709817857369946,0.0,0.8663142422388167,-3.6022240913523764,-0.8104740698740729,0.0,1.2541399050920248,-3.879957487290287,-1.6838518339856232,0.0,0.37590009629785837,-0.8247928767739997,-0.6075174451876488,0.0,-0.2937178702970598,-2.2716487996712083,-0.14714635730354753,0.0,0.19746780685094537,-3.8626254819175356,-0.9661424326506592,0.0,0.145734921105151,-2.6567822170363105,-0.9676851306650555,0.0,0.019226192461724623,-0.7214513754298302,-0.3027994708590852,0.0,-0.6033998677205591,-1.7397876239258718,-0.16407280587952122,0.0,-0.41880988969318894,-2.5056454145262177,-0.5292248531479206,0.0,-0.4118915236015177,-2.1921793905581293,-0.5340940819825261,0.0,-0.3299134531519587,-1.1362974420180219,-0.22060022549529795,0.0
0.0,0.0,0.0,0.0,0.5199807475781981,-0.3731995024148845,-0.21841870435621902,0.0,1.3897294784384417,-1.86166222108491,-0.489725099243239,0.0,1.1087569309047516,-1.9734831613614625,-0.41848952958886354,0.0,0.8750952282601085,-1.6284651824704492,-0.3115565451867221,0.0,0.6707952373349473,-2.838824500063685,-0.16551861174106347,0.0,1.0144605615487237,-2.6095396472305117,-0.5687063937212954,0.0,1.298548458595768,-2.4314401283562255,-1.1899056388381617,0.0,0.7396648766096118,-0.9784938542764926,-0.8878730649744232,0.0,0.12429332152637057,-2.7102983804726954,-0.11320867795638927,0.0,0.8100310530977872,-3.6994555353458844,-0.7254446438988571,0.0,1.2313695123996935,-4.234435335501662,-1.610054481727527,0.0,0.34139199698422606,-0.8778255537730515,-0.5623156643578333,0.0,-0.3276838955962665,-2.347878064839154,-0.12542106536985537,0.0,0.10870571972124467,-3.8075148697800443,-0.8202350503021433,0.0,0.09200122720445085,-3.0275142995213096,-0.9135543610348473,0.0,-0.001912754660743562,-0.8300714285423842,-0.27331893563072135,0.0,-0.6306720276057617,-1.7684126951634773,-0.14432911278576813,0.0,-0.44465051435807984,-2.5567413821160807,-0.4652697522831707,0.0,-0.4553092149286288,-2.321005035444489,-0.46289818079173417,0.0,-0.3764432321006275,-1.2334500091710858,-0.18160583387365845,0.0
0.0,0.0,0.0,0.0,0.536234579630932,-0.3650303063005075,-0.2052688937896755,0.0,1.4057874327890514,-1.859983750887623,-0.45572966054569436,0.0,1.1104645762858558,-2.0054869534725133,-0.394602058550633,0.0,0.8747067343733812,-1.6412534597657293,-0.2913023939569734,0.0,0.7047096448032935,-2.9043346276230952,-0.1579669677852626,0.0,1.0164158016362563,-2.597676435954573,-0.5381641440009978,0.0,1.3278316669216077,-2.4526788542011015,-1.139644037555981,0.0,0.768993966292247,-0.9845393609087176,-0.851013688629349,0.0,0.13970837505588712,-2.7542150491458037,-0.10356181928317715,0.0,0.8550258246087595,-3.7537375180123234,-0.6863104810320211,0.0,1.243804923225204,-4.108713893990761,-1.4488142810649616,0.0,0.3438395772152431,-0.8703041763651311,-0.5092995300899361,0.0,-0.3161567507935765,-2.37229088412167,-0.11390945064702318,0.0,0.13288751542882526,-3.808857675544141,-0.7671523827878282,0.0,0.12055952172313358,-2.9915840451053475,-0.8188306444716481,0.0,0.007526690470737532,-0.8268846055001298,-0.23086267792777615,0.0,-0.6194540447311495,-1.7803333220348003,-0.1311628615065711,0.0,-0.4144459147330789,-2.5671744888214167,-0.42772740241806134,0.0,-0.42992271265312426,-2.3765492648561763,-0.4111582194180087,0.0,-0.36023736480366525,-1.239741755094855,-0.13453343707785448,0.0
0.0,0.0,0.0,0.0,0.5387007472356424,-0.3829988610531176,-0.21973137470848725,0.0,1.3550283434126702,-1.8248764977180438,-0.4590864995764354,0.0,1.0641357960301698,-1.9434647504812355,-0.38923321125762905,0.0,0.8370766853544904,-1.6271217948494157,-0.2908220666133387,0.0,0.6831668511645252,-2.921821021981468,-0.13471041415567717,0.0,0.9786114358044579,-2.6362532454687897,-0.5343126746601569,0.0,1.2603560603871855,-2.4664835236478617,-1.148492743434732,0.0,0.6991481462785516,-0.9982254032964487,-0.8523830562978796,0.0,0.12065225925926294,-2.819725632206909,-0.07739759058416823,0.0,0.7249637723092739,-3.7204751887084195,-0.659566291539132,0.0,1.1028705646175583,-4.299609664913455,-1.512885945212562,0.0,0.30537127428682387,-0.9470966185907892,-0.5363941168329435,0.0,-0.34849701947836004,-2.424115594266016,-0.09034834411420672,0.0,0.0472019483760956,-3.7932433879787655,-0.733466942078539,0.0,0.035201465529837654,-3.064985817657307,-0.8029604399515924,0.0,-0.026008462067194583,-0.8918890897182924,-0.22380038393503535,0.0,-0.6521122854207727,-1.779829710639263,-0.1110493552823068,0.0,-0.48212385778781336,-2.546232409273636,-0.387680486497482,0.0,-0.4885191443970312,-2.2652654315640306,-0.3418433055412889,0.0,-0.4044872094736021,-1.2352559474178306,-0.09421133803311489,0.0
0.0,0.0,0.0,0.0,0.5246912574386999,-0.3673265994428386,-0.20717764545991993,0.0,1.3712415481930476,-1.805930061674797,-0.43993964626130794,0.0,1.0926317130423864,-1.9571428873397658,-0.3791332185138689,0.0,0.8526466333031417,-1.634100905725379,-0.2832931307758179,0.0,0.7125341742084411,-2.98367334197828,-0.12720208268633218,0.0,0.9776030113242379,-2.622797069588964,-0.4846697889324023,0.0,1.3443391319911897,-2.6405548569316557,-1.1082774258498749,0.0,0.7647498746610641,-1.0757556749053478,-0.8239726785379663,0.0,0.13419642710100582,-2.8583330149375095,-0.06884065464906909,0.0,0.7594618485214588,-3.688792303942383,-0.5903276282660267,0.0,1.2940166366989116,-4.728700427267487,-1.4871209950071091,0.0,0.34611205340306406,-0.9516040250725297,-0.487256599657277,0.0,-0.34119586609591995,-2.4270764964065723,-0.07788492135938874,0.0,0.055529378445342135,-3.7129700344369914,-0.6740851118006753,0.0,0.06531876662227382,-3.0403016367906948,-0.7546296104874308,0.0,0.008258776502415258,-0.8519960405506456,-0.2072976110002132,0.0,-0.6413629815271983,-1.7712178980040145,-0.09406679325813523,0.0,-0.4505139347260543,-2.5177906398274685,-0.3656156375420247,0.0,-0.4542324743180068,-2.3690775772124235,-0.3466217242281592,0.0,-0.3465420260214317,-1.2465719338957446,-0.0935012066375437,0.0
0.0,0.0,0.0,0.0,0.5256306856384507,-0.4080835228001403,-0.18274219614808035,0.0,1.3581832674423997,-1.8762113538774474,-0.3636117263418642,0.0,1.0723515242349595,-1.9998750971751198,-0.31408181838275634,0.0,0.8399291420347438,-1.6864322452620573,-0.23757061866721552,0.0,0.9170790285574358,-3.2590907995161125,-0.009465783687584994,0.0,0.9346357921642378,-2.674610181945002,-0.37537427694514897,0.0,1.412612318290098,-3.172112995936052,-1.0392136087278498,0.0,0.8130665342266351,-1.4138055582444675,-0.7856168075799744,0.0,0.28130932509627227,-3.4983665631735685,0.027049749729133495,0.0,0.5981238285703586,-3.3865828478911206,-0.44835055992055667,0.0,1.5221318977984226,-6.788345387928348,-1.7301189877727647,0.0,0.35803495513608985,-1.158359168738566,-0.4263314528652945,0.0,-0.34036365653725453,-2.7787759795040565,-0.031029183607012973,0.0,0.00992706169162285,-3.4580691207051624,-0.554106150885138,0.0,0.01713345539578126,-3.46215468763361,-0.7080507798144727,0.0,0.0013559295253801615,-0.9207316389530122,-0.13598929695696976,0.0,-0.6613374935379884,-1.8426459981644192,-0.07773609559628138,0.0,-0.4728132345922714,-2.502169107974158,-0.3094668430647663,0.0,-0.5174922747236733,-2.356586196269782,-0.2554007403003804,0.0,-0.40632793206845863,-1.3069036070134612,-0.023074064155585453,0.0
0.0,0.0,0.0,0.0,0.49324135520497014,-0.3870255941982244,-0.18832368425978183,0.0,1.3571493860529666,-1.8977418537754622,-0.38735524341752,0.0,1.0822391743808537,-1.946096731907374,-0.32218494706155504,0.0,0.8435690373974692,-1.6611022553464083,-0.24452061667918248,0.0,0.908493806243602,-3.2822744669592936,-0.033779953522834,0.0,0.9233118335756287,-2.6488083086573666,-0.3980974271265933,0.0,1.3918693423872839,-3.100546763505756,-1.0459091245367216,0.0,0.8434844437906999,-1.413326797201542,-0.8092854824990969,0.0,0.2754988439966475,-3.5562543571186986,0.0032353234814302685,0.0,0.5864050986043338,-3.374044375871037,-0.4923050920888185,0.0,1.4580558179847631,-6.272879674129642,-1.7529077920311584,0.0,0.34101731368030797,-1.0333705078220354,-0.43915533641811816,0.0,-0.3629298336280768,-2.7624453881250144,-0.05188937051419057,0.0,-0.03309698928850998,-3.400163322517993,-0.5829714139220747,0.0,-0.01810183995790187,-3.4384422601167546,-0.7591788404427374,0.0,-0.018692500835941775,-0.8978587465464926,-0.1566979110064809,0.0,-0.6750898286180926,-1.7989872470492425,-0.0926568980983681,0.0,-0.4867450988530206,-2.4456407885212093,-0.33296983183966106,0.0,-0.5306130395611701,-2.4493262741181927,-0.3026964587065371,0.0,-0.4282229079053593,-1.4224146713277925,-0.05625465047178963,0.0
0.0,0.0,0.0,0.0,0.5355519443479856,-0.4376690326319515,-0.18058898868227286,0.0,1.4465091139769786,-2.0144104449906,-0.36688677694500127,0.0,1.0914512010597162,-2.0482477386442675,-0.30222390220166995,0.0,0.8173845401640278,-1.7232718038894577,-0.22783534572602013,0.0,1.17591914601567,-3.358414671693142,0.029261627861296952,0.0,1.0387163906382888,-2.746319409448754,-0.3681556412003648,0.0,1.5630694095096418,-3.3750858709440408,-1.0455409892342349,0.0,0.9035975512112383,-1.6100869284284276,-0.8106354264402217,0.0,0.6135012300959929,-4.1451405013371865,0.0571118769609586,0.0,0.7240306251103312,-3.2924412730653403,-0.4355808231131413,0.0,1.9728860790929057,-7.51228671149511,-1.8956162692503724,0.0,0.40003273564128017,-1.2514750084659823,-0.4475249500291594,0.0,-0.21020187172433735,-3.167358959554361,-0.04354061510370001,0.0,0.10819624577752711,-3.2695438663662633,-0.5454829065786424,0.0,0.1339089234367101,-4.011306595184449,-0.834433974412205,0.0,0.02194094938506705,-1.017770590508168,-0.15229693056135196,0.0,-0.6146201894748754,-1.8782296067454645,-0.09900656529766008,0.0,-0.4035289442474522,-2.462223759155411,-0.35009006739362986,0.0,-0.45180807417204205,-2.4382246299929595,-0.32698078047102164,0.0,-0.3458387744082318,-1.317581932085802,-0.0656622042150355,0.0
0.0,0.0,0.0,0.0,0.5265275807403021,-0.3904705502474172,-0.1880213992755976,0.0,1.384667949186431,-1.8449678297205552,-0.3471218220556418,0.0,1.0888801488859572,-1.9900419464376815,-0.2873357333881689,0.0,0.8110769428742356,-1.7274616132436105,-0.21197957916610616,0.0,1.187807899651609,-3.410940246205318,-0.03365671024281642,0.0,0.970315075271239,-2.6513269106574495,-0.38846221287641186,0.0,1.5027987626532462,-3.348223474954964,-1.0695131938177893,0.0,0.9022442582520612,-1.6080412181032766,-0.8298674810955456,0.0,0.6209110303617654,-4.388437205720199,-0.006960708251843,0.0,0.5973959160840542,-3.1523955007202966,-0.4613441670358213,0.0,1.830886771352084,-8.10896079073772,-2.2029729563971565,0.0,0.3662703651718369,-1.3191000921870975,-0.509593479691234,0.0,-0.25146582977712456,-3.249681621346706,-0.08548049654615122,0.0,0.02462714034490274,-3.194883405745109,-0.5639732053589244,0.0,0.004098235305158701,-3.7454834423798316,-0.8251807416753664,0.0,-0.03188344629897751,-1.0221664135529942,-0.16902771717757958,0.0,-0.6353180563044105,-1.8804934075706043,-0.11983993461488564,0.0,-0.4526309904818384,-2.411800152616702,-0.3564412718535843,0.0,-0.5081623191288738,-2.3396835101817124,-0.31954434916398566,0.0,-0.40653583537674115,-1.3513580713059952,-0.0730171109282308,0.0
0.0,0.0,0.0,0.0,0.49057644125797273,-0.3401912571080886,-0.20106428887795177,0.0,1.3418491889132913,-1.7483256266435894,-0.3832594810530628,0.0,1.114219101104626,-1.9924914441175394,-0.32327847345074556,0.0,0.8074057254704454,-1.7575568700406465,-0.2339147257699234,0.0,1.2021517060656746,-3.4094516399600248,-0.043752423026502174,0.0,0.9456462555318383,-2.6040584000933347,-0.39243829838800504,0.0,1.466471910578448,-3.4152761662932885,-1.1042235245350454,0.0,0.8380663990156165,-1.6335635065047236,-0.8428505723920626,0.0,0.6403785156288566,-4.356993555621125,0.01909755973983023,0.0,0.5914489528845481,-3.122598404006994,-0.44776189969391555,0.0,1.667818722965656,-8.088290379253024,-2.1682006393851676,0.0,0.29626989858913394,-1.2702605168941052,-0.47297301190283775,0.0,-0.22482133058247153,-3.310058846977053,-0.041120412938362334,0.0,0.020624034554267107,-3.10842632006784,-0.5292128424920435,0.0,-0.06248170821483524,-3.8039760430016525,-0.8313389435406537,0.0,-0.06065952589086885,-1.0141812088034847,-0.16411183688251704,0.0,-0.6212129072048079,-1.9800688142376914,-0.07871371796955375,0.0,-0.4320736512647146,-2.4364968858451768,-0.329185108000535,0.0,-0.5290094500189635,-2.4291779551886883,-0.3119874573284129,0.0,-0.428886332882074,-1.398311100189624,-0.06440077970252608,0.0
0.0,0.0,0.0,0.0,0.47281221611893637,-0.2974466652652947,-0.211054927311551,0.0,1.3286789412767892,-1.647677986095562,-0.4111566704425465,0.0,1.134702736680037,-1.943828432455339,-0.3487287331463234,0.0,0.8184290264342088,-1.7350780054429404,-0.2513401819768647,0.0,1.2460685461718757,-3.3521704608870646,-0.1181876347988452,0.0,0.9428137193503946,-2.5719965978251977,-0.435940933796085,0.0,1.4712966654885926,-3.4329696966597147,-1.1779013717119593,0.0,0.8596849303974393,-1.63681703779629,-0.8969861475169697,0.0,0.7196093754778529,-4.4444626731912384,-0.0683764806242095,0.0,0.5536489722496563,-3.0230901615254453,-0.4870497706075541,0.0,1.7208971401445903,-8.546847107268446,-2.4854670462570665,0.0,0.3261701265642689,-1.3137412285645993,-0.538515572866647,0.0,-0.20418269690647214,-3.336849481684153,-0.10006923090688369,0.0,-0.0008728687717308402,-3.0708611877069476,-0.5711349587271555,0.0,-0.06017442337772266,-3.6618508011836495,-0.8652618318913609,0.0,-0.03816093379897554,-1.0084131092578035,-0.18519827579236167,0.0,-0.6168294478722418,-1.9490096574493034,-0.1102104285122725,0.0,-0.44152360214860764,-2.3770347086993224,-0.3523022870791535,0.0,-0.5243728803552766,-2.371991042679986,-0.3337093970049789,0.0,-0.4160614958822924,-1.4263547541288086,-0.084856260847043,0.0
0.0,0.0,0.0,0.0,0.5070170659783434,-0.2920010838850663,-0.24025014650058835,0.0,1.3397982163211983,-1.5212421044360571,-0.4729420796949896,0.0,1.2213214579723422,-1.9847191047662436,-0.43602908334972157,0.0,0.8600854048501688,-1.7820381677013069,-0.316864631089942,0.0,1.4112982632772502,-3.3371868525271764,-0.06683867382028912,0.0,1.0872805141494837,-2.6312460374478954,-0.4791100709715678,0.0,1.5008382957637323,-3.3381054331037854,-1.2815511218642281,0.0,0.8438013948317363,-1.7191972565576659,-1.0504009705864101,0.0,0.8769715243713032,-4.2949009185863645,0.03590184606171503,0.0,0.6932901715169464,-3.0491950839120374,-0.49861340639768353,0.0,1.897210799942597,-7.965292045212362,-2.5066068976474605,0.0,0.3903469637968279,-1.5011617393635737,-0.6751803265903833,0.0,-0.05529677190041584,-3.291074831113697,-0.010540694575735332,0.0,0.15497179193964564,-3.0729407525575563,-0.5606387315498879,0.0,0.11631989588004171,-4.164192278805751,-1.0295175986181055,0.0,-0.018752046964901428,-1.1071755890684496,-0.225796705963397,0.0,-0.5242694298036716,-2.0166339733613405,-0.053290498229790526,0.0,-0.3243056721074065,-2.4602545421295403,-0.33447237553145265,0.0,-0.42223143439777594,-2.5522907121165894,-0.339652975667624,0.0,-0.36649188075820793,-1.5404676344805284,-0.07832071695102479,0.0
0.0,0.0,0.0,0.0,0.5019796092716045,-0.31504104044551084,-0.2126078787079662,0.0,1.312532323172408,-1.5749357938206658,-0.4060889194120236,0.0,1.1639261476630403,-1.9714075101955129,-0.36591487167275627,0.0,0.805083835586285,-1.7947878070564185,-0.27092291859696926,0.0,1.3343995678519807,-3.321776970660101,-0.07996262305241168,0.0,1.0342852089840568,-2.643491323865672,-0.45417666820384955,0.0,1.4776798798572455,-3.456701085962694,-1.2334528752448584,0.0,0.796564822332042,-1.6950833168952468,-0.9621426319441596,0.0,0.823626980612426,-4.562274513572486,-0.021587008868112923,0.0,0.6203462214531754,-3.0755148876941947,-0.5013854261738278,0.0,1.598761868160118,-7.890497461457578,-2.423805241647157,0.0,0.2975044102037588,-1.421385357916002,-0.6339088179974826,0.0,-0.15777739968892207,-3.403904714324037,-0.0695458368585406,0.0,0.05783304376443508,-3.0788294116956862,-0.5642075349169221,0.0,-0.03461937490694394,-4.072564771665233,-0.9739108835241337,0.0,-0.07260278172739984,-1.1198403195671638,-0.22243992857174333,0.0,-0.5954888636865542,-1.9940795613574802,-0.09427563909543996,0.0,-0.39881525630718534,-2.4237906484520226,-0.3502003675485318,0.0,-0.5003104076832194,-2.5347005295396436,-0.34924941842550167,0.0,-0.42622546833973,-1.558597668956994,-0.09209794020696876,0.0
0.0,0.0,0.0,0.0,0.5150350030511179,-0.30130408189917174,-0.21719635303603713,0.0,1.3191982134183406,-1.4116105358582836,-0.3965314149407023,0.0,1.2375276750113458,-1.8670493017529315,-0.37126286133985636,0.0,0.8695965499383486,-1.7953805446165485,-0.2908097104073486,0.0,1.4375489687921517,-3.327206014015161,-0.04682361533420374,0.0,1.1100728348181315,-2.635032972677368,-0.44046186451148944,0.0,1.5687580396984755,-3.4445062015789256,-1.2397012856094114,0.0,0.8340174661682788,-1.6998242537064245,-0.9833399971761684,0.0,0.931302713022747,-4.460502845597393,0.035347824447673905,0.0,0.7220854302483086,-3.0788854875784106,-0.4791358483098057,0.0,1.828430209699751,-7.870574380519515,-2.399145931059246,0.0,0.32417354884810207,-1.4016093364983997,-0.6291052750415769,0.0,-0.05773744257434321,-3.3361477958913364,-0.02142544239346723,0.0,0.15563124676391266,-3.044587690510475,-0.5359027099730228,0.0,0.07911469418349805,-4.092643810415025,-0.9845349244691626,0.0,-0.04499449770976361,-1.0963845505276977,-0.23050584881462668,0.0,-0.5290880805709051,-2.0163559986216053,-0.06177946094090196,0.0,-0.31784801238282334,-2.405114332059248,-0.3224638877396551,0.0,-0.42681432158958066,-2.5804943307779182,-0.3401521210474628,0.0,-0.3867005865546329,-1.6167314959429593,-0.09344872041594432,0.0
0.0,0.0,0.0,0.0,0.49783514491037073,-0.28728172592539475,-0.2037733373139384,0.0,1.3024427979571045,-1.42143370098296,-0.371880385854277,0.0,1.2264282195500387,-1.882309953544665,-0.3462861923998593,0.0,0.8600230015486444,-1.7947447140165085,-0.26590769924780816,0.0,1.42812039563725,-3.3854700946597367,-0.05114027424171694,0.0,1.0864061610787281,-2.620506845673747,-0.41874705200412765,0.0,1.5531389760658119,-3.490423649654168,-1.196666083603893,0.0,0.8159846577177566,-1.7073581635751915,-0.9409388606269472,0.0,0.9040588883634637,-4.590867880113384,0.023167541731512552,0.0,0.6860720043481429,-3.05818011255173,-0.45249364623750704,0.0,1.8402600571030021,-8.46301117416462,-2.4173302426221603,0.0,0.30012265291556106,-1.4105170646152496,-0.5898654296123168,0.0,-0.09758418287593863,-3.369507505665544,-0.03094843857657867,0.0,0.13198621110787698,-3.0452736993051857,-0.5130719119529653,0.0,0.03486396164225181,-4.139143137615559,-0.9230174637043365,0.0,-0.0625767170604022,-1.0981888037234175,-0.20243601848837148,0.0,-0.5494154864086548,-2.0299219555540065,-0.06667106443206453,0.0,-0.3344168416848888,-2.418468819399481,-0.3149368121501578,0.0,-0.45498805015386173,-2.565719791033369,-0.31552106080858944,0.0,-0.4120946725089144,-1.5954104523182038,-0.07296435154369298,0.0
0.0,0.0,0.0,0.0,0.5077621967112792,-0.2652570525193532,-0.20748999312055677,0.0,1.3564781330086713,-1.355243192389621,-0.3868375656741175,0.0,1.3196049459851977,-1.8465846785709559,-0.37240426271096444,0.0,0.9453618637968001,-1.7901542454689252,-0.2944236060029715,0.0,1.5555645803215525,-3.344882202232761,-0.05175779613652913,0.0,1.2144927093644513,-2.624138625833237,-0.4374159198614273,0.0,1.6985199847803596,-3.3673961910569625,-1.1929089009957443,0.0,0.9419560315658346,-1.7036782574464708,-0.9695463846933702,0.0,1.0548322835603094,-4.4427120425548745,0.021143748864975928,0.0,0.8499416273033621,-3.050790330496365,-0.47557111565064286,0.0,2.222540939515617,-7.978062445741487,-2.4262337546186865,0.0,0.351487238079722,-1.3194130533533674,-0.6071605270434459,0.0,0.03648324386844679,-3.283660289923581,-0.03231905205613301,0.0,0.2675925863737362,-2.9960205543040286,-0.5200492293121599,0.0,0.24813030725035787,-4.332103634967171,-1.024486726622281,0.0,-0.022526441923676196,-1.0870450246792969,-0.23352254196012154,0.0,-0.46095549503762456,-2.0355972350478244,-0.0679717214225949,0.0,-0.21299919006427723,-2.429625834964421,-0.33140809784343256,0.0,-0.32815049802970814,-2.654021010598976,-0.36502776471390214,0.0,-0.34533515683367283,-1.5623420001823554,-0.10900864691444996,0.0
0.0,0.0,0.0,0.0,0.5086022735009947,-0.2393359599698902,-0.2075801188931398,0.0,1.3380154331758105,-1.2603097181449776,-0.3734012289096626,0.0,1.3308273432254634,-1.794187098317071,-0.3660680558009385,0.0,0.9625936335510977,-1.7588749515737963,-0.2883078129078296,0.0,1.5689175346299324,-3.2719445689173763,-0.03143041033814595,0.0,1.2232922346124089,-2.580205510580476,-0.43702122067186816,0.0,1.6834753970346772,-3.2840046128598477,-1.2035601826709543,0.0,0.9075933606058859,-1.6049012635872635,-0.9672256344320606,0.0,1.0665949476223762,-4.359225294132129,0.04373385151560364,0.0,0.8451929061066435,-3.0166892139186263,-0.46853173609079063,0.0,2.2341522038362576,-8.09457075612996,-2.467322697070064,0.0,0.3504574054611609,-1.2754990841968508,-0.5948485147298039,0.0,0.049732130103991974,-3.251712080107296,-0.025887348387733183,0.0,0.2710822115361391,-2.9846763099603386,-0.5247135837844598,0.0,0.22164034989283254,-4.138399391162642,-1.0033027566069075,0.0,-0.0196249888719602,-1.0662711741167563,-0.23975844227707274,0.0,-0.45159354010684216,-2.0271660252884227,-0.07133574629085489,0.0,-0.21400393030423795,-2.3940900376309493,-0.3262919483618167,0.0,-0.32831521404186825,-2.599884837731455,-0.3561090875617958,0.0,-0.35189248534236606,-1.6419847962872813,-0.11683207330555087,0.0
0.0,0.0,0.0,0.0,0.49610777873047174,-0.2034596520241601,-0.20785220347292488,0.0,1.3759987610906443,-1.2253026281893655,-0.38651117451843536,0.0,1.3949473101978451,-1.783224272570054,-0.3808035932407469,0.0,1.018958153210433,-1.7257125155651898,-0.29346717141154766,0.0,1.6695673069317667,-3.1835807125945985,-0.05787552288203373,0.0,1.2978474828475381,-2.514852884977236,-0.4431176903259428,0.0,1.8044529335895318,-3.228631644441652,-1.2045091743441287,0.0,0.9969568754248374,-1.6089353666933528,-0.9645769130237231,0.0,1.2174918359617577,-4.299810543227032,0.018050315087259513,0.0,0.949586847175685,-2.949477152310352,-0.4845520975562992,0.0,2.3912857386671225,-7.5938792228692655,-2.4176998130340777,0.0,0.3922881529528467,-1.2740793713081826,-0.6083617749341016,0.0,0.1651990857615175,-3.2428622078040283,-0.032398091537413305,0.0,0.36928337636999337,-2.932934057637135,-0.5335618137101391,0.0,0.34007255188336255,-4.032672183147996,-1.0097210808298935,0.0,0.008644870381184638,-1.030351353609148,-0.23383155574709194,0.0,-0.37823263643069444,-2.0473509437423556,-0.06577827609786734,0.0,-0.1327615139488672,-2.376086919944188,-0.32819217729646805,0.0,-0.258760822837743,-2.5579389460034223,-0.3571067792749035,0.0,-0.3047837241714827,-1.5365045369225032,-0.10461336372897466,0.0
0.0,0.0,0.0,0.0,0.5068834993056154,-0.20820482366578247,-0.20016731387339337,0.0,1.392415662379171,-1.2407369401649233,-0.36482059350992335,0.0,1.387559125021514,-1.7515751711744139,-0.3497828013257767,0.0,1.0127597228595384,-1.7243262786127522,-0.27259236329998643,0.0,1.674957224897513,-3.1100522554115155,-0.06766110456200805,0.0,1.2933834345523585,-2.467808033701257,-0.43653419713997116,0.0,1.8038648978671197,-3.182111784364945,-1.1962756339432663,0.0,0.9640335865538687,-1.5479850512126747,-0.9445634036764603,0.0,1.2606367380558485,-4.381523524985499,-0.014662591101439408,0.0,0.941647384501257,-2.9646817164633887,-0.48169877931060073,0.0,2.5535812563421794,-8.089858266142373,-2.491016127439604,0.0,0.4091477362861312,-1.292921300395488,-0.5865588422242948,0.0,0.16261717019715285,-3.287986627233955,-0.07054558431898425,0.0,0.3567844323301999,-2.9476584906203516,-0.5439004633412012,0.0,0.3243375721491383,-3.9068414527502973,-0.9659071560605255,0.0,0.012153432915500775,-1.0252070434238554,-0.22472685532319783,0.0,-0.3883095497416507,-2.037119822814455,-0.09785629481905943,0.0,-0.14768321970421552,-2.3597015648093986,-0.34154895687596953,0.0,-0.26002983167595733,-2.5385232830730398,-0.36010804890046516,0.0,-0.30152444250040655,-1.6133398069618892,-0.11403979476192305,0.0
0.0,0.0,0.0,0.0,0.49922344119097084,-0.20631673190086153,-0.20118122378249367,0.0,1.4136019256458006,-1.2603243884126534,-0.3706441619716438,0.0,1.4247900870127144,-1.7509669301239708,-0.35308528281859447,0.0,1.0613761866603644,-1.7278922227784204,-0.27432222193681083,0.0,1.7022920419555416,-3.225087303024043,-0.016785804397577996,0.0,1.3315615526974582,-2.5219402766783356,-0.42414001600162304,0.0,1.8514145376541828,-3.207398318832233,-1.1653605529447628,0.0,1.0495508037559278,-1.631502157816371,-0.9547677830013697,0.0,1.228146334989611,-4.236543331475313,0.0480694895047044,0.0,0.9602447383841982,-2.9557857818265814,-0.4648650734694095,0.0,2.685659915519781,-8.085924389472595,-2.452950867984111,0.0,0.468760924040884,-1.3336717423844862,-0.5920419933258937,0.0,0.19637338648259275,-3.2381726099999963,-0.03129957504855369,0.0,0.3926951622374315,-2.9718798396936386,-0.5400184507102258,0.0,0.4193729061576713,-3.9968134016518166,-0.9879485340970505,0.0,0.05024026968838633,-1.0350233601061078,-0.22152467358986702,0.0,-0.35439222895705114,-2.0614771469807645,-0.08084067173196313,0.0,-0.11069619162397468,-2.377695313325767,-0.33715156074036917,0.0,-0.20813897155899455,-2.6157487746396417,-0.36990876825000557,0.0,-0.25981677260172503,-1.6604992615847673,-0.11528044639110957,0.0
0.0,0.0,0.0,0.0,0.5178512859314456,-0.22423559349786135,-0.20098967906773268,0.0,1.413742968985168,-1.2738444983456074,-0.36810571505679435,0.0,1.415096674132878,-1.7612866736813995,-0.3505604559634324,0.0,1.04413685571984,-1.7329855409604082,-0.27322373094785246,0.0,1.7227525751182444,-3.2755321904709933,-0.04403984101227125,0.0,1.3334477452214866,-2.53722736513918,-0.43864799888920064,0.0,1.8287404557712212,-3.2673361539308856,-1.2075687130775756,0.0,1.0043446700312133,-1.6691572230712517,-0.9918614028655177,0.0,1.2311824936841156,-4.346106091454364,0.020416279529954402,0.0,0.9611211600653442,-3.0110266365575464,-0.4748367545022053,0.0,2.5676498640136023,-8.131214354548677,-2.4605311881887566,0.0,0.42963550915913346,-1.313111660100407,-0.5916972949393735,0.0,0.18034494402062398,-3.255199118806565,-0.044701500355264934,0.0,0.4027037535273123,-3.0124982339459105,-0.5389890787597212,0.0,0.40728414886517733,-4.0809888561348435,-0.979813234268711,0.0,0.044218014722693606,-1.066793966933597,-0.22398992807867305,0.0,-0.3592192240720029,-2.074157853796789,-0.08466223589047255,0.0,-0.09271307067725694,-2.442284849891273,-0.3398140324932862,0.0,-0.1953816120091569,-2.6870684303802004,-0.36254642266682635,0.0,-0.25314940647925294,-1.6926726199078395,-0.1053800702679845,0.0
0.0,0.0,0.0,0.0,0.5112858934260649,-0.22816424502635774,-0.20314741889450705,0.0,1.4036855703704676,-1.256756808631544,-0.37768419481316684,0.0,1.4203301441054714,-1.7533639001834411,-0.3662189957416005,0.0,1.0558885175303472,-1.7176684692594055,-0.28768030639576614,0.0,1.7242095652163376,-3.2853466731532217,-0.02169986382038274,0.0,1.3345318640684734,-2.533438753127915,-0.43947947384779495,0.0,1.8100380568223646,-3.1476879690128308,-1.1848764830306395,0.0,1.019195126249073,-1.6252955184911415,-0.9842647448470858,0.0,1.2301720632761635,-4.306102929786345,0.04405824649467908,0.0,0.9829029223290315,-3.0149998631952877,-0.4860650949583618,0.0,2.493942138987742,-7.61867088007981,-2.387987709968165,0.0,0.45081132294012294,-1.370234318463022,-0.6277195310369054,0.0,0.1837842509209181,-3.2325821438559466,-0.03307080116465996,0.0,0.415472332655237,-3.009649980544681,-0.5509333769773622,0.0,0.40932053927134665,-4.02941538340507,-0.9940175667496879,0.0,0.029972933495865585,-1.0834551921539246,-0.22609780751139497,0.0,-0.3630707813377079,-2.0466818524964614,-0.07952139487515361,0.0,-0.09194061457038187,-2.4146576710188596,-0.33408094212476297,0.0,-0.19365302057642717,-2.6776195232344646,-0.35183800519509195,0.0,-0.260553484201965,-1.6937025134508654,-0.08862009520138946,0.0
0.0,0.0,0.0,0.0,0.5374835792938586,-0.2631492198908409,-0.20180335961204302,0.0,1.4222047276949263,-1.3029782927242965,-0.3699616083330608,0.0,1.41043404390657,-1.7680825788182997,-0.35240456433648243,0.0,1.0452027292496768,-1.7201163050956771,-0.2751062379544994,0.0,1.7477917313196265,-3.3223572295637074,-0.0026974235639545814,0.0,1.3505936663109872,-2.530971758604274,-0.4165386278179649,0.0,1.8390998769709337,-3.2273660482127027,-1.1715200967592196,0.0,0.9847769769474677,-1.6466271385747093,-0.953901458792066,0.0,1.2540004129641225,-4.4216052052068155,0.06896680150700019,0.0,0.9730395371865453,-2.995800116682904,-0.453942667201293,0.0,2.605203683118557,-8.059403382456411,-2.3796121682639257,0.0,0.4773725324921743,-1.4704406259185914,-0.6206746433911636,0.0,0.16908576850606166,-3.243409326329343,-0.013688819968024537,0.0,0.4119315353677547,-3.030954202092994,-0.5305708429263429,0.0,0.4316891866623661,-4.133332832308314,-0.9606105275599184,0.0,0.05110516375935732,-1.1512168302954238,-0.21125171374462368,0.0,-0.37443736084883417,-2.0300450875473133,-0.06358127497178911,0.0,-0.09694609687415678,-2.4338954900078607,-0.3173933782486463,0.0,-0.19580330204325538,-2.676878389116365,-0.3211758823412513,0.0,-0.2517435261867321,-1.6688417380198737,-0.05905174891157347,0.0
0.0,0.0,0.0,0.0,0.5254781689286512,-0.24280231960687773,-0.19969634230278838,0.0,1.433026649432673,-1.2975290253651834,-0.36227775558809416,0.0,1.407318011423168,-1.7398093725630854,-0.342018760757061,0.0,1.0463800861163817,-1.730651855457367,-0.27204525974948385,0.0,1.7319307435646305,-3.2737108638300154,-0.01586959903484684,0.0,1.3488517250740584,-2.530730951451794,-0.4261866021718674,0.0,1.8280303336182646,-3.092837527753046,-1.12806654456222,0.0,1.0592303893324837,-1.5899442618316049,-0.9305185183184003,0.0,1.2371454060679257,-4.391376655638651,0.04111003152240082,0.0,0.9889194172720585,-3.0233227724817273,-0.48326868856275007,0.0,2.498648140951733,-7.525616163220649,-2.329645198031292,0.0,0.45618541469107887,-1.346069489832612,-0.6079923972158567,0.0,0.15341694728098218,-3.203202153092333,-0.04149811066528242,0.0,0.39849944700337897,-3.0001822143478085,-0.5440191587180858,0.0,0.39419004020300547,-3.9768599754491554,-0.9570347830621713,0.0,0.033996097265362804,-1.0951316282088766,-0.2167591886106279,0.0,-0.37982332242637484,-2.0114605694299237,-0.08762936506791319,0.0,-0.10341861859396037,-2.4049739040112073,-0.3343291064778224,0.0,-0.2059446781656445,-2.6313958948519343,-0.3414390816351952,0.0,-0.2685700010878063,-1.6699819398796663,-0.08195547049902002,0.0
0.0,0.0,0.0,0.0,0.5238267746359021,-0.24884936176784633,-0.19802155529032792,0.0,1.424512194431389,-1.2955102228777178,-0.3655706875402412,0.0,1.4202274299772748,-1.7524756936051673,-0.3475265253375063,0.0,1.0569343778383715,-1.7232107211586327,-0.27325017602303475,0.0,1.7686495057039326,-3.339039695280632,-0.01037225997105672,0.0,1.3378375131870843,-2.517405152451663,-0.41304888240030596,0.0,1.8570268565874524,-3.234430652807931,-1.1574772216469547,0.0,1.0273521208835628,-1.6477313202413235,-0.9421083525110161,0.0,1.279818355917102,-4.469141604405238,0.055795118102263286,0.0,0.9828797980460339,-2.99911266000071,-0.4549160909008797,0.0,2.7003763215246948,-8.281562776738891,-2.4146626197153327,0.0,0.48013223167870034,-1.4512185029278808,-0.5993920445903838,0.0,0.17203615451752668,-3.2454321568966438,-0.027487996153103548,0.0,0.41635973995158027,-2.997978790633343,-0.523010993532343,0.0,0.44864179437108204,-4.180573156942866,-0.9536136813402661,0.0,0.06003733512016358,-1.1505585754373702,-0.20471780580314572,0.0,-0.373946072548479,-2.0217096660043534,-0.0753065728172054,0.0,-0.08474265574208138,-2.4388018445094737,-0.3263407551446442,0.0,-0.17966513643097995,-2.7022141114055565,-0.33523713904203206,0.0,-0.24177689686337908,-1.689151170962083,-0.07185943930984502,0.0
0.0,0.0,0.0,0.0,0.5320954219809861,-0.2597786294020629,-0.19560341639294707,0.0,1.439065126048215,-1.3439828102254578,-0.3607790840046383,0.0,1.4146345151129318,-1.7806321592044494,-0.3438195678111096,0.0,1.0618619048408364,-1.7114932476253428,-0.2669677158559934,0.0,1.7043368511080057,-3.32105408240379,-0.004258892396498492,0.0,1.337764680388959,-2.576680091709258,-0.42348913912931485,0.0,1.8468287714428155,-3.1915108574530073,-1.1373833072344812,0.0,1.0528874590561546,-1.5844059484740736,-0.911877018493157,0.0,1.1853292696034243,-4.344491999170012,0.04440352803870903,0.0,0.9670634060539695,-3.0211901791670717,-0.4775650444597574,0.0,2.6008176372957585,-7.8682530215508875,-2.388811989609691,0.0,0.4841568769327218,-1.3751900765987783,-0.6105196905817287,0.0,0.137889542264843,-3.196694012655835,-0.044773509222530254,0.0,0.393712981534552,-3.003796059657143,-0.5519442022660255,0.0,0.399787382826608,-4.034134605230895,-0.9815182425063583,0.0,0.03336069887073803,-1.087490575951577,-0.21961787447271594,0.0,-0.3874540899559212,-2.015479461309652,-0.09347847150357017,0.0,-0.09861623068220507,-2.4272696929497375,-0.35257554875429625,0.0,-0.20631915297958825,-2.6674484189979126,-0.3708890729676545,0.0,-0.2776500889365184,-1.6533556836310872,-0.10096315863894745,0.0
0.0,0.0,0.0,0.0,0.5264996913170199,-0.26682698661064563,-0.1931117717942903,0.0,1.4196482708497766,-1.3356173614400233,-0.3553693067545284,0.0,1.4058037240975696,-1.7590817133914822,-0.3361716510901602,0.0,1.0636018017307578,-1.6943441353828377,-0.26106207813975163,0.0,1.7315320839938637,-3.3833009550683917,0.02231807189526664,0.0,1.332181363593124,-2.5941593852276394,-0.38879356844875224,0.0,1.8863425649589716,-3.4042271466723073,-1.1311442686971056,0.0,1.0133772125910279,-1.6742677424526444,-0.8934866188267251,0.0,1.229415899842647,-4.506428922361821,0.08611756887019847,0.0,0.948420854535526,-3.016033806206813,-0.4277747553331649,0.0,2.7673893545169497,-8.824870510526571,-2.418555166585203,0.0,0.4695899368146623,-1.4726507655002903,-0.5737545972059407,0.0,0.1341754048751885,-3.2529451001763765,-0.012194531235929725,0.0,0.3928648792461824,-3.018413842220845,-0.5051834316631265,0.0,0.4172167213803537,-4.258104821312064,-0.9254991319471402,0.0,0.042355228601644535,-1.1628544900408864,-0.19186557942220767,0.0,-0.3960646767966667,-2.022268448712979,-0.0692930325878181,0.0,-0.10511055849909776,-2.4445309568651883,-0.31881553712019206,0.0,-0.2106868448015823,-2.700515458310796,-0.32474982141373115,0.0,-0.27539703630651013,-1.694036179655124,-0.06808241106017379,0.0
0.0,0.0,0.0,0.0,0.5274104627836603,-0.25810553211723686,-0.19007274596287682,0.0,1.4643862341079479,-1.4084926702342857,-0.37422892365447386,0.0,1.410820919157465,-1.7972049282571643,-0.35197542159425094,0.0,1.089130455951734,-1.6221702094011377,-0.26645598520862773,0.0,1.699929668908538,-3.366689326941604,0.0018171160807309097,0.0,1.3228390112775803,-2.569530513563909,-0.40406244403634356,0.0,1.8813869378622285,-3.2779353502870854,-1.1257083881551502,0.0,1.0727514299921481,-1.6471194434607033,-0.9158366005378631,0.0,1.1683204220099668,-4.32653862647989,0.04382272812325505,0.0,0.9594130343297221,-3.012999181291262,-0.45584713675186206,0.0,2.8930911975663176,-8.700009285570848,-2.497412936054525,0.0,0.4996754813567847,-1.4241309192445628,-0.5864566402858973,0.0,0.1334498133404376,-3.1934492409672073,-0.04899371054956058,0.0,0.38527873529243445,-3.0076357646124734,-0.5382342755246655,0.0,0.4333605834070602,-4.121228209215941,-0.9501402603837956,0.0,0.05377000751255871,-1.1194786628673896,-0.20122488370966893,0.0,-0.3921605978992389,-2.001390268315894,-0.09869411415266004,0.0,-0.1204466391704846,-2.415173960328006,-0.35331745499882306,0.0,-0.20815112078868533,-2.6304273195738648,-0.3663025430811788,0.0,-0.2571302738098179,-1.6159196479539522,-0.09642016924048112,0.0
0.0,0.0,0.0,0.0,0.5397810740498575,-0.27291162500413296,-0.18700209419909972,0.0,1.4646126287300487,-1.4042309112927909,-0.36444589448862824,0.0,1.416885088146241,-1.8121999343706165,-0.3468310193156541,0.0,1.094314201832392,-1.6229385294057275,-0.2620734057277155,0.0,1.7276059575885334,-3.4144224508869776,0.0313839181751986,0.0,1.3391872699954608,-2.6006631660783217,-0.38125435673127944,0.0,1.928181425613202,-3.38601464963028,-1.1074999211443974,0.0,1.0741313300301476,-1.6776611459398876,-0.8900730594622335,0.0,1.199888278602022,-4.39209104917281,0.07926426231726304,0.0,0.9753295704899448,-3.043320107983724,-0.43458372776677623,0.0,2.920169576755441,-8.80835093666362,-2.4255509827659334,0.0,0.4957744964390574,-1.4369399553041438,-0.5668547692022521,0.0,0.15351692267565437,-3.232445492028161,-0.024044446019162537,0.0,0.402740772295156,-3.0226201699495805,-0.5132519171789981,0.0,0.4716399158922959,-4.252290036925641,-0.9230582274276297,0.0,0.0648360023152333,-1.1570184637787853,-0.1871073226629197,0.0,-0.3810948955286887,-2.022920646158237,-0.08273608564280471,0.0,-0.10491758101236048,-2.432024604808109,-0.3338971484888576,0.0,-0.18789831745603983,-2.6833996917237077,-0.34270028395735364,0.0,-0.24454403846496578,-1.662648389689968,-0.07782801302892459,0.0
0.0,0.0,0.0,0.0,0.5263817824233108,-0.2811611626510802,-0.19057494951870982,0.0,1.480299715558979,-1.4906819906755184,-0.3907768871981299,0.0,1.3883966098854825,-1.8002937747178736,-0.3606780804779623,0.0,1.100480846237808,-1.5675626603246424,-0.27463571562814243,0.0,1.702478287543144,-3.490882635523722,-0.03411996033597984,0.0,1.3029061072925991,-2.593245395469948,-0.42883517983342273,0.0,1.8684599815500902,-3.348916633172454,-1.180816788362609,0.0,1.0467779098338363,-1.649526625281716,-0.9389627610642536,0.0,1.1357690943227572,-4.448311968332166,-0.004216777344421506,0.0,0.9228512656950739,-3.027078962483308,-0.4835052912028321,0.0,2.800613693531325,-8.94147360247177,-2.6268629589880907,0.0,0.4771893839817778,-1.4506587399200157,-0.6076511701518031,0.0,0.09332939526519497,-3.197947555626693,-0.08720216726462701,0.0,0.3656380224104241,-3.005747836820515,-0.5617219926209294,0.0,0.40916227873968986,-4.208800806487869,-0.9957855849361655,0.0,0.04779161930677831,-1.1490589756037828,-0.21748354614071666,0.0,-0.4134210989087341,-1.9909591107078006,-0.12481456020986462,0.0,-0.12988926836615194,-2.43324216386125,-0.3791908232949119,0.0,-0.21317177959059871,-2.6851174079745896,-0.4035060943445268,0.0,-0.26065877230097206,-1.658800476307487,-0.1278406046973898,0.0
0.0,0.0,0.0,0.0,0.5296431272133633,-0.27486049459882805,-0.20131437112995634,0.0,1.493500613318169,-1.4840298805722183,-0.4140979466186714,0.0,1.387221733104844,-1.775250777565661,-0.37447505614877985,0.0,1.1019440464935681,-1.546279541346925,-0.2828923456238968,0.0,1.7518350643560179,-3.5227183355979963,-0.06763951264119897,0.0,1.3157705627514242,-2.5633650878163157,-0.4391981350337053,0.0,1.8933604676103044,-3.3281180464967552,-1.1923156340320717,0.0,1.0459835863626934,-1.638510235649508,-0.9379194536290009,0.0,1.1690406147694135,-4.48973703429075,-0.023436253337191064,0.0,0.9406061021069111,-3.0180051658052633,-0.4960612761288124,0.0,2.7353430399217564,-8.559238437498772,-2.571616290855811,0.0,0.469670526480299,-1.4004237690432417,-0.5943916962405378,0.0,0.09807405023545468,-3.1571077239853116,-0.08559447400359813,0.0,0.3832225553704249,-2.9838662120526234,-0.5563051931868263,0.0,0.44349247904108835,-4.229656178113731,-0.9887908004116082,0.0,0.06404312531874136,-1.1510503319056553,-0.20776202673313546,0.0,-0.40674689769143724,-1.9678164742537132,-0.11491910114565321,0.0,-0.1147544148723677,-2.4359409354857093,-0.369314129767608,0.0,-0.19961771261022088,-2.6673576046818197,-0.3857620160470969,0.0,-0.25151144061316094,-1.6503120104217728,-0.1148039106381985,0.0
0.0,0.0,0.0,0.0,0.5275592005348894,-0.28753722612001886,-0.20832485885867652,0.0,1.4619756289645833,-1.4658257931360628,-0.42347911389881426,0.0,1.3648754591752459,-1.7500697416459419,-0.3859823437419358,0.0,1.1051791365876937,-1.5096519201387564,-0.29435619991334966,0.0,1.6747637301146792,-3.557208279096926,-0.07735317391959445,0.0,1.3072060534582561,-2.6248637722271373,-0.46877135339530224,0.0,1.8350555485309332,-3.3571572334803883,-1.2532069147191895,0.0,0.9978256284770746,-1.6514609804697926,-0.9830044766409024,0.0,1.0318683752245394,-4.362439222598456,-0.03358839189578883,0.0,0.8892193374579537,-3.038048260758831,-0.5100027613113051,0.0,2.6014997270898554,-8.68224624899567,-2.66306824651955,0.0,0.44256465902048875,-1.4039316060375167,-0.6165930156353683,0.0,0.038225043462451834,-3.095727412443025,-0.09312757270896267,0.0,0.33813088436556854,-2.9743793026701466,-0.5687773948967565,0.0,0.3783613013282458,-4.244988257997316,-1.0228651273262284,0.0,0.03997595987063751,-1.1542479498214666,-0.22246156399118683,0.0,-0.43497404652038024,-1.953251209484455,-0.12265296490862782,0.0,-0.14382364107299128,-2.4297220991150246,-0.38231341150229636,0.0,-0.22743864309994852,-2.697440581550817,-0.41051576438660325,0.0,-0.27354993583202586,-1.6939520194264852,-0.136546802834885,0.0
0.0,0.0,0.0,0.0,0.5245261472651359,-0.2735611472881,-0.21300522474628755,0.0,1.4531454424530839,-1.4086131483945872,-0.4319079422392813,0.0,1.38119479764843,-1.72164841268904,-0.4023935692831208,0.0,1.1219339172024914,-1.4921924903726218,-0.30732865486534094,0.0,1.6735725274823756,-3.522936454789441,-0.07220274244577805,0.0,1.2702544995187544,-2.558464220807144,-0.45283376454572694,0.0,1.8311911798636369,-3.2609629686566883,-1.2144312641288946,0.0,1.013789950393994,-1.5590134261017308,-0.9505780642178441,0.0,1.02540991216397,-4.228467473903384,-0.014555795262461388,0.0,0.9147599967444274,-3.014955578066298,-0.5057477850875334,0.0,2.671262125421723,-8.442163134746075,-2.624600946196223,0.0,0.44225726458291253,-1.3131195438917225,-0.5928254258547925,0.0,0.05223248797714628,-3.0324103966134817,-0.07183694841448619,0.0,0.3487354610705012,-2.950739456639914,-0.5585291827526889,0.0,0.391265549732048,-4.179705344787028,-1.0172009749716318,0.0,0.04406407288658543,-1.1055794233280427,-0.21979131577737782,0.0,-0.42413235220722,-1.9339181456977619,-0.10426088656499007,0.0,-0.1470038678319469,-2.3860303064146327,-0.36667112474592145,0.0,-0.2348762398768066,-2.6116767033221726,-0.39874044238465084,0.0,-0.2789337366087859,-1.614324521507556,-0.13190963254761187,0.0
0.0,0.0,0.0,0.0,0.5301957139562563,-0.28888740851598704,-0.2164807103601135,0.0,1.4446532609762337,-1.460562790425252,-0.4366445694747803,0.0,1.3437311622509835,-1.7556902803184355,-0.39718475281486487,0.0,1.094838529095852,-1.4995707686575357,-0.2993101159071866,0.0,1.6449961971675213,-3.56500487408747,-0.07594345465723357,0.0,1.2930181495108024,-2.6479215082253456,-0.4802814017349932,0.0,1.7866788639956956,-3.2749997799299937,-1.253669957888551,0.0,0.9378054235634304,-1.533667354821073,-0.9456399744634425,0.0,0.983499878890496,-4.293771536830069,-0.017667920627134168,0.0,0.8698350193709241,-3.0586318133826365,-0.5217110956900348,0.0,2.3544451650478164,-8.008073475592463,-2.531883862531138,0.0,0.41081770388803573,-1.339797346854865,-0.6098948169689306,0.0,0.018672885547076145,-3.0625830816362156,-0.07447175581907806,0.0,0.3067758542409757,-2.9510535353172713,-0.5629674520707788,0.0,0.3334021760470227,-4.204501660830438,-1.027535805809297,0.0,0.023046167925626977,-1.1368201564315827,-0.2236708561635653,0.0,-0.44333964098291057,-1.9545860775479198,-0.10641979325981404,0.0,-0.16721906100981984,-2.3931038620161584,-0.3634769158179277,0.0,-0.2600641997903684,-2.6604746891421045,-0.3936490531455811,0.0,-0.29980649116723945,-1.6788762035691083,-0.1271535014065351,0.0
0.0,0.0,0.0,0.0,0.5340607495369605,-0.2998515695814551,-0.20863109503368818,0.0,1.4598097786940436,-1.4935182929652118,-0.42087212097764937,0.0,1.3513429859812338,-1.738207958382102,-0.38135858946169626,0.0,1.1050290188692127,-1.5007914831794533,-0.2907857809114755,0.0,1.6352634552267376,-3.6151327674494214,-0.0466563063874408,0.0,1.2761721414655087,-2.631361473545477,-0.43578850982587847,0.0,1.831976118313175,-3.313912383287496,-1.1664272212352123,0.0,0.9898477076559059,-1.5634701375248898,-0.889028447531191,0.0,0.9699775100890538,-4.292184087813582,0.004065799360826942,0.0,0.8812182578081375,-3.0327732780982273,-0.48895735136052687,0.0,2.4928044473791107,-8.18851892788876,-2.4618516888154964,0.0,0.4124606614719814,-1.3155378547055345,-0.5634951642071124,0.0,0.013462972390210581,-3.058316843150613,-0.06483342683635472,0.0,0.30786201940412516,-2.9553182763469747,-0.5410801643206096,0.0,0.33708572225928285,-4.173206618625327,-0.9720612338484727,0.0,0.021252632008793113,-1.1180713000578195,-0.20049769833801986,0.0,-0.445544903790147,-1.9509610417695524,-0.10344050237617965,0.0,-0.17712530652605438,-2.3878408663495807,-0.35081475150695074,0.0,-0.26738587689838444,-2.621485288877687,-0.3661564140945767,0.0,-0.304126992605808,-1.652958123459983,-0.10427248899202708,0.0
0.0,0.0,0.0,0.0,0.5334538780720961,-0.29967164804005925,-0.2145956758381417,0.0,1.4551555868881905,-1.4861879222254195,-0.43686450663819293,0.0,1.3463961416273993,-1.7533372821066073,-0.3973007134978729,0.0,1.0993939840031959,-1.4971650902708518,-0.3018795472155534,0.0,1.62292763096706,-3.5737171146976854,-0.06951868108337907,0.0,1.2785150994415306,-2.6281721700508505,-0.4573480434254425,0.0,1.8004370096152011,-3.3097470312351036,-1.2131436610229003,0.0,0.9846812769088787,-1.62196722016458,-0.954557009903915,0.0,0.9630191980538193,-4.229649342884566,-0.011061910296978757,0.0,0.8839341673248081,-3.0735618522102874,-0.5065819303115419,0.0,2.425488684753011,-8.133324428427947,-2.4887571057913807,0.0,0.4088073066940418,-1.3249353105983976,-0.5792031207227711,0.0,0.021480900592141746,-3.057542045365156,-0.06718472296316712,0.0,0.30648787326442084,-2.9862967950917483,-0.548084888350157,0.0,0.3349097126958737,-4.16729380162967,-0.9716662638153613,0.0,0.030249264418857346,-1.1303340905284531,-0.20459329893884742,0.0,-0.44426669986392897,-1.9519762431126737,-0.1009798921747939,0.0,-0.18314543625377544,-2.3987230545936327,-0.3516124015771323,0.0,-0.26614252077408856,-2.6207242439111087,-0.3677091586072062,0.0,-0.29107432270238,-1.646933006756711,-0.10598966028599935,0.0
0.0,0.0,0.0,0.0,0.5323087234367235,-0.298809243588013,-0.21058835197024015,0.0,1.4543237913383238,-1.4802027515164033,-0.4283368123943633,0.0,1.3560167207695053,-1.7564892665263987,-0.3947639444999622,0.0,1.1022342711124793,-1.5066489213478864,-0.3010393907252991,0.0,1.612296264402867,-3.556579624173381,-0.025058862266894764,0.0,1.2670203250793075,-2.6054118560498707,-0.4271711622064276,0.0,1.803641192160199,-3.282372274964361,-1.1617343836263645,0.0,1.0047952535859663,-1.597925926213932,-0.9212329110596742,0.0,0.965276712452898,-4.18835625556444,0.03382003871704767,0.0,0.8950988370606704,-3.065774853522482,-0.4803792579490414,0.0,2.489448822010968,-8.248821679163024,-2.4446103932688548,0.0,0.40822361066820334,-1.3049680663150338,-0.5561715919731954,0.0,0.028957834141549798,-3.055308226713814,-0.04060523021301608,0.0,0.3231467464044947,-2.982713693382905,-0.5283759359137402,0.0,0.3440724105072462,-4.191659605496715,-0.9424674885442421,0.0,0.02496551685615707,-1.1175816089012593,-0.1881317804600206,0.0,-0.4423403797915998,-1.9471918767459873,-0.0871512552605257,0.0,-0.1748238262657896,-2.405935879213682,-0.3403742176983123,0.0,-0.2616910688883897,-2.619177379422963,-0.34955170971505345,0.0,-0.2924739280888323,-1.6280035900038103,-0.08777347743456866,0.0
0.0,0.0,0.0,0.0,0.5128047510235174,-0.2618436066600603,-0.21877922985782416,0.0,1.4584875871750564,-1.4516396157536369,-0.44991531552385494,0.0,1.3612190976657237,-1.7814986206043644,-0.41023943516936123,0.0,1.0861159869511328,-1.5386101218137391,-0.30620433249243895,0.0,1.6519760562033512,-3.5295642051871736,-0.11015790021117927,0.0,1.2928549683274058,-2.595915387628481,-0.48637495417604426,0.0,1.793323382858459,-3.141395090209203,-1.2132897451127034,0.0,0.9970644390912017,-1.5045644151706088,-0.9406446872221804,0.0,1.0115509179783568,-4.2268954382972135,-0.049121799466210106,0.0,0.9070457561972443,-3.033124821226847,-0.5264905014414916,0.0,2.624340508565807,-8.20622648239888,-2.6103781107751467,0.0,0.4511384711769228,-1.3087959141525396,-0.6007247514141107,0.0,0.04945514324363245,-3.0551194943132596,-0.08966809451420425,0.0,0.323705859090594,-2.957258720488383,-0.5692777105985571,0.0,0.39641586556801345,-4.232742695118832,-1.0495463536022824,0.0,0.05185210470841605,-1.1214462158066993,-0.2310083766735034,0.0,-0.42868739992973043,-1.9474911330831353,-0.11228607174817627,0.0,-0.17509020879765627,-2.3708567535828906,-0.3713870349698018,0.0,-0.2514776521221739,-2.596648905945304,-0.4094061459202958,0.0,-0.2792111167753747,-1.618878543099699,-0.14390010677547024,0.0
0.0,0.0,0.0,0.0,0.5060114711271467,-0.25702890142743223,-0.21310824024490885,0.0,1.4461064248771887,-1.4410645095567787,-0.44020488517407924,0.0,1.3568153248141532,-1.7809263527059496,-0.40753423548710715,0.0,1.081090826032439,-1.5414386876940371,-0.305580500950559,0.0,1.6157865477921343,-3.5544599563133703,-0.10303758714824109,0.0,1.2679459450938875,-2.5808232141430634,-0.4843599089169029,0.0,1.7548522524164958,-3.0729922956055202,-1.1893963739874098,0.0,1.008520182662847,-1.4930388988053225,-0.9411359958949539,0.0,0.9550743156675491,-4.190536320688343,-0.050280983551096815,0.0,0.894428007678355,-3.036760943430253,-0.5296624139755399,0.0,2.563155251931993,-7.99881848098656,-2.5684487229988218,0.0,0.44475938659445896,-1.291653419663771,-0.6027353770906242,0.0,0.017909210402840298,-3.022937094797403,-0.09718465830581452,0.0,0.3098118202139434,-2.953751157411591,-0.5745225136403097,0.0,0.3827962449448719,-4.2351336035432015,-1.053256357136996,0.0,0.04197205741168367,-1.1199560619023918,-0.22874987457337395,0.0,-0.4465323329035486,-1.925143499186563,-0.12137496594109484,0.0,-0.18798020220356015,-2.3669586340527724,-0.3771838546183962,0.0,-0.26339190172098614,-2.5934210141333938,-0.4085360916578737,0.0,-0.29125516327360185,-1.6101361265298928,-0.13824628179949391,0.0
0.0,0.0,0.0,0.0,0.521500124151633,-0.2729256041958797,-0.20726510354461958,0.0,1.4615317833545647,-1.4905697004653042,-0.4146514583610268,0.0,1.3425416442975988,-1.82508064660247,-0.37623318404676814,0.0,1.0549458590319767,-1.5834757282189158,-0.2783456693652831,0.0,1.6356642237564492,-3.5961179747899354,-0.042470735794553925,0.0,1.282890775998623,-2.6365960660438934,-0.4385041429893612,0.0,1.7982403372430007,-3.212742420710502,-1.1346002608978507,0.0,1.013458906935235,-1.5544334663844155,-0.8891677905318998,0.0,0.9870199513630357,-4.287086762025382,0.01814201232285488,0.0,0.9027974347583643,-3.085107906390999,-0.48093595804882455,0.0,2.6437199526554034,-8.39640329646055,-2.4568369348555485,0.0,0.45918146338775423,-1.3489096059511896,-0.565761150972329,0.0,0.031945458597644236,-3.0884364375616227,-0.04912636257176475,0.0,0.3151761971324451,-2.9871043426431827,-0.527669960373594,0.0,0.38728537834231264,-4.305541770226339,-0.9601229571560049,0.0,0.0479635929063099,-1.1470894984450448,-0.19188417402063612,0.0,-0.4413312176924009,-1.9570112165345837,-0.0903742841426417,0.0,-0.18355827840704103,-2.406085814479128,-0.34806904799683347,0.0,-0.261607925077043,-2.6089390863573385,-0.3654508785810225,0.0,-0.2792836539571159,-1.5834993097760448,-0.09995433334937331,0.0
0.0,0.0,0.0,0.0,0.5217474179596502,-0.28186565799495594,-0.20181953880521353,0.0,1.4566102331682411,-1.5035683207986033,-0.403597392399076,0.0,1.3336857059896103,-1.8233344771875377,-0.366782489842465,0.0,1.0489285225428324,-1.5870597114490896,-0.27392917832085134,0.0,1.6144137023321057,-3.5677518809011364,-0.050488048855139696,0.0,1.2681189532196093,-2.634308655120049,-0.4459367606157464,0.0,1.7787433176584209,-3.2075773349356096,-1.1378953619840342,0.0,1.0224538943686212,-1.5855417674728405,-0.8996302613347062,0.0,0.9827070623952252,-4.355408342323649,-0.003036606295841483,0.0,0.8790107005516751,-3.0668624612179385,-0.49271213676133097,0.0,2.575160895207727,-8.266443360333552,-2.4689342208047282,0.0,0.4601558990048716,-1.378502699698072,-0.5852818977575667,0.0,0.009771945766110573,-3.1059380049450818,-0.07049764571916631,0.0,0.2893753768325322,-2.9882137284884203,-0.5529351407543469,0.0,0.3374362819542123,-4.145444149411417,-0.9793963748196404,0.0,0.03162932347850589,-1.129020025159897,-0.20760371353202667,0.0,-0.45856699770353215,-1.9433287785957094,-0.10544341137847639,0.0,-0.19922785156818704,-2.3903679325431915,-0.35755489675152313,0.0,-0.27841677482343374,-2.6057277791124074,-0.3716197240475442,0.0,-0.2962890287467448,-1.5912106376435156,-0.10075231217441795,0.0
0.0,0.0,0.0,0.0,0.5399735259312466,-0.2957446821665081,-0.20662764946877138,0.0,1.442624257700194,-1.5020453866108834,-0.40188536327976915,0.0,1.3002307906309587,-1.8494331882246577,-0.3665414205658397,0.0,1.0049483436697648,-1.6100571117175104,-0.2719262362476191,0.0,1.5766880609899034,-3.5992515941854295,-0.04297246743270629,0.0,1.2403043823409672,-2.626100594482251,-0.44172371417825346,0.0,1.72580532308651,-3.124071508583847,-1.1208293501874145,0.0,0.9847010761918221,-1.5122784440013515,-0.8855989585266171,0.0,0.9201630904698099,-4.313982004121036,0.013090695329491392,0.0,0.8566459726124543,-3.083374495684803,-0.49178838853252527,0.0,2.4010129077816273,-7.946988370486021,-2.409387220801031,0.0,0.4200962598136008,-1.3182303014501313,-0.5864591506964882,0.0,-0.02175095848214741,-3.0817257747113342,-0.055358006903130294,0.0,0.26623596334321964,-3.001359334423912,-0.5473014723793916,0.0,0.29490952756226196,-4.103444560889087,-0.9740315023683169,0.0,0.014347731689012903,-1.079074589116905,-0.20830200898567877,0.0,-0.474170476293657,-1.9377480606421928,-0.09467052796837079,0.0,-0.22263893660014064,-2.398606723459843,-0.3528903017635316,0.0,-0.3072762133189156,-2.5734793383392995,-0.3678016213720664,0.0,-0.3144961344837863,-1.5366200953942273,-0.10242385036652753,0.0
0.0,0.0,0.0,0.0,0.5306171483588363,-0.2934343906762039,-0.20842223040882518,0.0,1.4423186110287027,-1.5091082334477646,-0.41044783074342056,0.0,1.3046677410136107,-1.849217745975259,-0.3735924610408337,0.0,1.0143351815315518,-1.6060558164199086,-0.27739164164280594,0.0,1.5501688610062672,-3.5604741552253056,-0.052254466720262946,0.0,1.2394357483278902,-2.618777018446108,-0.45449148132064215,0.0,1.7126947219437263,-3.096959104958827,-1.13909564180191,0.0,0.9811990071139921,-1.52535560883326,-0.9047491814666462,0.0,0.9139540287544433,-4.269302738680863,0.0024299530791448277,0.0,0.854957915048503,-3.060607236147555,-0.5021429249966755,0.0,2.3547888754893624,-7.739496981254139,-2.3875273770126326,0.0,0.41126410298463956,-1.287861964954091,-0.5731132355488382,0.0,-0.018701895060089502,-3.0858306057247678,-0.06410855935458327,0.0,0.26685523374156345,-2.9915450514269035,-0.5623875044871164,0.0,0.29199530302732274,-4.078993307865959,-0.999466803081925,0.0,0.014074871996676154,-1.0852294923562655,-0.21452507770430856,0.0,-0.47545504522098053,-1.9357605393341581,-0.10033783472702075,0.0,-0.22161651511273345,-2.3951271002875005,-0.3579910176254255,0.0,-0.3080366424248975,-2.5786521581077073,-0.3737702236993306,0.0,-0.3178779130577467,-1.5594865071684987,-0.10485717195733467,0.0
0.0,0.0,0.0,0.0,0.5399558944705815,-0.2862995813804588,-0.212051389328633,0.0,1.4655598867134552,-1.5299170217507354,-0.42016072842561375,0.0,1.3066870814849993,-1.8589999130924066,-0.3761186896015546,0.0,1.0090873213753135,-1.6155451873900366,-0.2765770594990143,0.0,1.6010396745855004,-3.5442197633411285,-0.09259090522595868,0.0,1.2464958253320655,-2.598131911816926,-0.46016399314867307,0.0,1.745699272219053,-3.10492943868591,-1.142972696627679,0.0,0.98620377807728,-1.481390270337841,-0.8845518618131165,0.0,0.9657985245378518,-4.316641107071952,-0.03340847532415291,0.0,0.8743422509358304,-3.068338771540601,-0.5116198117880155,0.0,2.3725582900604443,-7.687789974894338,-2.3832873571011266,0.0,0.4091238745649223,-1.261449184417554,-0.5667672807864689,0.0,0.005215686810023088,-3.095750144957629,-0.07841485262886565,0.0,0.28070150719898807,-2.985071218094157,-0.5538139718653434,0.0,0.3171489098233501,-4.0926998068388025,-0.9746456029128863,0.0,0.024980236457753543,-1.082788324811332,-0.2069446814724317,0.0,-0.4591247860647263,-1.947642782672097,-0.10377639074146101,0.0,-0.21138363873319685,-2.40201418450894,-0.36086685746505015,0.0,-0.28748090954337174,-2.571842977723032,-0.37894964536474784,0.0,-0.29142412128501555,-1.5315782697399558,-0.11065069811080493,0.0
0.0,0.0,0.0,0.0,0.5365625056580158,-0.2917718796434348,-0.2022449772878635,0.0,1.4432696944163217,-1.5157304326710477,-0.396694744460717,0.0,1.3048618689173541,-1.8712626085987603,-0.3637396943135963,0.0,1.007056729356142,-1.6276355737293102,-0.2700368678762614,0.0,1.5457456225219925,-3.4582887881136073,-0.05213321787820118,0.0,1.2335868186669183,-2.62626220956137,-0.45861941591428107,0.0,1.7186993268559232,-3.1356834254299493,-1.1576379030056445,0.0,0.9749854436778266,-1.5055796694099268,-0.898068521994496,0.0,0.9456401408933619,-4.293486012651155,-0.009367237840032003,0.0,0.8453311289568398,-3.04735249335112,-0.5101982070813436,0.0,2.2949776043943575,-7.633645183073134,-2.3961046501343435,0.0,0.41321959531902785,-1.3009406702459203,-0.5893852103603525,0.0,-0.008407923468945654,-3.1277670414774037,-0.07938111234032873,0.0,0.26019240970173374,-2.978912797239263,-0.5768565083145569,0.0,0.2651467258009299,-3.969239990648268,-1.0082730729890719,0.0,0.004371046252940955,-1.0714858833504732,-0.2250736744872855,0.0,-0.47370906185023687,-1.953931594241598,-0.11354017668907027,0.0,-0.22211616154086627,-2.393193048511987,-0.3730890512011038,0.0,-0.3127872322906505,-2.574748996041891,-0.39257348936411346,0.0,-0.3234263735260226,-1.5571754743480588,-0.11713858413234965,0.0
0.0,0.0,0.0,0.0,0.5454927121654493,-0.29834876060082505,-0.21093744780953916,0.0,1.4365914917305576,-1.503180923236283,-0.40608257972122536,0.0,1.2882298135242725,-1.8590814316447106,-0.3699198978170782,0.0,0.9809944887119,-1.638417584177158,-0.2751427353651749,0.0,1.550150034000754,-3.5266261442927687,-0.08250207937391953,0.0,1.2319844032865321,-2.6223763135317957,-0.4727138422202761,0.0,1.688994590632765,-3.0583229849008133,-1.154534851638223,0.0,0.9605649525216596,-1.4595221453741023,-0.8992058281368441,0.0,0.9129429083884175,-4.3079893726674525,-0.031081688393352333,0.0,0.8416105603431348,-3.049138609124996,-0.5137539035775762,0.0,2.3413144055717297,-7.882636163676863,-2.485705863940852,0.0,0.40357489178421185,-1.2904894875183834,-0.6004945668284171,0.0,-0.03854371666351779,-3.0744048383498876,-0.08378333399931003,0.0,0.25375756397848664,-3.0034258289597933,-0.5776750408816961,0.0,0.2611035956377396,-4.039681730409133,-1.025602143889044,0.0,0.005776711170268761,-1.0611173743758182,-0.23477827035046356,0.0,-0.48978916138737166,-1.9142481624053458,-0.10976958434692773,0.0,-0.2377887709084237,-2.3893995935376307,-0.3733291563537762,0.0,-0.32540535795318426,-2.5487187128735243,-0.39814339806425647,0.0,-0.3227712351077926,-1.5033173128880957,-0.12794023291070353,0.0
0.0,0.0,0.0,0.0,0.5191527056104215,-0.2855328874709212,-0.2086130881022644,0.0,1.427490124347296,-1.5405143533681631,-0.41407503294543446,0.0,1.2767517587207888,-1.8702221759363487,-0.371431108078572,0.0,0.9810205642291039,-1.6359858003465764,-0.2753449452198174,0.0,1.525310492177758,-3.518181604200298,-0.10578816676681979,0.0,1.2076223367483472,-2.618843235672984,-0.48930819695359357,0.0,1.6506801569420901,-3.039789451911707,-1.1641187233130381,0.0,0.9650384585303594,-1.4987304262810983,-0.9171927845025506,0.0,0.9108429713566341,-4.38756442056106,-0.06085866683298365,0.0,0.824353040683402,-3.0684439995331974,-0.5377802821666212,0.0,2.2137108931662417,-7.643845912141063,-2.4525840726337824,0.0,0.3893746398829075,-1.292350621335378,-0.595480517958277,0.0,-0.05789766539884994,-3.112181628516388,-0.10620561905475187,0.0,0.23222539841007447,-3.0045000460052798,-0.5993525340509572,0.0,0.20990979124229525,-3.963903762771844,-1.0298955470390778,0.0,-0.015430198787392236,-1.0725078108274029,-0.23584564992196866,0.0,-0.5058271704399727,-1.918006260630001,-0.12325608153109958,0.0,-0.251662796131134,-2.379891886784168,-0.3802905096372744,0.0,-0.35042467688553236,-2.553683815451294,-0.4010061014554035,0.0,-0.3538025139598072,-1.5427562857906025,-0.12850038157513322,0.0
0.0,0.0,0.0,0.0,0.5344589983670799,-0.28400190159899036,-0.21498850861294008,0.0,1.4470865503112198,-1.5122568917921315,-0.4185036182916225,0.0,1.293412234112026,-1.8634626652830848,-0.3756588000748697,0.0,0.9874236451609556,-1.6368409048267956,-0.27701368853155905,0.0,1.5808366141264987,-3.544846407033417,-0.07500334488443305,0.0,1.2505020729893084,-2.642791159795041,-0.46915992997631417,0.0,1.71840904363418,-3.1279241290320536,-1.1583532225182145,0.0,1.003757581878029,-1.5533072232386123,-0.918180988949441,0.0,0.947825910259412,-4.341276389597733,-0.0068116027855255595,0.0,0.8674729788766784,-3.098799488241346,-0.5160664240191597,0.0,2.3637191568363445,-7.78303852896893,-2.42971361773592,0.0,0.44558954860764544,-1.340989958244775,-0.6084880324245528,0.0,-0.016046983540057118,-3.082285681054581,-0.05705529467755573,0.0,0.2762913630094009,-3.0252858827504534,-0.5660154739713539,0.0,0.2829358497880325,-4.03529113451811,-0.9966706052236544,0.0,0.01419509458512512,-1.068515788671272,-0.22205468484833807,0.0,-0.4689194422748117,-1.9418216244277096,-0.08794025963215918,0.0,-0.21474263664077678,-2.4110433750855758,-0.35459304952219733,0.0,-0.3111247010306981,-2.5522478076207182,-0.3733768833239604,0.0,-0.3151558983743085,-1.4908313331003866,-0.10749991233055638,0.0
0.0,0.0,0.0,0.0,0.5280738900441331,-0.3080585999231293,-0.20542088410979367,0.0,1.426477000151126,-1.5666250423681753,-0.40241476408987664,0.0,1.2735920498056532,-1.89212896409877,-0.3609872168938837,0.0,0.9739832568028609,-1.6553251605709494,-0.26677232000650186,0.0,1.5221209125092168,-3.5896801671284893,-0.06421093035422323,0.0,1.2035976021008115,-2.6580348799378135,-0.455797129173507,0.0,1.6743536958637595,-3.171205442343467,-1.14403212891111,0.0,0.9541084730496281,-1.544593529562049,-0.8892165688169817,0.0,0.8978853456848798,-4.408853892073328,-0.010048846246809335,0.0,0.8243702521174199,-3.115474184198478,-0.5030967011913087,0.0,2.3201357604170916,-8.082491718847923,-2.4182002460221756,0.0,0.41590211796114773,-1.372290633020272,-0.5848235613076519,0.0,-0.05413219458692571,-3.152322588514938,-0.06989830149174812,0.0,0.2359424440991823,-3.0371254907142577,-0.5645652573517832,0.0,0.22423397748819607,-4.07120760298008,-0.9750157234216793,0.0,-0.012436296756752731,-1.0752632382701874,-0.20642676689318804,0.0,-0.5013897015688612,-1.9539748512880024,-0.10119987454948866,0.0,-0.24713429250484592,-2.4109904774918993,-0.35924855794475535,0.0,-0.34916297980739974,-2.5930759328559527,-0.37383256358153477,0.0,-0.35020204981962477,-1.5557835890973373,-0.10632131799088712,0.0
0.0,0.0,0.0,0.0,0.536634930248947,-0.28850378365548246,-0.20447673169637415,0.0,1.4636473423048266,-1.5197839998243885,-0.3997451086966913,0.0,1.322197424169428,-1.8643480193229895,-0.3624873962613837,0.0,1.012666646518238,-1.6379008323867341,-0.2685655631215118,0.0,1.5927636005932033,-3.538788225232679,-0.01950861500471953,0.0,1.2623199382451917,-2.6256461675422615,-0.4196169392708608,0.0,1.7760119071585723,-3.1451627680282868,-1.0836770421057078,0.0,1.0405749583491808,-1.5769125097127923,-0.8676227340732604,0.0,0.976749905508236,-4.283605396111637,0.04370019487131481,0.0,0.8938841436271792,-3.0834286148516887,-0.4746231167531385,0.0,2.4488478725402625,-7.695821992520608,-2.275110137112759,0.0,0.43886028805893296,-1.300469947033858,-0.5536822401658376,0.0,0.022810775072827204,-3.1079439688010027,-0.029954730564048567,0.0,0.30027939994276687,-2.993893970310595,-0.5296123716887986,0.0,0.3525324380661553,-4.110552140033083,-0.957684148505464,0.0,0.032674190161097294,-1.0535021877810964,-0.1943389608693006,0.0,-0.4477826738967632,-1.9642856072713715,-0.07560932542244353,0.0,-0.1960582677234522,-2.399762782064367,-0.3346646841763336,0.0,-0.28334454326826813,-2.5801235418976454,-0.3506207217632425,0.0,-0.29647549061745065,-1.5135257087646314,-0.08730574669229332,0.0
0.0,0.0,0.0,0.0,0.5341941632803181,-0.29583159526167724,-0.20459564581295409,0.0,1.4471249157170576,-1.5284145206477546,-0.40070488873263443,0.0,1.3099274425431546,-1.8722545066688403,-0.3638100775275273,0.0,0.9992121813481762,-1.647145058228769,-0.2704768728463596,0.0,1.5699942788539978,-3.568236930987047,-0.03707138731472129,0.0,1.244360183170338,-2.64115315613891,-0.44771494951899005,0.0,1.7154409883865074,-3.0829909073622495,-1.1188796739719205,0.0,1.010528024611317,-1.5506859173896668,-0.9010008011242239,0.0,0.9427836139200282,-4.325999193796165,0.013436256227224554,0.0,0.8649558253687065,-3.082862054258245,-0.4941618257815973,0.0,2.4508869375788715,-7.920185427370419,-2.406733473594326,0.0,0.4546852774261914,-1.390818454348022,-0.6045409609390021,0.0,-0.012678909720588225,-3.116937060583153,-0.06144754035243936,0.0,0.277138606781635,-3.0255064440762864,-0.5661673486712653,0.0,0.31587126509679986,-4.115453001152777,-1.0154676776479827,0.0,0.019940269869801595,-1.1035373920930007,-0.2246587471028359,0.0,-0.4760683862165359,-1.9382867597797155,-0.10115742777984967,0.0,-0.22317570970495357,-2.389430056646286,-0.35956960987767395,0.0,-0.3048339551095815,-2.597729359918627,-0.3826019408438725,0.0,-0.31331607722580995,-1.5714148827331087,-0.11328295792779314,0.0
0.0,0.0,0.0,0.0,0.5386444261725382,-0.2926589252938305,-0.20215660579920453,0.0,1.4571814166198824,-1.5215743224143652,-0.39065645389315584,0.0,1.3204574844290164,-1.8843425623482608,-0.3552587866340333,0.0,1.004136368706087,-1.651646793985006,-0.26128035981581116,0.0,1.6208416832632129,-3.65109476194235,-0.006026446911846416,0.0,1.257336552100918,-2.6462418471925377,-0.4098406258191313,0.0,1.7850188080817442,-3.2175637587543093,-1.070124598455245,0.0,1.0479002569523592,-1.603767173966464,-0.8578859626644463,0.0,0.9733604643202252,-4.372154633051061,0.05738794424555755,0.0,0.8899527437653306,-3.097965679825166,-0.4694768238740148,0.0,2.4782478407426023,-7.963801412855802,-2.316683993830742,0.0,0.4317894713716987,-1.3033855135636032,-0.5527776984471332,0.0,0.009957922368633397,-3.1170420741341913,-0.0246420750559115,0.0,0.31048392866498403,-3.018089434365193,-0.5291561888053644,0.0,0.35772009236801805,-4.21687697483464,-0.9719098785357543,0.0,0.024738762037359717,-1.064529366930361,-0.1962869165448168,0.0,-0.45392187024481107,-1.9658158142117057,-0.07482374564959021,0.0,-0.18052924799135636,-2.443534640702665,-0.34438519934761624,0.0,-0.27195345215118555,-2.659840715823747,-0.36926315364730433,0.0,-0.30136471831319966,-1.5559133141114898,-0.10049647503026038,0.0
0.0,0.0,0.0,0.0,0.5259258887244336,-0.2794837795826803,-0.20529504897838213,0.0,1.4397460395824533,-1.5121326016180106,-0.4009695713540905,0.0,1.3067145616869347,-1.875121271189341,-0.36340637260450487,0.0,0.9924162337018252,-1.6475207385168837,-0.26686488623857635,0.0,1.597228427692707,-3.645023041619528,-0.030081791216288695,0.0,1.2311802720477578,-2.630211997610724,-0.4290099464684429,0.0,1.733829343680613,-3.1597225217597735,-1.0970114934463724,0.0,1.0227624038778422,-1.58163693219462,-0.8832533785203224,0.0,0.9494363027621044,-4.401522103492455,0.032681650954328616,0.0,0.8526962659803397,-3.065233679119578,-0.4772714926003382,0.0,2.494840179818829,-8.195925701001396,-2.417504377994726,0.0,0.44147118501560995,-1.3550418191606708,-0.5766720900150696,0.0,-0.023076621803247235,-3.100214504370581,-0.04239713600004173,0.0,0.284884019998056,-3.0226805265122336,-0.5475870273338342,0.0,0.3192316200840696,-4.159881538270115,-0.9889022454802233,0.0,0.01560246764735531,-1.0762197165990408,-0.206164331247362,0.0,-0.47643154071983357,-1.9357655435102765,-0.08577050750708569,0.0,-0.202188286470751,-2.43649363360393,-0.35150604755820514,0.0,-0.2959563165763347,-2.6331374144661006,-0.3691113418601814,0.0,-0.3197159609014809,-1.55528498179457,-0.10024412666061477,0.0
0.0,0.0,0.0,0.0,0.5444796554990854,-0.28476465744109586,-0.20542693702958423,0.0,1.4592980723838331,-1.5065485965647962,-0.39450936330151776,0.0,1.321809015168304,-1.869597886828674,-0.3565989802262898,0.0,1.003913975171637,-1.651888091368195,-0.2613958253393189,0.0,1.6503270195855102,-3.6130768409933287,-0.05211581488272179,0.0,1.2716113756199237,-2.618665300527907,-0.4249899534827284,0.0,1.8044528932972386,-3.2373431868119953,-1.092799762499826,0.0,1.0343759213501598,-1.6166500013433576,-0.8635836051363691,0.0,1.029948182621768,-4.471387515061526,0.011565036818521971,0.0,0.9053684866592179,-3.1013970827995228,-0.4867929575079763,0.0,2.454256434321071,-7.855943238287035,-2.314668654926516,0.0,0.42272740097993494,-1.2852767864530446,-0.5469550088181467,0.0,0.020620760970208103,-3.1432076166947875,-0.05001572985484984,0.0,0.31060598878885476,-3.013144973390898,-0.5365824508360114,0.0,0.34653420258001466,-4.152663979508049,-0.9557756723721481,0.0,0.02214384436459706,-1.0630003685389342,-0.1942030468231005,0.0,-0.45115894427389275,-1.965139633304962,-0.08603555200697502,0.0,-0.17764849063482793,-2.4284781362791663,-0.3449969849908936,0.0,-0.2729904852482801,-2.6390270397940463,-0.36213505177078315,0.0,-0.30801909806607247,-1.5672962689557286,-0.09734062249680905,0.0
0.0,0.0,0.0,0.0,0.5535333963149083,-0.3165304341706407,-0.19446379297063007,0.0,1.4491806484682277,-1.5517286913540003,-0.36429039308720734,0.0,1.304066433603748,-1.876604075112867,-0.329399662183406,0.0,0.9963588355060062,-1.6557342740395011,-0.24325529160237067,0.0,1.5826769356773354,-3.624026163967761,0.021452589761404108,0.0,1.247010839783404,-2.680091082430532,-0.39646854448424285,0.0,1.7673754325098576,-3.2683374301871475,-1.0564084964891112,0.0,1.0169061567576256,-1.6171287362174225,-0.8358070031683413,0.0,0.9600391551521519,-4.452755556743665,0.07123646394443543,0.0,0.8652703829920285,-3.1330196387625686,-0.456944836474166,0.0,2.4041101422245763,-7.993899024025783,-2.2463669610962462,0.0,0.4284022263765834,-1.3531650796182488,-0.5449594514715395,0.0,-0.01897165552356026,-3.165998097597095,-0.029599177269873215,0.0,0.27971530869294764,-3.040005863557848,-0.5271714949540152,0.0,0.2940922849619316,-4.140108581947001,-0.9260054490664745,0.0,-0.002599609971193435,-1.1022386822855816,-0.1868984883836183,0.0,-0.48044319862383944,-1.9591673983476654,-0.08574994677755485,0.0,-0.20631741636709403,-2.443006062062395,-0.34109262117705924,0.0,-0.3060885524784323,-2.642493459018172,-0.3442941174756318,0.0,-0.34122317053113893,-1.6012923004570974,-0.08173866874252476,0.0
0.0,0.0,0.0,0.0,0.5416198573822343,-0.2855234504813805,-0.2060514828018831,0.0,1.4815517865967276,-1.5219579397503142,-0.40342068643742274,0.0,1.3401580637887627,-1.8708330611290402,-0.36429405925289404,0.0,1.0275646351543881,-1.6324631907670177,-0.26717174701570146,0.0,1.650962271378469,-3.5796298338750305,-0.021555193467891056,0.0,1.2999703202115906,-2.649384973725673,-0.43204704502549823,0.0,1.8183769112145651,-3.1748831300339293,-1.1015211004612944,0.0,1.0580679943160975,-1.5648230933804221,-0.8673132217765706,0.0,1.0273417120044745,-4.3401455517749925,0.03990676267428976,0.0,0.9292011872559452,-3.0965264517357176,-0.4905439902245985,0.0,2.486562566432002,-7.6430359163297705,-2.3041162044314576,0.0,0.45374533954580293,-1.2814629400878386,-0.559999022111333,0.0,0.04468284003585894,-3.106114506046524,-0.038542206274178654,0.0,0.3456186176304861,-3.017311328086169,-0.5510666914212548,0.0,0.4058410943093133,-4.186714760029946,-1.0053964173851524,0.0,0.046966881468438,-1.0878535416303954,-0.2117556511600449,0.0,-0.4347699241532612,-1.9574210822686944,-0.08417535311690656,0.0,-0.15443110336824073,-2.4302386341116495,-0.35119865887661783,0.0,-0.24480707806152643,-2.651918010843458,-0.37891658373012893,0.0,-0.286842885158679,-1.5834942299726615,-0.11075881654384133,0.0
0.0,0.0,0.0,0.0,0.5500019874314811,-0.2930248006939332,-0.19865481608352129,0.0,1.4788374819524317,-1.5303944986012852,-0.3842488278027149,0.0,1.3312983965290075,-1.8633817821659755,-0.34693378605618425,0.0,1.0189305201418832,-1.639219040666813,-0.2570834682996001,0.0,1.6256313754616283,-3.526483934174508,-0.04347363459421575,0.0,1.2908005120814803,-2.6456977123853367,-0.4449806277893011,0.0,1.7938882207243574,-3.1466898945024995,-1.1165086119329752,0.0,1.0365712605704047,-1.551822223572786,-0.879634542406123,0.0,1.0184882414879048,-4.369261251100767,-0.004973391717869969,0.0,0.9161522373042222,-3.0912052010006565,-0.5061823402687724,0.0,2.4662017114431607,-7.680765895163399,-2.352757900807117,0.0,0.43827649679254616,-1.3124952589406271,-0.5794862103106796,0.0,0.029319039365205815,-3.13412616975056,-0.08017328180238666,0.0,0.32170140616658865,-3.0024250399276973,-0.5663172791081595,0.0,0.369131977869521,-4.123952515697007,-1.005407343759429,0.0,0.027183487187466385,-1.0859124331938979,-0.2155116964411885,0.0,-0.4491283922741314,-1.956217055598344,-0.11680911386253917,0.0,-0.17488213469211877,-2.4232701949671855,-0.378391633791733,0.0,-0.266109610120174,-2.614239748375621,-0.4019231319722103,0.0,-0.30161527341925665,-1.5702752634531314,-0.12774909351637279,0.0
0.0,0.0,0.0,0.0,0.5383190383943958,-0.2867870098068277,-0.19774870565141558,0.0,1.462386332914429,-1.510203515525937,-0.3810726599218139,0.0,1.326635593535908,-1.864167015900249,-0.3427443736696886,0.0,1.0173569645542666,-1.6386543918753251,-0.25138127567578394,0.0,1.6659763713422313,-3.660039381912311,-0.06276071712534466,0.0,1.2596686342803602,-2.620000036383498,-0.4365326431678669,0.0,1.791392271587711,-3.2082695359804743,-1.1057929595081815,0.0,1.0448082974237238,-1.6055441128713834,-0.8743152162820745,0.0,1.037083751655913,-4.552911487939151,-0.01394429575456081,0.0,0.8842611375862791,-3.0509427030783716,-0.48636348039631755,0.0,2.5962997199745135,-8.246056649148645,-2.4153066367459584,0.0,0.4513735559311425,-1.35447444696751,-0.5585885879051852,0.0,0.009826282990314907,-3.1502033208365234,-0.07708831057562299,0.0,0.3234432379769891,-3.0318092108973373,-0.5639661823177216,0.0,0.363270997868373,-4.124776141642628,-0.9861697202408182,0.0,0.02525707321018076,-1.0934398813372053,-0.20609757416562324,0.0,-0.46070856870863386,-1.9413651757403518,-0.10626961214395121,0.0,-0.17481576851451894,-2.4406112419350077,-0.36017684432554126,0.0,-0.2672074004610839,-2.6457814496333993,-0.37071094090433543,0.0,-0.30800524830780185,-1.6013106280638205,-0.10203453490719183,0.0
0.0,0.0,0.0,0.0,0.5305904362499949,-0.2772537626804489,-0.19515244109506025,0.0,1.4610705149740166,-1.520099261101532,-0.3756974821747758,0.0,1.3268288119905625,-1.8932621603804116,-0.3405333873240682,0.0,1.0093558047960907,-1.6606880032210392,-0.2479417758668812,0.0,1.6242513141323438,-3.629630407313539,-0.031326166760254376,0.0,1.2684207512686485,-2.6463762533226594,-0.4252661490509353,0.0,1.787121000681397,-3.2066605158090944,-1.0885968467353846,0.0,1.0443096188050855,-1.6106434350271803,-0.863428638239496,0.0,0.9831121555363237,-4.421468688191693,0.01965775780078346,0.0,0.9037383441222058,-3.0939008972658764,-0.47583536041103436,0.0,2.55010013558121,-8.0084537177035,-2.3032329922631236,0.0,0.44643897080316575,-1.3199888547900904,-0.5359537847871205,0.0,0.0056748829141875495,-3.1281486740591395,-0.05634087291749929,0.0,0.3145758935279045,-3.034360708245218,-0.5474173754836901,0.0,0.3577623004749545,-4.140104430952573,-0.9643563853198899,0.0,0.03128100523087688,-1.087772473113437,-0.19789671921975352,0.0,-0.45661689470097755,-1.9636187510175096,-0.0973617626303743,0.0,-0.1767282548729155,-2.435614185533674,-0.3524968049739727,0.0,-0.2628848842521433,-2.6867843287770317,-0.37341522606805233,0.0,-0.29719050198118546,-1.6299037798636724,-0.10364737082754015,0.0
0.0,0.0,0.0,0.0,0.5450143250146683,-0.2657760672435817,-0.21868879003552777,0.0,1.4720899148173556,-1.4634586328340324,-0.43026502975806385,0.0,1.3483469115118827,-1.8632064848087428,-0.39258674450586556,0.0,1.0291138953135106,-1.626312977961301,-0.28582757339960513,0.0,1.6596697907406481,-3.4938224250743035,-0.05630423532990471,0.0,1.3025073550561521,-2.603271554649973,-0.45540386644109204,0.0,1.7922027944531915,-3.052996787176679,-1.131243971463764,0.0,1.0287870444702991,-1.474713762645338,-0.8885811746985247,0.0,1.0276343646290451,-4.214770159675877,0.016731923753537967,0.0,0.934722279866081,-3.0729850554792817,-0.5018105626417512,0.0,2.5485336017059423,-7.563550429851986,-2.3461176626727984,0.0,0.4630669525375944,-1.2349530008534415,-0.5601563950736804,0.0,0.058218498534420446,-3.0512302974617,-0.044115000541546504,0.0,0.3529617456963726,-3.0299069882433973,-0.5618216196997139,0.0,0.42741206480232513,-4.129628017244932,-1.0155726790441466,0.0,0.05871248935864453,-1.0690793862038446,-0.2180009639824064,0.0,-0.4234245630076124,-1.944974421136067,-0.08332800634844921,0.0,-0.1517736893151673,-2.4154644421674307,-0.3503983467718455,0.0,-0.23796830982263278,-2.6149164967816168,-0.3778296908167532,0.0,-0.28459297616601226,-1.5829034198269005,-0.1149252866247646,0.0
0.0,0.0,0.0,0.0,0.5363625613654033,-0.28137180355890473,-0.20376566865379703,0.0,1.4481533691285764,-1.4867545027629196,-0.40008575490676485,0.0,1.3384395194893652,-1.884653236770068,-0.3744221104151229,0.0,1.0211505072534826,-1.6491661665740256,-0.27730605436780664,0.0,1.585630137555231,-3.5012717901013914,-0.019088542150811565,0.0,1.2786048469685487,-2.666372256062971,-0.4440323930094645,0.0,1.7669283431296274,-3.1215156607399757,-1.1164362651208035,0.0,1.026313910183869,-1.523335937879497,-0.8808050846971339,0.0,0.9611067918430715,-4.250440433720154,0.029653210733679505,0.0,0.8984761057192355,-3.0906945392176244,-0.4964790579340457,0.0,2.4953534657416827,-7.769576463075272,-2.3816768452606865,0.0,0.450591400871852,-1.3166813543885343,-0.5900676577156152,0.0,0.014256536278680171,-3.0921629743917154,-0.0537686088545887,0.0,0.30830837994276894,-3.0181802052932163,-0.5656658753126548,0.0,0.36301771641623665,-4.160487652966097,-1.0372259103953652,0.0,0.02610859754017056,-1.07743229283182,-0.22947018566084038,0.0,-0.45059967267786327,-1.9640383150637029,-0.10100352315280693,0.0,-0.17785089399120776,-2.4190667860212964,-0.36704968631501383,0.0,-0.2679705814070165,-2.665693521367048,-0.40386925979799926,0.0,-0.31338734881443536,-1.6479081069868264,-0.13672711705811236,0.0
0.0,0.0,0.0,0.0,0.5471005031240166,-0.2711809018015569,-0.21856035737420507,0.0,1.458624803368677,-1.437347159819633,-0.419853102952714,0.0,1.3404704869662836,-1.8583767367737198,-0.3883660094434152,0.0,1.016909632893902,-1.6296926689884987,-0.2836642582227935,0.0,1.628224911446698,-3.5243282575358177,-0.017382286031475718,0.0,1.3062368129152473,-2.6221706509775466,-0.4452583546382934,0.0,1.7640159446055943,-2.999671001330115,-1.0969906364686826,0.0,1.0585129362430374,-1.4952132479775941,-0.8928098799498957,0.0,0.9685052081505269,-4.1408049196536325,0.058708979971459706,0.0,0.931729457091759,-3.089148806694433,-0.4915154484039527,0.0,2.487472351304491,-7.4810036221225,-2.3289774982809415,0.0,0.46167682876009947,-1.2391328356497744,-0.579441474977989,0.0,0.03282685301674402,-2.999348545543802,-0.015648281808521073,0.0,0.3416041887246122,-3.0325490272917097,-0.551559572263035,0.0,0.39957430768073343,-4.1143808507906785,-1.0131627646647041,0.0,0.05008324854619083,-1.0642376528346522,-0.22350127852952048,0.0,-0.43558220288648947,-1.9190461206074805,-0.06587772492996535,0.0,-0.16716442742984955,-2.4112528752485454,-0.3417873232755497,0.0,-0.24993396243835975,-2.5964870396981174,-0.3716774663620551,0.0,-0.28297330681999305,-1.5509594063162064,-0.1102805949579659,0.0
0.0,0.0,0.0,0.0,0.546274704194175,-0.29522140203625175,-0.20435696246538243,0.0,1.4623895799788502,-1.4980749106841897,-0.39081773801572006,0.0,1.335180941471467,-1.8813054042938295,-0.36222184107518085,0.0,1.0176314640063366,-1.6506215559151474,-0.26866441568195243,0.0,1.5710353085944677,-3.5229144866459166,0.015713589514956546,0.0,1.2866953837108037,-2.6629870750757325,-0.4281328639287994,0.0,1.769782451458399,-3.087845610415743,-1.088547620972336,0.0,1.0559232415841837,-1.5341086158587018,-0.8786321942226037,0.0,0.9265511655145328,-4.169536984725163,0.06498298826418143,0.0,0.9255553285963942,-3.1124327047132248,-0.4944206311746327,0.0,2.4094058679784216,-7.314858509478147,-2.272849515792413,0.0,0.45377188208587865,-1.2688578441340859,-0.5890280786855911,0.0,0.009012922321698478,-3.0432520259459315,-0.031560176294656545,0.0,0.3243036693366529,-3.0348489133253027,-0.5656003616699485,0.0,0.37161876851922426,-4.096788294091241,-1.0346638855141423,0.0,0.029003711789802298,-1.0393444250976867,-0.22954878831961456,0.0,-0.4507744014120385,-1.941730500982593,-0.08890191619376968,0.0,-0.17183266954581908,-2.424751346322261,-0.36432097241937444,0.0,-0.26010937467697265,-2.66023017712592,-0.40212784207225777,0.0,-0.30255448180880734,-1.6113122622170701,-0.13135178369415834,0.0
0.0,0.0,0.0,0.0,0.5435245877463494,-0.29047999302872074,-0.2037383072364293,0.0,1.4772136393296016,-1.553679098257222,-0.39274520016616304,0.0,1.3154584000115248,-1.8842075637929117,-0.34929251571110015,0.0,0.9970307486441227,-1.6534773882094718,-0.2544387957164615,0.0,1.6084655776746277,-3.5635684319267704,-0.009090816467849544,0.0,1.2797033345136533,-2.639877892355567,-0.4223911237487559,0.0,1.766271177565735,-3.1067605197960155,-1.0630054015825892,0.0,1.0500431536285961,-1.5497886143475967,-0.8514350956666396,0.0,0.9956610850103453,-4.342153621186619,0.04883226390299762,0.0,0.9121534492837463,-3.1022454564403774,-0.47650298766496896,0.0,2.511843750497959,-7.841479718946259,-2.28833448896146,0.0,0.454025228670535,-1.2997556398870305,-0.5470287896767392,0.0,0.01716200047238322,-3.118579436821886,-0.036812704189116426,0.0,0.32267092753593973,-3.064868166249696,-0.547423735852014,0.0,0.33875793568322016,-4.0486304166761276,-0.9388128543665888,0.0,0.019933756662861395,-1.0717607069946742,-0.1932718315678673,0.0,-0.45656772290678865,-1.94719382702223,-0.08643484014524669,0.0,-0.1915146308000622,-2.433934373920745,-0.34517034842844857,0.0,-0.28416828457641796,-2.5758684252925232,-0.34752149978225955,0.0,-0.3104544252013383,-1.5544629921015254,-0.08645604625583105,0.0
0.0,0.0,0.0,0.0,0.5614777068558225,-0.3234597277425428,-0.19366719747283156,0.0,1.48737447309129,-1.5882516353206946,-0.36729509221343715,0.0,1.3217304096334899,-1.899197590816724,-0.3293136290363421,0.0,1.0027010972850072,-1.6687812652945009,-0.24256242449593568,0.0,1.595607315089203,-3.5675024227902625,0.026398966680173237,0.0,1.2809087901405323,-2.67395075290754,-0.4008431327440148,0.0,1.8005060530660322,-3.1984103200458,-1.056414442151004,0.0,1.0373217527577685,-1.5538919681715757,-0.8258437884204156,0.0,0.9892878293053861,-4.373185056810991,0.06809995772198803,0.0,0.9114109867758766,-3.1238516194222523,-0.46330556071381596,0.0,2.5692080772065418,-7.997322089247802,-2.267365382080324,0.0,0.4702632353148587,-1.348980849636851,-0.5486890439326056,0.0,0.01332151160779419,-3.148632302349171,-0.03777327303309687,0.0,0.315883002069037,-3.0646730631844687,-0.5444532833808257,0.0,0.36763138063480133,-4.1323411687625065,-0.9490359831913557,0.0,0.03449847883527766,-1.0861596712920696,-0.19398237535024337,0.0,-0.45946112393391175,-1.9562952676688583,-0.09575151388661753,0.0,-0.18036213675100948,-2.445218305803061,-0.35469103746909264,0.0,-0.26281960156187656,-2.67573684199964,-0.3694649571009453,0.0,-0.2971024489640359,-1.62541767387278,-0.10003115223940807,0.0
0.0,0.0,0.0,0.0,0.5528570345545305,-0.3112730110313717,-0.193977435061442,0.0,1.4636556538642584,-1.5527514984856854,-0.36867079945213854,0.0,1.319540932662378,-1.896570799363777,-0.33506037823052603,0.0,1.0005112106626326,-1.6685792842557103,-0.2465629038391813,0.0,1.574319425806485,-3.5450260539863305,0.03733816195261731,0.0,1.2514928722202485,-2.6589359050928087,-0.3863147364904922,0.0,1.7855200932819246,-3.2072743932618706,-1.0356062507707138,0.0,1.052303498795136,-1.574021327762024,-0.8223007535674715,0.0,0.9639003916603068,-4.328621106198082,0.08540710297667303,0.0,0.8828655374901863,-3.0954073757937848,-0.4460310639900538,0.0,2.579392856000245,-8.152379309416382,-2.2770143709908774,0.0,0.4674420662914379,-1.342796416165361,-0.5429410308798766,0.0,-0.001438367488624786,-3.128479701001828,-0.021497745324967402,0.0,0.2960054783268491,-3.0528051733657855,-0.5300751702289606,0.0,0.3403135799246843,-4.125901274993267,-0.9369259978262815,0.0,0.028831291515686763,-1.086492833439104,-0.19368617892809645,0.0,-0.46957139318133995,-1.9450299945260727,-0.08349624959012712,0.0,-0.20320970813502534,-2.4283137123676184,-0.3437851429950343,0.0,-0.28895682722535004,-2.621357592480116,-0.3592398142730552,0.0,-0.31306547943425916,-1.599436046574415,-0.10085401626495846,0.0
0.0,0.0,0.0,0.0,0.5486531229598952,-0.2921694784389139,-0.19886075719850657,0.0,1.4683564955701105,-1.529310379799367,-0.3840518707232371,0.0,1.3265276677010742,-1.888704163020016,-0.348236009461182,0.0,1.0049852705414088,-1.6588605979899262,-0.255661233986543,0.0,1.6037214650788711,-3.5529389364582067,-0.004890300781981861,0.0,1.2596517717785118,-2.626404916162118,-0.4074312386547104,0.0,1.7881150700816826,-3.155326377884317,-1.0549029891123014,0.0,1.068671095342801,-1.581152227637428,-0.846761124024162,0.0,0.9945529419259089,-4.333391780773005,0.04766546490656927,0.0,0.8992104798661793,-3.080777438004981,-0.46484617707999126,0.0,2.6015087395816794,-8.046863474942086,-2.3077250865382037,0.0,0.46906523123101007,-1.3313636277188634,-0.5458434373395066,0.0,0.014736866030179756,-3.1172060694463695,-0.039376188181309044,0.0,0.3111259405135192,-3.0287904052429435,-0.5395930783204206,0.0,0.3656436942139777,-4.100672455525922,-0.9496402260319525,0.0,0.0378717130670307,-1.0666184532988954,-0.192916754269672,0.0,-0.4610812965195432,-1.9331437304460826,-0.08847595838615124,0.0,-0.19694818140380654,-2.4080899772291597,-0.34687449515082663,0.0,-0.2766034772440516,-2.599046361164683,-0.36169043019300356,0.0,-0.294178613291786,-1.5675974187449648,-0.09836737033010866,0.0
0.0,0.0,0.0,0.0,0.5451406654737141,-0.316284869438835,-0.19408664507620596,0.0,1.4527122056453283,-1.5738562343681393,-0.3686980033607078,0.0,1.3028967223306618,-1.892227464559502,-0.33296793941382224,0.0,0.9896277542723886,-1.671796923477856,-0.24696077902042654,0.0,1.525476427253524,-3.571821607244871,0.030553198012642335,0.0,1.237643897127905,-2.6889679092524985,-0.4004830864200853,0.0,1.7538163317632725,-3.221270250799896,-1.0542370927939204,0.0,1.0338380844643777,-1.6005120192162825,-0.8416954128354647,0.0,0.8903416477613347,-4.270483062338058,0.07021397150109619,0.0,0.8624247034613778,-3.0984018452160105,-0.4659691293323904,0.0,2.375104862976048,-7.73465910492402,-2.244263986951944,0.0,0.43485648235395286,-1.3218548688025085,-0.5556804676056785,0.0,-0.03383689243386769,-3.1040537359879155,-0.03511772865290787,0.0,0.290826861505594,-3.059259182594684,-0.5489094315337876,0.0,0.31519487240372385,-4.133298709250004,-0.9700143606819817,0.0,0.00711644119399042,-1.0650899491645973,-0.19756788717289572,0.0,-0.4844573972494658,-1.951219686781896,-0.09518143898139678,0.0,-0.20980392802562056,-2.4652583528086502,-0.36478959066343347,0.0,-0.3137889761667994,-2.6118308411493234,-0.37537464614104576,0.0,-0.3453082030732346,-1.5714913746584203,-0.10745599429620246,0.0
0.0,0.0,0.0,0.0,0.5414363467659135,-0.28982813514153916,-0.2142942133501699,0.0,1.4618377153586437,-1.5452960088468326,-0.4181953020946565,0.0,1.300415161155925,-1.8805011851719748,-0.3729216452397627,0.0,0.9867265349667989,-1.6493013813638164,-0.27315265741645317,0.0,1.5594350550622011,-3.5437858303890653,-0.035264391849417286,0.0,1.256930862717611,-2.638016447035957,-0.4430664308322541,0.0,1.7364072200675098,-3.076197278974494,-1.0999162842735903,0.0,1.0151006927955486,-1.5195169786540252,-0.874170493578662,0.0,0.9311506398060068,-4.223516082366964,0.031185070669000954,0.0,0.8754803532908669,-3.0817316936147177,-0.4970254988260552,0.0,2.3664629463091535,-7.535901939669041,-2.3182686850950467,0.0,0.43935630760955335,-1.278798393825632,-0.5738492552404288,0.0,-0.005084073214757727,-3.06620654610568,-0.03867799220476189,0.0,0.29719528327556727,-3.04145188836944,-0.5629816801446398,0.0,0.33101602702863603,-4.049802761678415,-1.0025244526660195,0.0,0.024638894958458123,-1.0385630358703724,-0.21551190015057756,0.0,-0.4660521534145558,-1.9355714082442173,-0.08198054740203264,0.0,-0.2044557490392102,-2.4323732281642574,-0.3537552322735237,0.0,-0.30173742318685604,-2.560785197740812,-0.37011510921743096,0.0,-0.324123869281354,-1.5105571654378216,-0.1063909717374588,0.0
0.0,0.0,0.0,0.0,0.5473691702573076,-0.3129024808177832,-0.20148696772646577,0.0,1.4719310052211696,-1.5954674888055775,-0.3935591141177464,0.0,1.3071797109219554,-1.9154590281223525,-0.3523826239480674,0.0,0.9844474313508501,-1.6739311939316948,-0.2587027045893357,0.0,1.517656235321402,-3.50534604311784,0.019130903580487885,0.0,1.2486071167538884,-2.6812602375030443,-0.41406535845907827,0.0,1.7516262926458535,-3.144503183671006,-1.06789436495543,0.0,1.0457705938850737,-1.5543773536736558,-0.852577623925375,0.0,0.9043485488320682,-4.168616275764966,0.06582455845238759,0.0,0.8698360093198614,-3.093533724565036,-0.4689293470985223,0.0,2.4746340584185145,-7.827660520095235,-2.297888111419841,0.0,0.47093927760229287,-1.3302892952557426,-0.5668256855086239,0.0,-0.009729346176646775,-3.090108074002765,-0.031361184457308906,0.0,0.29200621528181875,-3.057695833245484,-0.5572594214397819,0.0,0.3515581277942327,-4.101991250966326,-0.9959433322204003,0.0,0.039824481196831636,-1.0524829882544056,-0.21057787632295547,0.0,-0.4737119321893209,-1.9395747586203047,-0.08869423931855053,0.0,-0.2150043868477171,-2.43201761386865,-0.36344476296070594,0.0,-0.29789494873704264,-2.5895241112872074,-0.3839931965773187,0.0,-0.3062039687122971,-1.5339923873078574,-0.11155347812504114,0.0
0.0,0.0,0.0,0.0,0.543622764761344,-0.3098328789985098,-0.19994706615706626,0.0,1.4730249220778004,-1.5674847726521162,-0.39275601574545305,0.0,1.3280890550275248,-1.9048625212767187,-0.3590964111922908,0.0,1.004704436430547,-1.6728112267024653,-0.2665669675541523,0.0,1.543496195709967,-3.474059223289682,-0.01269509864678456,0.0,1.2442934388395375,-2.6569083457087346,-0.432069593864148,0.0,1.7673315770802243,-3.170165322241099,-1.101115096379927,0.0,1.0716181199179258,-1.5883720675134763,-0.8854573494847764,0.0,0.938413464017615,-4.204554733031014,0.023469154382055987,0.0,0.8801072647704692,-3.0467214214519402,-0.489870270955834,0.0,2.554483811211588,-7.88763262260533,-2.3948909084565977,0.0,0.4776707843122901,-1.3196740556134516,-0.582182336362954,0.0,0.009135965944423244,-3.1088879905043423,-0.0662152669190328,0.0,0.30740650408745884,-3.0731185208992104,-0.5923221104819779,0.0,0.33559952675005755,-3.9190457956524845,-1.0164586972902339,0.0,0.032368168914734055,-1.0125619844801843,-0.22834959051218387,0.0,-0.4595061210356948,-1.9610911666000699,-0.11376576351072312,0.0,-0.20284495437889247,-2.4258733439438322,-0.3840000811628152,0.0,-0.28984670232074916,-2.585292832138947,-0.41174721833007283,0.0,-0.3071517891379443,-1.5647659559182956,-0.1377522277943821,0.0
0.0,0.0,0.0,0.0,0.5574201048309272,-0.317114520759251,-0.2080051161889976,0.0,1.4486075484950705,-1.5462126922916295,-0.39846970235984736,0.0,1.2934631762414561,-1.889677568953799,-0.3621272141711387,0.0,0.9797516923419415,-1.661978562035715,-0.2687503194483829,0.0,1.5079487425483513,-3.5242912017355095,-0.03822919787980499,0.0,1.2197499460966728,-2.657053340912125,-0.45683205199938676,0.0,1.6921914797802684,-3.0707705051358776,-1.1318024721680449,0.0,1.001888838798809,-1.49895253002623,-0.9000458481650107,0.0,0.8673419389628969,-4.195422630772491,0.008491841051508492,0.0,0.8425152393475084,-3.0951614259080427,-0.5137884449056744,0.0,2.2693850518200245,-7.360933608952487,-2.3505673509468408,0.0,0.45324300025717273,-1.3067202573071648,-0.6208369585382378,0.0,-0.043016106481885946,-3.0520350992664675,-0.06524335181504289,0.0,0.2640668126938706,-3.0480552975310555,-0.5897123251438681,0.0,0.2990739873340009,-4.034011080099227,-1.056826656381677,0.0,0.016012556757030012,-1.041131128554056,-0.2447845068335407,0.0,-0.4912195342356883,-1.9101488909077573,-0.10402599830151683,0.0,-0.23446527212094706,-2.404774087715198,-0.37703588630911355,0.0,-0.31846731955483953,-2.5748363266029632,-0.40760559719558614,0.0,-0.32024473090177763,-1.4997410671357758,-0.13029744960787046,0.0
0.0,0.0,0.0,0.0,0.5550813757401617,-0.3197410410756487,-0.2031993705376932,0.0,1.4614514228527724,-1.5808768598195562,-0.394912992619869,0.0,1.301065235796852,-1.9032627526053036,-0.35782779316383195,0.0,0.9866946701916959,-1.6710930909756478,-0.2663401433330643,0.0,1.5118770737991933,-3.515470776783498,-0.017779565911956886,0.0,1.2321160468379295,-2.6649005082607977,-0.44246351398854417,0.0,1.7266745846936293,-3.1439476810832154,-1.1175527316431604,0.0,1.0380647639785747,-1.5862880672825952,-0.9020833845566871,0.0,0.8875867086304943,-4.203136909000039,0.022885145267810776,0.0,0.8700534495361774,-3.0940304981878075,-0.510632554282265,0.0,2.3022107313443314,-7.357481122347354,-2.3127687958278114,0.0,0.4447267498323981,-1.300391903006561,-0.596465235300926,0.0,-0.030958625066134622,-3.0770320958545017,-0.06331784674359373,0.0,0.2769844432372985,-3.065942525601696,-0.5972763030240219,0.0,0.30456944688337895,-3.990086113296958,-1.0477112910026514,0.0,0.023118497576479158,-1.0367746241681721,-0.24009846797107104,0.0,-0.4846500093460216,-1.927884892464126,-0.108398992177225,0.0,-0.22543128974165236,-2.4101267598046032,-0.3805157995853171,0.0,-0.3098099615013903,-2.601743424635226,-0.41463450027421767,0.0,-0.3148510013674448,-1.5474737071964513,-0.1378121056151627,0.0
0.0,0.0,0.0,0.0,0.5396556126718077,-0.30101833208392864,-0.20380959080620092,0.0,1.41546766214216,-1.5015134765532545,-0.3870670656603989,0.0,1.2861426563609124,-1.8904074467344727,-0.3560280744179665,0.0,0.9645505975836189,-1.6748045605329154,-0.2610651917847276,0.0,1.4976750188190755,-3.6217381325149094,0.012189173131715855,0.0,1.206568654273453,-2.6783036699896763,-0.41698352445193915,0.0,1.6861539139655999,-3.0994638264273853,-1.060339811059373,0.0,1.006859516490774,-1.525781370401572,-0.84664421332921,0.0,0.8327390333318783,-4.217732146617292,0.0694786885091247,0.0,0.828648211152843,-3.076261503859629,-0.4562255177969696,0.0,2.3962988323823278,-7.795044194356833,-2.2526918342833113,0.0,0.46281587298787674,-1.3703000031421013,-0.5681779640328123,0.0,-0.06789296814410521,-3.0430814129253205,-0.020366201748703124,0.0,0.2496057637419507,-3.0324184631015774,-0.5360407006274281,0.0,0.2882447431066205,-4.13579204589551,-0.9543205216557498,0.0,0.010631049373072453,-1.0899569082024296,-0.18939307992902865,0.0,-0.506176541748421,-1.903967527538166,-0.07536305709107113,0.0,-0.24731708589368917,-2.4108763087965013,-0.34073325502128926,0.0,-0.33886921589977237,-2.558342386186178,-0.34322045172216664,0.0,-0.3398807800487193,-1.5079814393798654,-0.07573583551247075,0.0
0.0,0.0,0.0,0.0,0.5263984495990954,-0.2821795435761682,-0.21346830639381598,0.0,1.4223642555001965,-1.5036588012971976,-0.41812080416383146,0.0,1.2908920750168094,-1.8984525469723033,-0.38278449862727804,0.0,0.9754410624521779,-1.6651566127938888,-0.2799485363308099,0.0,1.5157712174008355,-3.586500393532399,-0.04049562072565151,0.0,1.2174956138666815,-2.6391672880785424,-0.44900808312919926,0.0,1.683627338942005,-3.065816593872535,-1.105076284949146,0.0,1.0178973169691254,-1.5502375927245962,-0.8950827048348162,0.0,0.8558174605493942,-4.201461576359862,0.025981408260178914,0.0,0.8517183308251342,-3.069384362605085,-0.4949974564414682,0.0,2.3414612439608877,-7.593288431843084,-2.33168729509987,0.0,0.43934733711451435,-1.3119495390593323,-0.5810416052483509,0.0,-0.05277661949611863,-3.026570901933757,-0.04115776993199745,0.0,0.26021403251507486,-3.0157659798032093,-0.5596328190521814,0.0,0.2912046011233693,-4.122048468432857,-1.0157351184344687,0.0,0.013224456419456977,-1.0600273361999597,-0.21402569887633704,0.0,-0.493074959267671,-1.9122524284811895,-0.08271287373711488,0.0,-0.23986428269288926,-2.398652655247397,-0.35336705982018374,0.0,-0.330493391310484,-2.5575607390918247,-0.3752961273901378,0.0,-0.3278173514860076,-1.5009771914418149,-0.10519986852560115,0.0
0.0,0.0,0.0,0.0,0.5523616126793395,-0.3082825863165516,-0.21270479654656546,0.0,1.4517221846303632,-1.527250644032001,-0.41261517653315244,0.0,1.3089395764100067,-1.902212170605938,-0.38084635710996606,0.0,0.9910775643862272,-1.6675908010925478,-0.28255927473443126,0.0,1.5666797169442994,-3.598504163003559,-0.029605917251029602,0.0,1.23707043300254,-2.644887034906255,-0.44457637207197664,0.0,1.7368105281213104,-3.1454892753135764,-1.1231952228759043,0.0,1.0492725591427279,-1.5970642523292342,-0.9153269579750846,0.0,0.9089700482057933,-4.268035302261505,0.027546801824711163,0.0,0.8796342460211614,-3.061134007904621,-0.5079699542697219,0.0,2.3656874162889983,-7.441587957097662,-2.3641948833822553,0.0,0.46601147653047204,-1.3376830093473078,-0.626913235012502,0.0,-0.028057997367782684,-3.040780507431381,-0.04834000451373247,0.0,0.29738677377277345,-3.046632720305547,-0.5834763985358705,0.0,0.34053164868962216,-4.1203409676440605,-1.071213594598906,0.0,0.022602810073742482,-1.0331309504441124,-0.23756060152206002,0.0,-0.47823345211162765,-1.910670157547802,-0.09148100295903269,0.0,-0.2083303785271358,-2.421497160804207,-0.3710879964243398,0.0,-0.29446175562604554,-2.613242358065428,-0.4068517903831123,0.0,-0.30714214441499416,-1.5181232018052766,-0.12725655778984749,0.0
0.0,0.0,0.0,0.0,0.5431407945083929,-0.3107051477774012,-0.21059237938008454,0.0,1.435864915881149,-1.5330319107082333,-0.408382501281113,0.0,1.2963130655101027,-1.8953214534126024,-0.3749626296814896,0.0,0.9794997324181003,-1.6691129295289022,-0.27845339980454153,0.0,1.5208988017869751,-3.587942943211593,-0.021461327508253407,0.0,1.2246272768201334,-2.670823381725841,-0.44725433675743614,0.0,1.697094505988499,-3.106598040932216,-1.108857544503439,0.0,1.041327256927799,-1.587684274059562,-0.9116391393264576,0.0,0.8636879016855671,-4.228160625934885,0.03281952975749468,0.0,0.8596743121973975,-3.108956053256117,-0.5105238142635429,0.0,2.296237246296828,-7.425387270313891,-2.3439039895441347,0.0,0.44846951811235963,-1.32079321885766,-0.6190981063295251,0.0,-0.04952591869368543,-3.0431855123783693,-0.04759036504548868,0.0,0.2729190192620982,-3.0695016812290503,-0.5824603276904252,0.0,0.29876088681308693,-4.121584278900716,-1.0549492125814695,0.0,0.006121564066836004,-1.0627456567619034,-0.23908033904926893,0.0,-0.4909099426850856,-1.9194110117837384,-0.09428339912282241,0.0,-0.22516897213686615,-2.43605716779777,-0.3735678143406984,0.0,-0.32104247973201544,-2.5958921322417177,-0.40463048038164584,0.0,-0.3395928169289956,-1.5349188346013827,-0.13294313027895086,0.0
0.0,0.0,0.0,0.0,0.5331056493740846,-0.3202020650171908,-0.1917537593856766,0.0,1.4296961554076244,-1.589454357540077,-0.3715819157359038,0.0,1.2844291599731752,-1.9497171885752849,-0.34266534156893697,0.0,0.965508402338277,-1.701478680631081,-0.2521972778296659,0.0,1.4786424156460507,-3.6689663329566624,0.01717174232836085,0.0,1.1789875434756094,-2.7045703005973114,-0.39504811423902014,0.0,1.7197080682384722,-3.244828930221117,-1.025884296143802,0.0,1.0393036495651142,-1.610307041228192,-0.817033346741329,0.0,0.8190847849466127,-4.286414529472829,0.06104107024402174,0.0,0.8441990341628205,-3.1464476784324336,-0.4700077283813394,0.0,2.2484501240435097,-7.381324030920715,-2.14078927003717,0.0,0.40817902272362966,-1.2689607251884623,-0.53879637037469,0.0,-0.0701523343590786,-3.104948268903515,-0.03250931697276764,0.0,0.25085344851758345,-3.071113403496934,-0.5407121628946351,0.0,0.3066474164993081,-4.3060563063463135,-0.9973416894738991,0.0,0.00709334958017788,-1.0651050582480563,-0.19973001435979254,0.0,-0.5049582812090762,-1.952949825820728,-0.08711336243420936,0.0,-0.24243026466531928,-2.441885150312546,-0.35473953017133164,0.0,-0.32845574527015203,-2.684958188033597,-0.38409759426807644,0.0,-0.3405169834470229,-1.5939499756752578,-0.11077683090330022,0.0
0.0,0.0,0.0,0.0,0.5218388967977802,-0.26749566979692685,-0.21133349248280064,0.0,1.4391317293097756,-1.5171920864217683,-0.4126507818310067,0.0,1.2917971843411618,-1.9222327704855562,-0.3740509627694954,0.0,0.9698290666568178,-1.6753516083972277,-0.26858117437745155,0.0,1.5623145194373493,-3.617010017552809,-0.03670412602878388,0.0,1.2373326125278539,-2.6710608476368196,-0.43454611581068664,0.0,1.7334715298380454,-3.124270082338778,-1.0637642646392715,0.0,1.0538799637951257,-1.559963741170391,-0.846050980651923,0.0,0.8994171957896672,-4.291795575415093,0.038924969950254094,0.0,0.868206717430996,-3.1082460014121533,-0.4805485146643115,0.0,2.4479916431852295,-7.759242166789862,-2.2828246327319848,0.0,0.46250155552991085,-1.3001732585772983,-0.5528206454996908,0.0,-0.03559346658782356,-3.0469067243285317,-0.026061752472217984,0.0,0.274429438702799,-3.054196138838983,-0.5411993966741189,0.0,0.33394753859809273,-4.182639906806636,-0.9808843682184109,0.0,0.03637179744643671,-1.0708265908491252,-0.20401646944940346,0.0,-0.48104905109518814,-1.9205952597155735,-0.06927043682811351,0.0,-0.2267828092836367,-2.4111814117356425,-0.3324452439780051,0.0,-0.305207518992523,-2.6051852887658513,-0.35453613231247927,0.0,-0.30935995026334756,-1.5606399957964585,-0.09723699659733336,0.0
0.0,0.0,0.0,0.0,0.5376993799682027,-0.32078793753538976,-0.19002437249687842,0.0,1.43382789066854,-1.604362052096961,-0.3692711974551405,0.0,1.2748525047934411,-1.9397951606951154,-0.3370987624113292,0.0,0.9601388096674112,-1.6907360397458087,-0.24821354124849293,0.0,1.4813266474331779,-3.652609659446907,-0.009674275984167539,0.0,1.1665450543415505,-2.7015766626509086,-0.41173823038665064,0.0,1.720071561988863,-3.2867932873822445,-1.0660596203563464,0.0,1.0177907862881308,-1.5722461455648848,-0.8249914256133147,0.0,0.8402588749744049,-4.359191251376836,0.025519284593047906,0.0,0.8048577493481374,-3.0846831504137637,-0.4796191048748674,0.0,2.2990085638924183,-7.788193215687452,-2.297064183056709,0.0,0.40888633073367175,-1.2851166008538766,-0.5567862066926406,0.0,-0.07332309845439691,-3.133908640291133,-0.06192885935871216,0.0,0.24182446318738765,-3.0283724944278068,-0.5543728229879753,0.0,0.2890805619751309,-4.301774056458678,-1.029735797328936,0.0,-0.0034584652807182524,-1.0558644222323177,-0.2095358297892953,0.0,-0.5101050765266073,-1.9522070666661995,-0.10749196671801801,0.0,-0.2533804295473838,-2.4395459850802412,-0.38172861446173173,0.0,-0.34106092706399127,-2.633453451056444,-0.41927365820302653,0.0,-0.34525054983935255,-1.5179306095649534,-0.13785047490779803,0.0
0.0,0.0,0.0,0.0,0.522658336615675,-0.28154160354485414,-0.20890549408896714,0.0,1.423470369580529,-1.5215161724628672,-0.4110470878224491,0.0,1.2781592604649943,-1.9121144905832117,-0.37658327410620784,0.0,0.9642107177287488,-1.6651646855691025,-0.27455818183086406,0.0,1.5318472925682225,-3.6580853828724096,-0.05975264209914958,0.0,1.206367036424849,-2.6574841541169016,-0.452157899472326,0.0,1.685556926502045,-3.1033459908930263,-1.094053036315479,0.0,1.0325245413028235,-1.5492673648878443,-0.8775012347020364,0.0,0.8553438212199339,-4.325207358507191,0.0029493847394255323,0.0,0.8341284861057662,-3.054987964265571,-0.49868385884674044,0.0,2.3551541174357693,-7.850946072003818,-2.4101663396409965,0.0,0.42280914491345345,-1.2856109417720778,-0.5817379548337162,0.0,-0.06899608683029954,-3.043777518223432,-0.05661564992513436,0.0,0.26106316173131533,-3.0670973391091283,-0.574212618624974,0.0,0.26545213270064766,-4.09452317121066,-1.028117674174188,0.0,0.0035747251248108786,-1.0535205564511352,-0.22973976867722798,0.0,-0.4989137660776973,-1.9197870563302772,-0.09125962259593157,0.0,-0.2475545335035062,-2.414094117912949,-0.3567900756376231,0.0,-0.34193565805905873,-2.553758535651363,-0.3801300662347734,0.0,-0.34073758267678667,-1.5042854578963833,-0.11761916716903406,0.0
0.0,0.0,0.0,0.0,0.519272592334762,-0.29325023916842347,-0.2042262365752769,0.0,1.4088743384581113,-1.5556043383430629,-0.39615770152495233,0.0,1.2553805384005141,-1.9126122261909606,-0.35781177101494754,0.0,0.9478467828623971,-1.675201234997223,-0.2614733480713507,0.0,1.496361022774531,-3.6873714844544057,-0.04575575992827756,0.0,1.170416876694031,-2.679052031853994,-0.43933756843721306,0.0,1.6530979528102598,-3.131611038813365,-1.0684758916499069,0.0,1.0180237451140846,-1.5765049539605882,-0.8590123656675803,0.0,0.8244453070441674,-4.39999836943997,0.01325048584781411,0.0,0.8111344275221718,-3.1161788269360664,-0.5009405592282218,0.0,2.158994429370543,-7.513837758406017,-2.2842302006360438,0.0,0.3791380845193799,-1.258683804198701,-0.5630428148716858,0.0,-0.10025017734427547,-3.0848588718696193,-0.05435586341519167,0.0,0.21906921406075747,-3.0678552027361423,-0.564012218244948,0.0,0.1992329206407756,-4.088150135643593,-0.9928095795104621,0.0,-0.028187173271149044,-1.0689871428408801,-0.2182420171652331,0.0,-0.521103269505168,-1.930531397217421,-0.09263466333120748,0.0,-0.2667916297057203,-2.4267810541602413,-0.35352138489479057,0.0,-0.37073875202633955,-2.5820632494443183,-0.36938951685180005,0.0,-0.37555671993365886,-1.53774344738387,-0.10843778869042747,0.0
0.0,0.0,0.0,0.0,0.533403189452771,-0.2943781399842261,-0.20311197107565687,0.0,1.463647956985865,-1.5994354118262484,-0.39830787198895584,0.0,1.2841410854920703,-1.9042070851401758,-0.3507412934013715,0.0,0.9673743818057006,-1.6742037746291574,-0.25647221296577893,0.0,1.5352232761045586,-3.587089277619073,-0.054556053615490624,0.0,1.2179786652026818,-2.641882764655239,-0.43682025990248263,0.0,1.729284405395192,-3.106648006624701,-1.0686654423061623,0.0,1.0273111177229273,-1.503102809001556,-0.8295297128789567,0.0,0.8968955012747883,-4.3185479498086785,-0.0054207760727443405,0.0,0.8538686874269309,-3.0749042257819124,-0.4995692685287014,0.0,2.301007146172749,-7.381291924202618,-2.248265603691313,0.0,0.4150168727919555,-1.2302665174794307,-0.5442382306869014,0.0,-0.04295965442393039,-3.087780990505915,-0.07006675101684158,0.0,0.27103274882318446,-3.020976023929602,-0.5624368457097175,0.0,0.32172124129387325,-4.150063931463437,-1.0026761760911198,0.0,0.01708646449257282,-1.0407248757107015,-0.20333683925141813,0.0,-0.4894462987090611,-1.9305429649323889,-0.10490938501803038,0.0,-0.2348804775180961,-2.4146455035966925,-0.37123982156634466,0.0,-0.3201933079375176,-2.5739712088948834,-0.39253410551064344,0.0,-0.33362104387250774,-1.5249403166657698,-0.12044344456622903,0.0
0.0,0.0,0.0,0.0,0.5480905872973415,-0.31010258756588394,-0.1942872607013703,0.0,1.4578730554029409,-1.5897005240401123,-0.36828570038708697,0.0,1.2878373070549305,-1.9065093649111537,-0.3290615332724683,0.0,0.9721478402572901,-1.6823906997451838,-0.24189244767864923,0.0,1.5201160991312777,-3.55871726775935,-0.008638195005171422,0.0,1.2155712606391795,-2.658914508052653,-0.4123764028630397,0.0,1.7307221451712331,-3.1270540395029167,-1.0374848050655643,0.0,1.033630377922446,-1.5357816022466493,-0.81772045464043,0.0,0.8894434570519786,-4.330417918824839,0.031686348615227185,0.0,0.8447987457401189,-3.092296298256252,-0.47474655209208855,0.0,2.3509813647724807,-7.535112287949474,-2.205492944984623,0.0,0.4197368316323556,-1.2371805776603135,-0.529063085932268,0.0,-0.05143484540721817,-3.0985917438204793,-0.056551516510515536,0.0,0.2543962033750912,-3.004160229722805,-0.5448394779055985,0.0,0.3058303123421534,-4.1412904591612305,-0.9781362020020419,0.0,0.00828960149231143,-1.0425144111088713,-0.19871749868888725,0.0,-0.49686699152021985,-1.9257433114807905,-0.10357695764533623,0.0,-0.23464553930660892,-2.4134577909857144,-0.36603704872382775,0.0,-0.3201066819298464,-2.603156731955173,-0.3880492367879538,0.0,-0.3372264865333272,-1.5418050078321348,-0.11715935990493137,0.0
0.0,0.0,0.0,0.0,0.5320186058718311,-0.27886126243041487,-0.2107378595382678,0.0,1.450089231168607,-1.542492883904715,-0.41692415836502617,0.0,1.294552262252652,-1.8914523249401025,-0.3744638688150728,0.0,0.9751284636055346,-1.6631519402053336,-0.27512691519585575,0.0,1.5378058437643578,-3.525423953594145,-0.08891272799721346,0.0,1.2321778508493673,-2.6138202558859733,-0.48377631093195705,0.0,1.6814831615155497,-2.9645669089289215,-1.1266140808886984,0.0,1.030615946627266,-1.5040412378378911,-0.9099469670178584,0.0,0.8971287137629035,-4.264336094094882,-0.04379112193835421,0.0,0.8574062106642583,-3.0446234987242815,-0.5365961673729416,0.0,2.3007089185591756,-7.300039583409693,-2.3844918524491923,0.0,0.4260693506216736,-1.2438851013681786,-0.5916239654219411,0.0,-0.05005982022460403,-3.0364562189767996,-0.09982166465635467,0.0,0.26959978365788895,-3.0115791244321652,-0.6110481760568048,0.0,0.2893690835450238,-3.9752663557708794,-1.0687522525776167,0.0,0.011702906129459782,-1.0351636770200692,-0.2421886163042403,0.0,-0.4949219517111905,-1.89204239871489,-0.12489523683743006,0.0,-0.22810925479736086,-2.400788955695258,-0.39572157494134996,0.0,-0.31722916245329574,-2.569901733831655,-0.42527706497109286,0.0,-0.3336106168064432,-1.5447363854742044,-0.14673798107238742,0.0
0.0,0.0,0.0,0.0,0.534382938236223,-0.3167380822702333,-0.1982452431028031,0.0,1.44251220390411,-1.5907642852982364,-0.38465695885418877,0.0,1.283190185614833,-1.9089750839228525,-0.3479782881438824,0.0,0.9704725782736255,-1.678743167514679,-0.25845609873630815,0.0,1.474960562278585,-3.608168880179579,-0.016813383236460422,0.0,1.2068802407762547,-2.7020299466064026,-0.43584797494739486,0.0,1.6941375877449902,-3.11345433344527,-1.0783923606047268,0.0,1.0116867226085238,-1.5065730639999686,-0.8467541624898187,0.0,0.8172663598518016,-4.235071583474828,0.020857433501646473,0.0,0.8330015103857575,-3.1043983425565598,-0.4954118620748389,0.0,2.283809935434006,-7.441693942378803,-2.2712705900931227,0.0,0.43376659191528577,-1.2707347481841809,-0.5745530919606127,0.0,-0.0713429159161649,-3.068357306250099,-0.06322186352098721,0.0,0.24618421562875198,-3.0271702400737817,-0.5628349952742878,0.0,0.28704382136793943,-4.207784332011615,-1.027742959797167,0.0,0.002810319446990179,-1.0624846182540393,-0.21735115054805404,0.0,-0.5048566528575475,-1.9306159107230998,-0.10917260714828236,0.0,-0.24828893990089881,-2.413689804908059,-0.3775827212427913,0.0,-0.33486440637563125,-2.6088678554613245,-0.4090441757339241,0.0,-0.3377334240700563,-1.5414906668790511,-0.1318759358759986,0.0
0.0,0.0,0.0,0.0,0.535345985758082,-0.2908777975452462,-0.21309425576669938,0.0,1.4629138342708514,-1.570529850935642,-0.41792010060995327,0.0,1.2906983564843542,-1.9062534047936985,-0.3722166090577947,0.0,0.9735783964401077,-1.6672637773247472,-0.2710389483673335,0.0,1.5199324578806412,-3.568227003616429,-0.07025174265823635,0.0,1.2470871386277789,-2.65049142577917,-0.4704006633776866,0.0,1.6968210365952376,-2.976700266725731,-1.0990499869523118,0.0,1.0214660591302307,-1.4644484868247092,-0.8681485782066816,0.0,0.8645090803521845,-4.19168398043714,-0.01489023504657531,0.0,0.8750210057223903,-3.0982380369235907,-0.5212067773539573,0.0,2.341867134943686,-7.3131733137065735,-2.302470685693001,0.0,0.4433687200370049,-1.2366875776670294,-0.5696549239275467,0.0,-0.041434223202138964,-3.024364119718964,-0.07306418688555824,0.0,0.28091049903947685,-3.0356796645780113,-0.5835742519008403,0.0,0.3291308439235691,-4.0969860667375135,-1.0369375062852288,0.0,0.023704162207144074,-1.031061086871707,-0.22054658816853132,0.0,-0.4847453870428261,-1.912088860762805,-0.10562149993782466,0.0,-0.22495674946976563,-2.405878539748843,-0.37505798122767564,0.0,-0.3119857736656072,-2.565265458451173,-0.3998414878900876,0.0,-0.3214643343624082,-1.496194934231425,-0.12333379938587957,0.0
0.0,0.0,0.0,0.0,0.5473812411410882,-0.3014177859922814,-0.21387369894018862,0.0,1.458964551479733,-1.5676290165351896,-0.4097088611283442,0.0,1.2752875641155819,-1.8953008165133989,-0.36407473067023655,0.0,0.9647233542927925,-1.6544745524277307,-0.26552310191088474,0.0,1.4806918870817778,-3.5409008711943333,-0.039887978887133045,0.0,1.2341079496742253,-2.65367983645759,-0.4621465414520233,0.0,1.6698448449443586,-2.9217032036181907,-1.094301388331836,0.0,0.9830893991254723,-1.3952970010461765,-0.8512447270023822,0.0,0.82581675522277,-4.106020708395148,0.01867113299055059,0.0,0.848932354395781,-3.0890274615001454,-0.5108470735647758,0.0,2.1844913149562197,-6.885982773606571,-2.1903228880063876,0.0,0.43894991269818273,-1.2267765017735481,-0.571655693840903,0.0,-0.05103479869738749,-3.0066356927733153,-0.05049882014392307,0.0,0.2764466405136131,-3.070340244905483,-0.5895855966650931,0.0,0.3000098109761334,-3.8517950980713596,-0.9954744538440266,0.0,0.014417383643256258,-0.9859981942384198,-0.21331887670987992,0.0,-0.48968131306257856,-1.9054130675351812,-0.09184571055873118,0.0,-0.23247802389904246,-2.4108483149974727,-0.35743785847187276,0.0,-0.32058880290143593,-2.556465648927871,-0.36591004073006034,0.0,-0.3356444438506147,-1.5427038526500672,-0.09735078367133704,0.0
0.0,0.0,0.0,0.0,0.5472359922280798,-0.3085560781807376,-0.21162194507926937,0.0,1.4592381906124303,-1.5818966769252283,-0.40352385917299055,0.0,1.2738511114020834,-1.8916117909715844,-0.35846424712868696,0.0,0.9713284236140484,-1.6533602491899793,-0.26351874031841194,0.0,1.482889174385277,-3.5345677930670822,-0.04660832062460165,0.0,1.2300464189611744,-2.6602495797199515,-0.4614711832881464,0.0,1.6817775509308122,-2.9871717963362157,-1.1011644008066224,0.0,0.9943842306767928,-1.4571964179468484,-0.863639465915811,0.0,0.8404180101127758,-4.1664156829279495,0.0069544765525682405,0.0,0.8551356916322865,-3.1064895874431246,-0.5204462803506178,0.0,2.164646282173367,-6.888893803539747,-2.1946837573269047,0.0,0.4241075945541344,-1.2284268099011622,-0.5708117312562028,0.0,-0.052744679759827606,-3.033939842822114,-0.06143193037763364,0.0,0.26710646872810007,-3.0460154088516664,-0.5873865379395529,0.0,0.28163651516538357,-3.8925107071908247,-1.00315559959625,0.0,0.003950913663757716,-0.9864101412912609,-0.21512636649249015,0.0,-0.4931815816257082,-1.9132911692365762,-0.10011944732835364,0.0,-0.23738938564170542,-2.4095653106989796,-0.36672631042092807,0.0,-0.3308660028093869,-2.547662333908276,-0.38223025816391476,0.0,-0.3455590330812807,-1.5363122011106327,-0.11507535193638194,0.0
0.0,0.0,0.0,0.0,0.549937915868509,-0.2930680890337962,-0.22620826521938203,0.0,1.474578960211595,-1.573041960677532,-0.43937494950869616,0.0,1.2645513685135514,-1.8717855843772935,-0.3806641959098272,0.0,0.9707870084899339,-1.615433824560697,-0.2757077447656824,0.0,1.495541962159908,-3.483974923436953,-0.10964224630082046,0.0,1.2351002811015848,-2.566265109734239,-0.48849933759034425,0.0,1.6616954075420174,-2.8235155625590966,-1.1258397560967581,0.0,0.9459798756080371,-1.2810217767801815,-0.8496169721157116,0.0,0.840119698518134,-4.063732584845601,-0.04481417434189839,0.0,0.8491586631973697,-3.0493689533572708,-0.5413178100233312,0.0,2.0694669388563907,-6.534384494805045,-2.1982278705448013,0.0,0.39475455954689576,-1.0671556950658567,-0.5453808072247027,0.0,-0.04484276458226635,-2.9604414820924334,-0.08339195744513528,0.0,0.29618897137539235,-3.0942027439943454,-0.6243818717050811,0.0,0.28189302311814035,-3.6514094169869016,-1.0068158080931844,0.0,0.007321976453135649,-0.90969631251041,-0.22717533551608063,0.0,-0.4835716262543432,-1.8843426533127852,-0.10452308592971025,0.0,-0.23315503482867145,-2.3920569864896377,-0.36329508742957944,0.0,-0.3184107683815087,-2.5078261178385013,-0.37047886302217786,0.0,-0.3363643492344453,-1.5272792090577714,-0.10856379987133326,0.0
0.0,0.0,0.0,0.0,0.5489643431352178,-0.31275890524025673,-0.2045887356255439,0.0,1.4779853465405113,-1.6393261508964652,-0.3908160132481789,0.0,1.2608280004675438,-1.8694339495526975,-0.33431889445715934,0.0,0.9788694291780452,-1.6292052378204305,-0.24545068327933184,0.0,1.4763617759342673,-3.445916796066882,-0.07636946791604907,0.0,1.2044436864310348,-2.5882182879607583,-0.45008246169097493,0.0,1.6868181253155166,-2.995123686286211,-1.091847743659855,0.0,0.9717284075536259,-1.3930237380854924,-0.8259067945664077,0.0,0.8598361037758171,-4.161747004882653,-0.03702561877561895,0.0,0.8521309026462915,-3.064932757621254,-0.5233934866622716,0.0,2.058884268940177,-6.707837021982158,-2.1236872310003756,0.0,0.3750537574701301,-1.1206598512136459,-0.5173715689720487,0.0,-0.048125096340577184,-3.063988499752157,-0.09502324948341657,0.0,0.2563887847974212,-3.0868137220267235,-0.5977392183309442,0.0,0.21561292107860022,-3.641119453454191,-0.9138926443325746,0.0,-0.012356013129181085,-0.9580452592267429,-0.1952544579674272,0.0,-0.49579605802783167,-1.9221048494633988,-0.12276821047266326,0.0,-0.26126994221697114,-2.392494899264815,-0.3683891734891325,0.0,-0.35424933308202233,-2.4509224305028066,-0.3584613008789642,0.0,-0.35866588898773083,-1.5104889987922556,-0.10197642179666971,0.0
0.0,0.0,0.0,0.0,0.5524234643153563,-0.27220729742137145,-0.23494118384642088,0.0,1.4507690658750023,-1.4986178445212919,-0.44541561875220276,0.0,1.2629312944264972,-1.8447702064169165,-0.3877775787789324,0.0,0.9616312593461566,-1.6160788195014375,-0.27928078821744795,0.0,1.4737350132479277,-3.397888514315859,-0.10793181452011534,0.0,1.2316084285047975,-2.548064058010564,-0.4977475931318619,0.0,1.6168807637122287,-2.750469071960196,-1.1529129583653905,0.0,0.8915947540216915,-1.2008025177467523,-0.8575423915921221,0.0,0.8192569345272996,-3.9120248551367363,-0.02222515000062916,0.0,0.8278774466104014,-3.015958330412741,-0.5302543153918174,0.0,1.9751089364852936,-6.449633496975684,-2.191848770303166,0.0,0.3799660946928075,-1.0533265776785716,-0.5490622484036212,0.0,-0.03127057440302868,-2.923944552607678,-0.05154406411276704,0.0,0.27851798706103226,-3.027883468576257,-0.5877798599641259,0.0,0.24622868717329072,-3.622156742216252,-0.9625062028066297,0.0,-0.00014815957839689074,-0.9182049003539208,-0.20962506642038523,0.0,-0.471013839004977,-1.8995004312479695,-0.07612563189719264,0.0,-0.24808528680216474,-2.3696271997537313,-0.3421677652847775,0.0,-0.3343111046600334,-2.4108906676500266,-0.3436749243247637,0.0,-0.3267285480198842,-1.4495167308253656,-0.08700254668526726,0.0
0.0,0.0,0.0,0.0,0.5417877802710773,-0.297324831411574,-0.2167621831198605,0.0,1.4468565119566628,-1.5721245535530732,-0.4195536400330852,0.0,1.2632535866196848,-1.8743020373402925,-0.37051337944398044,0.0,0.968172545728297,-1.643390652592336,-0.2732175471261196,0.0,1.4201569617747205,-3.3241480750676433,-0.08726954173176471,0.0,1.207714181343256,-2.599379787431741,-0.4904091334245463,0.0,1.6372863111174323,-2.928099514451581,-1.1705227749299516,0.0,0.9064881691653102,-1.3084086444518488,-0.8655018800454014,0.0,0.8101251001890865,-3.9686007079487133,-0.04025559752137986,0.0,0.8228789263276731,-3.032595014989474,-0.5457642987911805,0.0,2.0229430726069637,-6.765557864913812,-2.290107948924968,0.0,0.3770924880469261,-1.1358406298566248,-0.5734259366295582,0.0,-0.051986306981292335,-3.0057289121796833,-0.09211794422118427,0.0,0.2353860556554294,-3.052360306112847,-0.627284566417956,0.0,0.20264663053079326,-3.6190215052831736,-1.0203986694003429,0.0,-0.009373967904119014,-0.9326867784785949,-0.24198202600070684,0.0,-0.4952345158117234,-1.923773720722013,-0.11864153777340761,0.0,-0.2768238688440296,-2.3472619934695085,-0.380928760715274,0.0,-0.36502201140158846,-2.4618166063828015,-0.4087758431627221,0.0,-0.350327407712223,-1.5110555247474522,-0.14439952550446478,0.0
0.0,0.0,0.0,0.0,0.5349790801166777,-0.28350234294076715,-0.21837110299630863,0.0,1.4480490675951148,-1.557812457877244,-0.4264959976379184,0.0,1.2664649661240417,-1.867183356879215,-0.37571249418828845,0.0,0.971036472402161,-1.635739450952397,-0.2767111633248343,0.0,1.4278527116416413,-3.3333980781821424,-0.10332879797184737,0.0,1.2024648647848826,-2.587388732930691,-0.49563195187729897,0.0,1.653567233973422,-2.9547487157138113,-1.18208277164929,0.0,0.9279394243875708,-1.331468802321077,-0.8765990772676101,0.0,0.8176824794138828,-3.9731165301141482,-0.055477347598296055,0.0,0.8184590332493051,-3.0106674053996327,-0.5523652456829659,0.0,2.0743215218782116,-6.8856369757978015,-2.352383221666174,0.0,0.39124612623926824,-1.1456910139164276,-0.5820549170900465,0.0,-0.05007992896934896,-2.994964660820064,-0.10106950317101071,0.0,0.23782444393485047,-3.0421455539442075,-0.6382929458102098,0.0,0.20491590715343677,-3.5454876831624027,-1.023050102127481,0.0,-0.004506665450500148,-0.9076391383670059,-0.24311488238417142,0.0,-0.4935041463776563,-1.9126791512443049,-0.12248734391845535,0.0,-0.26934162093351544,-2.353064853875699,-0.38946811426873,0.0,-0.3554783685677428,-2.461936884040149,-0.4176147134573018,0.0,-0.3411577373673881,-1.4941666134199114,-0.146308373463851,0.0
0.0,0.0,0.0,0.0,0.5301774293554502,-0.2720108765525505,-0.2376226279436885,0.0,1.4287061189889254,-1.5034953819091994,-0.46119910675631653,0.0,1.2584790761390738,-1.8604084602148432,-0.406535777877336,0.0,0.9398035189528237,-1.65288627237279,-0.2959627353105855,0.0,1.3645109205744186,-3.203491877169905,-0.13536123953040877,0.0,1.2069631091122994,-2.545097710994017,-0.5356832565011632,0.0,1.5533351833668858,-2.6750238062857186,-1.2084159638760574,0.0,0.8316667510981539,-1.1380973306582862,-0.8804258187021841,0.0,0.7500401312122539,-3.690259910748435,-0.064878419746296,0.0,0.8059634634350668,-3.0018731391575657,-0.5740469129661662,0.0,1.799749758303042,-6.088452428709361,-2.221837048140545,0.0,0.34628484692535716,-1.0133249891245768,-0.5703425724574489,0.0,-0.03753553171033739,-2.897238864345557,-0.08917728811310095,0.0,0.2537469217597924,-3.065677946320651,-0.6476860231009234,0.0,0.19091425089761918,-3.4379002143304014,-1.0170478809708163,0.0,-0.011484766401308287,-0.8620173302438835,-0.23993888607192132,0.0,-0.4726133270111288,-1.9367902560034964,-0.10629755754241788,0.0,-0.26480181014732385,-2.378689279384032,-0.3838478258514592,0.0,-0.3642757037936633,-2.3988587525351015,-0.4047489296536543,0.0,-0.3464450874624675,-1.444017839043506,-0.13566473434804874,0.0
0.0,0.0,0.0,0.0,0.5239463799330075,-0.29550805906988187,-0.2500556929986675,0.0,1.3879857879385329,-1.5737556362550214,-0.49232548887032873,0.0,1.193377123842522,-1.8796951827279151,-0.42645391709512603,0.0,0.8928488604108781,-1.661600356496046,-0.31201609543333386,0.0,1.258364070344472,-3.2666918673536633,-0.18580493082770372,0.0,1.1307741331485448,-2.56286695986522,-0.5876984426360425,0.0,1.4440821177199115,-2.677524135428839,-1.2871993029081827,0.0,0.7807011774310615,-1.1601110170453965,-0.9402932527303424,0.0,0.6216409059384925,-3.7067396415901186,-0.11730046609607492,0.0,0.7243547038349407,-3.014210908532334,-0.6376794932322036,0.0,1.5121656432768866,-5.735155728547134,-2.2951701151623802,0.0,0.30739260888446673,-1.013360143061819,-0.632657011480053,0.0,-0.1431402531661837,-2.8708762854891288,-0.13010203690661598,0.0,0.15705168910633,-3.0066793363547903,-0.6949088888075968,0.0,0.08352462080296479,-3.5265677339709414,-1.1488081988191419,0.0,-0.04574832718123849,-0.8636292726684283,-0.28317490485107705,0.0,-0.5437119882510401,-1.890536578409123,-0.133842075645739,0.0,-0.3447547163836425,-2.3404931120422177,-0.43211634830809575,0.0,-0.44815646911910106,-2.3686896931609818,-0.4814874548686747,0.0,-0.3942781290443206,-1.3980764788666689,-0.1959080810856435,0.0
0.0,0.0,0.0,0.0,0.5147007210950305,-0.2901279262922314,-0.24178535738909612,0.0,1.4015632424192812,-1.6119184738336607,-0.48657659291981764,0.0,1.2025114492569882,-1.9051759229935548,-0.4224629427688669,0.0,0.9091037134502558,-1.6692164780864758,-0.3093983095827998,0.0,1.264048637789659,-3.2655716729284907,-0.16554984878229023,0.0,1.1392310010018483,-2.6053789199120168,-0.5751972225230888,0.0,1.4757872812784998,-2.7688141366928214,-1.2678800380977628,0.0,0.8183586979635226,-1.2393242418505261,-0.9478316309858709,0.0,0.6354098928738531,-3.7340777938435847,-0.10248820650583391,0.0,0.7544837755258513,-3.0688097534915624,-0.6320498863892459,0.0,1.6083033860132676,-5.982635631213258,-2.3101645810797664,0.0,0.31809665186839364,-1.0582344401954775,-0.6319560472091059,0.0,-0.12732240667399766,-2.9014270812126797,-0.12183062463017781,0.0,0.1649081841334468,-3.0672223210140572,-0.6833473879085744,0.0,0.08614458234262151,-3.577583522593131,-1.1021862080855838,0.0,-0.04507974340275251,-0.9152576592188778,-0.2737876983390142,0.0,-0.5326308769868185,-1.92235833491357,-0.13277718182525333,0.0,-0.33642327372215003,-2.375400630167801,-0.42577234987621954,0.0,-0.43607692024963934,-2.3825719131668026,-0.46555117058429346,0.0,-0.3843027895318093,-1.4065202123339413,-0.18398834521553223,0.0
0.0,0.0,0.0,0.0,0.5188437807873945,-0.2978595724920549,-0.23905340819139898,0.0,1.4056911201268099,-1.6377778639685658,-0.47754699252851784,0.0,1.1923265585504623,-1.8902684818902795,-0.4067964832884429,0.0,0.9120793286029627,-1.651403583390655,-0.2987910633319551,0.0,1.2524802360397052,-3.2556688763098096,-0.17781328860005283,0.0,1.1319111008168337,-2.5935449459113364,-0.5756452083351568,0.0,1.4703896401072019,-2.772439617407637,-1.2809060008275073,0.0,0.7749600670575209,-1.2080176268745257,-0.9320463324774565,0.0,0.6406946343765247,-3.748645111491701,-0.12385870225252202,0.0,0.733526727194651,-3.0413870033155086,-0.6332431127760322,0.0,1.539373451100356,-5.807016034479321,-2.2632715521878337,0.0,0.3042015105336708,-1.0538135230128554,-0.6263689150652313,0.0,-0.1285547140283581,-2.9384031370360097,-0.1424536631056807,0.0,0.15400945412150727,-3.0271797199483275,-0.6943215675744325,0.0,0.07374253291271209,-3.448159462372523,-1.100403518441475,0.0,-0.055678095591622574,-0.868804565882865,-0.27056478174102433,0.0,-0.5422544536025633,-1.9156256661239812,-0.1448273868315944,0.0,-0.342462632787393,-2.3493105216546684,-0.43134571944291866,0.0,-0.4399978200248281,-2.4042791641277645,-0.47041869766898387,0.0,-0.38782188430649994,-1.4149236749367047,-0.1766494907089907,0.0
0.0,0.0,0.0,0.0,0.5223189659463834,-0.2976397983308067,-0.24059974926615163,0.0,1.422882030005907,-1.6379158300292165,-0.4816042212658965,0.0,1.2095635272524594,-1.9025815702769653,-0.4112277672803864,0.0,0.9220012875636522,-1.6577686877568891,-0.29968922793350733,0.0,1.2779832641263107,-3.311262208531922,-0.15432063461940812,0.0,1.1431174777017836,-2.582643249034059,-0.5499786943633096,0.0,1.5141388955279875,-2.804737049061832,-1.2448964206086,0.0,0.8314118518506277,-1.2692364183251723,-0.9294107937303286,0.0,0.6334174109261345,-3.721643983048426,-0.08604952581349033,0.0,0.7629418567007551,-3.0639373514199044,-0.6131100811906894,0.0,1.676223316771571,-5.976443173676483,-2.248134780999665,0.0,0.3506798087573641,-1.1003564556435497,-0.6221505427537182,0.0,-0.12467551646863768,-2.877111956497057,-0.10629492572240885,0.0,0.18419528573466593,-3.08398399276133,-0.6795911186411512,0.0,0.12604354179341745,-3.461104537697794,-1.0623340935107133,0.0,-0.03097336756224159,-0.8899636071611423,-0.25832151939935766,0.0,-0.5267646845908939,-1.9051758570633348,-0.119078001384901,0.0,-0.3106827594754233,-2.401757432985789,-0.41586562691224604,0.0,-0.4013505221047107,-2.4449651895975686,-0.4535542372399754,0.0,-0.3586654017363901,-1.4092556532680465,-0.1609590066512161,0.0
0.0,0.0,0.0,0.0,0.5325639276622837,-0.31755428175301764,-0.22940354002579413,0.0,1.4076717925894253,-1.672225164417079,-0.4485115867346805,0.0,1.1788214538111976,-1.917872507293141,-0.3803758367258378,0.0,0.900344091075011,-1.6627002973496496,-0.27536863828041197,0.0,1.239462596972043,-3.2729255170664118,-0.11684714974723147,0.0,1.130520906563748,-2.5871186003535462,-0.5160663995225069,0.0,1.4981015148859755,-2.826599313408083,-1.1856060231228536,0.0,0.8248969723197876,-1.2928081678139134,-0.8891057076063131,0.0,0.611340962792634,-3.741926847227657,-0.0628489040634591,0.0,0.743156959907756,-3.0946348185007624,-0.5883743761980802,0.0,1.6193201661273775,-6.0972402169869175,-2.172871542210299,0.0,0.3243084842602267,-1.1016996520179,-0.5823500276030045,0.0,-0.1509585095160822,-2.909782635684157,-0.09998641506943874,0.0,0.1384520253338131,-3.102814770637692,-0.67242668001306,0.0,0.041537893982994366,-3.2547666579433487,-0.9754428023990309,0.0,-0.061644122582820426,-0.8640930011698512,-0.23734996090947427,0.0,-0.5512758613113873,-1.9096304900636583,-0.12051941838726707,0.0,-0.3547502885208939,-2.36516226039813,-0.40511229166580953,0.0,-0.4493776429461362,-2.368189167029439,-0.4240837721197795,0.0,-0.39182766145966574,-1.3969894423526548,-0.14186626734437754,0.0
0.0,0.0,0.0,0.0,0.5304142124919069,-0.3287338673493934,-0.23453971387575684,0.0,1.4070215015303928,-1.690585494630098,-0.46219834999679343,0.0,1.1805759864098175,-1.9181363028011462,-0.3929729495976966,0.0,0.9010429589166457,-1.6687570207515168,-0.2873176723564235,0.0,1.2210265039058805,-3.237096272395667,-0.1338481417791662,0.0,1.109787036290173,-2.5826606117078583,-0.5354405667335044,0.0,1.478621544755914,-2.8507915457191495,-1.2383115953203796,0.0,0.803612494356419,-1.2842660499504388,-0.9204099577084697,0.0,0.6009561955212431,-3.6909810407852937,-0.07758843577129113,0.0,0.7394898121673296,-3.112623485664649,-0.6192970227359953,0.0,1.5085746892916638,-5.7819094464202,-2.1648108500803573,0.0,0.3092466529446944,-1.0521946705003244,-0.5970461596296878,0.0,-0.1475018754527658,-2.9036900437401867,-0.108029929718309,0.0,0.13286850042015394,-3.1071142112125347,-0.6910289046220951,0.0,0.03451153972915238,-3.273476464153113,-1.0216128267357834,0.0,-0.05816540120976725,-0.8546968137581273,-0.2576681640620131,0.0,-0.548676139827151,-1.9210868229382752,-0.12428728414541515,0.0,-0.3578562890834456,-2.370719252917352,-0.418864630056374,0.0,-0.45377705636890553,-2.379342203586409,-0.4535244170252141,0.0,-0.39125154780696364,-1.395819478764486,-0.16685838124185065,0.0
0.0,0.0,0.0,0.0,0.5167527785636431,-0.3116711684059818,-0.22621104409851184,0.0,1.3927840417340567,-1.6696129382413698,-0.4441555400955209,0.0,1.1775183148062969,-1.904865007984225,-0.37428603554159046,0.0,0.8939039331982449,-1.67051622406031,-0.27171289684581273,0.0,1.250908897050404,-3.3346359779972894,-0.11858953739980205,0.0,1.1169353851244999,-2.615238106088305,-0.506107305824547,0.0,1.489877912189401,-2.890604649359168,-1.1733276782279092,0.0,0.817158148842837,-1.3097218354168934,-0.8717416785975878,0.0,0.6185076729358365,-3.837025657058389,-0.05763047864262511,0.0,0.7342500646433048,-3.138456901817563,-0.573704208224247,0.0,1.6094761553114285,-6.251935926903806,-2.137241043342326,0.0,0.3187669713075342,-1.1186755373287822,-0.566042755266335,0.0,-0.16193953854139934,-2.9494639525821014,-0.08890028598338451,0.0,0.1255519068267875,-3.126086698980438,-0.6361428171781218,0.0,0.030941919735938996,-3.470240478915707,-0.950027481283984,0.0,-0.06999216073132085,-0.9406251208068007,-0.22385632247977805,0.0,-0.5601541151804942,-1.9190939997445788,-0.1085965187508309,0.0,-0.36225094550749243,-2.3870429809994125,-0.37977621980403925,0.0,-0.4601056937683145,-2.39956645074002,-0.38618100140165185,0.0,-0.41165964375209235,-1.433187620912963,-0.11780855451171401,0.0
0.0,0.0,0.0,0.0,0.520111212792035,-0.31931660542402135,-0.23174647214304755,0.0,1.3990423845994746,-1.6862984936581422,-0.46339129135373197,0.0,1.180040505228986,-1.9154588128663905,-0.3928481719507024,0.0,0.8951643711291853,-1.672051580176373,-0.286561028730937,0.0,1.2434471408451544,-3.306480141444784,-0.14493095413090382,0.0,1.10727369773883,-2.6049066423004805,-0.5330238562214176,0.0,1.4849493681115573,-2.8883711073066323,-1.2256479618947027,0.0,0.8102352524824211,-1.288299221380098,-0.9002762278367259,0.0,0.6155928955354772,-3.807363123942665,-0.08894843497343677,0.0,0.7263478473458383,-3.100290420719383,-0.6001953656063393,0.0,1.6353968133944723,-6.329604794817005,-2.2654323310047637,0.0,0.32511866543934226,-1.1193499058605858,-0.5960086045175076,0.0,-0.16186609776663732,-2.9384743887116893,-0.1150769136714875,0.0,0.12361218634403788,-3.10302696288082,-0.6715956106480736,0.0,0.044358493523890576,-3.473270506365983,-1.0257571083163186,0.0,-0.057351586928199375,-0.9218069202028247,-0.25137127016222943,0.0,-0.5616831767618282,-1.9091628013662922,-0.127270479922402,0.0,-0.3657475743513668,-2.3705923576320607,-0.4120225184263463,0.0,-0.45572493039993095,-2.405860684097827,-0.44176925156567104,0.0,-0.39739699089715014,-1.4211733678508764,-0.1588366488520515,0.0
0.0,0.0,0.0,0.0,0.5216475221795038,-0.30509957930389525,-0.232679834012652,0.0,1.4239982975108896,-1.6603988263123455,-0.46143471062499963,0.0,1.205376817902238,-1.9249166159949505,-0.39343231155242453,0.0,0.9186353188509567,-1.6708178477708564,-0.2839760090329383,0.0,1.2852700137506543,-3.3635521318539214,-0.13745327549879757,0.0,1.139962133528535,-2.631666977054918,-0.5238851419847856,0.0,1.5500656510128965,-2.910282701534689,-1.1873297178811137,0.0,0.8841727023466277,-1.3292016324040605,-0.8911176633695277,0.0,0.6363190688934404,-3.8006978717777447,-0.06800996999161923,0.0,0.7841910438265233,-3.1684294007068683,-0.6090036526988676,0.0,1.651807418759853,-5.808402242528279,-2.1026679399383803,0.0,0.3382845936626437,-1.0312517793992475,-0.5762362341667215,0.0,-0.12798585270445406,-2.8982767282165027,-0.0894346253773742,0.0,0.17972051096168082,-3.125131691330706,-0.6393763970591817,0.0,0.1457900893127931,-3.6918369640789273,-1.027629127379578,0.0,-0.030600132126809107,-0.9218088725514298,-0.23767787125585096,0.0,-0.5260681474640375,-1.925117130421057,-0.10792116003486406,0.0,-0.32001517333007373,-2.422571965815997,-0.3979573509186543,0.0,-0.4058273518315721,-2.46682373505082,-0.43641898465403917,0.0,-0.37754654601597104,-1.4555031872105466,-0.1635188190144906,0.0
0.0,0.0,0.0,0.0,0.5193065227415572,-0.3041877677993596,-0.23469558819836647,0.0,1.4136970596875948,-1.6600053168017668,-0.46657742491383236,0.0,1.1912166288100503,-1.9087725853573558,-0.3951820063928966,0.0,0.9025709044264713,-1.6655842471074638,-0.28676662778343054,0.0,1.2821678351849215,-3.3153343169975784,-0.151125376621571,0.0,1.124503151074914,-2.5892738483983693,-0.5406724035545953,0.0,1.5112837600650213,-2.860916486572866,-1.2291585874440671,0.0,0.8439578027246282,-1.280400179629397,-0.9077357864145013,0.0,0.6442603655199385,-3.8092183537728954,-0.0879323111667605,0.0,0.7478212920432746,-3.066828614955195,-0.6100588078903977,0.0,1.6556862983441332,-6.1168113478415505,-2.2619782503774095,0.0,0.3365563796800712,-1.0619950530364561,-0.5976907002463813,0.0,-0.14133312513200197,-2.900242596146195,-0.10928156986663053,0.0,0.1538081777065673,-3.0749473280321404,-0.67063442914614,0.0,0.08919502063211422,-3.490980202635277,-1.0607590856796734,0.0,-0.035573159080375574,-0.8807671049361482,-0.2596488612692946,0.0,-0.5410340130829859,-1.90306827825686,-0.12113399857738077,0.0,-0.3497737445492238,-2.366337263151377,-0.4128138212844549,0.0,-0.4376859467700465,-2.37058617831438,-0.4539675505027115,0.0,-0.38071931610508924,-1.3953308420590236,-0.17835653803708862,0.0
0.0,0.0,0.0,0.0,0.5154320218860712,-0.29658601582213523,-0.23555963716991277,0.0,1.410946767132273,-1.6577154126737357,-0.47079995613210623,0.0,1.187094628251576,-1.907612257859432,-0.39757028492451524,0.0,0.9005221457540216,-1.6633812945122448,-0.28761058263292666,0.0,1.2843852345405178,-3.3260569632985466,-0.17398479538179967,0.0,1.1219263318478678,-2.575388192350523,-0.5533587680710659,0.0,1.4997993750249932,-2.8279061544713398,-1.2353651398254704,0.0,0.8406720032411297,-1.2695059344105375,-0.9125418621103901,0.0,0.6427072423967142,-3.8249583667313867,-0.11182213979165458,0.0,0.742473918353813,-3.0511383804525156,-0.6211140286523934,0.0,1.651718828757471,-6.091066517337529,-2.279680786617491,0.0,0.33806868921749544,-1.0664794614994864,-0.602740197765698,0.0,-0.14807769285649042,-2.9004289261457994,-0.1259353552377006,0.0,0.1472176415524019,-3.0681833111930397,-0.681929518768518,0.0,0.08097092601809189,-3.4558893274438027,-1.0626960416406688,0.0,-0.03917526833291068,-0.8796115192030102,-0.26065073621704493,0.0,-0.5475027455331005,-1.8924895199439562,-0.1310945594132585,0.0,-0.35998917491551274,-2.354365064460063,-0.4186651486562866,0.0,-0.44409694553344575,-2.353389451126671,-0.4548194701607624,0.0,-0.38755224175492936,-1.4155100453647387,-0.18139893856880407,0.0
0.0,0.0,0.0,0.0,0.5394853813529613,-0.30800989710143056,-0.20416936042880676,0.0,1.4471517263939384,-1.6354098539607864,-0.39510176571333017,0.0,1.2405149174828365,-1.9126675901284882,-0.3459400474050971,0.0,0.9462733992207378,-1.6698744080099992,-0.25290268098655494,0.0,1.334421648185104,-3.3411029386162414,-0.08837435735729565,0.0,1.1473863139790241,-2.5745700677985206,-0.44952349915111267,0.0,1.6390740371990964,-3.002185570448951,-1.0993551704802087,0.0,0.9152060430157688,-1.3355203682130439,-0.8120327673983395,0.0,0.7287560147459888,-3.9100280466407775,-0.042995359843902535,0.0,0.8462765837967181,-3.160966596401739,-0.5453108713197854,0.0,1.8149577833862962,-6.01611143764424,-1.932029724481515,0.0,0.3301878202151515,-0.9937921113636401,-0.4800594578488973,0.0,-0.08716335016128827,-2.9806106813703397,-0.08897590087941652,0.0,0.24344353626079512,-3.12015643056664,-0.5992595519309964,0.0,0.20807237050641872,-3.7647631261107053,-0.9423977876692435,0.0,-0.027240350603784783,-0.9180017132649666,-0.19447226313584004,0.0,-0.5119347255567286,-1.930687480026756,-0.11529182333692888,0.0,-0.2699862010918807,-2.4470360207901045,-0.38536505903770857,0.0,-0.37685834837235394,-2.4769314178528625,-0.3954737052128858,0.0,-0.3905247989594201,-1.4274156430044005,-0.12702340340694307,0.0
0.0,0.0,0.0,0.0,0.5315109779512408,-0.2944372075894401,-0.2014004433340683,0.0,1.4391185703122538,-1.58639281817641,-0.3896622013044639,0.0,1.2657135581538255,-1.9161966124912382,-0.3499006762091654,0.0,0.9604407584821893,-1.6815588251413671,-0.2563777096001023,0.0,1.4135522497375543,-3.4436081505055123,-0.09442714726050488,0.0,1.174626339943346,-2.569981394567921,-0.4444239644975803,0.0,1.6661868329594844,-3.0241348772858165,-1.0832827017809794,0.0,0.9350748411073524,-1.4065738402771084,-0.8240214616831044,0.0,0.797504749527566,-4.122999128730158,-0.05119690943316298,0.0,0.8543983230339359,-3.1391017832186603,-0.5288415915633634,0.0,2.0933388578418075,-6.896433369649176,-2.130500042815533,0.0,0.3603109588379563,-1.146026672290418,-0.5154914089915266,0.0,-0.07809655662738035,-3.0433271178636243,-0.09643383701473729,0.0,0.26322088854044823,-3.0920370277453615,-0.5832466898841973,0.0,0.2771471006444468,-4.070512682764783,-0.9844878025363493,0.0,-0.015257776687727827,-0.985296222716553,-0.1972000993863048,0.0,-0.5119350823337466,-1.9217815674216456,-0.11907042977483262,0.0,-0.2574279629991936,-2.4359451200947437,-0.3810736610101194,0.0,-0.35796444768033553,-2.5421099118644355,-0.39470017798232876,0.0,-0.38702803730062263,-1.5061636087036105,-0.12863965920500892,0.0
0.0,0.0,0.0,0.0,0.5099974627533301,-0.265671487236182,-0.2234398924703707,0.0,1.4102786295159664,-1.5531109589516594,-0.43221331866894713,0.0,1.2329975273961227,-1.8899143484636665,-0.3786820907100657,0.0,0.932094264514315,-1.6652349311627181,-0.27257464515461116,0.0,1.3658075163147643,-3.424655833617765,-0.12542216760403146,0.0,1.1562330259167768,-2.585519017172274,-0.494841457187461,0.0,1.5879983773394486,-2.9506714341779703,-1.163222492525239,0.0,0.8896339578241663,-1.3613111359704728,-0.8750355248247736,0.0,0.723341731376543,-4.002768151766659,-0.05964949843920251,0.0,0.8044047458390903,-3.105469421124306,-0.5636806548821393,0.0,1.835788540369906,-6.36460675000141,-2.1511817707567458,0.0,0.3574166114049696,-1.1159768355065545,-0.5577679320612814,0.0,-0.11410778352605083,-2.964688027001954,-0.08908530468879605,0.0,0.22456346023832047,-3.1357987277197146,-0.6274050139386348,0.0,0.1779500039062619,-3.721578987933833,-0.9925960698630829,0.0,-0.026579383548165733,-0.9621865062417706,-0.22240961218984548,0.0,-0.524488648455964,-1.906695158668566,-0.10767748091537625,0.0,-0.2799994509729209,-2.432393341678506,-0.3714688860514509,0.0,-0.38837282123522593,-2.5031079375066883,-0.37616648959880494,0.0,-0.3970048673386445,-1.5098761503490852,-0.1139736161959262,0.0
0.0,0.0,0.0,0.0,0.5187836271168165,-0.26860313284428383,-0.21442307655996845,0.0,1.4379299867726445,-1.5510831890929604,-0.421693949303651,0.0,1.2805306930314622,-1.901655326053414,-0.37700302108212197,0.0,0.9579103351725216,-1.6902263220234273,-0.27591900709772565,0.0,1.458944975851103,-3.4835771827346886,-0.1169530085539264,0.0,1.1943227983195375,-2.573365682133699,-0.46788931867492356,0.0,1.679062642794311,-3.029546664310255,-1.1186582432607421,0.0,0.970298983176906,-1.465984506955086,-0.8692490548612537,0.0,0.827473765303788,-4.133366064371718,-0.0572307635413019,0.0,0.8553577252552945,-3.1002087816071318,-0.5424292227044616,0.0,2.0970058358499233,-6.914296074221465,-2.219990907489324,0.0,0.36840580554123686,-1.1424260801312047,-0.5346989126974827,0.0,-0.058668024164721284,-3.023832682956469,-0.0909046819342033,0.0,0.28373050727596183,-3.0626054273012775,-0.5893697682251815,0.0,0.3083417468611065,-4.113652697283344,-1.0289728336950879,0.0,0.004513480053770247,-0.9813787777513787,-0.2069657639230635,0.0,-0.4927116600882245,-1.933290600728888,-0.11110233141110072,0.0,-0.23316814589818094,-2.4353073771126112,-0.38372936604057656,0.0,-0.33720035270581367,-2.5611462777490464,-0.41225936487953146,0.0,-0.3583377086734026,-1.4930867750173564,-0.1390924573608146,0.0
0.0,0.0,0.0,0.0,0.4970325049482469,-0.2564837288194754,-0.23010588646467162,0.0,1.4157770203055093,-1.5286236761370027,-0.45609972455282827,0.0,1.2692406660408613,-1.9174264767578124,-0.40714216638552964,0.0,0.9405304717641657,-1.6956916206707748,-0.2935399048846509,0.0,1.4554580745841164,-3.513374066531749,-0.15696686893562026,0.0,1.1858164922521601,-2.5897685883377823,-0.5159511187115667,0.0,1.6087474270395652,-2.9440423703123217,-1.184454213782164,0.0,0.9410555096557802,-1.4370301527772127,-0.9327652472052148,0.0,0.8019152514884372,-4.1373686230605635,-0.08105121618282848,0.0,0.8316538441167889,-3.11290766174005,-0.5695185133888789,0.0,2.095873413052947,-7.002746990116543,-2.3650082281069844,0.0,0.3961815793013899,-1.1880383696182748,-0.5976183052083812,0.0,-0.08060900728284887,-2.9911442907190064,-0.09569416923040841,0.0,0.25772948313378874,-3.104703397819503,-0.6223277503712864,0.0,0.2788047402740346,-4.085259417559616,-1.0973361408107336,0.0,0.008190032464654062,-0.9998765668022984,-0.24648204146505093,0.0,-0.5042726456815287,-1.910545271999803,-0.10658021303609644,0.0,-0.24220564798544647,-2.443509574537309,-0.3843566099250108,0.0,-0.33963700399874625,-2.616697869364186,-0.4234027213970948,0.0,-0.3569579193627279,-1.5499596900260075,-0.15094716455244084,0.0
0.0,0.0,0.0,0.0,0.5271037093466975,-0.2848062008421725,-0.20944522299816287,0.0,1.455414885915967,-1.5664026880945672,-0.4060409490631723,0.0,1.3045742868603654,-1.9256955840428136,-0.3636349849299626,0.0,0.9672590087881519,-1.7121414191925841,-0.2619664789908467,0.0,1.5434070861567633,-3.6754707757991376,-0.09845769014865992,0.0,1.2023894819826786,-2.6157807997284297,-0.44658860505900777,0.0,1.7467889954845537,-3.1470692388025974,-1.0811029425397864,0.0,1.0265419019582187,-1.5185826211389795,-0.82734037214961,0.0,0.8807988633833348,-4.3111684487797035,-0.039621076908895,0.0,0.858485836195014,-3.0717554313923316,-0.5126344413995089,0.0,2.414864670708466,-7.559938817760634,-2.303946442672738,0.0,0.4489249881323917,-1.232620459457295,-0.5402156560930331,0.0,-0.04141381430385598,-3.0660657594763148,-0.08233303960544625,0.0,0.3007627223608621,-3.0443299115467193,-0.5731305509287005,0.0,0.3829865909780692,-4.297473275393139,-1.0493019521650035,0.0,0.031151949456521614,-1.013371482642771,-0.20587083816464857,0.0,-0.48166504107190444,-1.9391959882461287,-0.10673187985052499,0.0,-0.20832531929596096,-2.448605977086119,-0.38355727776056386,0.0,-0.30278232829661306,-2.625105212073734,-0.4206566670965406,0.0,-0.32937938086952817,-1.508700337759803,-0.13911774501281168,0.0
0.0,0.0,0.0,0.0,0.5152240248352725,-0.27794880892672086,-0.21777109830151428,0.0,1.4488817331251085,-1.5691170786986035,-0.42621135085987105,0.0,1.2904443559629661,-1.9538054180246203,-0.38165181419642924,0.0,0.9499808673636494,-1.721033619156435,-0.2727683485975881,0.0,1.5312115029066762,-3.672024440771153,-0.11086615664678161,0.0,1.2251068307864788,-2.6384407608991443,-0.4771088074172447,0.0,1.690536800428999,-3.028688988234745,-1.1087351368708422,0.0,1.0200005686348796,-1.5208731494907293,-0.8837205840583707,0.0,0.8310271502431557,-4.226131388426576,-0.0421883423334948,0.0,0.8817019054724083,-3.132784856832958,-0.5364425330072907,0.0,2.347572324495927,-7.351615880935322,-2.315615456501447,0.0,0.44267624523889915,-1.2446838586497846,-0.5724205805384525,0.0,-0.061145817773062223,-2.9979719020249815,-0.07901362682632691,0.0,0.3061623549581933,-3.131364226266774,-0.5998463368251976,0.0,0.37341894665216185,-4.269628389512702,-1.0847492736208275,0.0,0.031224532673699228,-1.0339114898636854,-0.23163879570428114,0.0,-0.4842750417452934,-1.93253963642769,-0.10349429536714394,0.0,-0.20705513876993004,-2.485198001069656,-0.38284639492827066,0.0,-0.299431317697566,-2.665716947335806,-0.4245104253057273,0.0,-0.32715893739605245,-1.5452695583090084,-0.14746507380217158,0.0
0.0,0.0,0.0,0.0,0.525638637243451,-0.31537647323733103,-0.20132065488758705,0.0,1.446240847860986,-1.623338049838164,-0.39316604078493145,0.0,1.2843855456096964,-1.9655156308442923,-0.3554145837284745,0.0,0.9478714876002408,-1.7340994643996366,-0.2589641124068531,0.0,1.4787094064408792,-3.736562481130352,-0.07933765066284974,0.0,1.1771276239825836,-2.6416734891289644,-0.44599171119625314,0.0,1.699466532589444,-3.153745350727578,-1.0947401208847518,0.0,1.0078377933695453,-1.5650826184020645,-0.8637806209152455,0.0,0.7844625205731113,-4.266809378792652,-0.03910008881786389,0.0,0.8599939526761208,-3.0958662736326814,-0.5205534362801416,0.0,2.2839640703806134,-7.130861019101834,-2.222085853269486,0.0,0.42490967306773064,-1.23142050483481,-0.5609729340824694,0.0,-0.09146388360348627,-3.0338747375310993,-0.09520723839220373,0.0,0.2798438944596303,-3.0852377271009646,-0.5998298088505699,0.0,0.3495405965286073,-4.2976949423654585,-1.1100097937273998,0.0,0.008173886689457047,-1.0138824131639919,-0.23214424345200949,0.0,-0.5090779171665467,-1.9282859272291355,-0.12264499446276396,0.0,-0.22600108470248723,-2.470920246758808,-0.4067036388999466,0.0,-0.31221447396033014,-2.7190758739180367,-0.4639935469319826,0.0,-0.3356803613618107,-1.53014928979099,-0.16199360119554546,0.0
0.0,0.0,0.0,0.0,0.5064230439575016,-0.29114573373101205,-0.19685159095734012,0.0,1.4543094006493522,-1.632266947888538,-0.3967708645128148,0.0,1.296858196964131,-1.985392260872758,-0.3568238261238723,0.0,0.9520373614057938,-1.7405413401688838,-0.25622316449525673,0.0,1.5087976540182515,-3.753261889516653,-0.07339255583933808,0.0,1.1858034838399576,-2.6205181436623364,-0.4299431303939395,0.0,1.707984929473777,-3.1306270516713446,-1.0486461739266766,0.0,1.0633882042237395,-1.625811913973603,-0.857891732642993,0.0,0.8046809677577466,-4.274698769418325,-0.02741087917907341,0.0,0.8724665490665785,-3.092055377185163,-0.49248899499461646,0.0,2.501176915053466,-7.608629667101299,-2.2256550224860385,0.0,0.4689782457842024,-1.280667312322694,-0.534858362722645,0.0,-0.08329672494364705,-3.0200086502009564,-0.08324740382425203,0.0,0.28714277936649946,-3.104502474206197,-0.5777248470897397,0.0,0.3912178549076723,-4.37178434384738,-1.0676740281225388,0.0,0.04225744072979864,-1.0539883329823052,-0.21828539954991685,0.0,-0.5025189038597874,-1.9241775774175063,-0.11285753741086565,0.0,-0.23117372053129995,-2.46384117874745,-0.387151067600298,0.0,-0.3080231965587042,-2.6683323757082493,-0.4316274872202408,0.0,-0.3176302810765074,-1.5160487619568603,-0.14522425086902796,0.0
0.0,0.0,0.0,0.0,0.5164200143287974,-0.30899067654651335,-0.19330455480515635,0.0,1.4577970564160556,-1.6504084040950513,-0.38570009982425,0.0,1.2946959236328308,-1.9873082113558296,-0.3475817000350493,0.0,0.9520824468073502,-1.74306569799038,-0.25123812448878186,0.0,1.4877556875681255,-3.737099376422798,-0.05309451443239221,0.0,1.1836084865280643,-2.645342666946349,-0.422361491619459,0.0,1.7146011543043749,-3.1578627684240765,-1.0455072090007234,0.0,1.045105779453729,-1.5957473123835109,-0.8383093970542285,0.0,0.7965400881284965,-4.260713427033265,-0.015507423068276745,0.0,0.8729117383373947,-3.1081742816989464,-0.49021212729379116,0.0,2.4191593212225584,-7.365807662555092,-2.1510519253537708,0.0,0.4539736205678241,-1.2497081801187226,-0.524062576326128,0.0,-0.08284299958979119,-3.0382244468226958,-0.08192691794495961,0.0,0.2873543609408528,-3.096389848505516,-0.5722343777924841,0.0,0.39607902252156263,-4.418672576481236,-1.063277707752338,0.0,0.03657693430896,-1.050942417478409,-0.21032133955454668,0.0,-0.5052961220436681,-1.9288546745728867,-0.11625913841443902,0.0,-0.2326773453259377,-2.461863953780443,-0.3887009785070697,0.0,-0.3068090941535351,-2.6950246156956927,-0.43371732859809253,0.0,-0.31707517846515765,-1.5461538930915442,-0.1441562348851757,0.0
0.0,0.0,0.0,0.0,0.5028106244479368,-0.2723367807011488,-0.21571554641107246,0.0,1.4398688495437608,-1.5862739249160331,-0.4351077437929283,0.0,1.2875170605411068,-1.9493380869970658,-0.3874650458677166,0.0,0.9482227934942271,-1.7268494682859705,-0.27873751102395766,0.0,1.5033754523394556,-3.655114118333094,-0.1453285190089098,0.0,1.2162045990303063,-2.581626045136612,-0.4877452075551477,0.0,1.6691627046921427,-3.0197491285102145,-1.128534136865021,0.0,1.0049162730143326,-1.5951963064484227,-0.9233115961963767,0.0,0.8215656901406522,-4.230909343607331,-0.08592394511638402,0.0,0.8658655532552666,-3.082270642111798,-0.5488635386049161,0.0,2.2838711201091377,-7.311996675743164,-2.340744550067883,0.0,0.42225691861486186,-1.2708521433509008,-0.5735199608691353,0.0,-0.07085027652670331,-3.0228668673017576,-0.11105311652713173,0.0,0.2868984273030485,-3.0916931971339756,-0.6189583121830241,0.0,0.3372040227346104,-4.17536448699375,-1.1011553992333791,0.0,0.02062465486086607,-1.030229517026561,-0.23599972946512396,0.0,-0.495603636624169,-1.9362609816392242,-0.12335767852975388,0.0,-0.23626115861219166,-2.4441733773654466,-0.39576921602325016,0.0,-0.3239677163217582,-2.6256143481415233,-0.43507561277534584,0.0,-0.33057253504253437,-1.5489896682371422,-0.15187539242190223,0.0
0.0,0.0,0.0,0.0,0.5043616821317644,-0.28846318538892546,-0.2047798190036586,0.0,1.4451542452565889,-1.630894227756674,-0.4135709371823467,0.0,1.2846328699359244,-1.9805788334285686,-0.37000424557259826,0.0,0.9447281838648283,-1.7378789871538294,-0.26539264832282256,0.0,1.4977272151194412,-3.7553375366742,-0.10014068102544607,0.0,1.1879929417668653,-2.62691908014247,-0.4538170530023491,0.0,1.6864772650652924,-3.113259157697997,-1.0861531230428652,0.0,1.013338983023514,-1.582750133760941,-0.8719005799452031,0.0,0.7913178618835516,-4.284753355345644,-0.048716927164132555,0.0,0.8630708929045103,-3.1170367761791278,-0.5166865783742675,0.0,2.4048232867289734,-7.502950807119269,-2.2739316139521124,0.0,0.45385485337712805,-1.2884383648264608,-0.5605822040750915,0.0,-0.09332046778807411,-3.0252755082001683,-0.09369816658010817,0.0,0.2707269768731467,-3.1070321342144176,-0.5890526132434172,0.0,0.3734441897466889,-4.431065077776908,-1.1003812104452635,0.0,0.033001675999718046,-1.0657299342525186,-0.2294394186953744,0.0,-0.508577609651675,-1.9265487045149592,-0.1177169167528173,0.0,-0.24605863011939433,-2.4491274500300135,-0.3913637971745448,0.0,-0.3166907702073216,-2.6971388210823384,-0.44526810309583387,0.0,-0.31992162950570113,-1.5829623937196167,-0.16085258028687227,0.0
0.0,0.0,0.0,0.0,0.49626836955011755,-0.2781340513344043,-0.2318497767180588,0.0,1.390562809850778,-1.6069442130051952,-0.4644298074369649,0.0,1.2067599326527607,-1.9438938896186075,-0.40767983669752617,0.0,0.8938417653255565,-1.7021967375778226,-0.2923737587612426,0.0,1.3245498104875897,-3.5180266396077453,-0.14432337137255563,0.0,1.1377700326789066,-2.59102344333854,-0.5277547773003282,0.0,1.4995018108957343,-2.816582413273549,-1.1727908447820303,0.0,0.8725431169560742,-1.354495277786174,-0.9156749983286411,0.0,0.6429988500193127,-3.9815241275543154,-0.07424873692198607,0.0,0.7746138853134882,-3.094921640318681,-0.5846123460181479,0.0,1.7413786949724248,-6.270676895964891,-2.195383411629481,0.0,0.33484188478054155,-1.0938423197252516,-0.5700429424174144,0.0,-0.1606241588521892,-2.9335677900041772,-0.10196934684947619,0.0,0.1966964721729542,-3.132441171051817,-0.6512315090408927,0.0,0.1267126253598832,-3.7739992274175065,-1.0474387702098884,0.0,-0.045940080399543566,-0.956581518072695,-0.23252817496339886,0.0,-0.5499970553275338,-1.9051825155486908,-0.12020829656604835,0.0,-0.30589296732581206,-2.451047344599613,-0.3963952675869298,0.0,-0.4191415676757071,-2.5390649922424444,-0.41056609139853156,0.0,-0.4152299518112488,-1.5422174012616607,-0.13577944869034292,0.0
0.0,0.0,0.0,0.0,0.49247879715861503,-0.2919701836448917,-0.23536515432062854,0.0,1.282095156218086,-1.6287577227262617,-0.4507339383533296,0.0,1.0734316617209179,-1.9759282191307526,-0.38873751668848605,0.0,0.7901021517292283,-1.718705864327508,-0.2739395069838583,0.0,1.102904438798692,-3.388350784695779,-0.13651015726878393,0.0,0.9501572143914544,-2.6117905027719517,-0.49433862310487675,0.0,1.3489120985831746,-3.071523898910321,-1.1716724719482332,0.0,0.7802739097440007,-1.4808635320253578,-0.9048332028869244,0.0,0.4444604924472263,-3.9633884647421183,-0.057703440223808806,0.0,0.5556008270168313,-3.135634701221858,-0.5464980124843409,0.0,1.3089454814388661,-6.597825017906162,-2.1563802724837955,0.0,0.23933907476023691,-1.137369118953752,-0.5457766508957177,0.0,-0.32104401898319046,-2.9757538215353474,-0.07598737156431855,0.0,-0.036333318238989255,-3.0719347097148932,-0.6035803229518166,0.0,-0.13293642210874243,-3.5534169038776535,-0.9335442660919003,0.0,-0.10880988301528163,-0.9081663344767703,-0.20270974066173228,0.0,-0.6679979504789546,-1.8552394559536531,-0.09120355093230166,0.0,-0.48798562848541277,-2.3522172880976533,-0.3646252351272751,0.0,-0.5836631627423519,-2.3741707335422464,-0.3664603166407371,0.0,-0.4858137421713329,-1.4194369928437753,-0.1044337868977292,0.0
0.0,0.0,0.0,0.0,0.4853189266783841,-0.2902296752939838,-0.24539808869809376,0.0,1.3088419238372535,-1.671980338812512,-0.4866585037160516,0.0,1.0798805124264619,-1.9836708123516948,-0.4161829016909087,0.0,0.7908941073160998,-1.7204027833077153,-0.2954450319449621,0.0,1.0914976907934089,-3.394749552761968,-0.15987861718935004,0.0,0.9570229122985893,-2.612441200557891,-0.5227734444818684,0.0,1.3624462533056545,-3.037829294375078,-1.2179297568572507,0.0,0.7982183037650101,-1.451570205925665,-0.9373026003212505,0.0,0.46007745890401475,-3.909247767930163,-0.07825684398708702,0.0,0.602303075091116,-3.108283137259523,-0.5856875388421907,0.0,1.32688943308888,-6.042600918770661,-2.1353008875412445,0.0,0.25089484712020055,-1.0574515847493378,-0.5617051876692172,0.0,-0.290973303986484,-2.9660602792525994,-0.0897409856762742,0.0,0.0010196751846317552,-3.0868943790428025,-0.6429197872782892,0.0,-0.08825014583396555,-3.5074831446477726,-0.9927764079721827,0.0,-0.09247177884097173,-0.8711320269872561,-0.2199330795336388,0.0,-0.6482968008735279,-1.8604377250638993,-0.09935577687706248,0.0,-0.4580798748461155,-2.378138427644014,-0.3855254552359226,0.0,-0.5537184629603902,-2.408236241233855,-0.39582794306026375,0.0,-0.45852217625449937,-1.404166674272743,-0.1174804407369424,0.0
0.0,0.0,0.0,0.0,0.48743244335009567,-0.3233449693176009,-0.23728279299116517,0.0,1.2468400525208108,-1.7070796725280728,-0.4608721748617405,0.0,1.0042535933585994,-2.0031420678316194,-0.39072413760310987,0.0,0.7228899982058553,-1.7408664427679224,-0.27809351094880874,0.0,1.0206722201095082,-3.466932836358245,-0.17153922732006133,0.0,0.8807752596940612,-2.6317131337402686,-0.5166264012071008,0.0,1.2701115200142539,-3.1129270253333585,-1.2092412055278023,0.0,0.7445715518734014,-1.5413038296553256,-0.9380523712889529,0.0,0.34229113475920475,-4.103148343198827,-0.10426246553692443,0.0,0.461435729797136,-3.082244723900502,-0.5564238070244035,0.0,1.2846615090352766,-7.345746409230452,-2.4248680995027834,0.0,0.23639823365425855,-1.2379174331797682,-0.5900688106292975,0.0,-0.4193668923903077,-2.983505674351581,-0.11161960903357217,0.0,-0.12419568736474784,-3.0435151215536376,-0.6382920431680911,0.0,-0.21337397790314785,-3.5424906876828364,-1.016889130418872,0.0,-0.11865688808311765,-0.8777798828126027,-0.2341423488058584,0.0,-0.7258207437914924,-1.8076285711023143,-0.11240503279698975,0.0,-0.5639605529005164,-2.307692965013626,-0.3965771210992231,0.0,-0.648117333912555,-2.350026074779483,-0.4229906327950707,0.0,-0.5030044116380047,-1.358355731613889,-0.14765390696706385,0.0
0.0,0.0,0.0,0.0,0.47705072328611625,-0.32653809293471636,-0.2441513309115454,0.0,1.2468600658348394,-1.7560917475747166,-0.4843847790658194,0.0,0.9933221853869821,-2.0254189609547297,-0.4063995486317816,0.0,0.7154687661200736,-1.7493731264512928,-0.28688763005094026,0.0,0.991129121762259,-3.5484688840218834,-0.18555356032445458,0.0,0.8629187843722581,-2.659209500622496,-0.5292881636948708,0.0,1.2486852251866067,-3.1108720244460066,-1.215191982722205,0.0,0.7359815570720861,-1.540152085091094,-0.9463072703546773,0.0,0.3161365357844781,-4.088271033179328,-0.1019369749620818,0.0,0.48130748918319577,-3.177910310621971,-0.5860209621795396,0.0,1.1706424863651876,-6.5011382029124505,-2.1999515894671746,0.0,0.2223625397964515,-1.1552188520329796,-0.571832618452891,0.0,-0.41746471087260667,-2.989512696492592,-0.1015334322286117,0.0,-0.12341676888665717,-3.084863683154319,-0.6322666762580087,0.0,-0.21508064267852553,-3.7226581062033053,-1.0214723435532964,0.0,-0.11993472496915708,-0.9173354968839865,-0.2252659075291144,0.0,-0.7241216308005453,-1.8341446200934932,-0.10330822536155884,0.0,-0.562694359528323,-2.348225825230275,-0.3888311622715605,0.0,-0.648059537919482,-2.403315372226889,-0.41475286222425717,0.0,-0.5074299647519704,-1.3997613645985367,-0.14167830190210434,0.0
0.0,0.0,0.0,0.0,0.49233923631601706,-0.3673332743716149,-0.23789978189532282,0.0,1.248395439399331,-1.806981428359483,-0.46441902856276907,0.0,0.9781099681585875,-2.0459156811390606,-0.3910833678307623,0.0,0.6833494933003893,-1.7818855431594685,-0.2829929937181164,0.0,0.9629112960433084,-3.4023680532656453,-0.13561096658539543,0.0,0.8394638260729482,-2.715813011183495,-0.5241256803065637,0.0,1.2282235516830255,-3.217155671233655,-1.2499028524180729,0.0,0.7459804947167007,-1.635391069311628,-1.0026074359568542,0.0,0.31602141603362016,-4.042698270553971,-0.07732458559379808,0.0,0.4353850499563858,-3.1448155915879417,-0.5761235212178872,0.0,1.2222942561518084,-7.021595613917263,-2.403042957912948,0.0,0.26253243760255407,-1.2622028010272897,-0.642786150206397,0.0,-0.42517269186203666,-3.0247715056404285,-0.10502114840032592,0.0,-0.16053962437115837,-3.133042831335911,-0.6662499874900125,0.0,-0.2148950223771028,-3.5011598937330435,-1.04460194660113,0.0,-0.10369081820832254,-0.8659667479102531,-0.2550560465761067,0.0,-0.7355507003048699,-1.8314485077933687,-0.11788056100857892,0.0,-0.5887169009013397,-2.3579710872230115,-0.41747713308796375,0.0,-0.6530653832966529,-2.3634289328643034,-0.4516257389189353,0.0,-0.48775542943548816,-1.3547483623633039,-0.16845938423802415,0.0
0.0,0.0,0.0,0.0,0.4945599383284766,-0.3902748285370014,-0.23212198047457056,0.0,1.2455849237176073,-1.87080127078512,-0.44975299681126957,0.0,0.9596610595863092,-2.0646054860639613,-0.371293625515169,0.0,0.6734727165897844,-1.7862954215476627,-0.2651077839245327,0.0,0.955891678570126,-3.5006682267791778,-0.09406914608987788,0.0,0.8355300531823183,-2.7466439355719765,-0.4844914994758488,0.0,1.241444207795681,-3.2958399665850835,-1.1896291932653318,0.0,0.7405864487176673,-1.6280049583444556,-0.9234219179804518,0.0,0.2989309521967013,-4.169800658814199,-0.031126085902720074,0.0,0.4226712183172424,-3.165568765955792,-0.5340487756081367,0.0,1.2290420590331887,-7.429263243546861,-2.3412809034370974,0.0,0.2599373409338053,-1.3179428465629377,-0.5996986553550382,0.0,-0.44907027774765157,-3.0615953595974523,-0.07401202175602366,0.0,-0.16853793380884716,-3.1838495695918487,-0.6381998933736085,0.0,-0.23092900242164052,-3.5315828285353548,-0.9754737113061561,0.0,-0.1099832974200765,-0.9068697351778651,-0.22795295395297893,0.0,-0.7461662641192323,-1.8435852574978429,-0.1001179371950878,0.0,-0.585868003839302,-2.4015167937600115,-0.3895123546750821,0.0,-0.664020922849832,-2.424225265045796,-0.406587872139424,0.0,-0.506789324745625,-1.398286560500729,-0.13076509863746247,0.0
0.0,0.0,0.0,0.0,0.5061032979862249,-0.3958385543097537,-0.23715564927930072,0.0,1.2429398659125321,-1.8320470644576128,-0.4512472542222071,0.0,0.9680657216671872,-2.044390266263461,-0.3724224604643864,0.0,0.6695340111687297,-1.8064752138288205,-0.27213692005943874,0.0,0.9680114339454274,-3.5082101875964624,-0.09942126099126654,0.0,0.8407092543377274,-2.753667168759623,-0.47882445987728356,0.0,1.2570362709313525,-3.359940958287609,-1.1809963796848277,0.0,0.7528596015037896,-1.7137066165393557,-0.9363995658610281,0.0,0.30819577714874286,-4.163311492702056,-0.024892751221678014,0.0,0.41041242373760606,-3.1573686570442527,-0.5258148375075684,0.0,1.1879392864034046,-7.491586416263732,-2.3443240196018986,0.0,0.2418462407991533,-1.3457587728899116,-0.6057466913550525,0.0,-0.43728206879191256,-3.0690537566402587,-0.057188709942152076,0.0,-0.1638858309666078,-3.1414104274976182,-0.6066090335779186,0.0,-0.22943361172791027,-3.708468128622478,-0.9755681907070668,0.0,-0.10871654367599792,-0.9625809600697975,-0.2208849833572805,0.0,-0.7389950911674017,-1.8494088513321774,-0.08237793673591615,0.0,-0.5810813585550239,-2.4309781951442653,-0.38215886660089277,0.0,-0.6475607874620448,-2.4149211760831726,-0.39724918024375117,0.0,-0.477725847653724,-1.344491362867917,-0.12014739903133584,0.0
0.0,0.0,0.0,0.0,0.5102654047679952,-0.3970765182586356,-0.22750872367465266,0.0,1.2591524958623093,-1.8139522218067663,-0.42426854861216534,0.0,0.9880247622879381,-2.040678932408359,-0.35072489012421876,0.0,0.6747889601695142,-1.81584996715229,-0.2556993896076591,0.0,1.0138267617065821,-3.487657885034704,-0.08424243081748718,0.0,0.8455801150876311,-2.7349485767884874,-0.44755813909833686,0.0,1.3094793543815608,-3.4668597267875136,-1.1532782053220603,0.0,0.7894666949164014,-1.7306377739520213,-0.8951401365914656,0.0,0.36514494822959415,-4.24658707635611,-0.013750723860112654,0.0,0.4194267549510793,-3.1199464399889427,-0.4919768043326898,0.0,1.3490145235103879,-8.122672214616514,-2.39916269340201,0.0,0.28685908019560064,-1.400516696646965,-0.5884366077027053,0.0,-0.4127318020808283,-3.1154614724510106,-0.04983332815309697,0.0,-0.14579243002054035,-3.1432148879562307,-0.5901834320825475,0.0,-0.19480035887956626,-3.6307369397914506,-0.93727670642284,0.0,-0.08782241907084187,-0.9390699819761686,-0.2135358940474221,0.0,-0.7246328324758344,-1.8522986878093841,-0.07592214923809563,0.0,-0.5664646942179361,-2.419668612700141,-0.3696131190192065,0.0,-0.6258867783874996,-2.418314363475555,-0.3846135381502696,0.0,-0.454125472846209,-1.343795911830679,-0.11279479832750472,0.0
0.0,0.0,0.0,0.0,0.5073836190209441,-0.3997674004273908,-0.22530673482702943,0.0,1.2486869251524617,-1.8329575565008753,-0.4210441114986051,0.0,0.9713187128376742,-2.051121802199627,-0.3459284046097537,0.0,0.6616616737479131,-1.8159015504193352,-0.25059707639369244,0.0,0.9909318500366716,-3.481067918166517,-0.085646826615252,0.0,0.8335674460660284,-2.728781243952556,-0.44810672675678187,0.0,1.2834934943063199,-3.4416998891833552,-1.1467741816460368,0.0,0.7731772043703212,-1.7397750724621195,-0.9007281900903775,0.0,0.33830629603982904,-4.248542853274595,-0.021223293938301985,0.0,0.40595944188994115,-3.139812388067427,-0.49617821623378633,0.0,1.2855525237829837,-8.12541099117736,-2.393235102879942,0.0,0.2590632704315957,-1.392870596074582,-0.5826378375254911,0.0,-0.43306206902694305,-3.1320595373332014,-0.061010640868049346,0.0,-0.162120096749444,-3.1736660441929585,-0.599712682314237,0.0,-0.22094594645664625,-3.6270124078933352,-0.9315981683866894,0.0,-0.10308341577310907,-0.9541612615671199,-0.21384097400331264,0.0,-0.7375101560058304,-1.859236653325152,-0.0871667695913327,0.0,-0.5838084822675274,-2.427737121321397,-0.3775938412749942,0.0,-0.6432362469083659,-2.4068217065626687,-0.38688766104049044,0.0,-0.4730920637603403,-1.3575429205951657,-0.11739224638638475,0.0
0.0,0.0,0.0,0.0,0.505510912006933,-0.42439237880960023,-0.22326861390610164,0.0,1.2145841375751807,-1.821723011431811,-0.4048016048681586,0.0,0.9454273579968996,-2.024509466068274,-0.3327732727503956,0.0,0.6273750915522495,-1.831231565514728,-0.24811900936495948,0.0,0.9537736918598702,-3.5271350985863945,-0.0734733216740591,0.0,0.7843153329435022,-2.7211997607744034,-0.43587519013891945,0.0,1.2178370002478192,-3.486114674328457,-1.1655093527371079,0.0,0.7071123978164151,-1.7160616946557392,-0.9001992478572811,0.0,0.2848828278276458,-4.348508629515521,-0.007239483728428652,0.0,0.35724408194180035,-3.110957913972586,-0.4817395385008483,0.0,1.0795580529030127,-7.915907886079518,-2.334151077183021,0.0,0.22287168445398844,-1.4034264734672406,-0.5905811976281721,0.0,-0.48522436413849684,-3.153143093860055,-0.05032713117159293,0.0,-0.20339399007895434,-3.1616020617756613,-0.5879123744514527,0.0,-0.30607739743505613,-3.569441726765647,-0.9074045756754984,0.0,-0.13933463882145056,-0.9564614807489049,-0.209072201854649,0.0,-0.7670279945042184,-1.8504513106750171,-0.07847935996264285,0.0,-0.6088334900666182,-2.448873168382417,-0.36466584224935966,0.0,-0.6849430928179359,-2.4101394464105725,-0.35812580077399075,0.0,-0.5003568229199116,-1.336987541957075,-0.08890441168322842,0.0
0.0,0.0,0.0,0.0,0.4887925081386554,-0.3812606465474795,-0.22915663130793903,0.0,1.223727667552237,-1.78692442603314,-0.4268022165182965,0.0,0.9648317413995483,-2.0267336572771346,-0.34949799259788894,0.0,0.6389607950221152,-1.8220820875435224,-0.25490243525816336,0.0,0.9919233410076502,-3.488907381141714,-0.08199593955547602,0.0,0.793806739633248,-2.688195390895865,-0.4328486261202618,0.0,1.2429552003303421,-3.5049845989932353,-1.1619371937898828,0.0,0.7342625451751367,-1.774039496003787,-0.9129406953640945,0.0,0.35669080794536,-4.342503150774135,-0.00022294067319722564,0.0,0.3778636015213315,-3.103379547043515,-0.47790146618375434,0.0,1.1318837932987502,-7.784469949657366,-2.2753886286738227,0.0,0.2359195968213833,-1.3786172913462205,-0.5648370333874787,0.0,-0.43816353566662336,-3.201748704860025,-0.0342205624210664,0.0,-0.17548180377188943,-3.1508155231455617,-0.5731617962085521,0.0,-0.26300662323769386,-3.5430306225349057,-0.8716675068995767,0.0,-0.11963551311156957,-0.9470141883158378,-0.18632138197867448,0.0,-0.7442315159338655,-1.876645545252187,-0.062392609753799205,0.0,-0.5893239553942943,-2.4389981513402486,-0.3417989724030425,0.0,-0.6637528824503286,-2.394510689906245,-0.322242739010403,0.0,-0.49018288467229276,-1.3543460219515269,-0.06022175818149612,0.0
0.0,0.0,0.0,0.0,0.4866642260627421,-0.4062461030448928,-0.21630697476624078,0.0,1.1938720363501605,-1.8337156821929272,-0.3992990921807959,0.0,0.9322669419338161,-2.0515092522595917,-0.3287208842845423,0.0,0.6121725949131844,-1.8488665236133177,-0.24346849584994357,0.0,0.9286872194953448,-3.6025086434339544,-0.06603623661194705,0.0,0.7588397072916899,-2.6992447929582584,-0.4230606029114209,0.0,1.173388824867338,-3.526645071726941,-1.143933222378362,0.0,0.6978666953733595,-1.803002444082057,-0.9124178066027265,0.0,0.2563811356846575,-4.412004518073944,0.0081242132157143,0.0,0.33468971985430557,-3.09210958000423,-0.4663268617525512,0.0,0.9996646905157858,-8.230316373723932,-2.349095140567741,0.0,0.19306354425419742,-1.38207298723591,-0.5609037277027666,0.0,-0.5083453716406969,-3.1969381733424584,-0.03655802217184487,0.0,-0.22807034603978252,-3.1959031223964844,-0.5805594907383881,0.0,-0.3412872030855052,-3.5840681747982788,-0.8855011854504108,0.0,-0.14465243246140944,-0.9453557022629683,-0.1955247944391535,0.0,-0.7822956295714887,-1.867271064294729,-0.06763042044600774,0.0,-0.6325052891042279,-2.4287797441276084,-0.34521569811468716,0.0,-0.7134935377387841,-2.440384864170127,-0.3426599661084544,0.0,-0.5144556908304444,-1.3868800409581505,-0.08086708598984521,0.0
0.0,0.0,0.0,0.0,0.49129694155758846,-0.42385604697804274,-0.21523169575169984,0.0,1.1775265551656204,-1.8784816821159454,-0.3907335990759586,0.0,0.8985416766950641,-2.0937878393672804,-0.3217274462821895,0.0,0.5818919730974436,-1.868253014275033,-0.23386795238697422,0.0,0.8704214953814818,-3.6115350866010396,-0.03680160517039404,0.0,0.7375287082795199,-2.725085386689684,-0.40151028712743114,0.0,1.1522449134864208,-3.517964294921323,-1.0951769651521877,0.0,0.6656562434425539,-1.7252429989844187,-0.8447065579732244,0.0,0.2058809352988342,-4.375572911856886,0.045240018254009674,0.0,0.3300436610000702,-3.159241691295148,-0.45052646674200675,0.0,0.9179679202963548,-7.687245816892325,-2.115556205181322,0.0,0.1639162370341364,-1.2995071907879092,-0.5084900550833236,0.0,-0.53466116903387,-3.21447908251401,-0.007332753013112835,0.0,-0.24895187386618506,-3.1823946580558853,-0.5452529960875404,0.0,-0.3726558772488064,-3.709299552405645,-0.8508998488837172,0.0,-0.15678385078258036,-0.9571825494493058,-0.16991908653477736,0.0,-0.8009462194527304,-1.8767883605060967,-0.04923688380105651,0.0,-0.6497583466566849,-2.4241000457218256,-0.32424544728607396,0.0,-0.7435093130417568,-2.4492736143637193,-0.3156120768461993,0.0,-0.543763496246739,-1.3934829008162268,-0.05830650104490063,0.0
0.0,0.0,0.0,0.0,0.48596839951178245,-0.4082644549811142,-0.223056373705727,0.0,1.1697493416955498,-1.8496714265304397,-0.41127401410784886,0.0,0.8930792247750396,-2.075316140300905,-0.33993271770992434,0.0,0.5780650144607931,-1.855553946198997,-0.2484652093481201,0.0,0.8536155485663328,-3.5676488328666904,-0.0805382733973644,0.0,0.7308649629049517,-2.710768977047167,-0.4363695550067708,0.0,1.129037934534708,-3.432236163699116,-1.1421113697675105,0.0,0.6566156636114319,-1.7022820597486663,-0.8856694693251104,0.0,0.1865208181396199,-4.318495422951828,0.00044197922684920446,0.0,0.3222192928166274,-3.146070286632711,-0.4860850991117452,0.0,0.859803770800201,-7.3174743176016115,-2.1522585803057384,0.0,0.15361547883243004,-1.27847997853562,-0.5373924095246252,0.0,-0.544762340733152,-3.158065589686959,-0.03327008922818576,0.0,-0.25738452872086554,-3.1475724247148746,-0.568595091637812,0.0,-0.3858227327040334,-3.662857640365009,-0.8915278973576367,0.0,-0.16232305527738605,-0.9370810151678166,-0.1858143716195958,0.0,-0.805771497534497,-1.8531187742599056,-0.06087291724934932,0.0,-0.6597571881427473,-2.4090717312075807,-0.3421184528093085,0.0,-0.7485311232975221,-2.410841828370511,-0.34186787056888823,0.0,-0.5438149659608404,-1.3554027013027947,-0.07989344611607611,0.0
0.0,0.0,0.0,0.0,0.48030881768068495,-0.37165131786369215,-0.22391283700107834,0.0,1.1790715053425045,-1.791911848246572,-0.4138132322963922,0.0,0.9201109601344001,-2.0640305002368726,-0.3446203718527596,0.0,0.6018731180006022,-1.8648603155157524,-0.2512136987108933,0.0,0.8899183826281896,-3.5345732512284522,-0.11006224795389649,0.0,0.7436447387205002,-2.7157679388864597,-0.44624041541110515,0.0,1.161803014405761,-3.433200886696626,-1.1321512144956838,0.0,0.6915455141064373,-1.6710227321714617,-0.8644405124162244,0.0,0.23783422483752892,-4.294561695415418,-0.02651511934332386,0.0,0.3451582394151021,-3.1463757921766127,-0.4981436646312578,0.0,0.8905643845450646,-7.198985123820112,-2.1407665408472876,0.0,0.15002519723701724,-1.2108698131509545,-0.5235125475442016,0.0,-0.5058943498951749,-3.1780717543162327,-0.04313964351777432,0.0,-0.23486449896395722,-3.1075778991986187,-0.5467335592697775,0.0,-0.3842691153331904,-3.804374169454413,-0.8777850056311138,0.0,-0.17161814817161197,-0.9718054904862724,-0.1771072316995047,0.0,-0.7862826986205386,-1.8869205490182739,-0.06255914746536788,0.0,-0.6433591119028944,-2.42327251251971,-0.3388273713518065,0.0,-0.7274818516044829,-2.3791424277694335,-0.3303084056848642,0.0,-0.54102777670001,-1.3467259058932841,-0.07669306614789047,0.0
0.0,0.0,0.0,0.0,0.4886003781087961,-0.3717691735318513,-0.23589901780877448,0.0,1.1950478190626235,-1.7894390920838308,-0.4341920038051425,0.0,0.9139234248581486,-2.045051023590252,-0.3559146874657738,0.0,0.593607554698704,-1.8335434063373033,-0.25690364916618624,0.0,0.9048723576638614,-3.487555165996166,-0.11046195816156905,0.0,0.7541647807197746,-2.677731751716913,-0.4619594892567633,0.0,1.161091495219197,-3.339154990381232,-1.1678740498652822,0.0,0.6906657211306694,-1.607016068674677,-0.890693611575376,0.0,0.26048819060427586,-4.2068802617243435,-0.01557442678302364,0.0,0.35220689846296344,-3.099060281771706,-0.5089013893835883,0.0,0.9293615095433716,-6.903595146401659,-2.1604137060930344,0.0,0.18950667615561662,-1.1917405111670336,-0.5491139400742219,0.0,-0.48261349518212904,-3.1287957824598216,-0.030821649817374397,0.0,-0.22125054346454667,-3.14149485715938,-0.5792771296783649,0.0,-0.3312823847830688,-3.531935330084567,-0.8898369966439781,0.0,-0.14059667482724303,-0.8926382544511412,-0.18927314835228742,0.0,-0.7710097638397045,-1.8545102666857198,-0.051534952980069625,0.0,-0.6366909752188826,-2.4038401657345645,-0.3335638248749474,0.0,-0.7092705258483878,-2.2982973394526556,-0.3180070249045653,0.0,-0.524619201379262,-1.2988946502715895,-0.06851849570225665,0.0
0.0,0.0,0.0,0.0,0.49430961300013954,-0.38600247766917106,-0.23941511569949964,0.0,1.2021729521365863,-1.7902520728852522,-0.44082057481278913,0.0,0.9395320570090756,-2.0408197079598858,-0.3674694315882214,0.0,0.6197778039375125,-1.8495754216114344,-0.271513521729054,0.0,0.9241839081689333,-3.4460255773640927,-0.11544366985611836,0.0,0.7821073565535863,-2.695068617656224,-0.47922562197963325,0.0,1.1705130907568262,-3.265630973526367,-1.1937803361807566,0.0,0.673415391851359,-1.5121204834336452,-0.889564217019314,0.0,0.282937645535886,-4.121372293335539,-0.027058403141795057,0.0,0.3734591662933232,-3.1459400596201306,-0.5342226057577785,0.0,0.8761208543337314,-6.724285676475145,-2.1848562660329414,0.0,0.16378602481599433,-1.1706024373158428,-0.5717109476004857,0.0,-0.4537828352020359,-3.12039781882863,-0.04336076860392693,0.0,-0.20015985843640027,-3.1233499923786834,-0.5836952108384408,0.0,-0.3473994387908723,-3.631327031114932,-0.9289274164769022,0.0,-0.16266988147450093,-0.9189909679924029,-0.20754184635313666,0.0,-0.7564149584076545,-1.905158317788874,-0.06442026929178962,0.0,-0.6131569179704598,-2.4183411349980326,-0.3560313342646289,0.0,-0.704967035421795,-2.360949834719162,-0.3643918728811028,0.0,-0.5295736961833266,-1.329547684589973,-0.10549111283363409,0.0
0.0,0.0,0.0,0.0,0.49283336126265814,-0.3855239031622569,-0.240081583208839,0.0,1.215580139100606,-1.7835022100014681,-0.44086165747408895,0.0,0.9425016053843315,-2.010022146628455,-0.3623279290591646,0.0,0.623971836008465,-1.8185314914263904,-0.266958062212713,0.0,0.9411501365592424,-3.406677403167968,-0.13765957036903897,0.0,0.7927504464542782,-2.6453537425445797,-0.4889833003743889,0.0,1.185759228040858,-3.2226238583063593,-1.2120058547071462,0.0,0.6723223420326541,-1.4767138693181714,-0.8901326142859763,0.0,0.30928798849154326,-4.151204516644273,-0.06009501368682432,0.0,0.3843625355323117,-3.0599588938376834,-0.5365866585768033,0.0,0.9382065235593657,-6.698313327567883,-2.210965723517635,0.0,0.19093544068895593,-1.1608719770568752,-0.5652888759110924,0.0,-0.45045678899470704,-3.116578219398506,-0.07179415646834347,0.0,-0.18775642578871474,-3.1070273327631996,-0.6177177241685294,0.0,-0.31797451534727955,-3.318013383907194,-0.9087661205058155,0.0,-0.14606570319748266,-0.8509181725795272,-0.20554109220802264,0.0,-0.7544497504135776,-1.8613368215679664,-0.08102761556100749,0.0,-0.6041573652944667,-2.3977964705120987,-0.36508805014903406,0.0,-0.6918866670728614,-2.3028383381096273,-0.3539424062131075,0.0,-0.5212467518484741,-1.3053517649808672,-0.09042294792501795,0.0
0.0,0.0,0.0,0.0,0.4963884995419715,-0.3828551368649137,-0.23979556036219654,0.0,1.2195722961240645,-1.7862257187703554,-0.4364449746339886,0.0,0.9449390730775733,-2.0137527082883118,-0.35650693683185997,0.0,0.6232012555039405,-1.8269832856411226,-0.26139797915625207,0.0,0.948052987688855,-3.3878695487259916,-0.13366392901839613,0.0,0.8025191444145027,-2.6604957160494545,-0.489665223842364,0.0,1.197929141545614,-3.239116376333813,-1.2058204272036726,0.0,0.6827688037122199,-1.4739477165553954,-0.8747931839448589,0.0,0.3169880930232447,-4.145412264254139,-0.05609476310958474,0.0,0.38269100155866903,-3.054584120825266,-0.5355398504319103,0.0,0.9402486924425698,-6.735749723163208,-2.2168221310662646,0.0,0.198659477237469,-1.1590183724258623,-0.5614574658017859,0.0,-0.44556080383308627,-3.118088671316642,-0.06912244554080894,0.0,-0.18466806646486103,-3.1500777774788062,-0.6326984744432449,0.0,-0.3041639362754051,-3.210068140971013,-0.8990725862263726,0.0,-0.14090462646028948,-0.8238313847433667,-0.20758118891176938,0.0,-0.7507451873459183,-1.8674632108191758,-0.07948345915461918,0.0,-0.5945861784278936,-2.4028481731965083,-0.36123574762342253,0.0,-0.6902927098729731,-2.340754812439395,-0.3507279789105011,0.0,-0.5278891390558382,-1.3472372705943818,-0.08671106737894672,0.0
0.0,0.0,0.0,0.0,0.5049386341919574,-0.37966971569289926,-0.24841863645233977,0.0,1.2407409589256795,-1.7579760186082065,-0.46110893752194787,0.0,0.9824938561972293,-2.004213738606233,-0.38759129568628,0.0,0.6642596490540562,-1.8096697210701123,-0.2864140152320884,0.0,0.9779889655312283,-3.3494498847703658,-0.11801578519870742,0.0,0.8445947164295965,-2.6738404439395236,-0.5050802666024413,0.0,1.2134387875403474,-3.161665572463775,-1.2422092033728607,0.0,0.6725240876448572,-1.414987662593312,-0.9115032072112569,0.0,0.3601433483729423,-4.00311731422396,-0.030721357554296808,0.0,0.45468105355282684,-3.1317958709050497,-0.5651660805991453,0.0,0.939210933387176,-5.987029686195869,-2.0980135690608783,0.0,0.18674395838899882,-1.0518364450359494,-0.5726010342114649,0.0,-0.38460887959693096,-3.0636251712717666,-0.048736757962494215,0.0,-0.1269690226419023,-3.1424345961065687,-0.6188792974801113,0.0,-0.2700562164106295,-3.4140346505905175,-0.941634948382069,0.0,-0.14131788181850116,-0.851339653018989,-0.21605652733032515,0.0,-0.7124616055796134,-1.9069849154437983,-0.06979732768415935,0.0,-0.5501914551449796,-2.4268318749434137,-0.3597844882014049,0.0,-0.6592517427264849,-2.3627680932328476,-0.3607800133044364,0.0,-0.5200166318497015,-1.3519585162142795,-0.09849402881400285,0.0
0.0,0.0,0.0,0.0,0.4999106664606172,-0.37623467354062645,-0.2400677081105242,0.0,1.243280852460928,-1.7660007594827967,-0.4431892905525886,0.0,0.9800966318871432,-2.0052523497226353,-0.3665369789910892,0.0,0.6662567145471701,-1.8001038262058582,-0.2667320168672123,0.0,0.9973210724731605,-3.3756325189224246,-0.11420718467372692,0.0,0.8447755174337392,-2.6554909012068695,-0.4846107952770613,0.0,1.2361517301014504,-3.2046386806278186,-1.2114890827799525,0.0,0.6781823489534639,-1.4077622509031271,-0.8623312656902004,0.0,0.37274527969777344,-4.099825277884022,-0.029468831743544626,0.0,0.43613431264653874,-3.073643007681326,-0.5310231153906935,0.0,1.0006860948473308,-6.605145585496301,-2.1695482539100723,0.0,0.203978614393803,-1.1289850476482994,-0.5504272772284212,0.0,-0.3935199610806785,-3.0958490517882127,-0.04891995800445193,0.0,-0.1291704246048849,-3.158746637625981,-0.6207525288552186,0.0,-0.27285002964860616,-3.238203565899748,-0.8922242270481674,0.0,-0.1391892177853999,-0.834862973813555,-0.20576478795492692,0.0,-0.7167944412437764,-1.8980286452887134,-0.06746496868243505,0.0,-0.5436721394809022,-2.433366682139019,-0.3497718116659664,0.0,-0.6556334218475406,-2.3894554645236137,-0.3429420099554167,0.0,-0.5130551425828722,-1.3632833307040138,-0.07988955659862314,0.0
0.0,0.0,0.0,0.0,0.49291596691646555,-0.29434195211321035,-0.2595883277394768,0.0,1.29492691676972,-1.6214336993392369,-0.5021255519395238,0.0,1.0708466873750726,-1.9461377697503925,-0.4297400679306413,0.0,0.7597288232721777,-1.746910178710665,-0.3154612664104698,0.0,1.120973530428563,-3.232677470206,-0.19116431435019873,0.0,0.9569953458388144,-2.5531637637470297,-0.5566507123379169,0.0,1.2890547138793653,-2.858502813836025,-1.2896113673790297,0.0,0.6850429508109143,-1.2352177440259846,-0.9440470531688768,0.0,0.5285933638423536,-3.888514084539635,-0.09732524870420767,0.0,0.573393962665662,-3.047562258498492,-0.6061332882609777,0.0,1.142570090128013,-5.797824181151869,-2.209017349350079,0.0,0.20618971890228752,-0.9934387533093446,-0.6004960826594316,0.0,-0.2494461965928434,-3.0155754429955355,-0.08514344878296622,0.0,-0.0027399803576059153,-3.0453654255596407,-0.635441819266568,0.0,-0.1560162762349958,-3.4721741325122744,-1.0189319372467487,0.0,-0.12825986227971106,-0.871932941374029,-0.248770945734516,0.0,-0.6271778649646371,-1.9163406863955659,-0.08381354992973142,0.0,-0.458220709662975,-2.3781960192573477,-0.3721584251450994,0.0,-0.5731652450598543,-2.3088590972552616,-0.3842952598071489,0.0,-0.4765948813440788,-1.3202494127101232,-0.12384308759500838,0.0
0.0,0.0,0.0,0.0,0.4948245660513791,-0.28374803182453434,-0.24757158575323054,0.0,1.3101039834661077,-1.6073929545345869,-0.4686067362795489,0.0,1.0729196662381797,-1.9692733394381443,-0.4000758689222319,0.0,0.7493939084983003,-1.764453412420679,-0.28859250120303886,0.0,1.1696725797207326,-3.265075857200596,-0.22035452680665307,0.0,0.9869203058164572,-2.5088068703330375,-0.5587416214991258,0.0,1.3244513561225817,-2.8370472998711493,-1.264978353811233,0.0,0.7182272097293202,-1.2873262378378647,-0.9465477960573846,0.0,0.5596033979899845,-4.022151789734637,-0.14820529054393705,0.0,0.6045995950502296,-3.009979439463598,-0.6141065586851808,0.0,1.2553115401648727,-5.941404249398444,-2.248965648298919,0.0,0.22660477950457736,-1.0232408357937524,-0.596369489748173,0.0,-0.2504051081484719,-3.04346915008004,-0.13086351622086162,0.0,0.021187545934845634,-3.0936651779863924,-0.682053051761226,0.0,-0.1177382878872652,-3.236878522460743,-0.9979785894933249,0.0,-0.11278759611324704,-0.8119694032173095,-0.24435871572079484,0.0,-0.6267354004691088,-1.9036141913920415,-0.11597423050021557,0.0,-0.4332877187620425,-2.4000768423132883,-0.39398423263252685,0.0,-0.5533728022898521,-2.345265230621697,-0.3922255964639988,0.0,-0.4769806010382579,-1.3692279557192142,-0.12223248960580409,0.0
0.0,0.0,0.0,0.0,0.5266136768061775,-0.23984421880054968,-0.22154812562348514,0.0,1.5080434618357192,-1.4856272295651014,-0.4625666093452193,0.0,1.3685541618116062,-1.8727386779051562,-0.43280830187410446,0.0,1.053715017690457,-1.609387716718197,-0.32306242540069885,0.0,1.5244613824815212,-3.3086647081573597,-0.13380317257337213,0.0,1.3136580065085548,-2.5952277440261504,-0.5373826495814226,0.0,1.7167850917295226,-2.796786096148344,-1.2493613769007463,0.0,0.9403955683549738,-1.2599549260766862,-0.9629631530121526,0.0,0.912911207333276,-3.813625909083308,-0.07901684419358061,0.0,0.9984473243218589,-3.1035161971386906,-0.5898912613914506,0.0,2.3778826605999726,-6.349617055676689,-2.2833510674440816,0.0,0.4644850799631472,-1.0707845537858447,-0.6053725728768995,0.0,0.07875865971589951,-2.949328867502875,-0.11177326789009315,0.0,0.41794517422533756,-3.0720390240827027,-0.6284518958943712,0.0,0.49939973416334266,-4.1294628342691535,-1.1351935035585323,0.0,0.048483893757970825,-1.0146670385844825,-0.2666994320769812,0.0,-0.3921760240951161,-1.9691064676108654,-0.13187551210399015,0.0,-0.1014358331287622,-2.484314301757678,-0.4069171978537253,0.0,-0.2091396563602631,-2.5970383567866455,-0.4426715489993046,0.0,-0.3019759744430058,-1.4995668509016786,-0.16640949043516917,0.0
0.0,0.0,0.0,0.0,0.5307913497241531,-0.20896804562306878,-0.19390633526293,0.0,1.5544238685039244,-1.3235158028084646,-0.40478204522901096,0.0,1.5181507459799686,-1.658375741358054,-0.3874327557586519,0.0,1.231593902449971,-1.4575533712804676,-0.30001976136960135,0.0,1.8630170245888238,-3.2893080620661914,-0.07928037222790517,0.0,1.5059783068228425,-2.432637258813974,-0.463557604440483,0.0,1.9805880730065066,-2.804485953456404,-1.1518450293338696,0.0,1.0324637953805658,-1.267487436147714,-0.8749107143536815,0.0,1.2777267625991962,-3.9892326023310827,-0.047482873752803516,0.0,1.1888508115718486,-2.9850353865328505,-0.5460463348625134,0.0,2.791146502084064,-6.741358940182597,-2.291773471662638,0.0,0.47692419880722575,-1.1381256681285714,-0.5691817291086335,0.0,0.274198712027867,-2.9910913125434404,-0.10416090755392962,0.0,0.5729808461225175,-2.8825305107505277,-0.5615515645838906,0.0,0.7125309603981872,-4.2502897713852805,-1.056631140467582,0.0,0.08530407692711263,-1.1035305882980908,-0.22722372624462284,0.0,-0.2710763707738481,-1.9898743875389378,-0.13149795516966858,0.0,0.021998417087502282,-2.3662151367658364,-0.37212423890508955,0.0,-0.07094906188363702,-2.585704689555994,-0.3993017933469723,0.0,-0.21787404159459758,-1.6461835764116386,-0.13930321753718664,0.0
0.0,0.0,0.0,0.0,0.5109966972350273,-0.18759971116717386,-0.20602942144999,0.0,1.550098988157799,-1.3335653781274377,-0.43339583772430074,0.0,1.5226473999190422,-1.7329568914638156,-0.41188167865132774,0.0,1.2110013334127465,-1.509826636527932,-0.30814158548083087,0.0,1.8714726259570496,-3.2466194725965596,-0.08768098710281005,0.0,1.5395343787450881,-2.497020854040515,-0.5215482687386676,0.0,1.9196444875494085,-2.7088880787977416,-1.1865157319732804,0.0,1.0702165721090908,-1.2522781034965016,-0.9148119143442068,0.0,1.2892577475273117,-3.9934230666507204,-0.04268490979195978,0.0,1.1805861535153577,-2.9685595688888067,-0.5752907049663247,0.0,2.7986859260171157,-6.944317903320115,-2.46955529718084,0.0,0.4761055973958109,-1.135787756582266,-0.6003107242227127,0.0,0.27151638363842784,-2.9703515153564535,-0.09885372801376634,0.0,0.5842785943093021,-2.9425725471178676,-0.6184277168630818,0.0,0.6383897781972458,-4.042993956054078,-1.1236309637670394,0.0,0.08942606428337688,-1.0902599646982094,-0.2704171760462769,0.0,-0.26347729460850045,-1.996476188134375,-0.12706078634702875,0.0,0.03933247775358044,-2.392576786861236,-0.3928321071264494,0.0,-0.054187547192307915,-2.644317664235242,-0.4448064171057335,0.0,-0.19207993105760812,-1.7217993324360583,-0.17899338600435089,0.0
0.0,0.0,0.0,0.0,0.5426874185235626,-0.2046339544072724,-0.1880146510116547,0.0,1.5842587083886028,-1.2572760615372485,-0.3843377329605745,0.0,1.5885725979470608,-1.5819269285209019,-0.37559222456022046,0.0,1.3020148710465655,-1.4260456116520823,-0.2933731972234364,0.0,1.9888753263599017,-3.298353849315551,-0.02376927823912366,0.0,1.5893285979439196,-2.460299829090669,-0.44449373616011395,0.0,2.1331541234130906,-2.8684206327447423,-1.109525477976366,0.0,1.2016415697561464,-1.385947953210778,-0.8753412071424149,0.0,1.399559266958954,-4.01108815458183,-0.004485777010916417,0.0,1.2616786045350534,-2.9186224831923173,-0.5194257742277942,0.0,3.3369992169102916,-7.166721259174911,-2.371177285872034,0.0,0.586101653626008,-1.2134272726155686,-0.5762419258822286,0.0,0.34433672344972943,-2.957419158041237,-0.09075962476000851,0.0,0.6658346072660267,-2.8718178319912844,-0.5723708653385818,0.0,0.8869375647469087,-4.249141217550034,-1.0864817170559253,0.0,0.13498491121989953,-1.0934447944448689,-0.22417837425542914,0.0,-0.2147806518264181,-1.9846994928054316,-0.13225491072473178,0.0,0.10262127652177566,-2.3648675604343423,-0.3850154177569112,0.0,0.021516772664372595,-2.6136789134571843,-0.4186751913406618,0.0,-0.16800606305351548,-1.6866977892006199,-0.14758038672807072,0.0
0.0,0.0,0.0,0.0,0.524985400294743,-0.16086200302805992,-0.20277370544034404,0.0,1.570008643228854,-1.1927239537268417,-0.41333164646809556,0.0,1.5911655157236317,-1.6072884863520003,-0.4018928033683373,0.0,1.2800809369436787,-1.4447810058745116,-0.30529108435386265,0.0,2.0291132764687805,-3.186963751239574,-0.046035119792731775,0.0,1.6384699448055073,-2.4226765513208814,-0.4858303462535034,0.0,2.056339388975492,-2.6425019896584865,-1.1271810954137895,0.0,1.1703153976696292,-1.2372433328685788,-0.8815153156182702,0.0,1.4591893207223356,-3.9782418078307145,0.0008805477847147115,0.0,1.2931501202727824,-2.8902981569934876,-0.5360346603499062,0.0,3.263259885364288,-7.013610885650319,-2.4318824113209994,0.0,0.5696318322640473,-1.145689035347011,-0.5867977556942522,0.0,0.3633931227139795,-2.9117792180111515,-0.07148100160941386,0.0,0.6804631957701791,-2.8671337660464227,-0.5834422911741823,0.0,0.8176346383666045,-4.043661362074367,-1.0873145485170022,0.0,0.14137852708263815,-1.101872132480033,-0.25319047396037964,0.0,-0.20415842988053026,-1.9549813280151855,-0.10864168238378641,0.0,0.10704370048401991,-2.3329075784134647,-0.36379095299195197,0.0,0.026720724411232293,-2.57065481098119,-0.4004615477541397,0.0,-0.14000646382502144,-1.6989347504386296,-0.14540054547935624,0.0
0.0,0.0,0.0,0.0,0.5339156983358632,-0.16725477882293613,-0.18414295207577472,0.0,1.5716081908037594,-1.1453958354387728,-0.37842360553972837,0.0,1.6431393667268765,-1.5406752030660764,-0.38324557406914056,0.0,1.3445653147801384,-1.4014151161530428,-0.3007836979013121,0.0,2.1051092407198513,-3.264824160906662,-0.04057458635538364,0.0,1.6302962324513424,-2.398380758850629,-0.445598698102242,0.0,2.2225935441099236,-2.845420005935386,-1.1196893141645299,0.0,1.2665096807523695,-1.3751813299530953,-0.8869518199932792,0.0,1.5212458433092217,-4.01173506750826,-0.026473090717103374,0.0,1.3193347718898685,-2.834512130516797,-0.5150949031548917,0.0,3.7833322248691372,-7.7004662509104405,-2.5720443138452027,0.0,0.619920625722708,-1.2312046350750867,-0.5921337259135696,0.0,0.4127902234203246,-2.9377560837260743,-0.10625777316175813,0.0,0.7134695048367425,-2.80896514015695,-0.5804559941297108,0.0,0.9714325579770547,-4.206732301261353,-1.1365778516386982,0.0,0.17223086398544357,-1.0926375402877773,-0.2551948975609901,0.0,-0.16921217108794917,-1.978145507133895,-0.14051461080307454,0.0,0.1535661123598342,-2.316131303652087,-0.39626706871198897,0.0,0.10953549996326016,-2.654635972182419,-0.4640115897230724,0.0,-0.08503588123638066,-1.6995134550646291,-0.18424276048065485,0.0
0.0,0.0,0.0,0.0,0.5252297233569716,-0.15072119039038356,-0.18282459677542923,0.0,1.5977796432244014,-1.1762879201886107,-0.37382877468041364,0.0,1.641673661473787,-1.583865723887977,-0.36723569386950783,0.0,1.3309862705871391,-1.4247704364127127,-0.2836426266032863,0.0,2.1318271082617164,-3.15072150904829,-0.04776840738118558,0.0,1.654883034967688,-2.3599517094533384,-0.4554895205610471,0.0,2.178916969292696,-2.743723543513955,-1.119788924779705,0.0,1.2482710246014823,-1.3166476675973735,-0.8897952155187743,0.0,1.6299521400639962,-4.108495357900309,-0.02346535340855967,0.0,1.337053934996888,-2.845481323500251,-0.5259645897911032,0.0,3.587683867458281,-7.500757620161363,-2.542114818843973,0.0,0.5887122677530142,-1.1821170296962487,-0.5869218457087516,0.0,0.4402344455221661,-2.9683133144272187,-0.09790163339493582,0.0,0.7256867764209183,-2.832164845548975,-0.583154052887389,0.0,0.9059952280835748,-4.055321243362604,-1.1062661476128763,0.0,0.17226589889517407,-1.0911944268613705,-0.26925430651116694,0.0,-0.16089845427835472,-1.9768354862938078,-0.12824720559741257,0.0,0.15898779594004575,-2.3243312098433253,-0.38239161854741716,0.0,0.10465167438150036,-2.626368882310051,-0.4444396672670757,0.0,-0.07481993604192272,-1.7301273388696874,-0.18702854095543264,0.0
0.0,0.0,0.0,0.0,0.527823554625283,-0.15663647326688102,-0.18049566330433864,0.0,1.5817953189034963,-1.179459134345239,-0.3604689616738894,0.0,1.6218249581712765,-1.5911303415699471,-0.35268729921105285,0.0,1.3093399185855465,-1.4447006357179224,-0.2712364138782711,0.0,2.127441422047813,-3.2632155346304823,-0.024269263301935105,0.0,1.6377489719310743,-2.3942406148069626,-0.4355772430400385,0.0,2.1885780431519697,-2.816828228463122,-1.0971131787714117,0.0,1.2307043684463637,-1.3425859301338428,-0.8613099932598994,0.0,1.5871634574399014,-4.17598565229349,-0.0016940802805426273,0.0,1.3170066281238126,-2.851565049563624,-0.5038694369236179,0.0,3.649028861555312,-7.742752870701351,-2.52434870154154,0.0,0.5794392214542778,-1.2343266881906265,-0.5800444822261416,0.0,0.4062918794584865,-2.983666366331322,-0.08773001280399914,0.0,0.7028955151462434,-2.81378535877468,-0.5646150028761778,0.0,0.9133574278911505,-4.184434513476157,-1.0995428253868764,0.0,0.1531138338168213,-1.1112588715479916,-0.2526564668493611,0.0,-0.1801151674858243,-1.9826080111663913,-0.12466694840811811,0.0,0.15031730990299338,-2.337213190774746,-0.38460029155222986,0.0,0.09464908629120761,-2.6629011400078144,-0.45025149615729587,0.0,-0.09414666449588677,-1.709861806825052,-0.18223157678895938,0.0
0.0,0.0,0.0,0.0,0.5388179942462215,-0.1743886316510375,-0.1747993473389551,0.0,1.5629583495363808,-1.1146672634046872,-0.34020139566393454,0.0,1.6406385180571983,-1.4879137226328025,-0.34463163012052456,0.0,1.355774969801524,-1.4061213150366996,-0.2754164023353896,0.0,2.1350392633641446,-3.301555673987125,0.03341417554189472,0.0,1.645443667964113,-2.398575642784178,-0.3907695350340539,0.0,2.2564830873426294,-2.847675994056146,-1.0282184743027682,0.0,1.271795237223051,-1.35404019086806,-0.8059825663968972,0.0,1.5539742956591531,-4.072179954173313,0.04577442668876895,0.0,1.3298037482909173,-2.823352597625289,-0.46573603977717815,0.0,3.7280250930273926,-7.486009615224895,-2.346930363246223,0.0,0.6162559193532038,-1.2173050145300608,-0.5442935227111118,0.0,0.4158980480802699,-2.9417598546482098,-0.06390769285172809,0.0,0.7225016862957386,-2.782058141755655,-0.5304967356324757,0.0,0.9883612683669729,-4.236355553960317,-1.0450439118783188,0.0,0.16778906700714516,-1.1204618764405305,-0.21602088035920203,0.0,-0.16893020436907344,-1.9700084138286051,-0.11538797162498551,0.0,0.1652217902535146,-2.3170869801592855,-0.3614181277287433,0.0,0.11430501462816706,-2.648849399790377,-0.40421085433223275,0.0,-0.08973962242029362,-1.7532250189036271,-0.13819216597048978,0.0
0.0,0.0,0.0,0.0,0.525496490379037,-0.15656618278381815,-0.18599009363883665,0.0,1.5764131090036326,-1.1293910920275416,-0.37772592415873385,0.0,1.6494997539864995,-1.5403569243802542,-0.3791192810222534,0.0,1.3471952676488106,-1.4054248224976669,-0.2955367983053465,0.0,2.1627034091534143,-3.2016850772917906,-0.04748344651997293,0.0,1.6893443966254542,-2.367307901024932,-0.46626132974097906,0.0,2.1736175473931443,-2.682194100355446,-1.114502640767544,0.0,1.224446116711265,-1.2639112208976326,-0.8706148532905982,0.0,1.6242672040246449,-4.1078286505577735,-0.02512744389234235,0.0,1.3485923812556007,-2.8115287222904275,-0.5268981456968354,0.0,3.6402348456170244,-7.4156297809250775,-2.528739534086017,0.0,0.6078169250414067,-1.1819250180602046,-0.5839827240673308,0.0,0.4316343269728728,-2.930690645156512,-0.10035793914190594,0.0,0.738808344452554,-2.799581099038444,-0.5792006289143652,0.0,0.9311075687358487,-4.108401032574219,-1.103158203214917,0.0,0.16917357044061365,-1.1197366247736296,-0.25637438170490084,0.0,-0.16065019995075028,-1.9600154113724895,-0.13107851468864623,0.0,0.1688886363481723,-2.311469897869978,-0.37798787645550014,0.0,0.11173698381025017,-2.62079922134707,-0.42864011383455247,0.0,-0.07605038813035671,-1.7727720520978307,-0.17137659713193937,0.0
0.0,0.0,0.0,0.0,0.5443159959094543,-0.15215407308725348,-0.17768449024779404,0.0,1.6025158468566025,-1.0786705409044621,-0.3531313879310964,0.0,1.697622246255644,-1.4889649628359258,-0.3604531153620347,0.0,1.3938701093839385,-1.3876068499371452,-0.28615196273770066,0.0,2.2038838105459635,-3.1311360750661685,0.025873945204425097,0.0,1.750173942756346,-2.373059095785332,-0.4201833653058929,0.0,2.3008296766501006,-2.72641838549771,-1.0795316564382693,0.0,1.307085642856941,-1.300711241024039,-0.8610632809238383,0.0,1.6538436252873308,-3.9339124838972106,0.04319656140256108,0.0,1.4170223174211598,-2.797615719423366,-0.48356608253258426,0.0,3.966003254355882,-7.438054737720985,-2.4494915284713783,0.0,0.6961417001032895,-1.2260822048990905,-0.5910568694541669,0.0,0.4980418947699867,-2.8879823876007316,-0.06136451863063453,0.0,0.7975742777789055,-2.7499678396224434,-0.5389198024965192,0.0,1.1558546139210664,-4.310219231166114,-1.116678439961327,0.0,0.23334407586167955,-1.1399248143234606,-0.2508915397469603,0.0,-0.11297842998861535,-1.9558518075041522,-0.11116729400534214,0.0,0.2164518626264753,-2.2959117292426257,-0.37154629158287694,0.0,0.19062646315180778,-2.6333443831297303,-0.44302244002192576,0.0,-0.013168967809346248,-1.7058698619604493,-0.17567958217624716,0.0
0.0,0.0,0.0,0.0,0.5481213138581312,-0.14956126355990923,-0.18265902294314743,0.0,1.5794340204344441,-1.0398508052842421,-0.3625882080984201,0.0,1.694571961605784,-1.4780471153465868,-0.37571990539853756,0.0,1.3889663527475855,-1.378018507368209,-0.29898570936872293,0.0,2.1897647717931252,-3.074933096390468,0.021585305888839466,0.0,1.7664017068669904,-2.3706093346301618,-0.4462824040542788,0.0,2.2471561955686155,-2.643836284912793,-1.1146420373568524,0.0,1.2680362256368432,-1.237907738931151,-0.8913864597718698,0.0,1.6492504678845408,-3.9137308262004615,0.0378839934105542,0.0,1.4096561454665937,-2.79195327577655,-0.4975628761269494,0.0,3.9455330154166868,-7.40971832949729,-2.5223607534621326,0.0,0.708712869041546,-1.2360667562602559,-0.631635150934585,0.0,0.48808081431989186,-2.8666293177425732,-0.0682849337785241,0.0,0.789126206183074,-2.7416427003404755,-0.5527234380484383,0.0,1.143489277885082,-4.300105329840469,-1.1489667449993246,0.0,0.23414456882141135,-1.1555279624678165,-0.26951249549024675,0.0,-0.11999642282272181,-1.9411947205580848,-0.11854298951636187,0.0,0.21784157659936682,-2.2907128040539324,-0.3829172817297446,0.0,0.18472017833396404,-2.6174614883616765,-0.4555831648149615,0.0,-0.024383643191389585,-1.715319025470335,-0.18952796036222622,0.0
0.0,0.0,0.0,0.0,0.5334929964217096,-0.13736766418777527,-0.19299227722463852,0.0,1.5633466854624203,-1.036872889428051,-0.38171405579605744,0.0,1.6623702391936916,-1.4469400419039307,-0.3839222458168538,0.0,1.3777149108083122,-1.3675222704042171,-0.30561459251855294,0.0,2.163406066944387,-3.0503411412829573,-0.056287629795297056,0.0,1.760258927353842,-2.3600256796829004,-0.5050143200031393,0.0,2.1817788053211,-2.6138692336749454,-1.18559648953143,0.0,1.2253584499562102,-1.244178012246889,-0.9389823534154264,0.0,1.6328744122097911,-3.952444601562042,-0.0360244705149303,0.0,1.3609659401796934,-2.764213008443032,-0.5476807177164686,0.0,3.5881153662667353,-7.139079796533261,-2.593975346600823,0.0,0.6640630186107711,-1.2460883330836008,-0.6704228724029256,0.0,0.4598664908043143,-2.8632390008907436,-0.10667007360583444,0.0,0.7751552913527486,-2.7670203329728826,-0.600022613638245,0.0,0.9867714771202315,-4.066590153004817,-1.1590237519657849,0.0,0.1850383639314758,-1.1265918735745817,-0.2829680285091371,0.0,-0.13373643114562056,-1.942860101874157,-0.13671894365102094,0.0,0.20349497658321175,-2.298743502759967,-0.3977328496070779,0.0,0.13132531414777018,-2.5669582439159853,-0.4540739463430251,0.0,-0.06899489135738315,-1.6988640077609993,-0.18653494081360084,0.0
0.0,0.0,0.0,0.0,0.5378529489204568,-0.13924277960425427,-0.18959811756023479,0.0,1.585911310892833,-1.038125737625849,-0.3811018024861359,0.0,1.676614709814122,-1.4162237133957913,-0.38506578800541774,0.0,1.396693831320634,-1.3260103457623873,-0.30913252416385095,0.0,2.178089739036459,-3.0660611065799563,-0.0688127026633243,0.0,1.7486759041779574,-2.3156650805477677,-0.4997511391316403,0.0,2.1765312203070613,-2.4917782062504883,-1.1507147237942348,0.0,1.2349953510007723,-1.149832840936344,-0.9052230327627131,0.0,1.6042990136306505,-3.840550082910449,-0.05212846195257328,0.0,1.3989188433692297,-2.748648071659821,-0.5562096150113381,0.0,3.6304349469869055,-6.916154783714582,-2.5813844549456,0.0,0.6295381151158751,-1.1450890494133752,-0.6412158122683408,0.0,0.46609135856306555,-2.8123806765450583,-0.11623033290598069,0.0,0.7980139463938651,-2.760410494636808,-0.6108587578495716,0.0,0.992386169593386,-3.9434919411737304,-1.1628837167517032,0.0,0.1786540491907606,-1.0776414824453657,-0.2909380068974998,0.0,-0.12537800956122835,-1.9211957791998497,-0.14157784111901098,0.0,0.21481984474155988,-2.274909053545405,-0.4015676055023116,0.0,0.1569131374947955,-2.560000719261068,-0.4667199415251768,0.0,-0.05530181126442238,-1.7012134461281911,-0.20115267350799107,0.0
0.0,0.0,0.0,0.0,0.5375655119273663,-0.13669357407834212,-0.19374078480337056,0.0,1.5865636671193768,-1.0411133807856014,-0.3887135758843331,0.0,1.6717893313303325,-1.425017751046544,-0.39002693144354483,0.0,1.3906914726434136,-1.3212628097458636,-0.3097389745579073,0.0,2.155774582694361,-3.062794259636971,-0.05171613801924985,0.0,1.7507011145864855,-2.322497627359826,-0.49800254174369957,0.0,2.1571880170699016,-2.4669939401860943,-1.1474963179465263,0.0,1.215735297338371,-1.1187789400658763,-0.8976123444376729,0.0,1.5534925087813187,-3.7642596866487885,-0.028166612238340872,0.0,1.3928161252410511,-2.749978201987431,-0.552641898807675,0.0,3.5332469882350543,-6.730681563305376,-2.525511070233335,0.0,0.6296567705240321,-1.1257298747412048,-0.638843119301216,0.0,0.4546672994163373,-2.784706047933984,-0.09891991756354189,0.0,0.7930134951282573,-2.763188866446249,-0.6058578884711775,0.0,0.9780229029621837,-3.9172920605380295,-1.1455119382636878,0.0,0.17596331123378475,-1.068155951259692,-0.2802743718394773,0.0,-0.12576279551615194,-1.9190781884431594,-0.1312729535536688,0.0,0.210487628153876,-2.277897644924263,-0.39474774488363584,0.0,0.14536589563066443,-2.5434776629069566,-0.4534341527912101,0.0,-0.06040059130588347,-1.6884793393903053,-0.1874488744553935,0.0
0.0,0.0,0.0,0.0,0.5407418629419088,-0.13945883900033726,-0.1953211607579022,0.0,1.658572890559015,-1.0933218653771017,-0.40442107308558856,0.0,1.684230553586254,-1.395534554683255,-0.3935155171566446,0.0,1.4138685699464766,-1.242527008256375,-0.31251308204033984,0.0,2.0665053584533695,-2.947733642287984,-0.0548325406669315,0.0,1.7922340695649204,-2.3342354481711256,-0.526453252722641,0.0,2.149330245932414,-2.3268837414194654,-1.1815110214883753,0.0,1.1550632547896331,-0.9626072360120338,-0.8809802198684809,0.0,1.4287412586535992,-3.428286306871181,-0.03747919399436207,0.0,1.4249517107771859,-2.724246169771843,-0.5797455672632544,0.0,3.4422000456753703,-6.05925033259797,-2.4526423062285514,0.0,0.6536786520671429,-1.0086672572345172,-0.641097299805409,0.0,0.46426973095661705,-2.6644902092941725,-0.10748399093999461,0.0,0.817026166968492,-2.747084136404167,-0.6378002718440924,0.0,1.0160509904380965,-3.724000313567705,-1.2015189843224467,0.0,0.19329208770675987,-0.9659723345271255,-0.3040716504526145,0.0,-0.09635486004237628,-1.8996049629620844,-0.14173012979105626,0.0,0.21471536973643554,-2.2465842179972024,-0.4145503641248237,0.0,0.166933013377879,-2.49528086603588,-0.5013037935947442,0.0,-0.03204864770381566,-1.6488704708441138,-0.23448590414501053,0.0
0.0,0.0,0.0,0.0,0.5319853717918493,-0.12910984994130473,-0.19090560106449073,0.0,1.6356218448899542,-1.0636040187934819,-0.3985964134186525,0.0,1.6877689765592112,-1.394332151646591,-0.3939353845632924,0.0,1.4159238870627902,-1.237277946979527,-0.31040169951167274,0.0,2.13628835566459,-3.0218523009943876,-0.07121042291880163,0.0,1.7899508831929738,-2.318064088806793,-0.5215623859517744,0.0,2.1547841254007207,-2.3321252612183483,-1.161035153307164,0.0,1.1554953732551598,-0.95487674707227,-0.8568847980870943,0.0,1.4794170352633491,-3.550621954543076,-0.05287840783348223,0.0,1.4235126164042107,-2.7185001278884515,-0.5687176413336549,0.0,3.660051482623384,-6.5722211219532705,-2.5436323226926816,0.0,0.6502523812570778,-1.032595211166121,-0.6140044954433427,0.0,0.4566757904352464,-2.6788130739785756,-0.11593943236716385,0.0,0.8239697523459415,-2.7437472490574413,-0.6254505095689508,0.0,1.0367746385949514,-3.8356458280116184,-1.1726789255959038,0.0,0.20458478048345258,-1.0092543283128976,-0.28608881647928497,0.0,-0.1019799497324915,-1.8967796472467335,-0.14529244744620357,0.0,0.22818055221724445,-2.253349463544536,-0.4066972280027327,0.0,0.17404856592907833,-2.5149642621029162,-0.4774103691208003,0.0,-0.03333986998652168,-1.6834365220824232,-0.21436168108070947,0.0
0.0,0.0,0.0,0.0,0.5238115270568968,-0.11367670871426316,-0.22170534712723883,0.0,1.6318761398130177,-1.0419620021026574,-0.463186838034726,0.0,1.6248230108203023,-1.321293866280728,-0.4382902181696084,0.0,1.3820118596206266,-1.1239641935857927,-0.3436939240415297,0.0,1.7804486986093726,-2.6381304775069894,-0.14215789129926903,0.0,1.726704143014781,-2.1969414521107633,-0.6021126895867317,0.0,1.9094704454674458,-1.9293754882955023,-1.2407332252026406,0.0,0.9585162622947844,-0.6789561721969033,-0.8823108805917536,0.0,1.1146738131683331,-2.911628050444146,-0.107646558920019,0.0,1.4059324217079503,-2.7251663624890288,-0.6694022512827813,0.0,2.8590673402530866,-4.995320415657511,-2.3709454303428683,0.0,0.5296938348295132,-0.750896739455333,-0.6214752295542064,0.0,0.3449028876817931,-2.395409125898151,-0.14148400826527643,0.0,0.7718276003379235,-2.7529664212965086,-0.7288851310538921,0.0,0.7751673580689317,-3.1284932401565007,-1.1973221931896678,0.0,0.12631279092413053,-0.7609600642795866,-0.32515741241126,0.0,-0.13533503545639788,-1.8109264869569166,-0.16208274154351537,0.0,0.153570576469661,-2.173755831586883,-0.4560742532623152,0.0,0.057233361113447845,-2.2966150226803,-0.5531236571216407,0.0,-0.12020918621215348,-1.4621676570932378,-0.28141546494011244,0.0
0.0,0.0,0.0,0.0,0.5266494807722766,-0.11850765372797191,-0.2081299372799236,0.0,1.6399813991892782,-1.0397459738347423,-0.43705367960007574,0.0,1.6442543534060365,-1.3153807569450864,-0.4185763676104159,0.0,1.3994398872190867,-1.1322767307111303,-0.3298562726500443,0.0,1.8234018806303127,-2.6982213722521005,-0.1287011577448155,0.0,1.762535253773726,-2.227317047691004,-0.5720847329685591,0.0,1.9570224873739468,-1.9709717849034856,-1.1823131569147853,0.0,0.9853863350811118,-0.7045432717078681,-0.8366739301865433,0.0,1.133609189218049,-2.93312771295151,-0.09470913812014653,0.0,1.447882490461225,-2.774645873517973,-0.640693904822152,0.0,2.949320658601592,-5.107738497082621,-2.2343864772814515,0.0,0.5720107369958078,-0.8131646462536435,-0.5817645969605866,0.0,0.3649484537607531,-2.4086077283606047,-0.12896294751460421,0.0,0.830544192061208,-2.831040869920888,-0.6956008829020051,0.0,0.8531374369523007,-3.2703958055999647,-1.0952021251928494,0.0,0.16848854845061753,-0.8850452547799345,-0.28341202587907355,0.0,-0.11582451088160352,-1.8307356701995539,-0.15310625465580527,0.0,0.18671764126008794,-2.226541185533574,-0.426710181571878,0.0,0.1018589772715003,-2.350587610989288,-0.4874907462167288,0.0,-0.07732413824550176,-1.5510563930230956,-0.22239973710689798,0.0
0.0,0.0,0.0,0.0,0.5275970251718561,-0.11747090318129214,-0.2047736413017584,0.0,1.6090664757978863,-0.9945889974460242,-0.4290746350866519,0.0,1.652373899928167,-1.2968934863537602,-0.4229474081748884,0.0,1.4102460021524947,-1.1122683004174951,-0.33499359666056655,0.0,1.8312015360600988,-2.7052438673089827,-0.11493644338229442,0.0,1.7772286595849855,-2.2447928626390223,-0.5620030091339808,0.0,1.969877552752876,-1.9960009296635453,-1.1766790153991415,0.0,0.9746823620111944,-0.7034469653246317,-0.8277714158142182,0.0,1.1366431098036902,-2.934880041266526,-0.0828462339708104,0.0,1.4484356274153414,-2.784827320601342,-0.6202982653486494,0.0,3.13060489798732,-5.469086065347919,-2.2974193918922796,0.0,0.5794619587143937,-0.8412308856213664,-0.5729887437695106,0.0,0.3696048266819191,-2.411507181378023,-0.1207112124893523,0.0,0.8302354936648311,-2.8169119064778805,-0.6705310771953233,0.0,0.9101273520403936,-3.43758852690768,-1.0984249698242967,0.0,0.1846543840608652,-0.9273765291398093,-0.2762714695887434,0.0,-0.10986654017561676,-1.8398662649159465,-0.14866497390703454,0.0,0.1915297545562368,-2.219010709575121,-0.41420583465598093,0.0,0.1161062716608884,-2.3822403044187865,-0.4767314203129748,0.0,-0.06498992217228693,-1.5968317967370305,-0.2174329847244807,0.0
0.0,0.0,0.0,0.0,0.5352206337720838,-0.14903330820968988,-0.22928950300577414,0.0,1.5281947958116597,-1.0694583888807991,-0.486871275114163,0.0,1.5256775687587478,-1.3222541823316627,-0.4738419439415941,0.0,1.3131796248952776,-1.123825067099065,-0.3770271814947996,0.0,1.2144378578701338,-2.3569855603136936,-0.1799050302831988,0.0,1.6356057850844128,-2.275708331025893,-0.7094145671477441,0.0,1.5320628553478486,-1.626061106129385,-1.2373253817972634,0.0,0.7597259892066873,-0.5253061570262391,-0.890635966156058,0.0,0.6514266021446063,-2.3621864285567784,-0.13516392298659116,0.0,1.497220523358693,-3.315469719677809,-0.8660781007273637,0.0,1.7578062145201563,-3.509098170496205,-1.8317366442284138,0.0,0.39179288633518816,-0.653627327315981,-0.6365672381240988,0.0,0.1627853544018683,-2.165283050419521,-0.1538350951569108,0.0,0.6924798718743723,-3.2649950420274827,-0.8622404586792183,0.0,0.4718267104895326,-2.7307719347447965,-1.020427743846521,0.0,0.0700603744782311,-0.7802284607364669,-0.32911794163653596,0.0,-0.22162148108776344,-1.8022515862570487,-0.181144435245297,0.0,-0.017272225696079602,-2.236111674815848,-0.4532561635369027,0.0,-0.11956630224987405,-2.196667081339737,-0.463171868925688,0.0,-0.22771322533163119,-1.4864695568137694,-0.2150491878390474,0.0
0.0,0.0,0.0,0.0,0.553288991188958,-0.16121833863765916,-0.23751310691000566,0.0,1.4981203521658633,-1.004000773428581,-0.4972285110760239,0.0,1.5270117136305907,-1.3010085148660209,-0.5052043403191637,0.0,1.3128870126020262,-1.1182275572815117,-0.4111734151134574,0.0,1.2356498333899828,-2.3337420286633455,-0.16225149578174736,0.0,1.6527735032021245,-2.3379115604521994,-0.7215995683472131,0.0,1.5507263200988515,-1.6991533229970843,-1.2894188056371054,0.0,0.7714345170423115,-0.5702411878661305,-0.9426681595075671,0.0,0.6758004746387476,-2.373223795887094,-0.11687690921258562,0.0,1.4730504763884014,-3.2913825450512646,-0.8480997474945448,0.0,1.8349427571465786,-3.6958522053141305,-1.9455768476124347,0.0,0.3926022118004524,-0.6666831314533007,-0.6665018218382736,0.0,0.18136133967357523,-2.172420364742867,-0.13428106159042347,0.0,0.6973712852598289,-3.2578416348803994,-0.841971984406193,0.0,0.474585553688016,-2.79510561619717,-1.0547021379662604,0.0,0.0622628930693064,-0.8165300220684195,-0.3553803408075017,0.0,-0.20703905770791609,-1.8135279670996869,-0.16328419413736162,0.0,0.0007795009967614168,-2.2661201017487826,-0.43847023949297154,0.0,-0.11194400244822225,-2.184337428750652,-0.45016685006434,0.0,-0.23350550254819716,-1.425174365498084,-0.2032044028318811,0.0
0.0,0.0,0.0,0.0,0.5660103716169691,-0.24668741227691002,-0.23514994056704394,0.0,1.4925795980144883,-1.215383907999314,-0.5026656154224629,0.0,1.4292364107817257,-1.435319381107921,-0.48673057570070394,0.0,1.221451217503066,-1.195805157296946,-0.39123877995227696,0.0,0.9153085780600742,-2.256175275034357,-0.175825442342454,0.0,1.4289240495348003,-2.3241748713046735,-0.7097336112266381,0.0,1.447866308402458,-1.754057711310888,-1.295557380762314,0.0,0.756039869988955,-0.6102829180311674,-0.9638883067035242,0.0,0.41858759582371113,-2.2303048701658374,-0.13803122232482623,0.0,1.3433819429487492,-3.5244392835702567,-0.929426376466996,0.0,1.4459472863000264,-3.1070240069355926,-1.715425321024362,0.0,0.3806304803329824,-0.5858611639132717,-0.6537234044894932,0.0,-0.0028737895896795364,-2.071521437444838,-0.15547937837177772,0.0,0.5302867911469215,-3.5836285272013946,-1.0146255590898778,0.0,0.2788484908019453,-2.255445352936968,-0.9956185109588784,0.0,0.03434887496276662,-0.6109431271539232,-0.365252247128008,0.0,-0.3582632053451998,-1.7281162760788513,-0.18232247445510022,0.0,-0.19218574180091114,-2.230710734689323,-0.49557639671612885,0.0,-0.2560861355598917,-2.055495785434159,-0.5120080850172481,0.0,-0.29450762735840436,-1.2468426331734814,-0.2461310468382737,0.0
0.0,0.0,0.0,0.0,0.5955504191308446,-0.2706525465288205,-0.26167015743594113,0.0,1.4391135346072004,-1.1217337197178943,-0.5515872968112432,0.0,1.4037712940301257,-1.3346551276029968,-0.5559404596070306,0.0,1.2103726728877244,-1.1436533249535523,-0.46573016951505447,0.0,0.8918976129855943,-2.2285016400489877,-0.2037576188142962,0.0,1.4173328112156398,-2.398303650578024,-0.8203109675308267,0.0,1.3447834409534916,-1.7135258831761992,-1.420582309216261,0.0,0.6899381192647058,-0.5917509969150044,-1.0558156740437707,0.0,0.39686395030226024,-2.220719987072173,-0.15960199222648555,0.0,1.3293952152967612,-3.672170382772602,-1.0463539303025158,0.0,1.3682858667721205,-3.065095105729248,-1.8562078769004258,0.0,0.3536267488023444,-0.599645840618076,-0.7456035735819007,0.0,-0.02698682580917651,-2.0568728888573466,-0.17135607263876607,0.0,0.4332277671383794,-3.458230354623659,-1.0004589916173992,0.0,0.26035000771940603,-2.4791511032002216,-1.1225504288946688,0.0,0.01796992265845403,-0.698000885145265,-0.43650055662922765,0.0,-0.3807932895025831,-1.7092945837879234,-0.1963781429931638,0.0,-0.22960050640018237,-2.1844579340998878,-0.4974462146191913,0.0,-0.26519618194259104,-2.096025793041256,-0.5423825185214188,0.0,-0.2883811738564012,-1.2997204481113596,-0.2862424152046154,0.0
0.0,0.0,0.0,0.0,0.590977155324846,-0.3216824765846801,-0.24802367914619106,0.0,1.4438343529502737,-1.3289511966905014,-0.5340374112279556,0.0,1.333426324206282,-1.50927749092882,-0.5165989286656243,0.0,1.1409533595225139,-1.2504804344290028,-0.41914809036889755,0.0,0.7658401688746915,-2.1925547097276272,-0.1808584392554976,0.0,1.2967515810403456,-2.4204621375907567,-0.7576921552223261,0.0,1.2930912344049468,-1.7451933319499109,-1.3430282835743144,0.0,0.6626061563300936,-0.5997482463981231,-0.9871385044427736,0.0,0.30271659624804936,-2.198914586812368,-0.14726954179223828,0.0,1.250454838942596,-3.9291694473503527,-1.0652442460047007,0.0,1.1007785259820413,-2.6908154539738347,-1.558879386889179,0.0,0.3213368401107241,-0.5571737376833409,-0.6620720004338445,0.0,-0.10444520006725802,-2.050205584564488,-0.16358652669530468,0.0,0.3555072633554357,-3.76288632968892,-1.0768507157427494,0.0,0.16984229875274318,-2.273793429836726,-1.0259142798557412,0.0,-0.002919811852277068,-0.6451929781168213,-0.4071854833986142,0.0,-0.4471435626480138,-1.704938532594662,-0.1914419573661883,0.0,-0.31944153853542495,-2.2238308506724525,-0.5151430318915894,0.0,-0.3608213043081271,-1.9943095450894242,-0.5465479094988318,0.0,-0.35389545312335535,-1.1809251130443799,-0.28985947603428264,0.0
0.0,0.0,0.0,0.0,0.5764381415999998,-0.2578208308814336,-0.2758383378357247,0.0,1.4020506066257281,-1.2295360686584815,-0.5822446254006525,0.0,1.3219935179017002,-1.5249210440653191,-0.5686277851204959,0.0,1.1067866814268,-1.3019307309627106,-0.4488073717501672,0.0,0.7277325851179033,-2.134055448048928,-0.22475956714278755,0.0,1.260712846258953,-2.3769724138811816,-0.8515208255303818,0.0,1.2286323960811887,-1.6327654876965276,-1.4102866930769875,0.0,0.6713249842265813,-0.5935424592997028,-1.058404810559829,0.0,0.26928310825829443,-2.130918285976452,-0.1775559494859555,0.0,1.1498901595708146,-3.7154320739208964,-1.132070985500745,0.0,1.1455179427234194,-2.744796348807031,-1.7489942284511752,0.0,0.3930370148154155,-0.6586440447466461,-0.7766001321256802,0.0,-0.12768628157859466,-1.9891296241069496,-0.18530550606169324,0.0,0.3393110582592992,-3.908038834963386,-1.3002812404419903,0.0,0.14819458507172387,-1.9348246429174794,-1.0512062059417406,0.0,0.01599201864417796,-0.6232945790720423,-0.46362268060920064,0.0,-0.4617114148673841,-1.6607623518287398,-0.2072222297392023,0.0,-0.3688803246757551,-2.161612241848273,-0.574590170983515,0.0,-0.3839897308301128,-1.7607096639368058,-0.5872723947730681,0.0,-0.3574447273274226,-1.055970660281062,-0.3314939234692167,0.0
0.0,0.0,0.0,0.0,0.6124169294580004,-0.3151262533002892,-0.2839892734073899,0.0,1.3870465840733113,-1.2320356184370074,-0.5743086476064215,0.0,1.2943561591116157,-1.472511589652013,-0.5630324769682256,0.0,1.0948876601285933,-1.2689165571810046,-0.45621917455082583,0.0,0.7176524579790046,-2.0997966417712304,-0.213909042206267,0.0,1.2812371775597866,-2.4330583896400695,-0.8964510757764708,0.0,1.1779253019050862,-1.62454805924842,-1.444805720641805,0.0,0.6288444612680667,-0.5906534171055383,-1.091036731760587,0.0,0.26269252311776986,-2.112157055003856,-0.17287912179691878,0.0,1.159195147429417,-3.8576074993009413,-1.1981646478661507,0.0,1.0721091799487759,-2.796394673398735,-1.8204863826370157,0.0,0.32904368609770845,-0.6184125825127436,-0.7907957396593839,0.0,-0.1379562925940838,-1.9773155617624063,-0.18476241729878248,0.0,0.2622091624531612,-3.8890868260861873,-1.3194076474951624,0.0,0.07085312243253132,-1.8887511473814707,-1.0499783568611873,0.0,-0.02623985403091242,-0.5735236015633421,-0.46427754614862154,0.0,-0.47950896485481087,-1.645361402100229,-0.21067337975601483,0.0,-0.4210955315538352,-2.089237860593684,-0.5793031453161348,0.0,-0.43076111718829124,-1.6908371299792022,-0.5924281780570165,0.0,-0.3858927884185768,-1.0318866337824826,-0.3492353173330444,0.0
0.0,0.0,0.0,0.0,0.5895852796146626,-0.325788312113123,-0.2812797440947276,0.0,1.404886486187194,-1.4075575276533399,-0.5968235844608686,0.0,1.2506396239938624,-1.6289805387056928,-0.554304315844162,0.0,1.0356963282925256,-1.3712568464175463,-0.43409249351185597,0.0,0.6601836507546239,-2.1947692340751446,-0.22467505345252703,0.0,1.1814013815225624,-2.4428323452808596,-0.8388336167520554,0.0,1.1989058775521642,-1.7778530667727848,-1.4423792040793713,0.0,0.6452941600581392,-0.6442532556980355,-1.0688618621981274,0.0,0.20795776826766693,-2.175632903952781,-0.17654860537342446,0.0,1.0699970142459845,-3.8361682823322676,-1.1441154700126455,0.0,1.049061106651682,-2.7571031856081487,-1.7267179432887085,0.0,0.36386380675170327,-0.6177988362462474,-0.754722728414775,0.0,-0.1854103628082949,-2.0247512592712242,-0.18453874064895884,0.0,0.22088057416692278,-3.9698504889014328,-1.306368532414393,0.0,0.09690084856559417,-1.9251061492704296,-1.0527872183253946,0.0,0.018790562714683504,-0.5699241904506194,-0.46067390849342343,0.0,-0.5175026036896977,-1.6605313322295958,-0.20396092539805685,0.0,-0.43975796948122164,-2.152409719278594,-0.5744322273471784,0.0,-0.4233748156727686,-1.8028194329487197,-0.6104772634045764,0.0,-0.34599592165488746,-1.076075121837703,-0.357268598038062,0.0
0.0,0.0,0.0,0.0,0.5904873873668338,-0.3297349999384525,-0.29462799748116253,0.0,1.3480570610684863,-1.3375367651952694,-0.609033210344482,0.0,1.2265150618680292,-1.5843601820962845,-0.586366072454172,0.0,1.0236829604107534,-1.3485755147646044,-0.46437384238026563,0.0,0.6354837729925321,-2.155724808695307,-0.22438378350333246,0.0,1.1476271416837165,-2.471885793797515,-0.8843869839617804,0.0,1.1275581604971399,-1.7034377128682,-1.446458827237697,0.0,0.6152827429559719,-0.5901117004421083,-1.0717561420845203,0.0,0.18339223085115502,-2.1539242210350724,-0.1766073354871706,0.0,0.9973036148059164,-3.9080629293488354,-1.2016009943548385,0.0,0.9868180706901828,-2.7849522043415798,-1.803082055732733,0.0,0.3176552095215014,-0.5637524527448545,-0.7653274388166008,0.0,-0.21648130504582047,-2.0038728335900555,-0.1849405029505964,0.0,0.09898069963435537,-3.8771432079528165,-1.2846478629528433,0.0,0.006392528796986591,-1.9725303156460805,-1.0712089899794692,0.0,-0.039281369249827114,-0.5676075778029954,-0.46445428125465765,0.0,-0.5502653943600732,-1.63709758623852,-0.20733556449635865,0.0,-0.49848033502430017,-2.088858152412056,-0.562532229223825,0.0,-0.4995570058790078,-1.7508060832472565,-0.5841552623817045,0.0,-0.4369032451505723,-1.0805963972056791,-0.3481548475505203,0.0
0.0,0.0,0.0,0.0,0.5975279871347771,-0.33358266168434997,-0.2963986330582812,0.0,1.362421377100148,-1.3350271100465523,-0.6138722939323572,0.0,1.2413192578993781,-1.590546234977097,-0.5940214432107884,0.0,1.035990255768551,-1.3477325619489458,-0.4694108802618045,0.0,0.6480028785049661,-2.1428079045056028,-0.22231803758739177,0.0,1.1677118946582963,-2.472453527391784,-0.8811499687720566,0.0,1.1435578359594794,-1.7349883866561393,-1.4686352279032253,0.0,0.6119361365278091,-0.6151163678011821,-1.0903152497616106,0.0,0.20064773493795002,-2.1490276525783196,-0.17590490348266039,0.0,1.0277882494331845,-3.901791711433298,-1.1855362017696418,0.0,1.0534549754822364,-2.9021835256236463,-1.8451831963764742,0.0,0.3465354999943192,-0.633878374991415,-0.7973735695982437,0.0,-0.19817849514675293,-2.005998587494577,-0.18416708117334382,0.0,0.1478206247100612,-3.964714606299431,-1.3110682139616678,0.0,0.05225529431417947,-2.0029983770597988,-1.0836747264000712,0.0,-0.016880752783087274,-0.6077951643244501,-0.48105021904740264,0.0,-0.5357221794722167,-1.6433949715455838,-0.2068347426066472,0.0,-0.4818944825674648,-2.1052953326399217,-0.574551710397968,0.0,-0.47049907979308253,-1.7138471929036314,-0.5935822517392356,0.0,-0.41067377547903333,-1.0365327883317685,-0.35497628914078067,0.0
0.0,0.0,0.0,0.0,0.601297072664824,-0.40065995104479735,-0.27462760756410837,0.0,1.4055617597180612,-1.622677541379162,-0.5930021514640873,0.0,1.1687704803032168,-1.715624188459048,-0.521137402278169,0.0,0.9624626998391169,-1.4233265144840963,-0.4050625492874226,0.0,0.6086463515016655,-2.2524794071325744,-0.20456847634341888,0.0,1.1096849866344507,-2.500847227550982,-0.8014589445141738,0.0,1.1736568913205385,-1.8546890293275353,-1.3979455021793337,0.0,0.6465967637920327,-0.6608178661948956,-1.0303500269791661,0.0,0.14788988146947044,-2.233765795794693,-0.1644571462706469,0.0,0.9488348665934425,-3.9134597514335043,-1.1092732937954113,0.0,1.0125122259842594,-2.893215750167399,-1.6989890380078077,0.0,0.3532214747025924,-0.5993219846363612,-0.7058442820973996,0.0,-0.258658397629835,-2.056875566015318,-0.1802097114808213,0.0,0.07639819072155378,-3.928772835728938,-1.2474314183337396,0.0,0.034007757326234206,-1.9924227393271505,-1.0229781935833708,0.0,-0.0015898576138170016,-0.5831649033393526,-0.43191929175458804,0.0,-0.5838025442994432,-1.643975898853309,-0.2046542996072223,0.0,-0.5129641900532201,-2.1437795064202256,-0.5754646238831775,0.0,-0.46559255440568964,-1.778665451237777,-0.5974775514647934,0.0,-0.36592228237689517,-1.0641192855315693,-0.343652032389941,0.0
0.0,0.0,0.0,0.0,0.5852524865627581,-0.38335672137437865,-0.27053493749782204,0.0,1.3438884537362972,-1.5158870132273523,-0.5706317968160499,0.0,1.1727144734810133,-1.6895044614188441,-0.5317454671011701,0.0,0.9635645206526444,-1.433785469701099,-0.4205090082312898,0.0,0.5900704329849815,-2.242282884508285,-0.20150450082023313,0.0,1.0731157884857798,-2.5515161689369283,-0.8080140207398766,0.0,1.1350839934243322,-1.883124359626627,-1.3921424827082713,0.0,0.6373107494826036,-0.6878424830985275,-1.0375873565795146,0.0,0.13201250130098338,-2.234702011152033,-0.16025776293303506,0.0,0.8990879710248642,-4.074879112331963,-1.121310702189318,0.0,0.9449955829015677,-2.9035484565416168,-1.670911042863063,0.0,0.31761712432214806,-0.5985781077519109,-0.704648932978286,0.0,-0.2778057889219219,-2.066970782754157,-0.17334015229345917,0.0,-0.009448143635292835,-3.846223130736163,-1.1520627679971425,0.0,-0.01752714179241497,-2.1459119683185257,-1.0259928722519456,0.0,-0.037513559859949475,-0.6224940917096856,-0.42952490697733803,0.0,-0.6067006960228063,-1.6509521642206786,-0.19668277181742552,0.0,-0.5465796229617786,-2.13194617612642,-0.5375923982089308,0.0,-0.5231873643144098,-1.8338080613897367,-0.5569455253948122,0.0,-0.4380353901664726,-1.118231160940651,-0.3153259282623188,0.0
0.0,0.0,0.0,0.0,0.5583577720097869,-0.4312532152372205,-0.27490459363528347,0.0,1.3148200981223928,-1.7253340145708724,-0.5861295640230626,0.0,1.0799895779190283,-1.8286858904536496,-0.5178486705847393,0.0,0.8886891766478218,-1.507348060038731,-0.3971281121862953,0.0,0.5338367494224657,-2.4136250900000094,-0.1943503456264357,0.0,0.9299258193973821,-2.571534154377056,-0.7220487732224317,0.0,1.1236904929449922,-2.163434053279617,-1.3815193070607499,0.0,0.634836726912665,-0.816907965276885,-1.0116325378329514,0.0,0.05521355013629397,-2.3746490751260594,-0.14710576652230614,0.0,0.6402033618715688,-3.6724253227391794,-0.9216070544983941,0.0,0.9631996981523049,-3.6054911956143356,-1.8284624783936,0.0,0.32446284872048814,-0.7140009332178032,-0.6779457217721564,0.0,-0.36519368633172256,-2.151274633256553,-0.1590209682804659,0.0,-0.12409950240367139,-3.6896121855210327,-1.0543454211053214,0.0,-0.056435344869081895,-2.1833995296818753,-0.9971576090809148,0.0,-0.015539577146336577,-0.5658838378597026,-0.3642389791555928,0.0,-0.6741949114835597,-1.6593636589576979,-0.17742293773288154,0.0,-0.608537621264872,-2.184465164374542,-0.5235769947043107,0.0,-0.5679298552024579,-1.8790023638918778,-0.5375856860687298,0.0,-0.42435642192144,-1.0670907884456278,-0.2665546704911021,0.0
0.0,0.0,0.0,0.0,0.5639231178803826,-0.41414134128391117,-0.2687283414230002,0.0,1.3286524897899288,-1.670947626645014,-0.569569962232294,0.0,1.1110435061417328,-1.7976990317882553,-0.5121478806131441,0.0,0.9075136977129674,-1.5042531159457173,-0.3979378092974049,0.0,0.5678284749706412,-2.39977337229571,-0.19371085827880022,0.0,0.9716074451798268,-2.5631238243239465,-0.725452290419483,0.0,1.151376547449886,-2.0835210216746214,-1.3470876285472928,0.0,0.6720740744310251,-0.7939210713167671,-1.003628559592153,0.0,0.08344017144816308,-2.372946581124339,-0.14829765430877312,0.0,0.7059652141030534,-3.758565426684069,-0.9398182082553165,0.0,1.0167384791016105,-3.4574147260224883,-1.758229037908365,0.0,0.3466733654573015,-0.671753203797285,-0.6636221223327243,0.0,-0.34339192331549484,-2.1456697946020333,-0.16037147792483977,0.0,-0.10181073069029145,-3.597782223808207,-1.0060030346597495,0.0,-0.04833560464190955,-2.265550741520674,-1.0048663591674967,0.0,-0.019821380722282535,-0.5745759001662643,-0.36846081185110496,0.0,-0.6558543762139413,-1.6615301340904127,-0.18061850186505796,0.0,-0.5888348994178896,-2.138902023770967,-0.5100360314689163,0.0,-0.5649560512165526,-1.8791262511077704,-0.5372741912583388,0.0,-0.43276507251725227,-1.0686362017518187,-0.27934034464425556,0.0
0.0,0.0,0.0,0.0,0.5284286444950821,-0.3872143308995701,-0.2603331366297827,0.0,1.3034763068268027,-1.7117435824119667,-0.5530230427141243,0.0,1.0795699998096044,-1.8863562498744983,-0.49265903935005056,0.0,0.8819816934315963,-1.5521036308645708,-0.3697608377773889,0.0,0.6329388733672794,-2.6985623468699678,-0.19084920419194437,0.0,0.9100962133441082,-2.560469414072911,-0.6210846517268048,0.0,1.1942541682844594,-2.3942991547810317,-1.2810134748969422,0.0,0.698175758747374,-0.9758305345940976,-0.9561178289729959,0.0,0.09761271250367894,-2.648671936441418,-0.12584743593990616,0.0,0.5883240316567284,-3.447051928691658,-0.7395070107819588,0.0,1.1257647180724344,-4.728228104187782,-1.9674099559449092,0.0,0.3062401680730415,-0.8732216273006775,-0.6193799220640847,0.0,-0.36357344256448043,-2.3191881158548453,-0.12688225802083622,0.0,-0.10602180802879763,-3.541897057462241,-0.842946574751504,0.0,-0.09273409969338564,-2.586057832879441,-0.9171865830709214,0.0,-0.04688933569470657,-0.6912272962016714,-0.29069792778306003,0.0,-0.6697204520917152,-1.7331346278158553,-0.13769227139240908,0.0,-0.5802895169958456,-2.2776082074067827,-0.43577813787912,0.0,-0.5698962422176921,-2.021797133201302,-0.4360372040956995,0.0,-0.43328407816487335,-1.130582185213216,-0.1823285219981788,0.0
0.0,0.0,0.0,0.0,0.5310303666833305,-0.3827300244015701,-0.25028540486095535,0.0,1.3157306751866924,-1.7073277769826374,-0.5352864780335835,0.0,1.098333990306286,-1.892595651198665,-0.47927518057628504,0.0,0.892590642262094,-1.5579058656940379,-0.3584295849534213,0.0,0.6683530229073592,-2.7003124988954212,-0.18933494969476936,0.0,0.9188102547822383,-2.55223203681856,-0.6034100464563537,0.0,1.2241487097568462,-2.4487033462011523,-1.263381188798173,0.0,0.7265889678097317,-1.01032154862762,-0.9528083129101501,0.0,0.12745844294928763,-2.666838784583805,-0.12701319257338556,0.0,0.6321549965180936,-3.50405677770813,-0.7360856541171666,0.0,1.1711899250699733,-4.706440448149659,-1.8963274639306853,0.0,0.3084289269504185,-0.8426934036581534,-0.5856119933115549,0.0,-0.34341187766799625,-2.3375517533542842,-0.12835524415115085,0.0,-0.09096448328138,-3.546678608941106,-0.815088574013158,0.0,-0.08426351833063302,-2.5943930309510232,-0.8682829239193418,0.0,-0.03809708580281051,-0.6840363190962758,-0.2677429208658401,0.0,-0.6553083668459532,-1.7540647808248926,-0.14005683162219598,0.0,-0.5727327114851416,-2.249022846397669,-0.42166193755053283,0.0,-0.5632225095296814,-2.0077412090775772,-0.42027790754557504,0.0,-0.4202228210559739,-1.14693544683995,-0.17696843884121077,0.0
0.0,0.0,0.0,0.0,0.49709079742705403,-0.3794657553134037,-0.23884958676787846,0.0,1.32120833216952,-1.8902952512889943,-0.5066677569996595,0.0,1.0459947243368,-1.9826905040627636,-0.4221063011652357,0.0,0.8361923840824491,-1.6489995071576162,-0.3093364408581135,0.0,0.9214048948288897,-3.391727595095134,-0.1880842374663421,0.0,0.8916136402769335,-2.659927476470026,-0.5388832855301278,0.0,1.3218061134074615,-3.0640623549434975,-1.2532622790326593,0.0,0.774251570134079,-1.366950608106333,-0.9187219000074767,0.0,0.2420443309107456,-3.6530854449969627,-0.12333910942624382,0.0,0.5173259412462591,-3.1492216842988134,-0.6108517682218798,0.0,1.3137562917098593,-6.506920337208542,-2.2958077008475137,0.0,0.28740662344359186,-1.099661851922514,-0.5847561749460242,0.0,-0.40056042545516385,-2.7420548856002216,-0.12412096775485856,0.0,-0.0496829677097957,-3.1946003203841347,-0.6888278240140309,0.0,-0.10700026114993616,-3.5391784195288123,-1.0388898384179992,0.0,-0.06955719810254987,-0.88843463716318,-0.2501453060333597,0.0,-0.6964842498690909,-1.7764511062928283,-0.12588894713426077,0.0,-0.5101115327273797,-2.419087354793734,-0.42491394133553423,0.0,-0.5722708469518445,-2.409631100831737,-0.45800141062878275,0.0,-0.43898138843240037,-1.3142313443098002,-0.16962122847215969,0.0
0.0,0.0,0.0,0.0,0.5020697585755881,-0.36823374692474814,-0.22180692195980786,0.0,1.35622836704455,-1.8347121694079251,-0.4785707875625016,0.0,1.1155977443452563,-1.9720422646998936,-0.41054446884330814,0.0,0.8789205643276601,-1.6489775990620625,-0.30278185388772,0.0,1.1184915210448143,-3.630247882779152,-0.11032208089092782,0.0,0.9280933860860495,-2.652762835232402,-0.4606099985749191,0.0,1.4249869535343895,-3.278351549188946,-1.14115203356355,0.0,0.9443903837715322,-1.715344294115145,-0.9505392876517946,0.0,0.41303146319181167,-4.031707322009726,-0.04894958369887719,0.0,0.6016900889513186,-3.1217461358630083,-0.5403027304229407,0.0,1.6078938149881712,-7.0903107502801035,-2.282567089824815,0.0,0.2994304234407817,-1.1493743373003216,-0.5522945932954207,0.0,-0.3300249720170961,-2.876432564694556,-0.08087228917928788,0.0,0.04035516348384639,-3.1366813777402713,-0.6091260478296129,0.0,-0.010451701101842771,-4.014314955849818,-1.0309164681020624,0.0,-0.06186432141675311,-0.9995100445434405,-0.221464619358724,0.0,-0.6564903520561105,-1.7985238276731657,-0.10203545394274646,0.0,-0.45014331759240944,-2.4424934428670224,-0.39102625092569115,0.0,-0.5104548498906177,-2.4537023249249215,-0.40784662518628817,0.0,-0.4021208782459587,-1.3275607396612636,-0.12544316896904234,0.0
0.0,0.0,0.0,0.0,0.49138048367321474,-0.33724021389798126,-0.22221375881555952,0.0,1.348389313119998,-1.7771080496789655,-0.46650753231110986,0.0,1.122689991064195,-1.9583451188249241,-0.39845819953653383,0.0,0.8830271408869641,-1.6498508025981475,-0.29025878527990373,0.0,1.128403234254919,-3.562515875697128,-0.11479286759806215,0.0,0.9484979124013975,-2.6296086096644244,-0.4634620220454839,0.0,1.4194362455502825,-3.176797587132977,-1.130370886630813,0.0,0.9127275915937381,-1.6145867578747646,-0.9220809545426117,0.0,0.43319516791572077,-3.9564098667787344,-0.04496435011875369,0.0,0.6135269392136753,-3.122789013344609,-0.528931163988919,0.0,1.6247400233125704,-7.2258888608765846,-2.2629691690217832,0.0,0.28534305440302365,-1.144628103389869,-0.5286725598847531,0.0,-0.3072267049864125,-2.8852294546622046,-0.07216679550389421,0.0,0.0374245297404232,-3.144655126306502,-0.5980469564072446,0.0,-0.04230299871095803,-3.7403820481402175,-0.9343560634018205,0.0,-0.07670409958746309,-0.9586666901164616,-0.1980780853729234,0.0,-0.6429742653803311,-1.8356547991051975,-0.09380271812611521,0.0,-0.44335029558689437,-2.432658341047871,-0.3748206734753283,0.0,-0.516917732767251,-2.410601823530113,-0.3778350924754878,0.0,-0.4225617110777594,-1.3554476388944918,-0.1087903979442421,0.0
0.0,0.0,0.0,0.0,0.5070083671074663,-0.3428568584153078,-0.22266341368226672,0.0,1.3853932957710167,-1.7926329979734645,-0.4549182682613065,0.0,1.1454394710029252,-1.9538983749577727,-0.38240661548202215,0.0,0.8965580045221352,-1.657634241773149,-0.2771926605622377,0.0,1.2693693440133358,-3.7241558162334125,-0.08727408831105325,0.0,1.0138885465903216,-2.6656214538453225,-0.4421387141273006,0.0,1.5221369287787365,-3.321743457871582,-1.1082359405874433,0.0,0.9719320549015061,-1.7437739755995678,-0.9083598090486437,0.0,0.5685190563108714,-4.2914904561992895,-0.014666112775236434,0.0,0.6577724690080534,-3.1073750647187954,-0.5093622559838958,0.0,1.8093329161006577,-7.765281791656468,-2.3442652793514283,0.0,0.31846826427290015,-1.234462529888772,-0.5349675753433619,0.0,-0.2578310639996341,-2.9965467521482596,-0.05900648689069772,0.0,0.1026311429896947,-3.1527902263337255,-0.5942990518028645,0.0,0.012314013916819532,-3.817180797430607,-0.9478809905467235,0.0,-0.07018553695294401,-0.9946080965456778,-0.20176403867855436,0.0,-0.6127409590346863,-1.8650592729279214,-0.08886545811133044,0.0,-0.37140033217380575,-2.4998334738480654,-0.3727567884882119,0.0,-0.47157180386904635,-2.5270828818136875,-0.3763574826462854,0.0,-0.41910333677948175,-1.4151904793891155,-0.10381457862935106,0.0
0.0,0.0,0.0,0.0,0.4952393964073823,-0.326011631834408,-0.21973149638685766,0.0,1.3792357588956485,-1.7754347108745576,-0.45092593113315005,0.0,1.1435176970182348,-1.9437815085542915,-0.3781051799818105,0.0,0.8951489504346846,-1.6505673534156646,-0.2742497997467093,0.0,1.2474471575328177,-3.685334803428983,-0.09852062725399355,0.0,1.0041808052382366,-2.6390802915735163,-0.4523146424886835,0.0,1.4963393682409334,-3.240403190909582,-1.1119893089086912,0.0,0.9718905403483878,-1.7093680690711701,-0.9205734677093289,0.0,0.5415339399990002,-4.200779020294916,-0.03338132997131935,0.0,0.6530428417914923,-3.094626104714279,-0.5233446960550346,0.0,1.796145862014079,-7.625035377311199,-2.3672073278155548,0.0,0.32134227950957384,-1.2267303902111528,-0.550844957540066,0.0,-0.2662371860418824,-2.9654269925348533,-0.07587353757291328,0.0,0.08652640023917806,-3.142729073993478,-0.6134761084300339,0.0,0.00454614812155758,-3.663386903444916,-0.9528235817940559,0.0,-0.06570055361107309,-0.944075238846832,-0.20853400193401345,0.0,-0.6169557599568399,-1.8590637527529423,-0.10258617295670891,0.0,-0.38974673604681714,-2.464040951255979,-0.3860396033498322,0.0,-0.4870206917452268,-2.4609432390758506,-0.3903445340854634,0.0,-0.43051468824101335,-1.407854635309489,-0.11967824839825122,0.0
0.0,0.0,0.0,0.0,0.4989513099108761,-0.3284583629367867,-0.22302344459395115,0.0,1.3794821094725909,-1.7729061737710157,-0.4557070721747631,0.0,1.1427472627693334,-1.9440637360111486,-0.3827834502195142,0.0,0.8938260890695393,-1.650985484897844,-0.2774454795760258,0.0,1.244426213097548,-3.670709663268974,-0.09969591481739315,0.0,1.0060994896490754,-2.64298949688811,-0.45656269735553695,0.0,1.4927553468136168,-3.2217095213650797,-1.1151312906464868,0.0,0.9670547267794413,-1.6850272588603417,-0.9191609507513199,0.0,0.5440864920774625,-4.18129588733377,-0.029819645009918155,0.0,0.6564815070228982,-3.1110612978397163,-0.5310395525784501,0.0,1.7260919508625472,-7.322402178985986,-2.3117049925737985,0.0,0.3116619895109966,-1.1786304893683295,-0.546301694601117,0.0,-0.2604214224947777,-2.9659245547023243,-0.07047239344769353,0.0,0.0898760430498984,-3.1480424582158855,-0.6140694609562031,0.0,0.00037542183805014444,-3.669249133768531,-0.9597143371632694,0.0,-0.0721148636867222,-0.9427879571020357,-0.21248130857471847,0.0,-0.6131897784146699,-1.8657523999454222,-0.09741032544448135,0.0,-0.3851586564735534,-2.4724802013015235,-0.3823587005990428,0.0,-0.48679563132559567,-2.467113834721286,-0.3870180723510651,0.0,-0.4373010474366174,-1.4085895261160641,-0.11795954103543092,0.0
0.0,0.0,0.0,0.0,0.48821320438298105,-0.3301156355434433,-0.21364148272793296,0.0,1.369903701151444,-1.7815366175847682,-0.4358292041008059,0.0,1.1487411189810282,-1.9569181840891414,-0.364243836155561,0.0,0.8929768538281664,-1.6711152504257754,-0.2624622538996044,0.0,1.3318108750131488,-3.8667062242189827,-0.06851885011233665,0.0,0.9983064478974751,-2.6710214108946326,-0.41606617616685093,0.0,1.5239039141125703,-3.3964341011849433,-1.0560947149315205,0.0,0.9921914420619394,-1.8319902574252396,-0.8777007475018597,0.0,0.6252470428945329,-4.564050935926603,0.00684616024020291,0.0,0.6566461962605568,-3.1201099994774366,-0.48263452636517484,0.0,1.8997966458281748,-8.30301728255563,-2.3518540495854983,0.0,0.3171806408215637,-1.3137572436987792,-0.5202052030706401,0.0,-0.2586822560934434,-3.0947147604377494,-0.04861336748025395,0.0,0.09673027638597922,-3.1268583049281387,-0.560466406193713,0.0,-0.002728991120638016,-3.9823489857127354,-0.9182510594844694,0.0,-0.08333103093755267,-1.0353966816802302,-0.1826464260090855,0.0,-0.6172076659616095,-1.8910569379836815,-0.08328897748495173,0.0,-0.3744300345332806,-2.4913633507230215,-0.35654373854460736,0.0,-0.4886666853310755,-2.5439763365683907,-0.35355516957739763,0.0,-0.44449597056070306,-1.4639737102678416,-0.09068745481719116,0.0
0.0,0.0,0.0,0.0,0.4906708415559959,-0.32234241754630255,-0.21375063453063664,0.0,1.3836265760227424,-1.7802659932838236,-0.44419038129877536,0.0,1.15844623572446,-1.9593008318986798,-0.3729482963298349,0.0,0.8989343646166033,-1.6651921654345923,-0.2694595763978551,0.0,1.339892393275115,-3.7916438885860964,-0.09915032084447346,0.0,1.0308595886184626,-2.663134916878574,-0.44763008210899463,0.0,1.5270227863174015,-3.291516371599327,-1.093303345018656,0.0,0.9797158152536521,-1.7541528009074783,-0.9037907064485702,0.0,0.6438855311450817,-4.510522665198317,-0.03646774186326064,0.0,0.6639681084257877,-3.0895549082011184,-0.5071083550215257,0.0,1.983038160126833,-8.385775180442149,-2.4807052687034985,0.0,0.3378055899554594,-1.3238266605414206,-0.5517267232378343,0.0,-0.24257380940799536,-3.0827652381255843,-0.08192281258717418,0.0,0.10440279571902268,-3.123886271569818,-0.5958278356743388,0.0,0.020496920927689437,-3.8924910557557624,-0.9672344605836002,0.0,-0.07070375554698122,-1.0243488641776453,-0.20806338939701505,0.0,-0.607427638828152,-1.8904277504014866,-0.10645967600026783,0.0,-0.3659590678287449,-2.477569277402465,-0.38009568278723427,0.0,-0.4775410198927899,-2.5245014457399853,-0.38345217413349103,0.0,-0.4414661606581631,-1.4667449250872857,-0.11582267337379064,0.0
0.0,0.0,0.0,0.0,0.5066373217330206,-0.33241632309548946,-0.20480935632854325,0.0,1.414309566116203,-1.752533389802316,-0.4153369572406934,0.0,1.2007815987308552,-1.9687230835257847,-0.3561453768297959,0.0,0.9203789023520382,-1.683518554714644,-0.2578983785121486,0.0,1.4334978615692886,-3.956628786039025,-0.023695708177668074,0.0,1.043519742250175,-2.6925469117060112,-0.3891298946386502,0.0,1.607508884168399,-3.40330325646778,-1.0066093731316466,0.0,1.0976002640655482,-1.8985822128335739,-0.8748130333146811,0.0,0.7160293554965653,-4.6025811210891066,0.04273496698612409,0.0,0.7028762010810691,-3.1054330224414355,-0.4499711602789701,0.0,2.3571020326705896,-9.046558837679328,-2.4471152811065453,0.0,0.4212864288069008,-1.4524437399965884,-0.5579424411160763,0.0,-0.19282717942108585,-3.1060117570286323,-0.034653822366622476,0.0,0.15592760870935807,-3.0994819413018906,-0.5292332197607623,0.0,0.173139413299894,-4.385623853862114,-0.9655048362354148,0.0,-0.016156092506686103,-1.0898812858932314,-0.18771303905058268,0.0,-0.5753558069979999,-1.8929557010325015,-0.08144049563423683,0.0,-0.32971208931165485,-2.505952915270595,-0.36223144782029704,0.0,-0.4107147870959825,-2.5883568755575275,-0.37636277742464996,0.0,-0.3705309940153528,-1.444415313425358,-0.10957092441409945,0.0
0.0,0.0,0.0,0.0,0.5152283503978291,-0.33969112939767987,-0.2043878784566575,0.0,1.418349631603668,-1.765769878447008,-0.42014551119965027,0.0,1.2002446280133932,-1.9775972819613004,-0.3620337881509194,0.0,0.921236449039272,-1.6779807948989642,-0.26178641678926945,0.0,1.4294818224851822,-3.9228521124057494,-0.04113978955750815,0.0,1.0558591124998709,-2.679216128714727,-0.4042423379569124,0.0,1.610163321576942,-3.34210443008212,-1.021818938445056,0.0,1.0753920398463777,-1.8442629179330536,-0.8738812908074158,0.0,0.719052757729508,-4.622502778423797,0.015351067004536412,0.0,0.691845205601201,-3.0887978673101952,-0.4568246468285059,0.0,2.4885655219055134,-9.474566428891572,-2.55839535129995,0.0,0.43783360518055875,-1.4952958710212412,-0.5616133790545356,0.0,-0.20150965676037508,-3.1006196510805593,-0.05979253051842643,0.0,0.15395523634408084,-3.1248212443877508,-0.5597031211997981,0.0,0.18231977011296907,-4.29452354396315,-0.9914814348342194,0.0,-0.009760049548193657,-1.095083738390447,-0.20205232024964034,0.0,-0.5815033653471214,-1.8720815919570144,-0.1002344928653353,0.0,-0.32609136063164484,-2.5087600000333437,-0.37872131885010096,0.0,-0.40915237220773426,-2.621398442916251,-0.39308652002432387,0.0,-0.3894600712219717,-1.5107387665649137,-0.12490047642083342,0.0
0.0,0.0,0.0,0.0,0.5229673181588085,-0.361282687209856,-0.1968687842407169,0.0,1.4256672238184955,-1.8109973880363288,-0.39774103393989285,0.0,1.1808503230771212,-1.9625399486295823,-0.33709783284662787,0.0,0.9119299038077521,-1.6706243299062173,-0.24573770363258907,0.0,1.414453663749099,-3.893672772056618,-0.052384673173719025,0.0,1.039835121760132,-2.687894182135258,-0.40649820900574635,0.0,1.6025170891620408,-3.387453487843372,-1.032366384750434,0.0,1.0560108922773404,-1.8037809462593626,-0.8592983708369221,0.0,0.7161356331623913,-4.694222044481544,-0.010633492710780764,0.0,0.6864270738465452,-3.1072622672963983,-0.47234202101218004,0.0,2.3286247118139762,-9.055510361841792,-2.495966648772864,0.0,0.4027941591661522,-1.383753423401429,-0.5432320200813882,0.0,-0.22014635134698227,-3.1082974609121217,-0.08180732645389054,0.0,0.1318534670995817,-3.1225010011846006,-0.5672615427923988,0.0,0.1460326964958261,-4.226295065813756,-0.9841355975242947,0.0,-0.015968655817466565,-1.0722839839842588,-0.20615222890382834,0.0,-0.5947548691814337,-1.8602602481947346,-0.11488190313091151,0.0,-0.34623540319777857,-2.49248595945842,-0.3880128417077222,0.0,-0.428587987474727,-2.5702202144705972,-0.40116762821804614,0.0,-0.3992085613900385,-1.4739837452424214,-0.1360698637421609,0.0
0.0,0.0,0.0,0.0,0.5275519865675752,-0.370915218626908,-0.19717023774284562,0.0,1.424146106030925,-1.821027162119457,-0.39166182864248916,0.0,1.1739759994139711,-1.954349039773284,-0.32885234138475417,0.0,0.9100767547149138,-1.6650096253846682,-0.23943661756491127,0.0,1.385775031782746,-3.874116821092469,-0.027697275847807467,0.0,1.037492242931143,-2.692383757582159,-0.3899410989399289,0.0,1.5986927806213709,-3.3901588431538854,-1.0037213877401054,0.0,1.0610021792860844,-1.8255390222378287,-0.8438729119960849,0.0,0.6946023347415841,-4.64568014499643,0.017181087631577545,0.0,0.6776863018408175,-3.1084378655805254,-0.4558911508728358,0.0,2.3106071114927014,-9.079710015557383,-2.439429080910259,0.0,0.40080226732688645,-1.382332267421704,-0.528254774045997,0.0,-0.22574831046823388,-3.1076169995824046,-0.06380633761815958,0.0,0.12799819333510565,-3.142858125333394,-0.5560637167254374,0.0,0.12603755830373906,-4.144351884512857,-0.9396708888069589,0.0,-0.028229137194576835,-1.0582426800723597,-0.1920356877949355,0.0,-0.5988218112907407,-1.8584164322227716,-0.10425169629653355,0.0,-0.3553511174613018,-2.4998761316854994,-0.3737141899703089,0.0,-0.43854445409212156,-2.5278379328090272,-0.36959415789399985,0.0,-0.40644502132732263,-1.4407949022605189,-0.11029574707567565,0.0
0.0,0.0,0.0,0.0,0.5195305032796013,-0.35174454415102935,-0.20130711668317883,0.0,1.4211883918844601,-1.8100417109563804,-0.4127765663611916,0.0,1.1714702905571368,-1.961910833001104,-0.3482105227679775,0.0,0.9059029003266377,-1.6602214716311552,-0.25468614670376205,0.0,1.3718636020572483,-3.763077323520865,-0.05448538109717704,0.0,1.0273043824657857,-2.661160044502443,-0.4137096680960289,0.0,1.571383670386316,-3.3555516414955244,-1.0465544692576936,0.0,1.0681565241083435,-1.8345408927271993,-0.8947462144286712,0.0,0.6853377777682694,-4.568559377122209,-0.016708767974910034,0.0,0.6408649887809675,-3.016235518498395,-0.46022092001543546,0.0,2.4300787670870547,-9.77470350031989,-2.6928285520748214,0.0,0.43477927192659105,-1.4462743673439569,-0.5654281567210165,0.0,-0.2369384417402256,-3.0662535328952907,-0.0877284996912793,0.0,0.11401407803654835,-3.10948493022991,-0.5920850050010074,0.0,0.1137991759223139,-3.951723964240225,-0.9907530757438526,0.0,-0.011631623509153305,-0.9977980380293745,-0.21483549475064503,0.0,-0.606843077530114,-1.8137143538730305,-0.11849774741498754,0.0,-0.36767248224954996,-2.4615460252056627,-0.3999880284901364,0.0,-0.4418922323169406,-2.4906771736346665,-0.40496772353556615,0.0,-0.38642387320862026,-1.396656088095416,-0.12984256058902605,0.0
0.0,0.0,0.0,0.0,0.5019014919427395,-0.3398983492974428,-0.21038888097166186,0.0,1.3818384688084695,-1.8162917998305608,-0.4319738721115594,0.0,1.1360127573004293,-1.9742135364351636,-0.35969917830762294,0.0,0.8790545610171929,-1.675990836373221,-0.25891863758761446,0.0,1.3049348656488322,-3.8159944564039074,-0.10709668651742557,0.0,0.9989523887505339,-2.6918955168491085,-0.44949830814583547,0.0,1.5124191702291592,-3.3124487725719978,-1.091577602596899,0.0,0.9880097996850933,-1.739073955028963,-0.8899794494641765,0.0,0.5894593997908029,-4.57218507727232,-0.05996061499264736,0.0,0.591919542462914,-3.053622517083419,-0.4927433091748822,0.0,2.153526158398304,-9.269537634108556,-2.6589085321693373,0.0,0.41073067785849243,-1.4556197801195632,-0.5860913355701941,0.0,-0.2919866389607773,-3.0530767558361323,-0.10398452760628514,0.0,0.05570509447128678,-3.1045476671957135,-0.5964753028183406,0.0,0.04740869768988951,-4.069329440025055,-1.01096994694499,0.0,-0.03294338825012999,-1.0460474691230959,-0.2188231324019639,0.0,-0.634718349576727,-1.831963324661607,-0.12360428936059653,0.0,-0.41577141665098744,-2.440784707078964,-0.39466672296817906,0.0,-0.4971971085590558,-2.4675339554959987,-0.3992939261098765,0.0,-0.4324359014127761,-1.4536926333697082,-0.13806251778670806,0.0
0.0,0.0,0.0,0.0,0.4916609082503267,-0.332892275668747,-0.20753316298922925,0.0,1.3746976190874807,-1.8071643952020449,-0.435936498009432,0.0,1.142423582914756,-1.9813561307527485,-0.37122277208159715,0.0,0.8843803784701764,-1.6729726562804283,-0.2690762851743275,0.0,1.2435177100444286,-3.7506103333071126,-0.08240600077692713,0.0,0.98678909196495,-2.690047880922624,-0.445357707572381,0.0,1.4848305321842725,-3.2667170927210383,-1.084437623046328,0.0,0.9804329919365351,-1.6960305276888754,-0.8906621161673355,0.0,0.54089455552173,-4.347471094984797,-0.03399851445353569,0.0,0.6170404471191059,-3.093800493411706,-0.497084698779969,0.0,2.0476113439863184,-8.772344464567484,-2.5482028807404142,0.0,0.35973456831184775,-1.319043220901716,-0.5505301266467238,0.0,-0.28565082969988764,-3.028917485399983,-0.0896217394005909,0.0,0.06343678285428316,-3.1187605398723006,-0.5924369431756913,0.0,0.024405858051556244,-4.006373527866435,-0.9837940815325272,0.0,-0.05129318014181196,-1.0111760991285645,-0.20618420391434997,0.0,-0.6313669978111143,-1.8567634742651802,-0.11907369193935559,0.0,-0.4052363979021016,-2.463307491761864,-0.39588940842549486,0.0,-0.49443914847688314,-2.5074174093225037,-0.40341910467772807,0.0,-0.43693023553790583,-1.4437535432637056,-0.1316036630627871,0.0
0.0,0.0,0.0,0.0,0.49743088796137874,-0.3445610713082672,-0.21174347093620813,0.0,1.3832104662701552,-1.8415654043339533,-0.44511056281748773,0.0,1.139569769242511,-1.9662631710853775,-0.37145651925026035,0.0,0.892699403711067,-1.6634909176033297,-0.270625119739539,0.0,1.2155083982257895,-3.6756778142618134,-0.12368502876658086,0.0,0.9854611885355402,-2.6450550775803463,-0.46280923512858596,0.0,1.485145411094017,-3.22492974360176,-1.1180786302723362,0.0,0.9663439465736626,-1.6856081961509652,-0.9169264154233979,0.0,0.5157604064248535,-4.2130105773056865,-0.07905577593749034,0.0,0.6241273948586641,-3.077333330193435,-0.5333761837155533,0.0,1.8787089836740622,-7.93634913597787,-2.4771498761164237,0.0,0.3476924759526091,-1.270660327321349,-0.5733471731618025,0.0,-0.28848530433463615,-2.980639824558511,-0.11595024263801734,0.0,0.0580989950952845,-3.1171272676662722,-0.6270217060520421,0.0,0.012700694846412439,-3.864351648093756,-1.0263444874483127,0.0,-0.05548645990859578,-0.9803481444056837,-0.23257563673604362,0.0,-0.6339144765740147,-1.8448635228241896,-0.1317742728089558,0.0,-0.42857457882246097,-2.413062123351687,-0.414364927888899,0.0,-0.5052909478778166,-2.4174380733319523,-0.4348313745997088,0.0,-0.42559865106483874,-1.3871414140954719,-0.16110667022161532,0.0
0.0,0.0,0.0,0.0,0.5014113308833764,-0.334113654850492,-0.21347653126083574,0.0,1.3854914420625704,-1.810622265130232,-0.4453887025789768,0.0,1.1397471658339355,-1.942438243877607,-0.371238766732322,0.0,0.8949462747790105,-1.648044752780966,-0.2714475290952658,0.0,1.231470301446544,-3.6276811807723677,-0.11977039472867285,0.0,0.998752721697602,-2.6076060664689016,-0.46355976849978253,0.0,1.4748068668235599,-3.119190847845133,-1.10716221161014,0.0,0.9579331936978804,-1.6242638099635835,-0.9161569151385045,0.0,0.5384134873617978,-4.1764912166072135,-0.07237167393655032,0.0,0.6315159702505028,-3.051233769673119,-0.5354454562644053,0.0,1.834151678968596,-7.664631494627249,-2.4403869530814,0.0,0.3382868393420928,-1.2309609754476696,-0.5717255237900462,0.0,-0.27241976432401144,-2.9693760406361944,-0.1106508729153392,0.0,0.06852031114276026,-3.122791335275724,-0.631096975486175,0.0,-0.005774379566602679,-3.665076126983047,-0.9834026751444862,0.0,-0.07398668671538929,-0.9484488026704052,-0.22357398070990736,0.0,-0.6257175967609556,-1.8456525702051727,-0.128467730531738,0.0,-0.4268872942067452,-2.408733402173512,-0.40502873503956205,0.0,-0.506547182075711,-2.342534418222419,-0.4050780408803872,0.0,-0.4385138465458248,-1.3559079186920722,-0.13911867926226398,0.0
0.0,0.0,0.0,0.0,0.4974153565461726,-0.3411497151711971,-0.20757231661398937,0.0,1.384676734006702,-1.845162055300575,-0.4374585966768686,0.0,1.1349490958342288,-1.958568760644897,-0.3630137597869064,0.0,0.8906495217416824,-1.6575607384150919,-0.2658342678391079,0.0,1.2262491908100839,-3.664895751815027,-0.10971313343968361,0.0,0.9913357262623488,-2.6277058816872336,-0.455282417813165,0.0,1.4763751249490165,-3.184928141799152,-1.106243139523552,0.0,0.9501293284556553,-1.6455759628495434,-0.9082467439397619,0.0,0.5303684911790556,-4.2355166869070695,-0.06878315815837803,0.0,0.6240408380848088,-3.066745117950616,-0.5255505900349839,0.0,1.8800572674850162,-8.008277002283187,-2.478587167668355,0.0,0.3418086724811511,-1.2666234790502875,-0.5684177228433805,0.0,-0.28478675608908915,-2.9918128879460117,-0.11316323530348632,0.0,0.06011138562841468,-3.120714222056633,-0.6220750017873615,0.0,-0.002041079423165201,-3.8016070604860532,-0.9968129308574047,0.0,-0.06606841351396632,-0.9700966432593789,-0.223488314133361,0.0,-0.6331971528479945,-1.8491213937840802,-0.13263683067030313,0.0,-0.4311939976462267,-2.410592304440733,-0.40835039570632664,0.0,-0.5095540068371878,-2.3859991178820197,-0.41702547001086177,0.0,-0.4316033727094615,-1.3776703518498845,-0.14827505421368758,0.0
0.0,0.0,0.0,0.0,0.5106720387569643,-0.34081454488207236,-0.23684976828798285,0.0,1.376680914303767,-1.8485726335799904,-0.4917153530535789,0.0,1.092668506532125,-1.941274731815165,-0.39603227978582933,0.0,0.8688302724575382,-1.6314379784923594,-0.2864026852338046,0.0,1.0990737601530707,-3.439044166870587,-0.18264050337849505,0.0,0.9887719835140495,-2.6028931084396905,-0.5331573917856746,0.0,1.4123789081239513,-2.9763538165628263,-1.2201245471566147,0.0,0.835042116164392,-1.3915761552318415,-0.9284441051458032,0.0,0.41433931102947497,-3.8298060608717077,-0.11955061666098812,0.0,0.6063932491724124,-3.070450819021808,-0.6038105809220465,0.0,1.5215922682354461,-6.593253540178536,-2.362839354774628,0.0,0.294855859957684,-1.0949965109837263,-0.5912744112232681,0.0,-0.3083190644588669,-2.8268886355271374,-0.1282253746560974,0.0,0.03978428801145317,-3.144530256708773,-0.6999339165280976,0.0,-0.029235646054792445,-3.377259881032784,-1.0538287739073144,0.0,-0.07544052791178942,-0.8400176715619738,-0.26173333527918174,0.0,-0.6397083293614124,-1.8173887230993455,-0.13068345548040847,0.0,-0.4425575872171341,-2.4043172060732947,-0.4308495916362029,0.0,-0.5234976546992068,-2.3430128674020043,-0.45569657614022707,0.0,-0.44322814172232466,-1.3188730207685813,-0.17373651482334249,0.0
0.0,0.0,0.0,0.0,0.502995039933706,-0.343512937777267,-0.235787213411263,0.0,1.355797844491974,-1.8286404588892018,-0.48244726418796907,0.0,1.0888583586217544,-1.9497392801450373,-0.3962344307290512,0.0,0.8654223881731319,-1.642800339646947,-0.286071312783177,0.0,1.078095500777313,-3.4929293279675715,-0.16142012464059294,0.0,0.9638909880837537,-2.628420825390278,-0.5198133704397638,0.0,1.3984076980802294,-3.0322936541322134,-1.1914818687628885,0.0,0.8607826537865289,-1.457812917411844,-0.9213803134988459,0.0,0.3779682478778088,-3.8349449108220237,-0.09487821333660598,0.0,0.5848683739789231,-3.0674284106098892,-0.5913227229456042,0.0,1.5165601911149336,-6.793019751991062,-2.3816901028459663,0.0,0.3049855533253599,-1.156984646880324,-0.6005130641218718,0.0,-0.3274434474085734,-2.8265085059701094,-0.11118709294125442,0.0,0.018611107682560923,-3.1886699689804496,-0.6956092063277977,0.0,-0.0651545809253509,-3.3323294111529127,-1.0128619278930417,0.0,-0.08811210424289753,-0.8580705307116038,-0.24978167899893333,0.0,-0.649601941093638,-1.8294361378209654,-0.1221107804279021,0.0,-0.4605608462597972,-2.427051517537993,-0.41995203550824534,0.0,-0.5442881978185794,-2.3083662287356477,-0.42569851161226574,0.0,-0.46558436395811204,-1.3168432350853008,-0.1515477114262505,0.0
0.0,0.0,0.0,0.0,0.5073522923799119,-0.3390344925196088,-0.24077592437552406,0.0,1.354091144682875,-1.7932419118647476,-0.48982968609024696,0.0,1.0999319315449194,-1.9255876673696497,-0.40395923316545473,0.0,0.874014990829195,-1.633770119319198,-0.29289914480389884,0.0,1.10487311994704,-3.4702617845721955,-0.18316860642533098,0.0,0.9692053290039228,-2.6067290794541407,-0.5247259325551956,0.0,1.3961699407644752,-2.979762910965406,-1.1935750103864944,0.0,0.8401720749269959,-1.4382730105730948,-0.9243872089776222,0.0,0.42266651489543205,-3.880806450372866,-0.1128864898706868,0.0,0.590296769112961,-3.0751836283306613,-0.5942966617599746,0.0,1.4492567388777686,-6.489078174107944,-2.279635381247423,0.0,0.2810851037615376,-1.1347899725556783,-0.5829488496431371,0.0,-0.30886539022484116,-2.866851444535083,-0.11821134830721843,0.0,0.030411333309441294,-3.1677312681714893,-0.6784016102718571,0.0,-0.07268385831529652,-3.3215825988609096,-0.9650597830309253,0.0,-0.10891284735293391,-0.8816653588814997,-0.22790348535181482,0.0,-0.644008062433017,-1.8335539963043166,-0.1218350300561118,0.0,-0.4528490195104669,-2.432549438278373,-0.4020042416284474,0.0,-0.5349986790393313,-2.3249317883001615,-0.3830534675348602,0.0,-0.47069063317459936,-1.3654888817595985,-0.11418648600435342,0.0
0.0,0.0,0.0,0.0,0.5064065526743163,-0.3323920336977302,-0.23596441941999696,0.0,1.3702179726351902,-1.7971844115763815,-0.48834501570397243,0.0,1.1148978208079015,-1.9255520535297885,-0.40251254388983737,0.0,0.8827616809778669,-1.633134519665557,-0.29235324401042717,0.0,1.1219431227920695,-3.482743244127306,-0.1822584586671279,0.0,0.9772352180043217,-2.578872401163827,-0.5239959202177374,0.0,1.4117877992321874,-2.959106404077023,-1.1971048062987666,0.0,0.8627696014476434,-1.4443841644734343,-0.9373000414561641,0.0,0.4238785241659723,-3.8392712984290984,-0.11416991418561998,0.0,0.6113249926461005,-3.0511725565170167,-0.5933208182399174,0.0,1.5786415506380118,-6.76088139084549,-2.3718484124256793,0.0,0.31299754896286847,-1.1797016817613457,-0.5993191285027216,0.0,-0.30125838748240447,-2.827423197899246,-0.12201818028027728,0.0,0.042437317147654086,-3.1409318776239905,-0.6835316489157223,0.0,-0.03796126539425372,-3.3431503992505176,-0.9898631742233618,0.0,-0.07742731710191311,-0.8796603658926854,-0.23614488770810457,0.0,-0.6347120621615433,-1.8216252425779573,-0.1266230954285146,0.0,-0.44754552351689236,-2.400958680802439,-0.41498832699597676,0.0,-0.5171443794363778,-2.2978507574733382,-0.4130686233890837,0.0,-0.43135609793149815,-1.330219789482105,-0.13887698007428034,0.0
0.0,0.0,0.0,0.0,0.5012143812385316,-0.36245679225704164,-0.2012171463727443,0.0,1.3813799939240723,-1.8739447473963913,-0.4205327997072342,0.0,1.1297859439069275,-1.9657451319413366,-0.349421821449926,0.0,0.8909088924832799,-1.6653956523016185,-0.25712572718861343,0.0,1.2018168169252466,-3.7645700957043444,-0.09166987031379344,0.0,0.9829375584141108,-2.677569137184564,-0.42798953209211327,0.0,1.4905325200003479,-3.295284404245517,-1.0621179999152202,0.0,0.9558789200210352,-1.719514121910024,-0.8734612311078174,0.0,0.47784494499477276,-4.255479498671319,-0.04539400788767014,0.0,0.6274351500650365,-3.1390662833539573,-0.5007504106872688,0.0,1.8802808257660881,-8.175570828071187,-2.3618202484549453,0.0,0.3254816133994486,-1.3005224787037244,-0.535613944627579,0.0,-0.3051443119400845,-2.9834798112562346,-0.0894635743701826,0.0,0.058619338563830885,-3.205676281918733,-0.5895624552040203,0.0,-0.006771139653999101,-3.9032533638365505,-0.9224247348893552,0.0,-0.07719496365122144,-1.0285124792484182,-0.19807464031742394,0.0,-0.6388480194114775,-1.8627133822817339,-0.114456780583588,0.0,-0.4228592073968822,-2.476875171131168,-0.38058436595051953,0.0,-0.49694746117487537,-2.498227835762734,-0.3817226724120119,0.0,-0.41906863981531123,-1.4198513174661358,-0.1147830415061913,0.0
0.0,0.0,0.0,0.0,0.49632291146614715,-0.34762419401533534,-0.21007920228714877,0.0,1.3706781563784196,-1.8540041719989533,-0.4355718051904654,0.0,1.1193879294618354,-1.9692679131919075,-0.35892997605484583,0.0,0.8844643519963654,-1.6612485923933837,-0.25964477930218355,0.0,1.1928341402865066,-3.7244920997151665,-0.09090445517688812,0.0,0.992066484084076,-2.6710548160321808,-0.43869061112244484,0.0,1.4681432977641413,-3.2303891617928207,-1.071985649757097,0.0,0.9387352427509466,-1.6858241556009403,-0.8789430607424609,0.0,0.47094869129616856,-4.183124941641925,-0.031517672146156375,0.0,0.6092486090827389,-3.1175714074147574,-0.49896651489262916,0.0,1.8479529038815397,-8.342687172030985,-2.411413018442897,0.0,0.32725443496822776,-1.3277661534304983,-0.5377818349600401,0.0,-0.3038523147412862,-2.9641039005463456,-0.07386893694206158,0.0,0.047782204801746574,-3.1899206122324966,-0.5896397217596541,0.0,-0.039877685142014646,-3.743252049819707,-0.8981210733271776,0.0,-0.08598920092644247,-1.0102439252472466,-0.19239983437724162,0.0,-0.6386155804159155,-1.8681076987704037,-0.10153824673692324,0.0,-0.4329101800319385,-2.4739868211453935,-0.3709764924596782,0.0,-0.5098064545865024,-2.4316577155373107,-0.36202581303154246,0.0,-0.4268917965473128,-1.3936560934830164,-0.1010877342364556,0.0
0.0,0.0,0.0,0.0,0.5151513716176652,-0.348963230669959,-0.2053654913663819,0.0,1.4132887178536777,-1.801288284200416,-0.42223240364226416,0.0,1.1593180756048638,-1.9396311419537755,-0.3577478326090433,0.0,0.9011606573758275,-1.6509420445603025,-0.2644606828275313,0.0,1.2785435990213274,-3.7242215204295754,-0.06180951079594347,0.0,1.012045497264274,-2.6565623465357775,-0.4187945133333448,0.0,1.5479796974740865,-3.2874233394721464,-1.0627595931103073,0.0,1.012390657155639,-1.6922206219185272,-0.8787245244039058,0.0,0.5672432093696385,-4.2596504526207974,-0.014365943052867156,0.0,0.6660086452567192,-3.088849952429843,-0.49157752648359454,0.0,1.9886635315533072,-7.823095057058794,-2.318590945201629,0.0,0.3625042782142032,-1.2050134063896107,-0.5299434958322815,0.0,-0.25197528650470125,-2.9727109289270084,-0.07378961718767016,0.0,0.11500471118763533,-3.1159730837472486,-0.5708032976545665,0.0,0.1057323332353147,-4.038713379601199,-0.9437964478373808,0.0,-0.024903115670689806,-0.9982714587400031,-0.18422049972912244,0.0,-0.6077276841097367,-1.8320638991985527,-0.10842005624716419,0.0,-0.37199742872111896,-2.4734673562279395,-0.3834129461403106,0.0,-0.44500237391064473,-2.47400734880334,-0.37911960518166615,0.0,-0.38489974878229377,-1.3645576309494696,-0.10618413135825877,0.0
0.0,0.0,0.0,0.0,0.5224500368069386,-0.3611694800958396,-0.1967386468985756,0.0,1.4258411614173079,-1.818457816406217,-0.3970466114175614,0.0,1.186231810410447,-1.978872979701757,-0.34108453344562023,0.0,0.917473055850606,-1.6795797550898468,-0.25102566953616606,0.0,1.368705297125391,-3.8359581177477984,0.0082246037417295,0.0,1.0383418526698052,-2.7082995200887705,-0.37984895586721273,0.0,1.5917455050724558,-3.4377425764302108,-1.0043897204525105,0.0,1.1218212575650814,-1.992602964179758,-0.9063272669981607,0.0,0.6653573185217799,-4.510770723796116,0.04892093571359811,0.0,0.6825672901861078,-3.0938362840693747,-0.45087232195270044,0.0,2.283045850818776,-8.876156620078598,-2.435646359262487,0.0,0.42907240297943006,-1.4237586401362183,-0.5648138531822194,0.0,-0.21959501679685556,-3.08336525200783,-0.04942085481502836,0.0,0.13475162314979452,-3.1429536493087222,-0.5624574684613536,0.0,0.13240693357917202,-4.108315242650048,-0.9757118206437084,0.0,-0.016651604523889463,-1.0444730227266317,-0.21011043383651246,0.0,-0.5907137291939132,-1.8744837879733842,-0.1024329016302721,0.0,-0.34877404773946513,-2.5037375656055687,-0.3845124458763415,0.0,-0.43008243768254795,-2.538418510804506,-0.39513995783729394,0.0,-0.38538167158580616,-1.4253478176076464,-0.1257512950396212,0.0
0.0,0.0,0.0,0.0,0.5125417806729644,-0.3473025114393487,-0.19767093541897002,0.0,1.409216092090518,-1.7821444918853575,-0.39986767323949024,0.0,1.1824357143703386,-1.964502859982592,-0.34252858020831245,0.0,0.9138054793587221,-1.6711837595043477,-0.2507171842580374,0.0,1.3894606256088389,-3.874921259770608,-0.029502289553207117,0.0,1.0303594336849915,-2.7013091467214227,-0.39192274857513154,0.0,1.5855108276177108,-3.4019422367362244,-0.9980050445248051,0.0,1.1230245387501245,-1.9528273839656891,-0.8816377603510044,0.0,0.6741193136351176,-4.654719265611854,0.012288669842209022,0.0,0.6509284837746129,-3.071945796755675,-0.4446818925795483,0.0,2.534379771207837,-10.064018292352385,-2.6427646496332753,0.0,0.46100522700470825,-1.5364224090189023,-0.5659700379720952,0.0,-0.24688096278770957,-3.0662493719197026,-0.07010858597646345,0.0,0.11110954775230283,-3.1210256133213528,-0.565256783281853,0.0,0.12593665620325428,-4.159797605922081,-0.984558568723908,0.0,-0.01055008128781202,-1.0614392930108256,-0.2124723396731614,0.0,-0.6070483882258588,-1.8259593180369909,-0.11049706942167313,0.0,-0.3632712600040152,-2.4796951128947105,-0.39009859346252035,0.0,-0.4444119671258647,-2.535667831336264,-0.4032844813891895,0.0,-0.4050819786069467,-1.4529860257113305,-0.13987860458500298,0.0
0.0,0.0,0.0,0.0,0.5094608970564585,-0.3458851220830391,-0.19551903312302518,0.0,1.4058711903546233,-1.779071518090811,-0.39544472957018767,0.0,1.1852270896349761,-1.965898200671776,-0.34056161177391214,0.0,0.9153435985275302,-1.6756090924274636,-0.2501854686448017,0.0,1.3817171009447136,-3.8568050846659077,-0.03220126404469376,0.0,1.0261693414842927,-2.702514541992071,-0.39032051248156513,0.0,1.5883010593553188,-3.428850327756183,-0.9999510448465075,0.0,1.1193880875455755,-1.9635038652587375,-0.8810794233683094,0.0,0.6773430227220815,-4.651806473031573,0.005265752435953983,0.0,0.6550210005997114,-3.08385747372529,-0.4476499330035867,0.0,2.5242953907148853,-10.025968139009528,-2.63944915969585,0.0,0.44702794274565305,-1.5050600216758578,-0.5580612267624162,0.0,-0.24384300219329,-3.087480622098791,-0.076389802957981,0.0,0.10895437441348382,-3.116968930518634,-0.5660110327792498,0.0,0.11946133590605866,-4.1578310067719375,-0.9880900589153041,0.0,-0.016110431475775656,-1.0516386022891784,-0.21434561987525022,0.0,-0.6072050024193616,-1.838090967780928,-0.11520110078895857,0.0,-0.36276554645248893,-2.475598043339273,-0.3933753695615246,0.0,-0.4463579783316489,-2.5521170925199157,-0.41081312735579484,0.0,-0.40918975022212967,-1.4620014130176793,-0.14510936337299277,0.0
0.0,0.0,0.0,0.0,0.5321520493904033,-0.3800111333357132,-0.19104903843712,0.0,1.421328890251558,-1.8021986907740457,-0.3908556601820754,0.0,1.194410641463082,-1.9657828986761419,-0.34220071619427855,0.0,0.9190851362760643,-1.6752919297578028,-0.2574319437409509,0.0,1.4206963180724321,-3.8618425993251297,-0.03595000482208493,0.0,1.0348223048534766,-2.704599804120723,-0.4011357647771995,0.0,1.592234885347373,-3.3812845427761586,-1.0170641846701867,0.0,1.124117177177544,-1.9223292565271721,-0.9017857077451426,0.0,0.722122895637689,-4.748306064864221,-0.021512730606822385,0.0,0.6644293262513113,-3.076163063525013,-0.46634186990990445,0.0,2.484680487257898,-9.68601124925246,-2.6724258383127366,0.0,0.4528946936416786,-1.5028279155035273,-0.6017287761319672,0.0,-0.23794966194669717,-3.0904189591745834,-0.10749610836497278,0.0,0.10830973640792808,-3.033034051354078,-0.5714539938734202,0.0,0.14975273186102026,-4.385942007767926,-1.0803811425996008,0.0,0.00027614622530185775,-1.0712179945038236,-0.2411536229543949,0.0,-0.6065306049881642,-1.8117130025269985,-0.1402973453604845,0.0,-0.36512458807917525,-2.43566166067376,-0.4225169986682868,0.0,-0.4359360439022997,-2.5456298888875306,-0.45994767222435073,0.0,-0.38130530110100386,-1.4250006319035546,-0.18215150121463383,0.0
0.0,0.0,0.0,0.0,0.5278639871073403,-0.37218247992117537,-0.19601902573687296,0.0,1.412783162288319,-1.7856970780016084,-0.3938478445302541,0.0,1.1892855154140947,-1.959433258041822,-0.3422787098747354,0.0,0.9154348958261836,-1.6752981301404302,-0.2553773883140742,0.0,1.3924712073490593,-3.8314366677639775,0.00016036973914985113,0.0,1.0349147454038243,-2.7071619933094517,-0.38924488734918494,0.0,1.5749473146901747,-3.3609095038742947,-1.0033073695949588,0.0,1.1229242012785756,-1.919751405126227,-0.8975661825566139,0.0,0.6917217691185438,-4.647426544400937,0.0304500802587823,0.0,0.6424008800569626,-3.042113766712248,-0.44410092141019425,0.0,2.39619080067726,-9.468770492546524,-2.5693568836211553,0.0,0.477839312543792,-1.5426413389662572,-0.6096445134583185,0.0,-0.24470635997706638,-3.0580990558287757,-0.0706527076915855,0.0,0.10301442826025027,-3.0757214557434374,-0.5678445249319772,0.0,0.1390830930435415,-4.2742786941038755,-1.0581891691164222,0.0,-0.0008520346843252156,-1.0449289208801025,-0.23770879787207505,0.0,-0.6093854353090038,-1.8047917400962417,-0.117107098944065,0.0,-0.3764728681926104,-2.435361579849045,-0.4011330142544175,0.0,-0.4491543474003383,-2.510141123810631,-0.42972216009160774,0.0,-0.39751672882896183,-1.4292780244454772,-0.16433049613284753,0.0
0.0,0.0,0.0,0.0,0.5244972522832086,-0.37740738772850285,-0.1907411750944448,0.0,1.4084361233015774,-1.8028839077890637,-0.378320620833643,0.0,1.1905021201982762,-1.9938224636988862,-0.3307394001936439,0.0,0.9113933831856058,-1.6993832170247651,-0.24498921124334935,0.0,1.3790521842396106,-3.9391190266117895,0.03420932501836465,0.0,1.0210798930178826,-2.752744973924434,-0.3646031585209545,0.0,1.5894271468270513,-3.4367708679282827,-0.9613374308451427,0.0,1.1445539206564577,-1.9842068395495083,-0.8613346193979721,0.0,0.6691221108315004,-4.677005436110086,0.06384981598293889,0.0,0.6428980074532442,-3.09003336659755,-0.42307968981129923,0.0,2.4554119285870764,-9.538215338344331,-2.467658543089147,0.0,0.49370557081935673,-1.5770967592661884,-0.5866526460625213,0.0,-0.2510963907833305,-3.09018409159762,-0.05246878897970866,0.0,0.0941455075861525,-3.06499824405408,-0.54006020829235,0.0,0.1779905442287328,-4.5413175309892715,-1.0608343529465862,0.0,0.018941097971480362,-1.0968625214054117,-0.22629515058145033,0.0,-0.6155116524804988,-1.802405309475015,-0.10778302140760523,0.0,-0.3845338439778503,-2.4239809032934807,-0.3847835955918983,0.0,-0.443784710404819,-2.592529361693955,-0.420141042063304,0.0,-0.3818355593730431,-1.5118893467619854,-0.15680680737126287,0.0
0.0,0.0,0.0,0.0,0.5187189607211456,-0.3773063844896365,-0.18758070719300612,0.0,1.4071827546307287,-1.8259250889401768,-0.3796791586705478,0.0,1.1881280199012187,-2.0076535721582625,-0.3325372650763092,0.0,0.9082087479803406,-1.7053795381002415,-0.24723137604013523,0.0,1.3718369331755351,-3.9084193256207924,0.0429333113688156,0.0,1.016732370597304,-2.758036897082658,-0.3615210976108754,0.0,1.577155266627185,-3.4715521268530365,-0.9678542923155323,0.0,1.1379423786961118,-2.011895255075778,-0.8749262018801278,0.0,0.6736005419168352,-4.688074005416852,0.06973706328282145,0.0,0.6320528070287907,-3.0910320646280542,-0.41547683077064057,0.0,2.4913440108455163,-9.913202338957419,-2.513875287346423,0.0,0.5038865883949418,-1.6093339359031498,-0.5854468889275446,0.0,-0.251663624493443,-3.1127373946040247,-0.05236278297395094,0.0,0.08979655510382241,-3.0657516040350634,-0.5346352552903516,0.0,0.16316577217570016,-4.580734998958141,-1.0552948842289738,0.0,0.020488046829936095,-1.1179618509878924,-0.2257863780692361,0.0,-0.6171523811800598,-1.817478704897429,-0.11053774551473673,0.0,-0.3892059080513679,-2.4324242463767147,-0.3878276103232797,0.0,-0.44861723011433197,-2.5828660735018736,-0.42346734728731894,0.0,-0.3757698106869849,-1.4866849961998947,-0.1581182995139739,0.0
0.0,0.0,0.0,0.0,0.5263020847976554,-0.3993824829093175,-0.1865896662302909,0.0,1.3791655212054432,-1.864819553266825,-0.37247168875716374,0.0,1.1350578846966894,-2.027264333062288,-0.3231393696911427,0.0,0.8650596202199694,-1.7116293686014494,-0.2390394539000504,0.0,1.2719981088334669,-3.953939001800522,0.04282302712535189,0.0,0.9493037408497068,-2.7430682652987097,-0.35785771037056896,0.0,1.4893766583546897,-3.3895399072790897,-0.9481268190917012,0.0,1.0840617268501451,-1.9299610807392693,-0.855258604847277,0.0,0.5445487150036527,-4.646237979153126,0.06712317307645276,0.0,0.5631326010880978,-3.0990979818169198,-0.41022702964820934,0.0,2.345024572857673,-9.911040517934936,-2.4849023134658093,0.0,0.48290410913575815,-1.5843198535736314,-0.5753176299908576,0.0,-0.3284291594194702,-3.0519544775174876,-0.0538350074089585,0.0,0.02735200132151588,-3.0880857571810507,-0.5375162320337988,0.0,0.08505923582364686,-4.530646162047,-1.0305034677424703,0.0,-0.007544189186681266,-1.104559964255637,-0.2155377851835476,0.0,-0.6578307664039913,-1.7616494003945788,-0.11138300936735708,0.0,-0.4375442430509758,-2.4440594251047245,-0.3937770345936163,0.0,-0.4951492012292706,-2.5422192003858335,-0.41487794977340586,0.0,-0.41139118330835883,-1.424961074516955,-0.14512845130388372,0.0
0.0,0.0,0.0,0.0,0.5153457541094514,-0.39161116981822136,-0.18932852131470074,0.0,1.372343001513844,-1.8342241654377798,-0.38014152722312355,0.0,1.1542305473200283,-2.0207687122864186,-0.3350352848017439,0.0,0.8858116757173736,-1.7094961162573965,-0.24889402125081736,0.0,1.2801682329622368,-3.9040375090933637,0.039582571497430837,0.0,0.9522568882669474,-2.7654003732939123,-0.35326234067886364,0.0,1.5191852066209477,-3.527335976149277,-0.9559497620840796,0.0,1.1114740822648457,-2.0362051938801216,-0.8615602264232941,0.0,0.5716168683053806,-4.634417698385531,0.07204894281017765,0.0,0.57656102698538,-3.1170841749858407,-0.4131476575015902,0.0,2.3546089174378135,-10.091183589849162,-2.527344484620996,0.0,0.46312139089492144,-1.5771694760331276,-0.5677060944848829,0.0,-0.3103599612059799,-3.0830747035700505,-0.04360620911085611,0.0,0.03683649661003706,-3.0801937927550394,-0.5314812229646784,0.0,0.09051831489671533,-4.5887969986555195,-1.0482386020184977,0.0,-0.00235866449384078,-1.1232259922349659,-0.22439660301303768,0.0,-0.6500237370678651,-1.7882743269991235,-0.10114486761314173,0.0,-0.42336003635511477,-2.4531859324457064,-0.3873817308871011,0.0,-0.4911987896336992,-2.5793867618259303,-0.42169051293336346,0.0,-0.4159422711198281,-1.4526950084027623,-0.15463615829520858,0.0
0.0,0.0,0.0,0.0,0.5090818940377195,-0.4082137226058127,-0.19080570429345053,0.0,1.3152480860093139,-1.9243354051139219,-0.3821766893680378,0.0,1.0477616572840625,-2.0515859442835604,-0.3235554204219839,0.0,0.8000550015697782,-1.725370059602665,-0.23759399314795235,0.0,1.1305642983123352,-4.026569723514918,-0.029748386497110004,0.0,0.8615453840212485,-2.766925385596819,-0.3962718900608395,0.0,1.3707609575327584,-3.422687192647214,-0.9942169385099511,0.0,1.000524837935582,-1.9541661210651886,-0.8759752084097465,0.0,0.35570779218102505,-4.696097580246938,-0.0027349561783221138,0.0,0.45314350170535855,-3.107448898197399,-0.43649874647129433,0.0,2.0500613595622474,-10.575459760214192,-2.698212356315501,0.0,0.39067315473650244,-1.5901727554746958,-0.5743481023770686,0.0,-0.45057945029307866,-3.0030784200595635,-0.08731499465487295,0.0,-0.07991724699665309,-3.104548416361594,-0.5653903409989773,0.0,-0.07751688385628668,-4.471504284975283,-1.0663805492243976,0.0,-0.05337218770045753,-1.0879178648139254,-0.23267945048571473,0.0,-0.7228713962939838,-1.719680717228506,-0.12312666252513361,0.0,-0.5252734241277909,-2.4361481803082876,-0.4089764857742328,0.0,-0.5826250509859138,-2.5383281914732354,-0.4414924805353014,0.0,-0.4570476446681159,-1.3964562896163792,-0.16720897444718646,0.0
0.0,0.0,0.0,0.0,0.48966229448933873,-0.41095062801050924,-0.19243038597171377,0.0,1.308663001335422,-1.9732971059066031,-0.40240844263639236,0.0,1.0500693417394305,-2.0822141027334795,-0.34598251366422117,0.0,0.8091041041577454,-1.7297326762958931,-0.2542678008927164,0.0,1.0713709586053528,-3.9313264888468793,0.010929081295946184,0.0,0.8375521050912283,-2.7861115254811155,-0.3751198034657483,0.0,1.3657487493210279,-3.520417007967852,-0.9832173452257894,0.0,1.0043058613529858,-1.9921172688585833,-0.8623485333983862,0.0,0.33515487255061766,-4.533131403730729,0.04355317435168401,0.0,0.45709286173405683,-3.131979895744215,-0.4295531213497105,0.0,1.9918568752026269,-10.349846311995252,-2.6169355206874543,0.0,0.38386021033978324,-1.526140261169319,-0.5494426641095723,0.0,-0.44683859656531916,-3.0245459995425197,-0.058135070888073494,0.0,-0.08355445812881054,-3.11989178262208,-0.5605151591643427,0.0,-0.1035958708516846,-4.449677244100455,-1.063592106482067,0.0,-0.05462222211439068,-1.0721307012952832,-0.2312884189610407,0.0,-0.7263134703127873,-1.762141649923222,-0.10840397754824835,0.0,-0.5269186159286922,-2.4429259780444834,-0.4002409747006159,0.0,-0.5982168481674817,-2.5452523779156375,-0.44234910100265823,0.0,-0.4679573671180017,-1.3831697394360953,-0.16868228649979738,0.0
0.0,0.0,0.0,0.0,0.48255934121479654,-0.4244930756455635,-0.19321079143853354,0.0,1.2892423991078956,-2.0395823556598063,-0.4077265207517771,0.0,1.014685341499932,-2.1062974473939673,-0.34225137761698443,0.0,0.7706016509970235,-1.7522699840091265,-0.2519829934650393,0.0,0.9977797993491366,-3.9046466639889688,0.020582467471644574,0.0,0.78625192557004,-2.7953750260175503,-0.38151442679010306,0.0,1.2741340357444457,-3.456842560839823,-0.9889033532797848,0.0,0.9902651661852969,-2.0488324455053126,-0.9108999679603135,0.0,0.26477986780123075,-4.439900370244542,0.05219501881637534,0.0,0.40920763081507283,-3.1595363237000047,-0.4362315523053162,0.0,1.7620518734321542,-9.646286584718084,-2.5004804413213826,0.0,0.39201106917169215,-1.5739916096276712,-0.5863225096722391,0.0,-0.4838881890722096,-3.010948319220113,-0.05216236325566531,0.0,-0.13960013343214722,-3.133058281544371,-0.56511685173351,0.0,-0.14978214575643226,-4.335779131213839,-1.0497876685380516,0.0,-0.0583806352376256,-1.0443848856894489,-0.22622338730178132,0.0,-0.7500310305658263,-1.7409920625170394,-0.10591225950020877,0.0,-0.5783956449339756,-2.4207226266827466,-0.4033265909445183,0.0,-0.6229400864037,-2.5058086775440573,-0.43875857804634816,0.0,-0.44936538516665653,-1.3564402087869454,-0.15472002840073976,0.0
0.0,0.0,0.0,0.0,0.4829585071763292,-0.43781473344872457,-0.2067851751779026,0.0,1.233446856724339,-2.068956105820521,-0.4256869249270869,0.0,0.924476878238631,-2.099107682952932,-0.3460244941278155,0.0,0.6905296732216922,-1.7654374262648007,-0.2528821607486967,0.0,0.8741413989412148,-3.848837137569776,-0.10719986336576158,0.0,0.7086544968516554,-2.7782568673942394,-0.45292261480955875,0.0,1.1966488840495686,-3.5401636232942475,-1.124216874553409,0.0,0.8657690809183225,-1.9244132781404495,-0.9394732884260862,0.0,0.1365592928684298,-4.4370144640432985,-0.07841510912052968,0.0,0.3238374158261561,-3.0837849442284275,-0.5111904554197578,0.0,1.334743921519936,-8.924520427585213,-2.6431467851398964,0.0,0.29583093722480086,-1.4273596386845717,-0.6140197644590425,0.0,-0.5738403143256523,-2.9752880407700264,-0.125840652457808,0.0,-0.22615187043364895,-3.1099618606833896,-0.6373604440289266,0.0,-0.27061383347042867,-4.070357864237402,-1.127085155020263,0.0,-0.08729241905976423,-0.9563255979172557,-0.2595763077381777,0.0,-0.8015068707619325,-1.7048749440684103,-0.1401889800476572,0.0,-0.6516969234781013,-2.403202677700101,-0.4573636791664046,0.0,-0.689561736706782,-2.3934384530279136,-0.5074219895303744,0.0,-0.4773369237579471,-1.2508017383891958,-0.20966763471540642,0.0
0.0,0.0,0.0,0.0,0.48258971369338594,-0.4501485003368746,-0.21350412738361554,0.0,1.2440105193967588,-2.1060632141629796,-0.44696606596430327,0.0,0.9363596231857566,-2.1072159754079887,-0.361554061664493,0.0,0.705177165636193,-1.7635424289593207,-0.2639643382224453,0.0,0.893398812126343,-3.8687507379318857,-0.07093060927812958,0.0,0.7328563030946533,-2.8187799937697893,-0.4368009039922092,0.0,1.1986387829559906,-3.5096307923141596,-1.0858412540839606,0.0,0.8785860722142467,-1.9426264122820407,-0.9302898452322247,0.0,0.16136226979495813,-4.404187528381778,-0.020813351271988426,0.0,0.3463163859767947,-3.1781891738639434,-0.4883882549265606,0.0,1.4006807353780937,-9.307660088908703,-2.6062578719486256,0.0,0.30118268609002824,-1.4473157929725067,-0.5886419568184963,0.0,-0.5488611327756937,-2.993984367854265,-0.07819096793081938,0.0,-0.2144966779505089,-3.1889491712351776,-0.5989082030202115,0.0,-0.2664000162043885,-4.133795000594311,-1.0466496923013437,0.0,-0.08319769390574733,-0.9903865668325434,-0.23491865508617796,0.0,-0.7899769656468365,-1.7466371056438963,-0.10862797300739446,0.0,-0.6444366385256304,-2.420282328936165,-0.4078836008167869,0.0,-0.6842210759397304,-2.42510739302628,-0.44374204189360006,0.0,-0.4759934838570974,-1.3014075684785331,-0.16856125316447496,0.0
0.0,0.0,0.0,0.0,0.48509063695321336,-0.4651488645299607,-0.20629310985038096,0.0,1.2430142238856623,-2.1323716133757697,-0.4290604659672538,0.0,0.9266998732156858,-2.113005903742149,-0.34682527812211306,0.0,0.6999944383634604,-1.7658857221547786,-0.2541005791921014,0.0,0.8989737328399497,-3.988466330326672,-0.05270505088420205,0.0,0.7307900500316985,-2.8382779895964827,-0.42604485576645096,0.0,1.1999831987646956,-3.525584777942008,-1.0698639130278622,0.0,0.8683669115021618,-1.9154363687843945,-0.9046796566535584,0.0,0.1440003916706647,-4.525655285920561,-0.00915680925644083,0.0,0.3464011181979121,-3.1821419405716935,-0.47662533110078126,0.0,1.4061606374201487,-9.209442713928619,-2.5237788180520693,0.0,0.3064091327738113,-1.4474062759403565,-0.5753876790424967,0.0,-0.5638382360355397,-3.0042334996319107,-0.07739391292896416,0.0,-0.21524524720133845,-3.1780612598547155,-0.5854789365595416,0.0,-0.2765376666835075,-4.2699621214890024,-1.0400422927871222,0.0,-0.09092635092551926,-1.026527535163615,-0.22478920752713744,0.0,-0.7957525224159605,-1.7402907393929425,-0.11160243612140108,0.0,-0.6422358334225026,-2.4293170204004477,-0.40368254008142834,0.0,-0.688552758645893,-2.469840691839659,-0.4356773653049072,0.0,-0.4806925353358595,-1.3233282875616124,-0.15796609802933245,0.0
0.0,0.0,0.0,0.0,0.47626044087725883,-0.43568239474964787,-0.2092748614786396,0.0,1.2221926166129131,-2.116218276441498,-0.4306688552881705,0.0,0.890235776938056,-2.0949674663941216,-0.3405509993763399,0.0,0.6619156958293918,-1.7674647342705914,-0.2484515159677838,0.0,0.7940511201556254,-3.7802995517112357,-0.14824548304690044,0.0,0.6775810943148506,-2.6855514673362153,-0.4557842517768725,0.0,1.1582077548204082,-3.383320192846549,-1.1135719347048976,0.0,0.8200222782213318,-1.7633345089361854,-0.9107341090678137,0.0,0.0713721273183152,-4.3044122851468165,-0.11607817772524191,0.0,0.3060782362755072,-3.092806129127918,-0.5350699584394871,0.0,1.1849232416755802,-7.797407342581783,-2.421913460651488,0.0,0.2721615304930248,-1.2425999825010798,-0.5747375737982874,0.0,-0.602471902498751,-2.9211329361478384,-0.14086368690674242,0.0,-0.24834678035415306,-3.115249883564028,-0.6373741405859769,0.0,-0.2794937137738446,-3.946637960573498,-1.084798148910515,0.0,-0.0977611327793187,-0.8894007027511726,-0.23970792115966155,0.0,-0.8175088180949543,-1.6758816246622459,-0.14272986549483224,0.0,-0.6783587579345195,-2.394466770376268,-0.4488972656394897,0.0,-0.6999419547767878,-2.3460630187819973,-0.4798803068485453,0.0,-0.48382551568522825,-1.2081177640150484,-0.18428167379608182,0.0
0.0,0.0,0.0,0.0,0.46598307850938875,-0.4367728328900956,-0.23002256234186655,0.0,1.2162148454253858,-2.136367259519115,-0.48509048902184804,0.0,0.8870817763999967,-2.101492896410175,-0.3820124208973497,0.0,0.6605561521897935,-1.7678814703631125,-0.27816853231536365,0.0,0.7946565450478255,-3.8189328656009693,-0.16768562064698206,0.0,0.6887239429604832,-2.7413287134842026,-0.5059534442748372,0.0,1.1232537262762328,-3.3011103665650623,-1.1774368557250319,0.0,0.8072235459767823,-1.725219516306137,-0.9637412729865322,0.0,0.05523878834289346,-4.237517191046304,-0.11647989500073636,0.0,0.29048240562673816,-3.0930628935981597,-0.5628204740291848,0.0,1.108277591301274,-7.975257538061769,-2.6018062242159186,0.0,0.2739163013984863,-1.2852032737424133,-0.6231981795672367,0.0,-0.6011176121928168,-2.889147317485146,-0.1358395268592724,0.0,-0.2615644817758709,-3.219281629486702,-0.6971200004318296,0.0,-0.29069384232639606,-3.7605251352147855,-1.1291846001606096,0.0,-0.08826630813039175,-0.8878342276208052,-0.27180635278153537,0.0,-0.8176912850236621,-1.694871968717588,-0.13934997012008318,0.0,-0.6802084453916114,-2.414699427270488,-0.4515192382935384,0.0,-0.7185173762627995,-2.4212843023531656,-0.4928093767788697,0.0,-0.5052464607661867,-1.309955181777251,-0.1966860454557143,0.0
0.0,0.0,0.0,0.0,0.47588449203182415,-0.4338546570174637,-0.2083486138723347,0.0,1.2289175524750704,-2.137925103761997,-0.4293056619069048,0.0,0.877262933788992,-2.0160889282886525,-0.3285895959012705,0.0,0.6862446834990253,-1.694592472003164,-0.24434772494712814,0.0,0.7057732762882697,-3.5959765809707878,-0.12745082494759727,0.0,0.7187403237453986,-2.7226319167604847,-0.4777766057557957,0.0,1.1663985799680665,-3.1597613566695646,-1.125464945978453,0.0,0.753964297014001,-1.4611241601468197,-0.8494989313044261,0.0,0.0052322036538057105,-3.9165882655652187,-0.0939113099403949,0.0,0.3342461599809349,-3.199764208919099,-0.566450093007554,0.0,1.010624176165498,-6.435965592080906,-2.075134255212734,0.0,0.23293758035292994,-1.0357319648909664,-0.5085711055271116,0.0,-0.6013906935753046,-2.775412254822714,-0.1293186087236744,0.0,-0.2589758333950513,-3.244814928050335,-0.6700250458609766,0.0,-0.2506568921348058,-3.460145079824253,-0.9477758517455728,0.0,-0.0865058805987036,-0.8072485189467046,-0.2059907573726056,0.0,-0.8154926081019441,-1.6815925465414987,-0.1441670214971563,0.0,-0.6610278146557053,-2.397650520071779,-0.42307240475581764,0.0,-0.7070658672428872,-2.3984028934550614,-0.43298547965468387,0.0,-0.5234039789716008,-1.297399603857887,-0.14875514830101555,0.0
0.0,0.0,0.0,0.0,0.4598396776761373,-0.44400000246624033,-0.2288418739231319,0.0,1.1795354830344764,-2.1492885316598462,-0.47269030875002366,0.0,0.848737458833726,-2.060704313827697,-0.3643231232325207,0.0,0.6571699770995644,-1.7282238654500928,-0.26585687288637655,0.0,0.7130444208715223,-3.8254378560280973,-0.1529143546155701,0.0,0.6712508717002665,-2.7502524243238824,-0.492894118290702,0.0,1.0925004851409217,-3.277578522600472,-1.184543808768213,0.0,0.6873669661753337,-1.508395025206852,-0.8839631496800114,0.0,-0.04640210987826091,-4.151732275454155,-0.09069815852467925,0.0,0.25108751538012564,-3.093935404533736,-0.5487421676325912,0.0,0.923760323027658,-7.624450299291508,-2.4451310633166243,0.0,0.22048688763893257,-1.2396612005841667,-0.5857634461917306,0.0,-0.6527599857300288,-2.8007045446048746,-0.10745824460441958,0.0,-0.29044400769054873,-3.2304835907292935,-0.6669737167643108,0.0,-0.3608833190253455,-3.7318137928657937,-1.0598419130074737,0.0,-0.13974121549565693,-0.8943692592951215,-0.24334680681120952,0.0,-0.8449034440066351,-1.6862275422768955,-0.116995169547081,0.0,-0.6974283280745479,-2.475862586952614,-0.4214904266218974,0.0,-0.7583069596579447,-2.4368466425351554,-0.44357998714869523,0.0,-0.5619353631767294,-1.2826403320067172,-0.1570628665741988,0.0
0.0,0.0,0.0,0.0,0.506667529184943,-0.42667664158257257,-0.2237010882354051,0.0,1.2834846701905298,-2.057243752932413,-0.44836576138322626,0.0,0.9111447174399128,-1.9272377749226146,-0.3403728346763094,0.0,0.7237788060888785,-1.6421306380337186,-0.2592421606206999,0.0,0.7432827591208273,-3.5614178788000137,-0.1461253096700006,0.0,0.7824404990681304,-2.7537069320694605,-0.5067044251605951,0.0,1.2693784521678937,-3.167659752758037,-1.2025275463412293,0.0,0.7417234288131691,-1.495218764941457,-0.911351866624829,0.0,0.03571842929028423,-3.765427902166824,-0.11228090885775469,0.0,0.43109385795560856,-3.209956624142162,-0.5806959296218255,0.0,1.2541728266503087,-6.32160845799714,-2.068884863927205,0.0,0.2518343540993046,-1.3046724948521133,-0.5952722327292352,0.0,-0.5443331601139239,-2.6873303703298603,-0.1453923664319849,0.0,-0.12129400439439313,-3.289659548684073,-0.7112918087950953,0.0,-0.07857853445186393,-3.5521896643009963,-0.9811711154697528,0.0,-0.09138083269830259,-0.9539987075263914,-0.22146359627041193,0.0,-0.7744497699474256,-1.6169973477940045,-0.15727538685315856,0.0,-0.5764487242337786,-2.5341471583661668,-0.4728171873860571,0.0,-0.5565809248201331,-2.314401273194506,-0.4477834169801687,0.0,-0.4029122742733976,-1.1429254328653755,-0.13917857665193714,0.0
0.0,0.0,0.0,0.0,0.4835591460108984,-0.46634849977556464,-0.21343412574076862,0.0,1.2757687318083009,-2.244224705270718,-0.4588337577905053,0.0,0.8833400731782324,-2.0036591917227247,-0.3426305319752501,0.0,0.7186030233294299,-1.6562054733731206,-0.2582370745505118,0.0,0.721974818016481,-3.7175352526794354,-0.17661283685474755,0.0,0.7225923569753717,-2.760653136109119,-0.5147886564634824,0.0,1.2340499576072679,-3.189705439325218,-1.2289005260286785,0.0,0.7089967332655139,-1.4440412822011257,-0.9022847722558045,0.0,0.005443394446688149,-3.9175413207930063,-0.16159016527988987,0.0,0.3895253103188517,-3.145489135736291,-0.5947907813540532,0.0,1.240910434669409,-6.3514246343228224,-2.1317023352942788,0.0,0.2599318316233381,-1.3041887941395438,-0.610837429849049,0.0,-0.5773137104367869,-2.7585414327506332,-0.19315073453735018,0.0,-0.13190202085840844,-3.2425737710895333,-0.7352103143471325,0.0,-0.09799016954248442,-3.883005532353597,-1.128210677943292,0.0,-0.10882913151637837,-0.9944428961068027,-0.25164002624792847,0.0,-0.7955634831069098,-1.633931975141509,-0.19259502991242902,0.0,-0.5996292196993079,-2.584486044974682,-0.5370260634584193,0.0,-0.5898917667500224,-2.4139977647307167,-0.5384864451333332,0.0,-0.444737746225751,-1.205379970896273,-0.1964263819540785,0.0
0.0,0.0,0.0,0.0,0.454993164375955,-0.3255840542167366,-0.2628866108206931,0.0,1.2298788999278947,-1.972147430829813,-0.5668982160698294,0.0,0.9015125981524518,-1.8265473497825397,-0.3972604725452898,0.0,0.7430263497387704,-1.5893431785172705,-0.31074796294348217,0.0,0.32730967001383154,-3.3445456294741365,-0.43563600677312303,0.0,0.763330323616083,-2.6386477380165383,-0.7774617077458188,0.0,1.0823931392073585,-2.871532270922871,-1.642259277836825,0.0,0.59315252402977,-1.8881525146906581,-1.568955839608783,0.0,-0.2710430632337889,-3.122899884747791,-0.3798377771905823,0.0,0.5296213018119682,-3.2950805172492164,-0.9853998654087122,0.0,0.960772656895367,-4.441097911738647,-2.385599544931107,0.0,0.14874238139791912,-1.6560804014642323,-1.188997312334268,0.0,-0.6479500654647707,-2.365346035738004,-0.3564596632401425,0.0,0.01803516803514273,-4.018624191137625,-1.3955647750928601,0.0,0.03940657324622769,-3.4439343085180507,-1.700329867828156,0.0,-0.22770443563228077,-1.2275670541437584,-0.6443866385640374,0.0,-0.7978590353277937,-1.5305215057073904,-0.3180105622145317,0.0,-0.6385704242905939,-2.7315737668284212,-0.8903975885139486,0.0,-0.5957903469406293,-2.2516427268053847,-0.9096934760907214,0.0,-0.5333964202123332,-1.3497948967093636,-0.5400389044462622,0.0
0.0,0.0,0.0,0.0,0.49371370809364795,-0.4997174758580216,-0.2759851264619946,0.0,1.2496425337757135,-2.1923051085583696,-0.6103117159313458,0.0,0.8843993415301293,-1.924699826925587,-0.4482852599078611,0.0,0.7396983931390942,-1.6090863137148055,-0.3483764050976296,0.0,0.34070113277418423,-3.94906396698537,-0.4195647457339759,0.0,0.7397692204162442,-2.936476592573819,-0.7810869391749684,0.0,1.1314883544514185,-3.0572578073896444,-1.5672066823861477,0.0,0.7194191160893298,-2.11947377202783,-1.496802101731779,0.0,-0.3100695111048977,-3.310244273010056,-0.31413252230730715,0.0,0.5237122642700259,-3.470904344669919,-0.963681179575485,0.0,1.0209953089742736,-4.357946304426168,-2.140869304421022,0.0,0.22711401815145857,-1.85895071419232,-1.1507405250074332,0.0,-0.6597022690850116,-2.3467951449818316,-0.27853157369102927,0.0,0.024106672502459396,-3.9316827197827595,-1.2206475262228313,0.0,0.13603087435883146,-3.8989812233735077,-1.7014749451185356,0.0,-0.17488071294573054,-1.3501357930674596,-0.5799033907740814,0.0,-0.8076719911343921,-1.5421554095358123,-0.2539854865242981,0.0,-0.5913115539597071,-2.920112890024226,-0.7841261559307633,0.0,-0.5503030548997498,-2.6713581707826743,-0.8556523854864883,0.0,-0.4854216840003299,-1.4234620913531972,-0.4160440585881782,0.0
0.0,0.0,0.0,0.0,0.604322214658397,-0.4561687417244259,-0.36805207450356353,0.0,1.3635204517342883,-1.940236036577756,-0.694494999443316,0.0,0.9627886462231762,-1.709100025000711,-0.47876369391018075,0.0,0.7950578475397118,-1.498335363083834,-0.38193434612986527,0.0,0.43473732729527587,-2.865286457655107,-0.5181434633029632,0.0,1.0725013690619463,-2.673640524135327,-1.0648622564394021,0.0,1.1391457366433542,-1.983290036185203,-1.570719799176229,0.0,0.6890063485786504,-1.312555883241715,-1.4996360324515248,0.0,-0.10947374921024493,-2.6839497710080855,-0.4183398198755755,0.0,1.021581154448836,-4.207425159757192,-1.588134219314365,0.0,1.022787400880509,-2.815397871907464,-1.976435346976009,0.0,0.3086913921916924,-1.1465283214541993,-1.1643330834613113,0.0,-0.4963048643366644,-2.1240233720282107,-0.3485771975556341,0.0,0.2461043342699574,-4.681055277076097,-1.7995455172275365,0.0,0.28012711404663687,-2.8180051210387256,-1.601504115705031,0.0,-0.06692903772930958,-1.0508315455859978,-0.6968155435546669,0.0,-0.6973315193517278,-1.4536926784574264,-0.2934958810449335,0.0,-0.5018897933826286,-2.53347529773523,-0.8360069452293248,0.0,-0.3932287428544842,-2.058920440840421,-0.8554024195851084,0.0,-0.3586080148751552,-1.2150100067599159,-0.5106136794649354,0.0
0.0,0.0,0.0,0.0,0.5643228157468863,-0.5394280479019632,-0.35671116351989746,0.0,1.2109704608126115,-2.0843067770094352,-0.6726308268958575,0.0,0.8302964398532724,-1.815847998768955,-0.47398271199583253,0.0,0.7144698814703688,-1.5470775048407555,-0.3677443928465915,0.0,0.14326006740215724,-3.198298952155435,-0.5336992153452998,0.0,0.7961140767861213,-2.76603561286852,-0.9757151308048577,0.0,1.0336473971394557,-2.197892792476108,-1.5184962015127377,0.0,0.6534974601057062,-1.3673773131833191,-1.3696190825784416,0.0,-0.3816848903882183,-2.699219376814702,-0.3812700435313674,0.0,0.569607779504401,-3.7897983803813298,-1.3379909065575,0.0,0.8243731961341787,-3.0719234696175506,-1.9770099838021113,0.0,0.23759694005992615,-1.2731353557437646,-1.1236161110481149,0.0,-0.6701575070827317,-2.059228107361247,-0.3056040175846699,0.0,-0.05154865655178288,-4.4450938323079745,-1.668406931290007,0.0,0.08038696680288618,-2.7462587309327717,-1.535632368433014,0.0,-0.158739299614011,-1.041903841011879,-0.6363331836034473,0.0,-0.8093835754494162,-1.4424229808115916,-0.25905127705137226,0.0,-0.6462768547876202,-2.7724013132719763,-0.8658959529816781,0.0,-0.5212963849528247,-2.3168987266351384,-0.9159455363678987,0.0,-0.4619524853916815,-1.2290501325203502,-0.4872621665387584,0.0
0.0,0.0,0.0,0.0,0.5589227680802791,-0.45535966762278535,-0.19876119934546793,0.0,1.3502870922219308,-1.9977743226156846,-0.42207381216827083,0.0,0.9974556033166211,-1.8917047421548303,-0.34624478789287705,0.0,0.798188738105002,-1.6157473051263977,-0.28059513832973115,0.0,0.7590188607054765,-3.139648696630699,-0.16881726047789775,0.0,0.9651261028478374,-2.7189768299017065,-0.5681051562166803,0.0,1.2714733393082855,-2.513108702608453,-1.1431301651937125,0.0,0.7997866710402364,-1.2316905708270203,-0.9304284278125409,0.0,0.13945005213463935,-3.3148422327732376,-0.16243053571435018,0.0,0.5794349378407344,-3.6708578185517635,-0.7072362572036675,0.0,1.2600956524177012,-5.206193330501066,-1.859383517243603,0.0,0.3889019936422224,-1.3424675788573814,-0.692528551693708,0.0,-0.42915229090348916,-2.595150147897082,-0.18833313084742095,0.0,-0.09545872763867731,-3.535960107147169,-0.7830192297683266,0.0,0.006314646001630399,-3.3207170195095834,-0.9929477249998048,0.0,-0.03705425443701922,-1.1421047355674756,-0.34014561823988276,0.0,-0.7184760599900263,-1.6738178328211273,-0.19361955013663446,0.0,-0.5895756311426971,-2.309321990858848,-0.43092366664851844,0.0,-0.5339379528588933,-2.0153151941194247,-0.3853149064572811,0.0,-0.417172310808683,-1.1676882004766278,-0.15562199900895413,0.0
0.0,0.0,0.0,0.0,0.5346406306989083,-0.47221823435633653,-0.20223642905129496,0.0,1.3033197312613727,-2.0690414299013704,-0.3948148884530015,0.0,0.932276001741349,-1.9128017442181466,-0.3003089839124231,0.0,0.7611126597998868,-1.613142251896886,-0.22695617857243888,0.0,0.6070176912297203,-3.4461231617767507,-0.13664639292163794,0.0,0.783189008464401,-2.7508575380452833,-0.48611468169623806,0.0,1.272492456282621,-2.879912124456646,-1.091567377646766,0.0,0.8312717581670103,-1.4291528687597133,-0.856216388482386,0.0,-0.0539217842878747,-3.309124654201138,-0.09526509514140989,0.0,0.5086128727354131,-3.659041240456511,-0.6202110964004648,0.0,1.1450120161156767,-4.800019496091599,-1.471786775410194,0.0,0.3622111656299253,-1.326883423527948,-0.5430567952089783,0.0,-0.5374369801163795,-2.49632695602612,-0.12099641099649601,0.0,-0.11974752439724148,-3.6228245250050506,-0.745678647978886,0.0,-0.001218768217379392,-3.1430064048130837,-0.8130585851714915,0.0,-0.061273686468367984,-1.036058329835586,-0.21246059155508723,0.0,-0.7580679390634557,-1.6492944072840554,-0.1372196975349187,0.0,-0.5768929650835646,-2.5991655043572863,-0.4561929096162539,0.0,-0.5139737515446242,-2.2078033710498666,-0.3945515640624039,0.0,-0.4220154581174553,-1.1632652172624685,-0.12116123299509014,0.0
0.0,0.0,0.0,0.0,0.5124950927913644,-0.46088139526495414,-0.1515421165139127,0.0,1.3361560941646509,-2.1535790082957424,-0.32812607785311587,0.0,0.9857028588500398,-1.9624874422026601,-0.27140218829696716,0.0,0.8038051688077369,-1.6482526766778967,-0.21997930199893045,0.0,0.6792120358502981,-3.347266521437858,-0.07511527798918866,0.0,0.825319246696495,-2.761945122018116,-0.43426904463931815,0.0,1.3121154330945375,-3.106020369905065,-1.1040777838354943,0.0,0.7643118078870887,-1.3385602496602338,-0.8166428334289895,0.0,0.05191810672540186,-3.393445017029144,-0.08222862419452442,0.0,0.5510577312962492,-3.660663934490771,-0.5680783138200131,0.0,1.1656798486368445,-5.360366426469123,-1.5562796394125558,0.0,0.28854839415019806,-1.140914507545163,-0.49099852989906706,0.0,-0.4740451318212674,-2.6603660145585617,-0.1417723265005866,0.0,-0.056267714686929426,-3.635353575070691,-0.6912563901587762,0.0,0.006144017592165954,-3.3526600173329864,-0.8206026794492602,0.0,-0.03804821536764188,-0.9424433951272363,-0.20909879379492902,0.0,-0.7317521037073543,-1.7660113820959147,-0.17203841540808332,0.0,-0.5152061683412481,-2.6183776156539107,-0.4319680548219926,0.0,-0.5280229535267643,-2.542126228749809,-0.3966062638230388,0.0,-0.41127216729293586,-1.2964747438570006,-0.10649137091984737,0.0
0.0,0.0,0.0,0.0,0.5027964197735204,-0.43177475914468577,-0.16523563137759098,0.0,1.3321529736797644,-2.1182324985387657,-0.35328612976940843,0.0,0.9835231908130064,-1.9855404948168491,-0.28676380795488376,0.0,0.7894277468610276,-1.6565984416838269,-0.22209874034213908,0.0,0.622832011913029,-3.3359192830719775,-0.06990430518449288,0.0,0.8497919522280147,-2.731264050896613,-0.431061395015406,0.0,1.3002446413171507,-2.944224994114435,-1.0623283196103368,0.0,0.7547033268852277,-1.2826077885539051,-0.7961916222677858,0.0,-0.004014964575779668,-3.236671755928517,-0.0588859064258283,0.0,0.5831356329701566,-3.518490894031512,-0.5447892073837134,0.0,1.2463048979142726,-5.260536643641974,-1.5175883618081918,0.0,0.3093437941214319,-1.1175652685069233,-0.47075144821716425,0.0,-0.49182550818598075,-2.543347688536561,-0.11102412573087185,0.0,-0.008843064397243382,-3.6772308197681163,-0.6928419725656007,0.0,0.03727025088688327,-3.452164319752875,-0.8330981978990126,0.0,-0.043260038265448504,-0.9566071037051563,-0.19543458000651637,0.0,-0.7352556674537506,-1.7381389173410344,-0.14620164677454617,0.0,-0.5127362872292043,-2.674517943799736,-0.4401953318670464,0.0,-0.5359446238935477,-2.4557935508256854,-0.39996155435452746,0.0,-0.4474158461153437,-1.2589385417902024,-0.11591905212488082,0.0
0.0,0.0,0.0,0.0,0.4925963037897839,-0.37347171292864106,-0.16840938430144187,0.0,1.3627385029069023,-1.9689681047264174,-0.3789041061630944,0.0,1.0626019697563898,-1.9493863887585021,-0.32082562565228157,0.0,0.8502239002733867,-1.6294824447188812,-0.24905780322425858,0.0,0.6899049296991693,-3.212097923186612,-0.06885934506627706,0.0,0.8878110514842542,-2.700607487835165,-0.41685522199646424,0.0,1.386427586901692,-3.04828228871769,-1.0651378583601925,0.0,0.7858548788984703,-1.257009801770282,-0.7700425126376421,0.0,0.09740768167669417,-3.158896680073879,-0.05062777874276438,0.0,0.6415872383857515,-3.6011613332624863,-0.5229070140161679,0.0,1.358865352223694,-5.573577990790624,-1.5231255868298366,0.0,0.3244703673542499,-1.060362856737552,-0.43564219850923186,0.0,-0.40585080434347154,-2.5747671317414915,-0.0980119507364831,0.0,0.030253217446596613,-3.6424493136366607,-0.6504768668885528,0.0,0.04885971851476669,-3.3465801367087535,-0.7750973918391886,0.0,-0.028963629021698,-0.8932990848404134,-0.18233395162577273,0.0,-0.685055478502733,-1.7890739849518464,-0.13283059542718673,0.0,-0.447683456484081,-2.6246835168663387,-0.3948647302874254,0.0,-0.48304318530158413,-2.618319319454077,-0.3733250543769563,0.0,-0.3927132204019508,-1.3396274406225925,-0.08932271970104337,0.0
0.0,0.0,0.0,0.0,0.49393096260182673,-0.36318391168822284,-0.1815678057047926,0.0,1.3690719773075195,-1.936449076574957,-0.4044420336497751,0.0,1.0712036898806288,-1.9944940433469631,-0.34500882310650793,0.0,0.8454201099556344,-1.6445196329330611,-0.25940072514020984,0.0,0.6856132199644845,-3.1414251877701904,-0.055038667391921314,0.0,0.9415239866657619,-2.7291308725885393,-0.4279386691730292,0.0,1.3773803667973992,-2.862000028172252,-1.0435291663731143,0.0,0.7851262644046014,-1.1979978557887339,-0.7757823688413427,0.0,0.10393979388599567,-3.049210516278579,-0.02577858157615198,0.0,0.6754755459763122,-3.5488169523517668,-0.5074127348863242,0.0,1.4904347133135865,-5.611808991161527,-1.5474336477122095,0.0,0.354053482479603,-1.0605295144123006,-0.4472437261422211,0.0,-0.38336126958195615,-2.5231211729875755,-0.06797997677382946,0.0,0.06717830667874311,-3.582997518261133,-0.6223635181211136,0.0,0.1150630396397998,-3.5662410074782707,-0.8138429655874914,0.0,-0.009979689589581278,-0.9048437964125485,-0.17830664154538314,0.0,-0.6685772194588628,-1.7950063770917788,-0.10673342044082634,0.0,-0.4468582713841104,-2.623444005325295,-0.3956927865176822,0.0,-0.4754145216911622,-2.501903113347548,-0.38242753192428475,0.0,-0.40039253400728275,-1.2761387058055331,-0.10552004919898046,0.0
0.0,0.0,0.0,0.0,0.5003662248685391,-0.3991776725236708,-0.20158560805882023,0.0,1.3708691935241577,-1.9639081318532017,-0.4569547894085906,0.0,1.0910679002176085,-1.9400833275427376,-0.3829428990888921,0.0,0.8753952120160041,-1.6149854624836426,-0.2935149951561867,0.0,0.7375799779067416,-3.1362536376234083,-0.0722504992738164,0.0,0.9627211858051676,-2.686679861697162,-0.47280139869829496,0.0,1.3425366745469858,-2.8175651370387094,-1.1264261404811882,0.0,0.7548969814468566,-1.1667372849046995,-0.8326831160112697,0.0,0.15480488392503167,-3.0598759783191554,-0.03793363220683739,0.0,0.6787528682076835,-3.589081878097996,-0.5862802231421289,0.0,1.2530160864194042,-5.218189472419855,-1.6484634274791845,0.0,0.29788253148234883,-0.9733550388799047,-0.48297600611321145,0.0,-0.351354248332639,-2.549950617806995,-0.08152741646319268,0.0,0.07882291083026012,-3.564397803958849,-0.6793103944462777,0.0,0.02480358130473504,-3.414411201479067,-0.8676459808205864,0.0,-0.05760912250765448,-0.8627765419232559,-0.1995836545137324,0.0,-0.6535073454300931,-1.824656828847774,-0.1206883590129636,0.0,-0.4411592162108855,-2.5603240740388857,-0.4157720897785067,0.0,-0.504498302502235,-2.45943477248432,-0.41454316212610126,0.0,-0.41969493210322845,-1.2641691853992507,-0.12222854699749677,0.0
0.0,0.0,0.0,0.0,0.510574802734384,-0.36640794687428024,-0.21573714490050408,0.0,1.3853430169246859,-1.8441380130115412,-0.47395799063769944,0.0,1.1166388092578035,-1.9702461018433268,-0.4082517452717806,0.0,0.8775938773526019,-1.6279742101226526,-0.3040554653325973,0.0,0.8163626954804724,-3.07557045054988,-0.11298641636908455,0.0,1.0439822307483626,-2.729670811223317,-0.521381670953453,0.0,1.3751113048106298,-2.6921635148519805,-1.1418624526176706,0.0,0.7698741300673829,-1.1225670724861674,-0.842093688675524,0.0,0.22310347399995126,-3.0298935021449456,-0.05787359395290521,0.0,0.7391662123928666,-3.58569513859951,-0.6100294366655012,0.0,1.3888139186423483,-5.329368792932577,-1.7451711903758986,0.0,0.32043605211710013,-0.9594055207063183,-0.5059537195930125,0.0,-0.2931868859795472,-2.532904396546414,-0.07791084561255858,0.0,0.1156903736173439,-3.4938854338727823,-0.6710030395856037,0.0,0.07882543011212204,-3.446405740317447,-0.9194013088000645,0.0,-0.030319124201192614,-0.8501743095773112,-0.227359436363068,0.0,-0.6119122459502704,-1.8394755382209693,-0.10262398719506843,0.0,-0.4019527762382243,-2.551596539306775,-0.41164678093733714,0.0,-0.45921738826231856,-2.481469594010708,-0.44619712314258236,0.0,-0.38758069845238247,-1.2641782654812852,-0.15805364735047867,0.0
0.0,0.0,0.0,0.0,0.5012238909312833,-0.30368639307366974,-0.22243881428605983,0.0,1.4581401209515417,-1.79928713436739,-0.5218111621003992,0.0,1.2222910720362636,-1.9641414156640358,-0.4460570844773419,0.0,0.9646268779405778,-1.6125183051190015,-0.3235149855778951,0.0,0.9516140271092938,-3.0919618078326123,-0.1600345680396719,0.0,1.1347064738213295,-2.650282697224032,-0.5440961826497285,0.0,1.5144130168478895,-2.7274462278532785,-1.1854520118725824,0.0,0.8319194968914898,-1.1438258704482345,-0.8639730575787371,0.0,0.34034484464003023,-2.9903268069028845,-0.09252158654257604,0.0,0.8723962731304411,-3.435866583671083,-0.6354565400277895,0.0,1.6905772192085389,-5.437245513939169,-1.8616079479727905,0.0,0.3910528402341964,-1.0318728563001376,-0.5370447557985343,0.0,-0.18228843941891756,-2.5230349152089375,-0.10329990536639509,0.0,0.2826493988082781,-3.4803781966602343,-0.7103326749183336,0.0,0.26127012300616964,-3.54819769014349,-0.9850352201317237,0.0,0.016802958629141978,-0.8911898375077641,-0.24213123166844974,0.0,-0.5259361514747614,-1.8754174309952123,-0.12223256557501821,0.0,-0.29363574861084807,-2.572058504088372,-0.4440298919518386,0.0,-0.3339430699035621,-2.5289599465520602,-0.4963453346463346,0.0,-0.2954749872491359,-1.3103029774712258,-0.19014555649349393,0.0
0.0,0.0,0.0,0.0,0.4982595898892212,-0.28876526716188816,-0.22595179112090957,0.0,1.4439425647066642,-1.7591727717301522,-0.5152181045064917,0.0,1.2196039522728082,-1.9583737968191588,-0.4411984285109057,0.0,0.9596416860191554,-1.6122274532428797,-0.31571370143492083,0.0,0.955548652041854,-3.0485606099488445,-0.13972285281948282,0.0,1.1448047979899292,-2.674263145196345,-0.542337857786194,0.0,1.4988690788299996,-2.699730195823616,-1.1723426135740025,0.0,0.8287863794988383,-1.1247861786099773,-0.8505677564577503,0.0,0.3580795320441261,-3.0030564514702847,-0.07173504518979373,0.0,0.8683685998518765,-3.437675178143634,-0.6255870830009257,0.0,1.641455036406023,-5.397672375923884,-1.853638646951012,0.0,0.3705878526235263,-0.9896192113232171,-0.5294973079191221,0.0,-0.1756890228321171,-2.5450452002841257,-0.08390246349845551,0.0,0.24388120894687526,-3.4141209815702447,-0.6743107041747822,0.0,0.2130050040565315,-3.5338454443150313,-0.9459194903290639,0.0,0.007052299774219751,-0.9029598824058243,-0.22778052524274295,0.0,-0.5258243037436325,-1.8826446623913453,-0.10547111342395418,0.0,-0.30487390938146314,-2.533384830305615,-0.4205092953429846,0.0,-0.3520636471115534,-2.518212298355103,-0.4698849745162609,0.0,-0.30836350935750473,-1.3347796748502083,-0.17322728101322793,0.0
0.0,0.0,0.0,0.0,0.506640460872323,-0.2521063751558832,-0.23535457833818915,0.0,1.4737869366785705,-1.6286212941542721,-0.5302756790834728,0.0,1.2827325514373638,-1.8574860875035843,-0.4589343261873534,0.0,1.0199240888889851,-1.5561011125148572,-0.33557807134738965,0.0,1.1051580685103977,-3.10429597750222,-0.19024108911851734,0.0,1.1922168728792104,-2.597871512600304,-0.5849800879042716,0.0,1.5496617695410868,-2.6129968657697695,-1.245579345308795,0.0,0.8654577837366765,-1.0960141290651877,-0.9152067343591225,0.0,0.4562972896768704,-3.063570843311041,-0.10818600852622826,0.0,0.9060042363911122,-3.3004419568817744,-0.6671908609106586,0.0,1.813620820452988,-5.4241110727352595,-2.0582743356054514,0.0,0.42083694492235446,-0.9808296314359082,-0.5881637279604378,0.0,-0.1183769763676452,-2.533031489768085,-0.10855261741254793,0.0,0.3062127143438858,-3.2614706427879385,-0.6936338943653364,0.0,0.3046378430805796,-3.593494608298091,-1.0456129516199444,0.0,0.03531997248300706,-0.9055726765717157,-0.25991822342050774,0.0,-0.47997408030300726,-1.8564177594675186,-0.11986950190213927,0.0,-0.24137090057143307,-2.4826544274078404,-0.4376209738647357,0.0,-0.2934129449221176,-2.47126591488243,-0.4967087743362382,0.0,-0.2714923984663686,-1.3222052167953022,-0.1962543080199414,0.0
0.0,0.0,0.0,0.0,0.5168130719891627,-0.27533523444030955,-0.22489046822815742,0.0,1.4764228371086812,-1.663162174675244,-0.5027252530775999,0.0,1.2792208035664683,-1.8754600472972327,-0.4391433878490705,0.0,1.0201125872443693,-1.5677643914712427,-0.32371771153939227,0.0,1.0976792283350902,-3.1646810193447847,-0.16379756874061602,0.0,1.1939863619329623,-2.6102803039277345,-0.5672560693605085,0.0,1.5466002864590556,-2.6241714387124473,-1.224865554422396,0.0,0.855624662289112,-1.0886232850274744,-0.8929868817241627,0.0,0.43426702890300534,-3.1056325830839717,-0.09459582300419127,0.0,0.8798246525866124,-3.250524603778024,-0.641906155669368,0.0,1.8773787325839022,-5.792790589880329,-2.140006634059622,0.0,0.414482307767008,-1.0071759720589053,-0.5853763659711357,0.0,-0.1406918478552619,-2.5389776032501103,-0.1075013913114338,0.0,0.30449380739084564,-3.3049477343385387,-0.707220959921131,0.0,0.3020711253168236,-3.618377422327699,-1.0611696807719881,0.0,0.03581382375406871,-0.9239191693980255,-0.2662457387331749,0.0,-0.49329041265651197,-1.854015326009433,-0.1260138695182703,0.0,-0.23827705830128865,-2.505003971236976,-0.4451425069813785,0.0,-0.29119454313506765,-2.562752502998251,-0.5163358000955178,0.0,-0.27829983187630525,-1.3816718728329345,-0.20782181927830115,0.0
0.0,0.0,0.0,0.0,0.5022606477137781,-0.20430023109666715,-0.23533828142819507,0.0,1.4903940212462004,-1.4562445697266435,-0.5301071410749046,0.0,1.3712039438255565,-1.7741920077790478,-0.482091007939419,0.0,1.1020520629113086,-1.4911799906798713,-0.3561922913267222,0.0,1.231010156177617,-3.072904536863411,-0.19815697997364076,0.0,1.2949068738032932,-2.519189058373999,-0.5989727530649207,0.0,1.6220106219869979,-2.4695090494009215,-1.2610720901342742,0.0,0.8873355516270681,-1.015564629227614,-0.9244561144930608,0.0,0.5682992317865581,-3.039817633452624,-0.11508948163786824,0.0,1.0108546882833789,-3.164434043884455,-0.6784582572383188,0.0,1.91031750878429,-5.105867538099241,-2.0787672385045823,0.0,0.4203668029162416,-0.909703925163255,-0.5953669609578028,0.0,-0.026968463370444208,-2.5107708134149105,-0.11532924818522859,0.0,0.4309822337179565,-3.1649493811760006,-0.7080031699696088,0.0,0.4179348317083436,-3.5700807032589004,-1.113457278398603,0.0,0.04720237858279089,-0.9138966192655167,-0.2825538299936748,0.0,-0.40708180354596674,-1.8648623814072998,-0.12565136244953123,0.0,-0.12491918791779652,-2.461764074976037,-0.43419799353684146,0.0,-0.20294793751520604,-2.541770652309432,-0.500991969221464,0.0,-0.25052162719706633,-1.3839616205559493,-0.19240212442890892,0.0
0.0,0.0,0.0,0.0,0.5171852496506565,-0.2286642937409436,-0.21394712614778222,0.0,1.5293619676556933,-1.510947316448958,-0.47654796862773335,0.0,1.3883024522268481,-1.7955616534200673,-0.4317374383418588,0.0,1.113507976976774,-1.5096786698626146,-0.320203434495557,0.0,1.29840452784779,-3.1446197355149854,-0.1428516946138037,0.0,1.3268039144455068,-2.57088197039387,-0.546035946157262,0.0,1.7037120334118783,-2.5865117728899305,-1.1940627490109827,0.0,0.9325462199081018,-1.057503067720707,-0.8649140284505272,0.0,0.6159746307609324,-3.1500317710898305,-0.08179433257712544,0.0,1.0262392810356549,-3.1815982628224444,-0.6122298243366576,0.0,2.3171994436517545,-6.0620421344918585,-2.1797165263133462,0.0,0.49351797063218467,-1.0290725368242828,-0.5750137108351462,0.0,-0.011323908392308946,-2.5619362465412125,-0.10128489165175991,0.0,0.4423102793700242,-3.2010039439343414,-0.666960881711161,0.0,0.4957365930117751,-3.708200023674259,-1.0428832569982938,0.0,0.09402377025592319,-0.9562230339807526,-0.25163446418857605,0.0,-0.39979732939456186,-1.8761225383792068,-0.123242297447016,0.0,-0.11812204296945095,-2.465262223465616,-0.42072560102222467,0.0,-0.16757340857114209,-2.5879367488864995,-0.484508966982253,0.0,-0.20991563791202988,-1.4434063238137516,-0.18514629298438573,0.0
0.0,0.0,0.0,0.0,0.5157018811988476,-0.15644444379375058,-0.2146821424548689,0.0,1.522030488781022,-1.199632092650873,-0.4598271608529741,0.0,1.519323563905449,-1.5978809563137546,-0.45181902541116487,0.0,1.2404327650345033,-1.3973260219776682,-0.34673353598542317,0.0,1.465530221223459,-2.9701938355115156,-0.16281317179342678,0.0,1.5053516080356388,-2.4220292289387624,-0.5639528740253238,0.0,1.762182250188405,-2.2203311016351783,-1.1710579418430644,0.0,0.9315078393246237,-0.8702238648306503,-0.8612652664571215,0.0,0.7862980506165625,-2.9659638519479947,-0.09405553461940036,0.0,1.3060959902345732,-3.2074252749931706,-0.65730121608395,0.0,2.1697907535617214,-4.629138445802921,-1.848254552789822,0.0,0.46688863676808795,-0.8582367918327192,-0.5593228441944668,0.0,0.1581090678558509,-2.48008315471291,-0.10378299749112657,0.0,0.6309440568760396,-3.0763758617238977,-0.6469265993232419,0.0,0.664603737413705,-3.628721278225361,-1.0491129350797916,0.0,0.0969124178018163,-0.9451567985435274,-0.264525193710326,0.0,-0.2636529566427088,-1.8882988935443634,-0.11993922799296236,0.0,0.029115821848589164,-2.3727353825807445,-0.3835692489422671,0.0,-0.055425416080498904,-2.5254057170826663,-0.43098699492046294,0.0,-0.19482801123855578,-1.4972663189148727,-0.15898812819264863,0.0
0.0,0.0,0.0,0.0,0.5284734055965654,-0.1530747097839487,-0.21278149534488983,0.0,1.5531377656300023,-1.2044721288674123,-0.4503368991625486,0.0,1.5327179795566468,-1.5888580877235998,-0.4336317030575448,0.0,1.248956588342599,-1.3833243431410498,-0.3280289345023775,0.0,1.4820339187451177,-2.920500729802343,-0.14186353984702102,0.0,1.5730941451562859,-2.4321758109083715,-0.5719421321766911,0.0,1.778182820590767,-2.1715121465128093,-1.1606083042330728,0.0,0.9412630153988127,-0.859553033093888,-0.8567768082573975,0.0,0.7979216738877075,-2.9345308403860204,-0.08125484789920254,0.0,1.3091225815456082,-3.1626455625084975,-0.6376462154302167,0.0,2.5435114958113223,-5.3455855359706055,-2.0615605357163393,0.0,0.5313380933027407,-0.9290201909708935,-0.5755343807212048,0.0,0.16365907423877019,-2.4500105975120223,-0.0989510757802394,0.0,0.6621178801209162,-3.1525877801824405,-0.6713488329249426,0.0,0.7048837319304871,-3.5660495573195456,-1.0316714747758664,0.0,0.1406013815823886,-0.9842150310519591,-0.2673867848649223,0.0,-0.254939060887122,-1.8702405567022724,-0.12112963209794811,0.0,0.0422091125727917,-2.382269929830419,-0.3979249212590781,0.0,-0.015025351922490106,-2.531634248389048,-0.4508940776086403,0.0,-0.15195866981836464,-1.5112915959151196,-0.1711115842162371,0.0
0.0,0.0,0.0,0.0,0.5267494029847313,-0.10961646932619168,-0.20394936416825502,0.0,1.5327301513964011,-0.9704201081935665,-0.42751691880282533,0.0,1.6282856713454303,-1.402830814066337,-0.44659497423384226,0.0,1.3590465063529653,-1.2676422851389586,-0.3545884628023871,0.0,1.7056007174314058,-2.877497029484065,-0.1600847431595806,0.0,1.7102584489726589,-2.3011220785571145,-0.5834395376840652,0.0,1.8539066262480786,-1.9570061763821922,-1.1514751591744015,0.0,0.9617153515355856,-0.734098655282691,-0.8486896286022427,0.0,0.9812764416867167,-2.9144081105724204,-0.1039562609223334,0.0,1.5051560405582407,-3.056611939864459,-0.6716976247484674,0.0,2.5645602250586284,-4.580098738178157,-1.9496483056590281,0.0,0.5342879515180975,-0.829421152963808,-0.5831717525798469,0.0,0.2976854524627065,-2.4111697968864094,-0.11947151149546556,0.0,0.8239471089592932,-2.964423467577328,-0.6591411581798124,0.0,0.9211148600802666,-3.673819059833517,-1.1054866886967836,0.0,0.14786579940358174,-0.9800950832823714,-0.28180166607361795,0.0,-0.14804418942926675,-1.8628540069003554,-0.13791105140296656,0.0,0.18126760364116676,-2.3118331090192354,-0.3898024943950252,0.0,0.09509638489526574,-2.4926744389679163,-0.43206582930000204,0.0,-0.13069664051662988,-1.5743568691575236,-0.1694086532388161,0.0
0.0,0.0,0.0,0.0,0.539671468639708,-0.09775225970604585,-0.2121852266010515,0.0,1.5450868609538575,-0.9195113928710275,-0.42978872569165516,0.0,1.6575470355764244,-1.386617745379792,-0.4502919087181126,0.0,1.3779426672332735,-1.2627637325507723,-0.35053794788167886,0.0,1.6768738417630467,-2.758381224956877,-0.13734790740509636,0.0,1.7759258800722044,-2.295597667707755,-0.5876274890823762,0.0,1.8616163475185268,-1.8621081620023028,-1.1249710578684362,0.0,0.959614021016546,-0.6729545447324327,-0.8228762603733714,0.0,0.9774430364053468,-2.788078981814217,-0.07742313443641982,0.0,1.5606245701864085,-3.054499809657277,-0.6515931373536311,0.0,2.7734995547349035,-4.6942687246065695,-1.9525548728431312,0.0,0.5801338771751011,-0.816309672490185,-0.566578831200852,0.0,0.3244676112402198,-2.3550119438238792,-0.09490015456419895,0.0,0.8861898826646033,-3.011747672266314,-0.6542911855894026,0.0,1.013543477562251,-3.652719094474577,-1.0596147457700476,0.0,0.19978674995290527,-0.9876971652065153,-0.26013307066509117,0.0,-0.12064347004002322,-1.8451705308027473,-0.11794568657927529,0.0,0.20976349621587423,-2.3142513816153545,-0.380322827187834,0.0,0.14494215828160226,-2.478329934145019,-0.41847561964559493,0.0,-0.07667474171219085,-1.5764916142143963,-0.15416304359455762,0.0
0.0,0.0,0.0,0.0,0.5317866196666481,-0.06998577369667086,-0.21102613256253475,0.0,1.5346551876174839,-0.8031592241434344,-0.4165669358012577,0.0,1.6855426459209977,-1.2604341516004898,-0.4438389373780509,0.0,1.4293088720190437,-1.157957259044537,-0.35380742042122865,0.0,1.7855089097372325,-2.676843098632947,-0.10974326572663366,0.0,1.8520970286859773,-2.174045913998926,-0.5539622006420847,0.0,1.9127092623782085,-1.771980546106531,-1.1077310265190794,0.0,0.9522145402866733,-0.6345851373833294,-0.8145249627485793,0.0,1.0675075810443275,-2.7329919684605444,-0.05448071233700127,0.0,1.6024228893861163,-2.8859082442753032,-0.6045880198589559,0.0,3.173785221158805,-5.044848292389311,-2.0857535468069988,0.0,0.6385656940363758,-0.8411485732035735,-0.5748776261045077,0.0,0.3900706888354235,-2.3078018085123673,-0.07858408275351748,0.0,0.9659978011818229,-2.935700286167639,-0.6451311923298302,0.0,1.0407894573004985,-3.4260603231365483,-1.0447023067245822,0.0,0.20746605370787022,-0.9296884523347525,-0.2666771984516074,0.0,-0.06335108662582252,-1.8261141644725327,-0.10561294765454599,0.0,0.2578275977023575,-2.251975083151288,-0.35967309469608794,0.0,0.1885109958395413,-2.4050383407473617,-0.3991439408162415,0.0,-0.040343242925438706,-1.5862730097964743,-0.15283925261381334,0.0
0.0,0.0,0.0,0.0,0.5427800023437389,-0.0763296195157944,-0.1954656427172876,0.0,1.5706952590522851,-0.8279466542374467,-0.3808277088364471,0.0,1.7114314341295158,-1.2889324068614054,-0.4058521887300432,0.0,1.4447672971540098,-1.1677862194385389,-0.3175057467223945,0.0,1.8427296161717033,-2.746807831961457,-0.09359734364382793,0.0,1.862554894591795,-2.1974106497469457,-0.5132003153579613,0.0,2.032571846033803,-1.8939832656113673,-1.0548145739735448,0.0,1.0166878378620685,-0.6708552277156237,-0.7576373897423453,0.0,1.1016837394284558,-2.7886390550808335,-0.04645966837609072,0.0,1.630706132176672,-2.892881554555313,-0.5712357408356524,0.0,3.3188632329412897,-5.102645735765086,-1.9423986180394002,0.0,0.6506805238210727,-0.8016227628919879,-0.4998760199748774,0.0,0.40557845581255736,-2.3269479691144297,-0.07588546235459105,0.0,0.9879621178233658,-2.941125874889312,-0.6140177348997461,0.0,1.1200356233452586,-3.482778369704373,-0.9636359822802446,0.0,0.23696734193139646,-0.9108187557972866,-0.21707882809372275,0.0,-0.05058641299122748,-1.8345364704015377,-0.10570716895456982,0.0,0.2926232900753351,-2.2819180795487637,-0.35640527118832693,0.0,0.22921760593409118,-2.441155550870529,-0.38461066698694973,0.0,-0.018303054960612276,-1.6076798803704284,-0.1363949907464816,0.0
0.0,0.0,0.0,0.0,0.5779967503623235,-0.1272470508644441,-0.19206780851827732,0.0,1.678343255910089,-0.9520014985564839,-0.3932961527306052,0.0,1.7383950084730113,-1.3269819013240483,-0.40479247102028704,0.0,1.4424116053016303,-1.2235303120812528,-0.3286480551685776,0.0,2.0026978765290733,-2.8499082180729425,-0.021861896439361456,0.0,1.8600746448403294,-2.1843395737668687,-0.4818035490817406,0.0,2.049722864818061,-1.8309505832825475,-1.041897635790716,0.0,1.0804417087118128,-0.6709239047569798,-0.7889211857866226,0.0,1.2762404411589474,-3.0308441447087735,-0.0015604254317299073,0.0,1.662622332193295,-2.8674271899747006,-0.5483544357309436,0.0,3.6008532887167375,-5.311119256698243,-2.0533073619021898,0.0,0.7319393904110391,-0.881045574989264,-0.5568182957228416,0.0,0.45007541533819506,-2.418705339186666,-0.06901967481895308,0.0,1.012297349373987,-2.8459252921235345,-0.5970519892833221,0.0,1.4413916962820232,-4.026144945163216,-1.1475882100009782,0.0,0.32640207774476465,-1.005463498980365,-0.26415772205269683,0.0,-0.06438006236555015,-1.8054139893768713,-0.11283756632401974,0.0,0.3330547695234115,-2.2744463990093338,-0.3724267040165678,0.0,0.31068408580111023,-2.5068686529062068,-0.43057281305435213,0.0,0.04257951186566729,-1.534521907252677,-0.16218510046507556,0.0
0.0,0.0,0.0,0.0,0.587931740717283,-0.12965463107870018,-0.15931641039041236,0.0,1.72692062112692,-0.9699855727605718,-0.33792853456245237,0.0,1.7748841608363972,-1.331280789657155,-0.3612227968408705,0.0,1.4723373057460518,-1.1922401731009908,-0.30018659865761144,0.0,1.9800291288213847,-2.8153581557438865,0.01693656436084334,0.0,1.8854215671713064,-2.164555028920069,-0.4429402614763817,0.0,2.1591413564344104,-1.8780267483461979,-1.0213222468986074,0.0,1.1333064465716973,-0.683142550578921,-0.7697873983675132,0.0,1.2547967277268588,-2.94381538829778,-0.005216506062093088,0.0,1.697578090944279,-2.746930461693701,-0.5304847725051567,0.0,3.758251979565028,-5.129482493189754,-1.978849191206175,0.0,0.7617803903582582,-0.8534049582995753,-0.5343868058976491,0.0,0.45244821812795066,-2.365480747666307,-0.09403128161161117,0.0,1.048520595157068,-2.75805907829741,-0.6183614504321925,0.0,1.5391825980121558,-3.9515737135999918,-1.1966316697124733,0.0,0.3114410185106124,-0.9014510908122239,-0.2559046633581774,0.0,-0.058744137586959,-1.7755269550999986,-0.14474969704222407,0.0,0.3690392150437482,-2.2508876793842383,-0.4349332397613016,0.0,0.38581742484287196,-2.533396293992457,-0.5436659388347651,0.0,0.08667329450131549,-1.4170491497527273,-0.2266387732565675,0.0
0.0,0.0,0.0,0.0,0.38840136902584094,0.08374048616809372,-0.2360521969868982,0.0,0.926801469171728,-0.025626870471092442,-0.47428912163013853,0.0,1.1408630161454694,-0.057455108236325915,-0.6109762589080637,0.0,1.1314412845313435,0.013647338302259497,-0.6195939879397181,0.0,1.8987338882194709,-1.8514720658192765,-0.4345369501243898,0.0,1.4914587050937262,-1.640771287037081,-0.712796462192407,0.0,1.7899518967105867,-1.7828053733669966,-1.4241798085872959,0.0,1.6070210214007912,-1.3684042320783205,-1.7568023666492996,0.0,1.4450178028865108,-2.5199686781924058,-0.4687144507855611,0.0,1.2473391262888682,-2.0870319955399976,-0.8001178976825759,0.0,3.2701963787349224,-4.538143600021059,-3.3319292787318893,0.0,1.0767190070294215,-1.16869856686747,-1.5236408552290246,0.0,0.5693430740580824,-2.2295710668604762,-0.43418702150458355,0.0,0.6983724720188126,-2.130519583425705,-0.7771891426774251,0.0,1.3015922306006236,-3.6870066859065282,-1.919657434573936,0.0,0.4349952315141741,-1.3437400245007585,-0.8689158882360415,0.0,-0.04678543799105214,-1.6624578970129147,-0.37662358101505117,0.0,0.1979941562672579,-1.8580921353957476,-0.5850752330328446,0.0,0.17221876073933254,-2.0347211701855232,-0.7477329625432028,0.0,0.013398783191606875,-1.4414457932750122,-0.5154879158793428,0.0
0.0,0.0,0.0,0.0,0.40570225480234834,0.004339377129008986,-0.23855994131511404,0.0,1.0582646759173218,-0.2715236000071859,-0.5003231199101155,0.0,1.275240714470583,-0.3273321686151165,-0.6066439362207321,0.0,1.2283364039562323,-0.21485974403023544,-0.582278869158405,0.0,1.5969785938853376,-2.2371682627329186,-0.39048205176498213,0.0,1.3557482533609448,-1.906014118303149,-0.7562227600054369,0.0,1.7732778012723112,-2.048267984910438,-1.7308702133044611,0.0,1.158825909316961,-1.0885650852650834,-1.6033603539271668,0.0,1.0018563334125066,-2.513261433262295,-0.37329957607276254,0.0,1.1252235819698166,-2.2966985737188312,-0.834139709526273,0.0,2.898291267461933,-4.636372087573761,-3.3103335215684875,0.0,0.8799854434425021,-1.187683060863005,-1.4050276795164987,0.0,0.3307373899687136,-2.1957469148551656,-0.36762770152155755,0.0,0.6077245165115286,-2.304916723296185,-0.8141618919475488,0.0,1.3654848077603767,-4.5060339653810395,-2.277217259515401,0.0,0.35155477535643104,-1.38615158106817,-0.8150043046725753,0.0,-0.14439268494653382,-1.716280012336032,-0.3529329292693567,0.0,0.13993380979071932,-2.0146504895411868,-0.6229050831062299,0.0,0.1037464874693274,-2.2680556049007055,-0.8259540941457671,0.0,-0.0781159758628139,-1.5389252898780201,-0.5332246446825317,0.0
0.0,0.0,0.0,0.0,0.4200188093041293,0.006856166829912979,-0.27523472054347864,0.0,0.9435393346090153,-0.17783874929080531,-0.5319384910036736,0.0,1.0952261012676323,-0.15481534577999148,-0.6078449499018947,0.0,1.0605836068834773,-0.04051772989377367,-0.5817915345113644,0.0,1.5166176996496745,-2.2451498701979986,-0.378962830897368,0.0,1.2164002491691002,-1.9923447200407554,-0.764986895354025,0.0,1.580262781113127,-2.138576742407177,-1.6703922473649262,0.0,1.214124756147762,-1.3153166370973108,-1.6947040313180661,0.0,0.9181840709470739,-2.5404517027113926,-0.352648751517829,0.0,0.8971580409174357,-2.320298860172524,-0.7994955905604507,0.0,2.61694112678038,-5.383031632597845,-3.5912368672803394,0.0,0.9222945723692887,-1.6294403373622692,-1.693074154952369,0.0,0.2707168224945296,-2.255149093887626,-0.3656867278563308,0.0,0.4110215196713873,-2.2646536371184935,-0.7713641008603022,0.0,0.7165857219884444,-3.7883559966758797,-1.7923086337880632,0.0,0.22465070150273897,-1.703368304460899,-0.8814010353403604,0.0,-0.20413008090575235,-1.7581030439200864,-0.369886692300283,0.0,-0.004198498385718947,-1.9493004893465509,-0.5652268344878374,0.0,-0.09456611819833416,-2.087026551021758,-0.6759220591582378,0.0,-0.20303935026681028,-1.5235279911365363,-0.44979860975683433,0.0
0.0,0.0,0.0,0.0,0.4106865607438125,-0.03571422544246913,-0.2532195744695766,0.0,1.0047075098334621,-0.32675723969169673,-0.49646186239095796,0.0,1.1833660705860976,-0.3494060791340349,-0.5628947292611657,0.0,1.1645284823040172,-0.2665223178790699,-0.5433985317048602,0.0,1.3712905961300783,-2.5013506076843095,-0.3122826731922095,0.0,1.0860828357443615,-2.0879991797775763,-0.6774927271616592,0.0,1.597258853121022,-2.312899648047705,-1.636622923354224,0.0,1.1136343651853975,-1.237133678289952,-1.503733721128323,0.0,0.7958609275013963,-2.679806818741149,-0.2841199498580891,0.0,0.8077353155976675,-2.340600574820946,-0.6784462100370325,0.0,2.809117139325396,-6.121683460504844,-3.4620227826898464,0.0,0.8943868623658604,-1.7137019070148471,-1.4629917231107752,0.0,0.16238695518068316,-2.3408140819443157,-0.31035208095402184,0.0,0.35993478925803707,-2.321432249284808,-0.7017901688367704,0.0,0.8011988511578353,-4.377903099346559,-1.8805051281183893,0.0,0.2125468103068135,-1.5797742206137502,-0.7265866419583052,0.0,-0.30553432235961026,-1.7354997757898598,-0.30851599686301945,0.0,-0.07696276721159588,-1.9876698201306335,-0.5066178120183572,0.0,-0.1359945439930682,-2.2060578971041243,-0.6171660263110779,0.0,-0.22407183749138376,-1.5298951652909596,-0.35736096530837586,0.0
0.0,0.0,0.0,0.0,0.34286572137066396,-0.00614768213644274,-0.3215444814790309,0.0,0.8623337641044088,-0.2182382012656377,-0.6240582335918907,0.0,1.0507056055865511,-0.19951677835184797,-0.6937969894144509,0.0,1.036422602890107,-0.08399392916825017,-0.6600177553261578,0.0,1.7799996214849274,-2.749938958425234,-0.8259083857587406,0.0,1.1970245739728405,-1.9850445311203693,-0.815785189407741,0.0,1.0230673746307433,-1.674026136984238,-0.8100179301930215,0.0,0.9336999438789878,-1.5085649245801913,-0.7675675890926744,0.0,1.033208838117694,-3.180797971495408,-0.7363070308911561,0.0,0.7779667742052798,-2.5342206052530276,-1.0634664717413855,0.0,1.8641725002041796,-4.751467272381646,-3.580082018296967,0.0,0.7829240481584796,-1.5503483380797933,-1.8222545416018976,0.0,0.1327545214290991,-2.4128394010351517,-0.5441567978290374,0.0,0.21781663583326116,-2.3850860261576203,-0.9751254836651181,0.0,0.3234039066235784,-3.159826012152732,-1.8240781206670986,0.0,0.10757682843286523,-1.318651880809457,-0.9030466283788742,0.0,-0.3620898409496369,-1.6140783946025337,-0.41762672164292464,0.0,-0.22017085830116298,-1.9106059219933988,-0.709961121252916,0.0,-0.2769375357453426,-1.8019615996500171,-0.8360441001804597,0.0,-0.28872211375867785,-1.165949559790845,-0.5833529564227781,0.0
0.0,0.0,0.0,0.0,0.3542051841499745,-0.0339912535428732,-0.34393229833691213,0.0,0.8777967564429106,-0.27048550985273,-0.6836071307184609,0.0,1.061776638280637,-0.2496428479206409,-0.7568996022508965,0.0,1.0450839291245777,-0.13265769843545702,-0.7151183654948787,0.0,1.6520124638145952,-2.8853230989477727,-0.8604503456987009,0.0,1.1917977338870565,-2.1385951467447093,-0.9358615341982569,0.0,1.0243167569447362,-1.7978064161394907,-0.951680995370758,0.0,0.9106880922407111,-1.6053146328669565,-0.8921732868938215,0.0,0.8444407609255911,-3.0171304275005952,-0.7051179079556797,0.0,0.7929210538907641,-2.563096346804257,-1.120856307552508,0.0,1.93502686120087,-4.635480021478342,-3.695087151040812,0.0,0.8062009245482663,-1.600825041566846,-1.93863461354861,0.0,0.06634179203423624,-2.3266772472547443,-0.5359917363875214,0.0,0.26596831689376915,-2.4799648977791153,-1.0581351087155673,0.0,0.49686616931185706,-3.6907676561950975,-2.2497107427407346,0.0,0.12998011886244532,-1.4053918743796474,-0.9997900326806733,0.0,-0.3788719419164408,-1.6222122175854763,-0.4309177820101476,0.0,-0.19074918429402718,-2.0224251381271348,-0.7962560437300397,0.0,-0.2355132457092726,-1.9692702783425606,-0.9890947647055025,0.0,-0.2764324716197102,-1.2542178616453221,-0.6793143573032605,0.0
0.0,0.0,0.0,0.0,0.35122835737691493,-0.0019098336279798794,-0.3443294509881436,0.0,0.8698847394559883,-0.21936980517029306,-0.6701829886087785,0.0,1.0558388633548594,-0.20249862449343636,-0.728538043262332,0.0,1.0530678457788227,-0.11396357338578418,-0.6930625566811459,0.0,1.7012478290332702,-2.967306857367679,-0.994327376553163,0.0,1.0480374625807403,-2.041479100311388,-0.8611955639266209,0.0,0.9068404090443833,-1.6734860229974469,-0.805565676919264,0.0,0.8432296038837083,-1.494611388341627,-0.7515004758232563,0.0,0.8747858413878691,-3.1613604544663976,-0.8563828967928787,0.0,0.7245843895362362,-2.50014000282137,-1.1497568563174285,0.0,1.6755581833749997,-4.298813999700493,-3.640033711574686,0.0,0.6150079788981831,-1.3063824506357398,-1.8062773891738546,0.0,0.034547145539800234,-2.3381424943716604,-0.6359060621162365,0.0,0.22945183810021386,-2.4539833544245244,-1.1397276368803335,0.0,0.3619497670367773,-3.223069850621276,-2.1891117500783692,0.0,0.06938988595713669,-1.274825738785861,-1.0278394871087468,0.0,-0.41269745522347234,-1.532554370684852,-0.486675331343845,0.0,-0.23400093384016113,-1.9713222126413148,-0.8556469488438201,0.0,-0.27866983474640034,-1.7602018021312447,-0.982112103141711,0.0,-0.3073754952506988,-1.0609181485202561,-0.645704257899142,0.0
0.0,0.0,0.0,0.0,0.36536835829956754,-0.025044745764061772,-0.35289994851171874,0.0,0.8934497533281731,-0.27333796028286944,-0.6912390392418558,0.0,1.0686139863513193,-0.26031487322476154,-0.7533467548946957,0.0,1.044388451981503,-0.13841736879053884,-0.7028450610179089,0.0,1.549019829809238,-2.9228778282450194,-0.8676352166586727,0.0,0.9659203854012904,-2.0506477061516075,-0.8257510603122523,0.0,0.92719271522666,-1.799436919795285,-0.9016878161490849,0.0,0.9083408115353087,-1.6200565123499788,-0.8835241101513741,0.0,0.7652578870865033,-3.05320507667748,-0.7268083080046851,0.0,0.677273192155704,-2.510908862072094,-1.1070370305603354,0.0,1.671755186792733,-4.437401438901435,-3.5899388805712182,0.0,0.7593108046390724,-1.5999011364072107,-1.9451357583178273,0.0,0.0023280608071546047,-2.3143507180814686,-0.5503426405192717,0.0,0.2063338402019462,-2.477202737862847,-1.085510904071142,0.0,0.3517677660392084,-3.3829803931379345,-2.169501392219574,0.0,0.08716094131338242,-1.340013900867454,-0.9902273815199069,0.0,-0.41620257362560353,-1.5741066775060577,-0.4340169109189015,0.0,-0.23635019701380858,-2.0212584018429176,-0.8044077008689567,0.0,-0.2850655942622198,-1.8629701405915258,-0.9484241917077817,0.0,-0.3039417974523741,-1.1648768440393646,-0.625036058978327,0.0
0.0,0.0,0.0,0.0,0.3873192571855844,-0.05585286012505985,-0.33541855987751223,0.0,0.9144981741587356,-0.3179040584052133,-0.6555987742252527,0.0,1.071176837751254,-0.2959816213642263,-0.7048117714330712,0.0,1.057510591897664,-0.19462857009352316,-0.6695159545209153,0.0,1.5236046023126073,-3.1163131064589344,-0.9961160360556354,0.0,1.0081110006673757,-2.1862800096777573,-0.9188669569666831,0.0,0.8208209949931589,-1.773774768375172,-0.8403665082974828,0.0,0.708606327333089,-1.5735311151516589,-0.7571593507411484,0.0,0.6446935673731226,-3.1942865098041797,-0.8345862867076858,0.0,0.6199896484915166,-2.748379070182895,-1.254681965148633,0.0,1.3118006475274362,-4.486652763071869,-3.693752971184375,0.0,0.3822068656546841,-1.351100445188651,-1.7290974899321654,0.0,-0.12626552472807306,-2.3195350925901628,-0.6122657943487079,0.0,0.09474342320638804,-2.548473521128755,-1.1489344720888097,0.0,0.16408594664778728,-3.331551400211097,-2.1058395819210487,0.0,-0.048164579632836435,-1.2687045821358676,-0.9529763864479274,0.0,-0.5137395913077673,-1.5163304515269433,-0.4726188894582294,0.0,-0.3486638665873715,-1.988624387578956,-0.8575444629962882,0.0,-0.38884787682437644,-1.8038850712112902,-0.9802819779097491,0.0,-0.39260433395087263,-1.1070680616834352,-0.6624741194289283,0.0
0.0,0.0,0.0,0.0,0.464563975846298,-0.1353461733948427,-0.3687878769459287,0.0,1.0114851764968371,-0.4829046639625406,-0.7359533683228417,0.0,1.1150939025202558,-0.42287372334689893,-0.7528169669392042,0.0,1.07352092799852,-0.2843825026632728,-0.6863321828666643,0.0,0.9899376194874413,-2.5652147470665567,-0.6280123112315696,0.0,0.9044341724390776,-2.3125860676674557,-1.0421054021974225,0.0,1.0925844865596552,-2.4243746464980176,-1.828842539396147,0.0,0.956520635799383,-2.082592598115253,-2.0468774522292144,0.0,0.3464561588999973,-2.5811931034944813,-0.5452511580351808,0.0,0.5520102125596323,-2.5356184110697035,-1.0851450579857396,0.0,1.5242304876987358,-4.884278842522692,-3.9051920463501806,0.0,0.5006094824790563,-1.5614787364331244,-1.9422247099756471,0.0,-0.2047703985353497,-2.1311300803932607,-0.48992408124509595,0.0,0.08716833502642873,-2.4885505246580673,-1.067976765175796,0.0,0.21308762471642642,-4.089637758166642,-2.592863881258247,0.0,-0.07339606105154473,-1.4040212330271251,-1.0862553934495367,0.0,-0.5480435862436736,-1.544844566562804,-0.44569800413944566,0.0,-0.34102115214261425,-2.030962846109012,-0.7990568489717285,0.0,-0.40546354287075587,-2.0961941624022717,-1.0216968298965983,0.0,-0.4308409763811147,-1.3563920200932897,-0.6922861960396188,0.0
0.0,0.0,0.0,0.0,0.5210133594023616,-0.2932925274259442,-0.33959498572551505,0.0,1.0652368295202026,-0.7412781233254556,-0.6421002579721374,0.0,1.1400217039120946,-0.6942633457683635,-0.6481736672252119,0.0,1.0986440179637291,-0.550835710791345,-0.5940854133263365,0.0,0.6936523512428647,-2.87655759795575,-0.4421122476353668,0.0,0.7584405848309375,-2.644347726603249,-0.939333703590454,0.0,1.1510068905283757,-3.0947265597924423,-2.1852875541245096,0.0,0.670918158677687,-1.8231292632248344,-1.890785908147358,0.0,0.11450570556459932,-2.730256081756533,-0.3709579794313207,0.0,0.42606052187772553,-2.672397724144157,-0.8760909626812473,0.0,1.484617612178537,-6.65318101554516,-4.006299186070185,0.0,0.2865251451255645,-2.0436729240748925,-1.7043903205011397,0.0,-0.3481249263448224,-2.248940332290688,-0.3625054116998908,0.0,0.03131482516873095,-2.6245027019117573,-0.901851367776964,0.0,0.03149526610504068,-4.828160135683335,-2.3530874887014144,0.0,-0.25401553674797867,-1.63885615015858,-0.8383360739872107,0.0,-0.6442295321477552,-1.62404558601477,-0.3508401991384961,0.0,-0.40935796912946604,-2.2196718719459367,-0.6977881440275798,0.0,-0.5034963012182048,-2.4279642837050086,-0.8992943354911884,0.0,-0.5341691585516081,-1.5789015912235809,-0.5415865613449163,0.0
0.0,0.0,0.0,0.0,0.5919453979782247,-0.49612869808108495,-0.2739751826678601,0.0,1.2967054513725378,-1.4605923072344633,-0.6005844515025127,0.0,1.250381880919976,-1.3896167290776542,-0.5895305348481097,0.0,1.1373081699773513,-1.1598115865523932,-0.5154067593259262,0.0,0.5686051968417719,-3.592476802223128,-0.3681872682256157,0.0,0.8526134095105788,-2.8501613678570616,-0.7843250830267251,0.0,1.3173098417496265,-3.2128716675159286,-1.7344935430873223,0.0,0.8400312531006883,-2.1769313725871346,-1.6664414184067082,0.0,-0.0530284528523494,-3.0198829519159833,-0.2840925376041908,0.0,0.5657955456104578,-3.1382079148934,-0.8185797941770115,0.0,1.9453127972872317,-6.985995769113659,-3.165935900995981,0.0,0.47958374703031326,-2.1245438212312577,-1.2920075624921363,0.0,-0.4251906528641507,-2.3455635063018567,-0.28164006732807156,0.0,0.19116794524657635,-3.3285038849343205,-0.9364608162678411,0.0,0.5752799620605967,-6.276511187294777,-2.300492955451415,0.0,-0.056529920374215684,-1.6245591650503686,-0.5816085235986627,0.0,-0.645588016430153,-1.728128088468751,-0.29000642664865317,0.0,-0.33290401691313726,-2.7341404920234966,-0.6812922347809375,0.0,-0.35172850315298126,-2.976807503470955,-0.8198892171329131,0.0,-0.40003789430238446,-1.6844906706900575,-0.40010664836948884,0.0
0.0,0.0,0.0,0.0,-0.268097676397181,-0.41264906090176706,-0.05174164380499021,0.0,-0.5136217531167165,-1.5883773652514364,-0.10780584527735602,0.0,-0.42790520355984973,-2.783084768283236,-0.21732489795416873,0.0,-0.10834979858042385,-3.410510152785665,-0.2874163342504154,0.0,0.45988280408439763,-5.077298779300903,0.09824385252091737,0.0,0.35646720943445176,-3.887070045166134,-0.3534869973438476,0.0,-0.08834165234908185,-3.946428611301061,-0.6947218464871312,0.0,-0.3542254365577184,-2.9572600490925045,-0.6838576158145133,0.0,1.803738588643256,-6.782595105208136,-0.08074150136418405,0.0,1.2057697602843338,-5.564850034949233,-0.845695423376798,0.0,0.7209720110530287,-6.634407552710202,-1.6990138874732168,0.0,0.03601635083573921,-3.285166377225147,-1.0153243883829923,0.0,1.5537151678832521,-3.111963073939543,-0.22478772883643258,0.0,1.6318747051118694,-4.310541839909456,-0.838048961915412,0.0,2.296974145658362,-8.020647405212069,-1.9032901516669205,0.0,1.4245566339056135,-6.326285266218381,-1.421303262712035,0.0,1.2619163588798175,-1.5599596725629326,-0.24455565303975368,0.0,1.3373451103933574,-1.9922227374789592,-0.374707956886869,0.0,1.105864788791484,-1.945926390949492,-0.31652205118547255,0.0,0.9144808340945734,-1.8378193796975508,-0.23132618408158295,0.0
0.0,0.0,0.0,0.0,-0.2437920151568072,-0.3751759914594014,-0.05797028448208414,0.0,-0.5117884164054244,-1.515576961846983,-0.13349291890080567,0.0,-0.4844508411363507,-2.786129208554667,-0.2647768103472683,0.0,-0.18673946470558628,-3.476718092321582,-0.35434441457289234,0.0,0.31677308718195857,-5.131428343114187,0.09635540536396432,0.0,0.3325321143261513,-4.501991016414519,-0.38521747094084824,0.0,-0.1432837030409688,-4.078516358928648,-0.6809677623422244,0.0,-0.36468191748234335,-3.114879554549147,-0.6919941829271717,0.0,1.4854740386871208,-6.194589173080248,-0.025847185097623824,0.0,1.239366491354553,-6.340000407481676,-0.7831835727699343,0.0,0.7585271884672318,-7.2699499470322335,-1.4350256684197582,0.0,0.23881472317485974,-5.65508781874415,-1.2631361054115735,0.0,1.3956149981526154,-2.9960518109906245,-0.16242270145193521,0.0,1.55669678598426,-4.267229372155714,-0.651125728599223,0.0,1.3331023909883333,-4.721984295507161,-0.7734690624180213,0.0,1.166800209661571,-5.029923230902574,-0.691516271769791,0.0,1.1949316492567337,-1.576843291851409,-0.19310778650168023,0.0,1.3702534721909163,-2.1576116937151695,-0.35250255588653107,0.0,1.1730794264422515,-2.122711324235057,-0.30384602925365467,0.0,0.9905494599745073,-2.0018594649024815,-0.21948175122783448,0.0
