0,1,2,3,4,5,6,7,8,9,10,11,12,13,14,15,16,17,18,19,20,21,22,23,24,25,26,27,28,29,30,31,32,33,34,35,36,37,38,39,40,41,42,43,44,45,46,47,48,49,50,51,52,53,54,55,56,57,58,59,60,61,62,63,64,65,66,67,68,69,70,71,72,73,74,75,76,77,78,79,80,81,82,83
0.0,0.0,0.0,0.0,0.497119370066172,-0.3042948574735189,-0.3161881631554298,0.0,1.255107529956414,-1.119447407320371,-0.6995382223802268,0.0,1.2728381649669136,-1.0783639959917903,-0.68983988223983,0.0,1.1808792428645216,-0.8612004674305158,-0.6135150175805613,0.0,0.6847655801379138,-2.2391430410192297,-0.3709772806362452,0.0,0.7942629267815497,-2.2474778699565636,-0.8610253188034995,0.0,1.1919261028335084,-2.401500276116213,-1.850912188046712,0.0,0.9950995793026219,-1.515055041709531,-1.7209192740354662,0.0,0.14378755100461918,-2.2408159123523395,-0.3498593668518667,0.0,0.5188732998727155,-3.021290924730107,-1.1895256257653604,0.0,1.5784748404416655,-4.925291258447379,-3.6905435672418,0.0,0.7466176423263755,-1.6532140886619189,-1.7614595360318315,0.0,-0.31101884532521484,-1.981337584291656,-0.38451811918911194,0.0,-0.14579412186895102,-2.923693501255395,-1.4041194288817804,0.0,-0.018867100491549913,-2.2381842477489604,-1.7285679215811602,0.0,-0.002897266698346554,-1.0103135379514743,-0.9865235570014657,0.0,-0.619065287414406,-1.52517662516242,-0.41421975139054196,0.0,-0.5760893754997385,-1.8309449568111917,-0.9370223483284977,0.0,-0.46809215847616037,-1.3096434449592838,-0.9914669026345311,0.0,-0.3616369721297154,-0.8950144892020604,-0.791662774262477,0.0
0.0,0.0,0.0,0.0,0.47838872466766735,-0.25247719580178213,-0.25931798141931106,0.0,1.280007829943454,-0.9208727144290859,-0.6014912062382279,0.0,1.3693134993718694,-0.9068783393969497,-0.6398532049028599,0.0,1.2669089200543056,-0.7247465995673424,-0.5964359758704865,0.0,1.0053108852399573,-2.9645635029223336,-0.4934706371972138,0.0,1.0172969803692027,-2.24398090162208,-0.6774984450160942,0.0,1.0075245257835634,-1.841373246564946,-0.7187067842978172,0.0,0.9850770259782333,-1.6029691151520358,-0.6899552886032543,0.0,0.19981127399029966,-2.499641306210742,-0.37218536982268496,0.0,0.7385812967530786,-3.1834347828143104,-1.1569562538666307,0.0,2.088235004965663,-4.905648148261457,-3.2378470913431316,0.0,0.8820587626315127,-1.4646097224959433,-1.4438177754839359,0.0,-0.2784206930785712,-1.9402859443191844,-0.3273251005488969,0.0,0.20520532004549868,-3.259190746132258,-1.4282146210388456,0.0,0.3657278438364337,-2.1653273757370988,-1.5363376463391183,0.0,0.1520289152369071,-0.8303905344070469,-0.7647875793862867,0.0,-0.5454518876263291,-1.4263521802256958,-0.3108793657442493,0.0,-0.3697643692202572,-1.951854742664407,-0.8291216297157833,0.0,-0.22871369238095407,-1.354060315143996,-0.8463313859232505,0.0,-0.188561838720987,-0.7500004318619813,-0.5629387480310536,0.0
0.0,0.0,0.0,0.0,0.6067591703708127,-0.4931593850245787,-0.2283707354603134,0.0,1.3403170749976965,-1.5774964766607567,-0.5031202851694856,0.0,1.2019046334234202,-1.8323949170110692,-0.53273001208961,0.0,0.9668075818854253,-1.5886928547882813,-0.4361254450838507,0.0,0.2954857446525303,-2.9500680254058174,-0.2347309458492907,0.0,1.0481465667691099,-2.858638691661566,-0.7396670406144179,0.0,1.3109624112615168,-2.3399987125649098,-1.3012980787198059,0.0,0.9225165954387771,-1.462157108139862,-1.208451433740524,0.0,-0.2148625892991182,-2.4811652827102746,-0.19226368065734553,0.0,0.8651846436280596,-3.816091144167118,-0.9353370325500693,0.0,1.5991407409048213,-4.215845273320857,-1.8523302312048529,0.0,0.6888428275085835,-1.7683873640826142,-1.0475197856515552,0.0,-0.501713967220027,-2.0324604384805847,-0.20846290448979946,0.0,0.34441129743969195,-4.5537785552216805,-1.2706749979005227,0.0,0.6407045099633749,-4.284213785303011,-1.5572003664552925,0.0,0.11350093229723493,-1.5322526234284688,-0.5479561867771097,0.0,-0.6754916269536048,-1.5975429025108243,-0.23631236896852317,0.0,-0.38254792787658237,-2.8715310310498268,-0.7060592865209947,0.0,-0.29341368972262666,-2.733574890100134,-0.7409126580427071,0.0,-0.3271853614891778,-1.5496298026604418,-0.35703245795889416,0.0
0.0,0.0,0.0,0.0,0.5572280362213693,-0.4333563248112143,-0.27469978577640125,0.0,1.28188115060305,-1.5590218043618453,-0.6088080949712676,0.0,1.1382513349076648,-1.8031551253996798,-0.6074344762549472,0.0,0.9094360913885604,-1.5818267471828733,-0.4898166877899117,0.0,0.28315252947162955,-3.0682434697717644,-0.3430912872800202,0.0,0.9435661378271512,-2.6928019064876807,-0.8353490599117972,0.0,1.1875026880467223,-2.1279883983583914,-1.4157974129955693,0.0,0.818852355566961,-1.2997856383001032,-1.2847572312440412,0.0,-0.2646435964062799,-2.484388884432912,-0.25596141459544586,0.0,0.6908418855149977,-3.427177980181976,-1.0228443541542669,0.0,1.3693980261123946,-3.9595971521601694,-2.1408945376020982,0.0,0.582588208725563,-1.7733340383947962,-1.2336725295613078,0.0,-0.559315942821755,-1.9757988807664195,-0.2544528193087977,0.0,0.1793113970835404,-3.9309334383364662,-1.3195444101376217,0.0,0.4868945134325724,-4.157678513671113,-1.9822147470820595,0.0,0.06046021585762894,-1.4759568099162597,-0.7200109273529071,0.0,-0.7261282873038918,-1.5239672459756715,-0.27266404952695633,0.0,-0.4917009044615086,-2.623872946356461,-0.775658854894475,0.0,-0.4351019373803708,-2.4868307400072207,-0.9006514240819764,0.0,-0.38778871768444284,-1.4026763025012805,-0.48613489335103727,0.0
0.0,0.0,0.0,0.0,0.6120181098077191,-0.4389104058832459,-0.20916482912831316,0.0,1.352138434014056,-1.5190152944921935,-0.44518168558412413,0.0,1.2005331553523488,-1.8499305617752793,-0.48379535502976057,0.0,0.9270527732336559,-1.6182513344177898,-0.40103865151705653,0.0,0.6804919655266988,-2.5763047590569244,-0.13487733271602384,0.0,1.0898104713260839,-2.6164622385731535,-0.5928730004594837,0.0,1.298555687727803,-2.1797048197019633,-1.1728537249614397,0.0,0.7470428721222342,-0.8268196783017318,-0.8817644366547109,0.0,0.18364151498676382,-2.6345610104347457,-0.11995440037675047,0.0,0.8586152815785897,-3.8518594044331116,-0.7547485243748353,0.0,1.3803977093432906,-4.2417010721420425,-1.6849816571213185,0.0,0.42427628248756194,-0.8451429537714974,-0.6186913244969601,0.0,-0.2858636109000128,-2.3319323851621947,-0.1483381868855428,0.0,0.05711437163731319,-3.6625505636438875,-0.7858512164305204,0.0,0.12122401196084645,-3.26266706245997,-1.0030294289369153,0.0,0.017092446289159187,-0.8692006541056913,-0.3358880953084712,0.0,-0.623016028460736,-1.705223593198224,-0.17320476225374576,0.0,-0.4859963582170275,-2.245572608169653,-0.3929207662318091,0.0,-0.48237497314513833,-2.1949136358000643,-0.38882434472263155,0.0,-0.4119528042694626,-1.271488112516075,-0.1628581946644987,0.0
0.0,0.0,0.0,0.0,0.5667008433451454,-0.3744443748828249,-0.22380234877421365,0.0,1.2772935863007888,-1.383186312496115,-0.43822583394164827,0.0,1.1658702784161787,-1.7749569075471703,-0.4656800822169526,0.0,0.9110788829655477,-1.5833443175367237,-0.37955725558509534,0.0,0.6828726122014344,-2.613410565624772,-0.1527234783881559,0.0,1.0047551458938215,-2.6050039076024163,-0.6250819299937282,0.0,1.1932613093990974,-2.0927237635901497,-1.1945008995102897,0.0,0.6886695519486761,-0.7578232139616827,-0.8694705694896581,0.0,0.1372003045236504,-2.5921400294627697,-0.1065858155734071,0.0,0.7275603675623133,-3.6291316949980805,-0.7366710141928112,0.0,1.141295078220374,-3.970505093366671,-1.644826922386511,0.0,0.32378818011263666,-0.7544465446472152,-0.5777936264845454,0.0,-0.3239292147610782,-2.2629948603122934,-0.11622794633006898,0.0,-0.036672790955478034,-3.465222310086619,-0.7651421813050926,0.0,-0.0545446320721942,-2.9190584635057863,-0.9380933657906408,0.0,-0.06833789275531776,-0.8166689219724399,-0.30558351906461645,0.0,-0.6401200444074836,-1.7009503006579065,-0.1308957239887512,0.0,-0.5125476349335335,-2.2565753975772647,-0.38884882658728676,0.0,-0.55324479831275,-2.0969255553777093,-0.3799786587422626,0.0,-0.4893618273360954,-1.2121262981295018,-0.1419080799304154,0.0
0.0,0.0,0.0,0.0,0.5862178692265037,-0.33313677516346524,-0.23516207687738946,0.0,1.3684558209195083,-1.4124684575850794,-0.4907580169454518,0.0,1.254521699322297,-1.8414299187549394,-0.5073719347187652,0.0,0.9607836104334614,-1.6097157633949077,-0.3961938472735218,0.0,0.7153959406305354,-2.474833969898805,-0.17974066254215493,0.0,1.1510627779316822,-2.51689199479927,-0.6680362081781765,0.0,1.2900767729724696,-1.9484801621572219,-1.213597027495284,0.0,0.7264391554108939,-0.6932887441927092,-0.8924284567181091,0.0,0.21922096735081456,-2.4301968180366083,-0.13038477725503678,0.0,0.9118619759103683,-3.54284166835388,-0.7912024006320806,0.0,1.3566344929663694,-3.839334702456692,-1.7328416672531262,0.0,0.3811314223680576,-0.7014513293380199,-0.6095775341643419,0.0,-0.2066940570794581,-2.1981932856667474,-0.13745565821177474,0.0,0.2262606060411715,-3.6944342875408838,-0.908649829278886,0.0,0.13676732870196484,-2.640691229028743,-0.9866137992536851,0.0,-0.01928564425575154,-0.6841178889655389,-0.3326413719026867,0.0,-0.5413478372126811,-1.7344375344824539,-0.15277226619004042,0.0,-0.3646567618870662,-2.3967740675533915,-0.474028364293165,0.0,-0.4021040989689736,-2.1521448896003177,-0.49611673738577067,0.0,-0.3793094786339835,-1.107932735819314,-0.21213314723256385,0.0
0.0,0.0,0.0,0.0,0.5569145510444136,-0.2826749504156983,-0.2804513167295823,0.0,1.3455406295658037,-1.356381263778403,-0.5626281761359101,0.0,1.2254876331946865,-1.8311774707691377,-0.5638233092709711,0.0,0.9391943682630146,-1.589255524570196,-0.42074473715171445,0.0,0.7902123859554193,-2.5355718989638945,-0.23816052652092878,0.0,1.1211232609097241,-2.492770336684804,-0.739707775567765,0.0,1.26169213610616,-1.9414024864765822,-1.2826951486077918,0.0,0.7300195865428549,-0.7064498593811195,-0.9352208701791022,0.0,0.25202652000151904,-2.492306552904613,-0.15429502389450736,0.0,0.8600606164620582,-3.444048035624987,-0.8599094166254936,0.0,1.329721795557222,-3.823188113408089,-1.8724087928539068,0.0,0.3861182829531174,-0.6994766251174107,-0.6383695053094203,0.0,-0.20305264958158195,-2.2139813031257667,-0.1406352881176742,0.0,0.15750394922222452,-3.5595914152160693,-0.9440586293232465,0.0,0.06517076873479483,-2.4853407243646584,-0.999842501762582,0.0,-0.03336181816694257,-0.6724110437955657,-0.3363460961846803,0.0,-0.541852483300147,-1.7257430210533367,-0.14300452817294543,0.0,-0.3981609558459832,-2.3279594789737574,-0.47583787801016814,0.0,-0.4438465401793814,-2.056981762208621,-0.49414273118322866,0.0,-0.41600014437602956,-1.1787185929258959,-0.22786274917018923,0.0
0.0,0.0,0.0,0.0,0.5620138602639424,-0.28167314211956807,-0.27216755821276833,0.0,1.3731940522913233,-1.3690763633687826,-0.5649147490958564,0.0,1.269504053643502,-1.8233529347080089,-0.5691595607458014,0.0,0.9797289692707617,-1.5763392351795669,-0.42630241041275924,0.0,0.7600570220062584,-2.47677003882097,-0.22589112198657166,0.0,1.114232107546744,-2.450142839384413,-0.7024350511598181,0.0,1.3196180593374227,-1.9935276112111036,-1.278346144723735,0.0,0.7633529405097972,-0.7116413434776394,-0.9260173558269073,0.0,0.2509008718596132,-2.416145121989839,-0.15019288263545774,0.0,0.9369099273946534,-3.476947353448995,-0.8696436851703112,0.0,1.2564034915107427,-3.318457592640886,-1.674827327579759,0.0,0.378640268712559,-0.6264429767729929,-0.609746526796863,0.0,-0.17893713232277256,-2.189774022944096,-0.1427174609717971,0.0,0.23686935045541113,-3.6076221401815585,-0.9516668131480513,0.0,0.14198700908974138,-2.410730486500289,-0.9625223182533698,0.0,0.00389390060564754,-0.6220329847741972,-0.3119765549052675,0.0,-0.517356727494177,-1.7334468519745199,-0.14846135665209262,0.0,-0.3504882127839532,-2.343272860505275,-0.4781604029933013,0.0,-0.398798734126392,-2.101310800621507,-0.49380508741218426,0.0,-0.37265077774826993,-1.1576133239492021,-0.21015235814182487,0.0
0.0,0.0,0.0,0.0,0.5524412805620965,-0.24675595059292812,-0.3035859562926881,0.0,1.3656685981888657,-1.2953895822343084,-0.6204391990828628,0.0,1.2726131892800656,-1.7797531306592114,-0.6172908332288012,0.0,0.9773065382522019,-1.5529261758968278,-0.4541031210516372,0.0,0.8182734301062005,-2.496068759111828,-0.27998225370538504,0.0,1.142673641812742,-2.4607682175194454,-0.7934437060189409,0.0,1.3108191638133828,-1.9152893561034532,-1.3416435739265038,0.0,0.7800943243930833,-0.7027388424179678,-0.9768305100656085,0.0,0.2859901848312308,-2.4371524688578625,-0.18192075917127715,0.0,0.9086954468016482,-3.375448322450303,-0.9369536686019596,0.0,1.3738028942212737,-3.5235993926320788,-1.9269474116881504,0.0,0.4360334731685616,-0.6821227592995938,-0.6937575356223744,0.0,-0.16238481050803796,-2.180049789783381,-0.15936150649529057,0.0,0.21382534107772205,-3.4887089277387604,-1.0120739198509379,0.0,0.1352807123802717,-2.385431560287862,-1.0685289316794635,0.0,0.0030385514925901276,-0.6547933759612024,-0.37043492052218546,0.0,-0.5051911475208272,-1.712961058213575,-0.15479952203841013,0.0,-0.3581220731813375,-2.2984382202639275,-0.5153997405518816,0.0,-0.39738082261883095,-2.018571567760801,-0.5475884860522612,0.0,-0.3814589649977165,-1.1691315477085213,-0.2686887929560829,0.0
0.0,0.0,0.0,0.0,0.5624692243800968,-0.2712813928242469,-0.2703434490888678,0.0,1.3830049768224706,-1.3358971947095009,-0.5675424195003562,0.0,1.294009248192726,-1.78862394930235,-0.5722421798428831,0.0,1.0053781273762252,-1.5476721800922635,-0.43047620037666706,0.0,0.7759035444206313,-2.446232356922783,-0.22707058373355946,0.0,1.1399825837071569,-2.4541322356885056,-0.7135431497097087,0.0,1.344159580886685,-1.9858129743844353,-1.292283986129786,0.0,0.7799845738816947,-0.7075946223582492,-0.9375156071024092,0.0,0.2698023938888372,-2.394954154375671,-0.15472348188812873,0.0,0.9502797565791178,-3.44854070012621,-0.8682090019663802,0.0,1.3678659545661462,-3.4777934575867793,-1.755967147771716,0.0,0.4069745309335404,-0.6216843465922071,-0.6180445281562702,0.0,-0.16018728398530951,-2.1742236868050426,-0.14795042195613609,0.0,0.24677495311960174,-3.560368830900989,-0.953364056654928,0.0,0.17870337938914155,-2.34977781398555,-0.9661852090602175,0.0,0.03333262418534496,-0.5724629249924105,-0.31284493700363264,0.0,-0.499809319336432,-1.7302236245144171,-0.15459479400523102,0.0,-0.33417533621636497,-2.3194551303717628,-0.484633382992386,0.0,-0.3786031896325877,-2.102798133809406,-0.5083099695959288,0.0,-0.3597172201822922,-1.1629928291072575,-0.2244662181670341,0.0
0.0,0.0,0.0,0.0,0.5584552687812954,-0.24648274316496635,-0.2953211147702868,0.0,1.384752117119201,-1.2715571660010996,-0.6069330388479544,0.0,1.3047000075601312,-1.730617191228229,-0.6038218098725622,0.0,1.0132249446146275,-1.5172958508690009,-0.45312664526910607,0.0,0.8398444922331618,-2.4868208301893286,-0.2566192614573155,0.0,1.1732439157673449,-2.4392350685595883,-0.7726841540079156,0.0,1.337472410853588,-1.8688582132439113,-1.3175190707739823,0.0,0.8149328594080693,-0.6950734922572304,-0.9851402200159989,0.0,0.30246268492398143,-2.4184838972024547,-0.16540434315526464,0.0,0.9405234665568079,-3.356227709119423,-0.9116393004975366,0.0,1.4277865440559943,-3.456085025302779,-1.897570697823046,0.0,0.44077049173575683,-0.6241894857680419,-0.6747158460990825,0.0,-0.14493044809862674,-2.1571816127949144,-0.14962361017587578,0.0,0.24310723900213288,-3.396552878979919,-0.9674810794618794,0.0,0.18563696516923628,-2.416534566826581,-1.0802154915001136,0.0,0.025515852105869128,-0.6140965573552961,-0.36342923865284626,0.0,-0.4865927618381499,-1.700921281682432,-0.15142073833507272,0.0,-0.3253107474682405,-2.2861969517339817,-0.5120672162408048,0.0,-0.3714289558227014,-2.0314022216685164,-0.5549702107687756,0.0,-0.3741060653591392,-1.1505508333889582,-0.27244153372719615,0.0
0.0,0.0,0.0,0.0,0.5274576300644918,-0.24759993149054285,-0.2506970314840599,0.0,1.3348448178833336,-1.217273742429967,-0.5163944780817102,0.0,1.3134172115094385,-1.6709784611317178,-0.538121994187978,0.0,1.048812086337179,-1.499328980248984,-0.42173535053641154,0.0,0.7791361659002297,-2.5250184534583036,-0.21643472512688344,0.0,1.0965304945549095,-2.470913917241946,-0.6611934262237993,0.0,1.3869217900474498,-2.095026711984557,-1.2627958323851376,0.0,0.8261924084558203,-0.7595762605349723,-0.9124092266580661,0.0,0.2467658176127455,-2.4464103688313092,-0.14678317323565632,0.0,0.8980603835680576,-3.3922437945130617,-0.7992909306875328,0.0,1.454078200634923,-3.754179669709905,-1.786073386330225,0.0,0.4193705479078559,-0.6855387603727524,-0.620285341519761,0.0,-0.1936490878546083,-2.1692730544757444,-0.13893074474232409,0.0,0.18152618555832503,-3.3562572214977915,-0.839713376534908,0.0,0.19945608581313545,-2.651693043106827,-1.0185095087592357,0.0,0.04334670486042968,-0.6621785945717009,-0.3285181888662059,0.0,-0.5214405244172843,-1.6961783607497507,-0.1430332897348016,0.0,-0.35008968925179124,-2.247265132862876,-0.44519865315282725,0.0,-0.38112607678718147,-2.1969076260324223,-0.5125596702590728,0.0,-0.34720722795551656,-1.2169981738244489,-0.23645473971664832,0.0
0.0,0.0,0.0,0.0,0.5524711884859937,-0.24218423485943155,-0.28735694922692034,0.0,1.3504917895883706,-1.181373410693801,-0.5811809419547724,0.0,1.318548510689221,-1.6532979557827938,-0.6045576181182613,0.0,1.04503499434278,-1.480316044581418,-0.46714978496643417,0.0,0.8466509103695739,-2.573151862443666,-0.26217717791324924,0.0,1.1747957005160143,-2.5123766725836116,-0.7854166769532813,0.0,1.3377585179707845,-1.93763176149999,-1.351736812133858,0.0,0.8058498246644876,-0.7401113039238382,-1.0065507092420418,0.0,0.2793329391698523,-2.470234916389705,-0.16846646104987004,0.0,0.9083826373912487,-3.372830602187537,-0.8930824202729428,0.0,1.6056275739688453,-4.073286532430727,-2.1240911279936556,0.0,0.4783128393032266,-0.7738742144191056,-0.7374421367017258,0.0,-0.17039754632286794,-2.158763443845381,-0.1494207609154669,0.0,0.21836738453530907,-3.3344273531511432,-0.9110103763319252,0.0,0.24516493746153578,-2.7982961975091016,-1.1640622035827377,0.0,0.05704164291472557,-0.7322511663841382,-0.38259658908436,0.0,-0.4958190806378234,-1.6944350639826415,-0.15082176678586698,0.0,-0.321278502405698,-2.283606132969594,-0.4916310128961665,0.0,-0.35339270397532807,-2.1560388014753737,-0.5623295192659206,0.0,-0.348892809066336,-1.2241333260284877,-0.28041109373231066,0.0
0.0,0.0,0.0,0.0,0.5330980654654975,-0.24782235215851234,-0.21349783400249142,0.0,1.3301799283277198,-1.1189484823102323,-0.43566095456047316,0.0,1.383971389360623,-1.5866044840622306,-0.49055779391045196,0.0,1.1263998277724494,-1.4844003003697854,-0.4062240705178344,0.0,0.9096399985496636,-2.765363248051942,-0.14613121811468338,0.0,1.1279382645895202,-2.57847877187286,-0.5604235008744174,0.0,1.5764559672131895,-2.4496665217600775,-1.1810858540370603,0.0,1.0097524451769233,-0.9921193343813133,-0.887642359254088,0.0,0.31722182344029515,-2.652040537069209,-0.09985903682727967,0.0,0.866090720194232,-3.2552381147310063,-0.6498301737064038,0.0,2.2025176857682798,-5.408019918632159,-2.125579166608653,0.0,0.6029859243221062,-0.8932209527997756,-0.6274113386026667,0.0,-0.17259983372872145,-2.247306489947626,-0.11415335467138593,0.0,0.1985204116442794,-3.1426938442072117,-0.6982583573452597,0.0,0.40639959149232313,-3.424895611489114,-1.139998373614295,0.0,0.14137985194553904,-0.8020256762924779,-0.3302068714637432,0.0,-0.503785344821351,-1.6993465305077868,-0.13443467342168164,0.0,-0.3110406873142765,-2.221232562222611,-0.41448054287411695,0.0,-0.32109816809090375,-2.2989798597116122,-0.5020051818665189,0.0,-0.2991046169316181,-1.281921286269307,-0.23752673639591101,0.0
0.0,0.0,0.0,0.0,0.5369846599344466,-0.23975927539187802,-0.2305004222675171,0.0,1.323806973174856,-1.1105265780511668,-0.46452821077782946,0.0,1.3673371531969307,-1.6140233327651943,-0.5204412239468305,0.0,1.1047826976192574,-1.4865254122792104,-0.4232151695312643,0.0,0.9612990148371813,-2.827068030011755,-0.17537028110341665,0.0,1.1311184126651663,-2.566271625735844,-0.6135571537945246,0.0,1.4995038318699951,-2.337909878743089,-1.2530196319150142,0.0,0.9404921689642425,-0.9590074189043644,-0.9602104215595503,0.0,0.3280858981978099,-2.712242304045422,-0.1133520064243621,0.0,0.8242778657474673,-3.249001637781434,-0.6812826697230359,0.0,2.2144770672233904,-5.799991265107284,-2.387373071155233,0.0,0.5848177473476825,-0.9904374011692413,-0.7079671734313963,0.0,-0.17659737919093593,-2.267016289694726,-0.11993708708439885,0.0,0.19889657576248154,-3.1487189773038153,-0.727505082927871,0.0,0.3858328443717007,-3.5309292587973475,-1.216118857341636,0.0,0.11820910263603704,-0.8707010285197737,-0.36234651316852656,0.0,-0.5064797387590436,-1.7034799496612796,-0.1357335012828243,0.0,-0.2981211082687304,-2.273516128920394,-0.4354551350589694,0.0,-0.3203175551711778,-2.3253698488483563,-0.5241594867370809,0.0,-0.30686442979176615,-1.288417812004655,-0.24869535693823822,0.0
0.0,0.0,0.0,0.0,0.507715580195333,-0.22809595509366778,-0.20982988034692715,0.0,1.2908846602199124,-1.0649752409222804,-0.4089124845256541,0.0,1.3766430652066377,-1.5536302650316656,-0.46376896337800355,0.0,1.1219126547516127,-1.5141633379984134,-0.3921081239190415,0.0,1.1747023009626691,-3.2059614748662733,-0.11174250629055604,0.0,1.1029657740432897,-2.5890845287205804,-0.5089257727873038,0.0,1.6248051800207184,-2.759184571508758,-1.1853593813058259,0.0,1.0372042610171357,-1.1945282080186814,-0.9162096376816787,0.0,0.4465956015029686,-3.177122047194642,-0.07156075050446707,0.0,0.7130051985280614,-2.9381943875846726,-0.5325508084771944,0.0,2.7570934945414693,-7.789390467155244,-2.706779632455126,0.0,0.6846889549445323,-1.2371935814153947,-0.703602939991794,0.0,-0.18534917005410578,-2.437596740340137,-0.10404922158099365,0.0,0.17095297603992182,-2.889999309080361,-0.6113868736278419,0.0,0.4057512761170785,-4.096145055433291,-1.2556217691285385,0.0,0.12357713946963615,-0.9367717154544668,-0.32198254750220545,0.0,-0.5304385261734355,-1.698709931565195,-0.13149977603080218,0.0,-0.28502783680968546,-2.2354083901174326,-0.40749175576711416,0.0,-0.32096064116918993,-2.4530326597905265,-0.5063507680361855,0.0,-0.29790535062721146,-1.3735031200732646,-0.2285106032747849,0.0
0.0,0.0,0.0,0.0,0.5115394138070402,-0.23926733083973956,-0.20940327666413758,0.0,1.3073390443024155,-1.098780211678421,-0.4080545981383374,0.0,1.3945562342699882,-1.615901899721303,-0.46084779676976884,0.0,1.1282849438130151,-1.5557178252704407,-0.38633741109807135,0.0,1.278234904963599,-3.36017901928482,-0.12180082131889272,0.0,1.134333767909862,-2.6331993134147518,-0.518629906189836,0.0,1.643745826619145,-2.827143878424376,-1.2050323700777574,0.0,1.091111527472134,-1.3499824170771204,-0.9806518372943254,0.0,0.5149738222558103,-3.3670190433162306,-0.07756021415958719,0.0,0.7213548100706564,-2.9832663187172033,-0.5317967904029843,0.0,2.953964559679156,-8.654233379585495,-2.9218222582817264,0.0,0.716245424635143,-1.4370972430587472,-0.7589588254392318,0.0,-0.15260746662329572,-2.5374793409319434,-0.10939503972225509,0.0,0.20394189307797306,-2.9102475648473147,-0.6077080721549045,0.0,0.49957055140511164,-4.4200249060409025,-1.3324338142837662,0.0,0.15408864405964162,-1.0347646982036558,-0.3465955929911892,0.0,-0.5086488772223161,-1.7499269102817485,-0.13471055018135078,0.0,-0.25507875296891747,-2.2940378106750914,-0.4173465045430097,0.0,-0.2756145853738147,-2.577551666264379,-0.5366105426942218,0.0,-0.25950756291533766,-1.4836415693229963,-0.2587391038990915,0.0
0.0,0.0,0.0,0.0,0.5243315476190462,-0.24628119484338074,-0.21663845462376094,0.0,1.3091753516322882,-1.0809649684011442,-0.41889260256293165,0.0,1.390634853455497,-1.5316378918230071,-0.46003012455748465,0.0,1.1424291149955959,-1.4972359267434558,-0.3927360594533053,0.0,1.379034111631519,-3.426784871782203,-0.12024737435170531,0.0,1.1830306405274984,-2.642639269428179,-0.531907111913154,0.0,1.6442328568900422,-2.8259407947446453,-1.229681373644876,0.0,1.0825981251347843,-1.362602075535593,-1.00999624270383,0.0,0.580553080860386,-3.477094998285652,-0.07133425745525847,0.0,0.7612621556068556,-2.9706869640259668,-0.5221166556519183,0.0,3.0331384565370034,-8.888021043264823,-2.9392309842768665,0.0,0.780143031763556,-1.6323446119587963,-0.8246155895964188,0.0,-0.14402805984113554,-2.5444615837253806,-0.10383480734898681,0.0,0.21408173531854868,-2.8925102393922084,-0.5903785183266989,0.0,0.47347934060420327,-4.488813479233858,-1.2837768540434114,0.0,0.15155399171554274,-1.1527691777485152,-0.34642393869432714,0.0,-0.5111526317648342,-1.7161506766908006,-0.12918259401361604,0.0,-0.27203075185812176,-2.2333570991686518,-0.39550037017160866,0.0,-0.2908139003702505,-2.474512480841453,-0.48512635483896244,0.0,-0.25835843196141084,-1.4763922312321984,-0.22489969838367604,0.0
0.0,0.0,0.0,0.0,0.5138654601192271,-0.22604119118361377,-0.1968099914089188,0.0,1.319868649863906,-1.0817802580143845,-0.3817350775056504,0.0,1.4151190396331084,-1.558330826710166,-0.4219972333586526,0.0,1.159771139048206,-1.5297782378791283,-0.35827891817876595,0.0,1.4929059690608033,-3.4927166790799844,-0.12002865148576554,0.0,1.1797748212243426,-2.6320973621343047,-0.5073912977116657,0.0,1.7095454917845467,-2.9337079945740308,-1.1996700848242896,0.0,1.1571100576941844,-1.4728601649310518,-0.998548509579848,0.0,0.6914001749506645,-3.7266747312546307,-0.09168788119515821,0.0,0.7308433112294109,-2.8701270451977052,-0.49555313319743227,0.0,3.0268208462834463,-8.86985052176148,-2.7844073069392374,0.0,0.8612381694573039,-1.8190311144126696,-0.8408980096973989,0.0,-0.10947116203791565,-2.6481005328563403,-0.1289696718255783,0.0,0.22570971314806038,-2.8575063896724777,-0.5889745689238888,0.0,0.5199548009475613,-4.48324418472013,-1.2821009851619873,0.0,0.1710655135599673,-1.1569381596284516,-0.3414145853228674,0.0,-0.49231250817317423,-1.7556180380030912,-0.15157993553459947,0.0,-0.25288759408828404,-2.2461948530319873,-0.4124100323053459,0.0,-0.26694585923931863,-2.493570478536641,-0.5090457485616144,0.0,-0.2404414286029703,-1.5164329579360625,-0.24971791726992915,0.0
0.0,0.0,0.0,0.0,0.5353650425740716,-0.2541896813283311,-0.18477396508569535,0.0,1.3630793041711675,-1.1652493841276135,-0.36348357319367636,0.0,1.431674095425642,-1.6164741858968095,-0.39515061023696896,0.0,1.1626583993892126,-1.5443164725631255,-0.33317472200030634,0.0,1.6810799526712752,-3.6134159268737127,-0.06611424588467696,0.0,1.254863809487536,-2.7244056276287476,-0.47206451588391685,0.0,1.8047196746893956,-3.1607201846367783,-1.1720748331632223,0.0,1.2250598017855983,-1.6812150693050936,-1.0014693598298268,0.0,0.930432461868789,-4.25208951193433,-0.05004255759248656,0.0,0.8056600152842174,-2.995336169552863,-0.46245020705447454,0.0,3.365073547779039,-9.897680407174661,-2.7977583310760075,0.0,0.9004093463646682,-2.024468898970784,-0.8204500513805658,0.0,-0.04080834455241284,-2.8560935725013996,-0.11129885884754491,0.0,0.2572303371659002,-2.857055336578492,-0.528336177265131,0.0,0.5852968789064258,-4.880467648946214,-1.1883470044610964,0.0,0.1995634958585618,-1.4140987075228688,-0.3235020477251081,0.0,-0.4676750813416821,-1.8021444792671735,-0.14111274706447208,0.0,-0.2133801524348319,-2.277588999022683,-0.37978947901438137,0.0,-0.21881163487435265,-2.6158926902244715,-0.46062247608286044,0.0,-0.20901065649606027,-1.6366513369754432,-0.2123023568796705,0.0
0.0,0.0,0.0,0.0,0.5366333878742542,-0.2470246482762223,-0.18031138709203623,0.0,1.3675260851702373,-1.176779552047963,-0.34443711126696575,0.0,1.4305089292403126,-1.6298508483557659,-0.36993864803310483,0.0,1.156687972865698,-1.56274118789832,-0.30829055714328346,0.0,1.63422528518475,-3.502389081946763,-0.047419863687517584,0.0,1.2490932602082443,-2.72610636848786,-0.4626330128343097,0.0,1.8004511488007529,-3.155717641000016,-1.1512305927164246,0.0,1.2225676570899442,-1.642774735950912,-0.9657269236110487,0.0,0.9217170153259656,-4.179853557311234,-0.03762741019522121,0.0,0.8010146180436875,-2.9949333735848893,-0.453001276997362,0.0,3.400128508801833,-10.039380277959184,-2.772369729002341,0.0,0.8945222045703374,-1.9816306898963971,-0.7840874872043059,0.0,-0.04414466720800784,-2.8600991170859915,-0.10993546888670551,0.0,0.24725411049590923,-2.86723103264779,-0.5354458403570134,0.0,0.5188472711759567,-4.6344320311886555,-1.1536043557481253,0.0,0.17286012493822495,-1.321627598060409,-0.3157402836802116,0.0,-0.4730606468763169,-1.80359607662005,-0.14432673568444307,0.0,-0.2331234920870855,-2.2424557681200765,-0.3816507468859698,0.0,-0.24498084124567926,-2.553564687245591,-0.4653864813883665,0.0,-0.21951415915124847,-1.6013220974270983,-0.22370170499827471,0.0
0.0,0.0,0.0,0.0,0.5367587752582177,-0.22640101160381668,-0.19639785943442625,0.0,1.3596530439079957,-1.10481792528871,-0.3666708779130779,0.0,1.4367963605434713,-1.5850263969233556,-0.3906713886106164,0.0,1.1663896160300244,-1.5466376158586967,-0.3253804515574584,0.0,1.752651324002909,-3.6402730243124597,-0.11048918191902553,0.0,1.3287294950169213,-2.755285594317978,-0.5081353730715409,0.0,1.830613115174289,-3.088593863811613,-1.1896553577267919,0.0,1.1783001200411027,-1.5613985570834767,-0.9755297834444191,0.0,1.0038551747301026,-4.323146850565202,-0.07528774307940461,0.0,0.8504719431046783,-3.0047290460912595,-0.48597446930907157,0.0,3.148467298433207,-9.237995814805387,-2.728578480587375,0.0,0.8313736746993701,-1.9520749506075106,-0.8433432703992554,0.0,-0.0005687281881706649,-2.8824384084207835,-0.11232272544567691,0.0,0.30519866435989723,-2.879598960272,-0.5371658763699424,0.0,0.5743310805687938,-4.80033334477964,-1.1910841664802996,0.0,0.15310110043874592,-1.4155756129342385,-0.34301698525864366,0.0,-0.4432441817298925,-1.8283824075623372,-0.13205325384475342,0.0,-0.1768978898665751,-2.300367375374143,-0.3744941906842915,0.0,-0.20413632354170935,-2.6118704816899347,-0.4494409541682522,0.0,-0.23711844564457654,-1.6429243273854979,-0.20957608293737962,0.0
0.0,0.0,0.0,0.0,0.5303027460451343,-0.2227441843567381,-0.20992972113316796,0.0,1.3489971832418146,-1.0962437036839507,-0.3941926608798355,0.0,1.427101298571222,-1.563684835396006,-0.41652547207178153,0.0,1.1586162819402148,-1.5408547690303516,-0.34662434205152803,0.0,1.7185743326680614,-3.5583453231184174,-0.15362405521989655,0.0,1.3088593184772492,-2.7634416806564173,-0.5642161564626861,0.0,1.781262349571052,-3.0205293639047093,-1.2744701492254222,0.0,1.1216976468497202,-1.4689676093307245,-1.0137155204379529,0.0,0.9888590711612132,-4.289404512672706,-0.12621960407889857,0.0,0.8042940010209331,-2.9472625300270887,-0.5174461389999737,0.0,2.9924521578512286,-8.937842664559387,-2.8157516921019528,0.0,0.8483683601165634,-2.0137247447743745,-0.9251300730516326,0.0,-0.016115194906551108,-2.875089740175886,-0.1518265009024839,0.0,0.2757886810774153,-2.8445782630323246,-0.5756232217569981,0.0,0.5525110350376718,-4.800897815952717,-1.2887536451634212,0.0,0.15485668172246936,-1.435056686610339,-0.38345448959211853,0.0,-0.45706876461813095,-1.8075916224988893,-0.16299272021758496,0.0,-0.20149356913868124,-2.2629926373415055,-0.4059279760843036,0.0,-0.22172179687550986,-2.594090894014215,-0.49803843918238355,0.0,-0.23836274476791103,-1.6982662717825074,-0.26168484276568904,0.0
0.0,0.0,0.0,0.0,0.541537218428507,-0.21441686637298665,-0.2065782619814407,0.0,1.3702315805183438,-1.0253725172790422,-0.3763937007033459,0.0,1.4745595398628808,-1.4949610564419182,-0.4009559511886645,0.0,1.2067763202519353,-1.5078994771536116,-0.3374236024487267,0.0,1.899891289354994,-3.6755272719849263,-0.07248967395722976,0.0,1.4040507109645342,-2.731231767948474,-0.480036684284495,0.0,1.9391291930123176,-3.0927829844306696,-1.1386196065828464,0.0,1.2917751039391372,-1.6429342711073334,-0.9668064635105655,0.0,1.1598421776961305,-4.347990114987042,-0.016656254566300495,0.0,0.945651562908803,-3.0184501352299447,-0.4604196482721731,0.0,3.6666206163585353,-9.863569607087147,-2.813690016848376,0.0,0.86711566875009,-1.9123547028331631,-0.7894795243285975,0.0,0.09978159093217902,-2.9149299501821204,-0.07237111784153699,0.0,0.3917131198553335,-2.8796922835137404,-0.5083089516182298,0.0,0.6954447891593672,-4.742824737315157,-1.1151793210829062,0.0,0.18838511611415648,-1.4338218090308825,-0.31392290562905767,0.0,-0.38568757559642664,-1.844710522704927,-0.10575470020297265,0.0,-0.11395647576158367,-2.2895876194262104,-0.33854055674874145,0.0,-0.12198654116693243,-2.634439518924413,-0.39846107934212066,0.0,-0.17666409322987617,-1.7752608857781131,-0.17800250631244335,0.0
0.0,0.0,0.0,0.0,0.5314611660366028,-0.18829602723196237,-0.21254136090335748,0.0,1.3452201376677033,-0.9718238504259619,-0.39071610482783803,0.0,1.4784220431104191,-1.4874429861583696,-0.4255930300177563,0.0,1.2039195508406089,-1.4948716338761736,-0.35554744114091325,0.0,1.8531914129508136,-3.478700641841782,-0.10435230975337326,0.0,1.3767643350812497,-2.6956165386992463,-0.528356214245638,0.0,1.8897903688407,-3.0335395193265624,-1.2339585209076387,0.0,1.2532323086882506,-1.585090312445762,-1.0450439347457559,0.0,1.157818027855059,-4.27023457161817,-0.06264532063326955,0.0,0.891423087496037,-2.9083218261352277,-0.49299058544390234,0.0,3.1652873188681285,-8.60063123345484,-2.7106161232379393,0.0,0.9022724269075942,-1.9619503763241775,-0.9140094054217153,0.0,0.0900447337634129,-2.87667527362183,-0.11072119959039134,0.0,0.3645554530960771,-2.8315903940595324,-0.5571102073990009,0.0,0.6848338627304804,-4.677516136361168,-1.2515512877903263,0.0,0.2053551813372226,-1.4200121571340665,-0.37949013262523335,0.0,-0.39479408494651075,-1.8098612054749026,-0.1363256994369224,0.0,-0.13082497950510044,-2.2557221673294636,-0.38059103453889187,0.0,-0.1294896521989047,-2.608038422594062,-0.46910044112994226,0.0,-0.17086986283567168,-1.7890840460288988,-0.24863577506023746,0.0
0.0,0.0,0.0,0.0,0.5386295176700636,-0.1905011560894139,-0.22115677494621483,0.0,1.3362487675718309,-0.9279400251025014,-0.39762342942564605,0.0,1.4810481358904581,-1.4104672524349333,-0.43441986322878035,0.0,1.2296356357511702,-1.465677015542524,-0.37294722065078173,0.0,1.8485358581464093,-3.531774803181858,-0.0689821901968585,0.0,1.4110892037144231,-2.741829157258686,-0.5270262543818358,0.0,1.889594015843066,-3.0113979857424567,-1.2280392683348171,0.0,1.2852785518005054,-1.6100082490058383,-1.0733059305798494,0.0,1.0951428586543355,-4.069070185114823,-0.00881928040684301,0.0,0.9244825393819083,-2.9465536582418954,-0.49459548637342016,0.0,2.9912067209757374,-7.896313548680471,-2.569378579256133,0.0,0.9108036271925282,-1.9354572945173372,-0.9558537198823404,0.0,0.09739080186010228,-2.8049353453040675,-0.06936973747506407,0.0,0.37824996063405136,-2.827307604601751,-0.5371369798769949,0.0,0.7082975856793138,-4.694993085207705,-1.2558492177522542,0.0,0.20338427334468623,-1.4782957592127923,-0.40998800271806607,0.0,-0.3764855018303596,-1.8143972145911982,-0.10867488624314095,0.0,-0.11270134489398846,-2.2698104521276745,-0.3659884310457231,0.0,-0.10251610940670655,-2.6334965039613083,-0.4666147774813717,0.0,-0.16116113352699937,-1.8071641115228254,-0.25395113079199483,0.0
0.0,0.0,0.0,0.0,0.552841513880806,-0.21874565075946634,-0.20940635656447282,0.0,1.3528572771022842,-0.9686677280781422,-0.3764186168338929,0.0,1.4895573922596672,-1.448533590651084,-0.41559957048024465,0.0,1.231885367819947,-1.4808906616882307,-0.3577253393267086,0.0,1.8477126366823726,-3.4997663791245426,-0.0003756266299087949,0.0,1.4178305334144212,-2.7658092478629084,-0.4845409884924647,0.0,1.9267104420339414,-3.0902861403414397,-1.1958253509678767,0.0,1.291094772226196,-1.647097713694486,-1.044841693612853,0.0,1.1378586231243561,-4.159144930869172,0.04029988206747654,0.0,0.9262452114682311,-2.960669822725372,-0.4619065018047516,0.0,3.0677147826175757,-8.173783028311172,-2.5129369696672845,0.0,0.9223427060620731,-2.034306384301046,-0.934112000436533,0.0,0.11555902431992582,-2.8732788795902318,-0.05653325261903073,0.0,0.40531348371790654,-2.865751887223843,-0.5306850508543609,0.0,0.7534848275084562,-4.786783497927952,-1.2327944354904012,0.0,0.20737433412724154,-1.5060293183927553,-0.38229485469804203,0.0,-0.37337053706204404,-1.8357638560005585,-0.11113497240627658,0.0,-0.08688840396401167,-2.3095877881867093,-0.36274349166156145,0.0,-0.08021207955306843,-2.696147666096563,-0.4456068329055781,0.0,-0.16149406349442705,-1.8434159662958447,-0.21959374481192845,0.0
0.0,0.0,0.0,0.0,0.5452269834223169,-0.2367186199748568,-0.1981886915345252,0.0,1.3575730582529861,-1.0305114938617435,-0.3536336852736036,0.0,1.4706258817060722,-1.4570210641640817,-0.377438881199672,0.0,1.2315113162918643,-1.4657597016720123,-0.32286775168717124,0.0,1.8665676432463838,-3.679322959427772,0.058094886459998836,0.0,1.3763015699760692,-2.8174248176102092,-0.4271979392006095,0.0,1.9505581283318154,-3.292672707899669,-1.1324937722604749,0.0,1.3274821261452188,-1.7812783984864327,-0.9978598031907047,0.0,1.12933256050261,-4.329277705768259,0.10601376642124001,0.0,0.9065245535537254,-3.0472488119315213,-0.4211146901434965,0.0,3.1293906056200322,-8.705407481571104,-2.445317038815193,0.0,0.9030668518196286,-2.0410600111730988,-0.8605127975001429,0.0,0.0946518851902334,-2.9315447182751475,-0.01571454987340299,0.0,0.3520004442531819,-2.8552920453695325,-0.4698843431604234,0.0,0.6732798247542751,-4.81101415211638,-1.1075390617800274,0.0,0.20534892389801968,-1.6159592799532585,-0.3676012079828322,0.0,-0.3812393191447657,-1.8737040466723869,-0.08631455274031434,0.0,-0.10999401358866111,-2.3277774903610484,-0.3314279898883383,0.0,-0.0949408200778455,-2.7444105981287175,-0.4181698371244251,0.0,-0.16425039911312425,-1.984786437525062,-0.2261152916883015,0.0
0.0,0.0,0.0,0.0,0.5652823371377192,-0.24935636605680822,-0.19086539163654945,0.0,1.375905855455735,-1.0388614816155537,-0.3429070581121621,0.0,1.4823069103907234,-1.4628379940541756,-0.373142654642582,0.0,1.2397059596523512,-1.463760325050032,-0.32442673491065216,0.0,1.8191065558167714,-3.5198056497464867,0.0837340869157692,0.0,1.4523968605379436,-2.8663976448028543,-0.4250392242628974,0.0,2.0035651250128317,-3.323235901931877,-1.1583912704523078,0.0,1.298079197764032,-1.755423793636542,-1.008053198919109,0.0,1.1364059820175998,-4.2147005308186944,0.1095940420578235,0.0,0.939984958018915,-3.036717884522731,-0.4169042363018486,0.0,3.041672072410698,-8.457515624382316,-2.377760568668718,0.0,0.8905699890311339,-2.09066559996397,-0.8862850694549987,0.0,0.12239546142343288,-2.9467206491634457,-0.023896005606073106,0.0,0.39389322190607756,-2.8842889028060372,-0.48693030228365536,0.0,0.7171931105277937,-4.820466989123538,-1.133951213323837,0.0,0.20599691692773825,-1.601979321327763,-0.37158201723265905,0.0,-0.37125624512503197,-1.8799074263208315,-0.09846292373111983,0.0,-0.09184691047290527,-2.3349727206486808,-0.34636880418495863,0.0,-0.08097130030976826,-2.742570405071061,-0.4285067787879636,0.0,-0.15329052462547202,-1.894384399155512,-0.21350050403624166,0.0
0.0,0.0,0.0,0.0,0.5578062781596337,-0.25123710695085993,-0.18111144479583552,0.0,1.3539668824812758,-0.9970955165024354,-0.313788399326579,0.0,1.4652431938083739,-1.3877450094999266,-0.3383059172932497,0.0,1.2512315479968616,-1.422139178319633,-0.2977040247925963,0.0,1.9456324488856236,-3.806473455007642,0.09284939318005506,0.0,1.3760065466894777,-2.8203965323269973,-0.38458066096598365,0.0,1.9903776738443342,-3.380838780126724,-1.0739186737454725,0.0,1.3474411675605156,-1.8319560802647354,-0.9554263857924543,0.0,1.204673770849395,-4.576870593408312,0.1311532485153403,0.0,0.9074925656930173,-3.0544583845518565,-0.3753975338204088,0.0,3.3163584129776464,-9.368090443982998,-2.3537228654324225,0.0,0.918028935007382,-2.1645045168488695,-0.8090132228521802,0.0,0.10293555975621364,-2.983770055424048,-0.011103387801851015,0.0,0.3455827837205549,-2.8214668088928163,-0.4135718997061125,0.0,0.673138269127923,-4.840814805892797,-0.9426907868639752,0.0,0.22771107389651082,-1.8085433012906726,-0.3229560122011417,0.0,-0.3803635684258981,-1.8750697504743132,-0.08764093469126737,0.0,-0.11009025952352912,-2.331035119682935,-0.30636826378728055,0.0,-0.08891604404757206,-2.739140331684472,-0.3669587657611759,0.0,-0.15853137442493095,-1.9844804444027369,-0.1811057642209054,0.0
0.0,0.0,0.0,0.0,0.5718156894342199,-0.25727168988551047,-0.1817209100044081,0.0,1.3499210919266662,-0.9723254080039391,-0.31414189717182106,0.0,1.462184038474242,-1.3714856808545293,-0.3466372571933142,0.0,1.2482338138735949,-1.4076305876622652,-0.3094852539064657,0.0,1.893291076650243,-3.719687927383229,0.09619993533210594,0.0,1.3939711179080103,-2.82017616569255,-0.39639734862177384,0.0,1.9933883049405934,-3.3467604448493335,-1.1079865281363628,0.0,1.3247709187690595,-1.7871832699858232,-0.9792943431463611,0.0,1.1458693876333017,-4.418455544259306,0.11478727451838291,0.0,0.9234638483206868,-3.0442474019230823,-0.39363980675455107,0.0,3.210079374370104,-9.085803917576422,-2.3921810822410055,0.0,0.898884314365106,-2.1739734654025575,-0.8554252540671511,0.0,0.08861874907721315,-2.9313560208773617,-0.030848376646803934,0.0,0.3673692736135679,-2.847406864627093,-0.45004871529692403,0.0,0.6766812984055558,-4.802554903745723,-1.0208925796596013,0.0,0.20857928335700524,-1.74336202002344,-0.3532119477754708,0.0,-0.38856309287265,-1.8503533370633192,-0.10610826134813017,0.0,-0.11238192849910672,-2.304938537605362,-0.32605786212281646,0.0,-0.09425184367403783,-2.7144681634422363,-0.39346117719338697,0.0,-0.16164964595296114,-1.9190076463010384,-0.1971594579856318,0.0
0.0,0.0,0.0,0.0,0.5584122590094651,-0.24279253573057522,-0.1937452562809148,0.0,1.3221633618832798,-0.9152420817709032,-0.32787835785376296,0.0,1.43645277012411,-1.2941144181636302,-0.3549407556028712,0.0,1.2417667745089906,-1.3595169633774293,-0.318906174751939,0.0,1.9043204124913586,-3.7804866847357554,0.0815911787442464,0.0,1.3300962075981808,-2.7923140039929097,-0.39511335144488435,0.0,1.9554971164725,-3.3530765152043664,-1.1137210854273771,0.0,1.325229660595446,-1.7792563754854516,-0.9851820980025726,0.0,1.1242903640843984,-4.42906010522261,0.12261945589465462,0.0,0.8702552832191716,-2.984924984030952,-0.37836511644079335,0.0,3.139250005421359,-8.993659860981069,-2.371229935200365,0.0,0.889643040872803,-2.1243788878677443,-0.8521773613451415,0.0,0.05646077495992289,-2.866585219799307,-0.012831864882055408,0.0,0.3192377123243715,-2.7715275281379617,-0.4172811709104873,0.0,0.6053663148818652,-4.675499883298301,-0.9511770176234999,0.0,0.18938792244179062,-1.7224476320520323,-0.33093613590083826,0.0,-0.4076157736807783,-1.7987932010974563,-0.08690430615159356,0.0,-0.13601079673796085,-2.272654341115009,-0.30230398881714904,0.0,-0.11303729704689575,-2.6801146469050545,-0.3637934525089102,0.0,-0.1710356755597966,-1.9268942844438615,-0.180231919047132,0.0
0.0,0.0,0.0,0.0,0.5726915786147353,-0.25979475380301664,-0.1856675730914801,0.0,1.341544001303202,-0.9487473203768433,-0.31770915505587993,0.0,1.4370341527391692,-1.3130646071215444,-0.3443299123625749,0.0,1.2381728437096193,-1.3537467877513016,-0.3094188538083944,0.0,1.9024478049517,-3.7726077557841404,0.09135008967848655,0.0,1.338905231613458,-2.794133329692117,-0.38106913069808135,0.0,1.9891100956751244,-3.396306890670155,-1.1028710406305646,0.0,1.3136501102993305,-1.7610004999377484,-0.9572035115180965,0.0,1.1318498168137883,-4.466867763091744,0.12304669542782372,0.0,0.8817651000012908,-3.019014008268098,-0.3688494130901926,0.0,3.3546667043914007,-9.704410397728857,-2.449801977536606,0.0,0.8845998113553286,-2.170501232201817,-0.8255852281830796,0.0,0.057985154090417296,-2.8843474644929246,-0.017499512530405444,0.0,0.32338002850405634,-2.7926124238453593,-0.4140474191171212,0.0,0.6099730083278091,-4.678746416766294,-0.9211122094815044,0.0,0.19192442745660832,-1.7202177174259385,-0.3134746131971885,0.0,-0.4076627107162393,-1.803106828401381,-0.09177370119769708,0.0,-0.13447823796242608,-2.2769846013713817,-0.30125286188185557,0.0,-0.10762540198912748,-2.694200574603669,-0.35881490459897614,0.0,-0.16013371119999123,-1.8903977096118185,-0.16963583400268156,0.0
0.0,0.0,0.0,0.0,0.5860153374585078,-0.28709704950908543,-0.18999173221288648,0.0,1.3495394918138788,-0.9919631030554071,-0.324708717769397,0.0,1.4203179703067974,-1.2893122308076015,-0.34601723825224073,0.0,1.2440568174715714,-1.2689870936647762,-0.3083893809297051,0.0,1.793612521279241,-3.689141036425624,0.18438522211385594,0.0,1.3009907822918985,-2.828268431018039,-0.338135428909728,0.0,1.966916449281747,-3.431980489516459,-1.058873898713608,0.0,1.3067439271814338,-1.735084222493074,-0.9230656087864556,0.0,1.0241363950821523,-4.243072606659596,0.21201075765970792,0.0,0.8329578972520731,-3.008938175461082,-0.34105800974269584,0.0,3.174350873846427,-9.400198691943709,-2.3806326931773074,0.0,0.785463305194119,-1.9025608641162621,-0.756686073009525,0.0,0.028110611869192222,-2.831162220020652,0.031256369242958736,0.0,0.2837811724791374,-2.7484001886166896,-0.38668631561277356,0.0,0.544344061733159,-4.5827342917587055,-0.8805279447646387,0.0,0.16938659214961685,-1.7207914580462034,-0.30418316687468866,0.0,-0.42139100078396613,-1.789657165955145,-0.07051988785290639,0.0,-0.15433049163853918,-2.2576541786467232,-0.2817605827606975,0.0,-0.13170730017116247,-2.669704925362387,-0.33242229548012814,0.0,-0.18681825474682673,-1.9436113523009526,-0.15252156419942386,0.0
0.0,0.0,0.0,0.0,0.5976895074335072,-0.2967546791117729,-0.17721456994408413,0.0,1.3439458294279671,-0.9690429178149175,-0.3039911199245541,0.0,1.427013340020851,-1.2706659473057653,-0.3360499738415313,0.0,1.2531247524923443,-1.2459377195042123,-0.30514224490468506,0.0,1.7900833104317917,-3.634222953680271,0.2569711056390059,0.0,1.31431402257485,-2.831731423119832,-0.2867152817509286,0.0,1.9890746444099392,-3.4765649939599026,-0.9880853417436727,0.0,1.369408768945846,-1.836969825973428,-0.9088719113090927,0.0,1.032857847579208,-4.2108934852642745,0.27344512553648415,0.0,0.8493013826500393,-3.0352756994063856,-0.29575669246428726,0.0,3.2629301607690384,-9.573986175729475,-2.211083242859413,0.0,0.8580032766729692,-2.0531313943866385,-0.7486034676990257,0.0,0.03725285222272013,-2.828035244163859,0.060808831553285814,0.0,0.2945764869086283,-2.761630263348485,-0.3590313096217349,0.0,0.5664741384431679,-4.58118908324715,-0.8179274882701203,0.0,0.1856558663634075,-1.7527183654277643,-0.281763737053899,0.0,-0.4156165011790934,-1.7883377032091654,-0.057814320904567215,0.0,-0.14625151328032757,-2.248664593693278,-0.2627920231757765,0.0,-0.11848179901814426,-2.6739983409128936,-0.30421109397056567,0.0,-0.17291697546770143,-1.9003341673284548,-0.12078468547180318,0.0
0.0,0.0,0.0,0.0,0.598737563280379,-0.29057333269174207,-0.16147993082343584,0.0,1.3435170050752059,-0.9640072728521707,-0.27532520017401524,0.0,1.4068638163744789,-1.2102557924008346,-0.3010958155391139,0.0,1.2552923363791424,-1.2068368527791564,-0.2824213222825979,0.0,1.7994707504853487,-3.6807335642966423,0.20871660276753717,0.0,1.309555045989021,-2.8706494253183323,-0.3082972739344963,0.0,2.0061762489839428,-3.5913633955107738,-1.040032318783881,0.0,1.3094984606100157,-1.803727366725269,-0.9124921057351713,0.0,1.0740646671868581,-4.431769473640343,0.20921968230405966,0.0,0.8175533968178863,-3.0333542880706434,-0.3157478003376232,0.0,3.00842755671251,-9.379535597909255,-2.176275012308548,0.0,0.8149877652443166,-2.1514302943908286,-0.7728050435367263,0.0,0.028909186500721825,-2.897625949164405,0.007252786494841484,0.0,0.2606395958745278,-2.741805219760338,-0.3665087348589568,0.0,0.4858078553980841,-4.440267585262481,-0.7843468439426653,0.0,0.16288234953117095,-1.8491464249620704,-0.2951542652554275,0.0,-0.4283656668370567,-1.7921018725740616,-0.09531473135858234,0.0,-0.17586841304906412,-2.230993984373576,-0.2795599672972784,0.0,-0.15104735928915686,-2.6251340878320013,-0.3123534151951314,0.0,-0.19343742880484457,-1.9394089058096173,-0.13712912861305476,0.0
0.0,0.0,0.0,0.0,0.5980522225177103,-0.2794942168036449,-0.16246509643009246,0.0,1.3467913063546615,-0.9486055687020264,-0.28834384251742157,0.0,1.4243032288556006,-1.2059113465731708,-0.3222730252012425,0.0,1.2699312374558007,-1.1939340115501378,-0.3035342150631644,0.0,1.7951694856449962,-3.610698012755851,0.1923554251475789,0.0,1.3297436143650665,-2.8466068945039384,-0.32277528790478627,0.0,2.017213349783787,-3.550375468187348,-1.0733014552915785,0.0,1.3268486663274923,-1.795326310109083,-0.9535351737468601,0.0,1.0775845761695881,-4.29631336212442,0.18669654834746127,0.0,0.8521241718084313,-3.0484596414242886,-0.33605463091725873,0.0,3.0016818245660057,-9.129551680115398,-2.2190304443587867,0.0,0.8431500665393027,-2.1667697367838525,-0.8214125118267838,0.0,0.06319112113026057,-2.8922291520611605,-0.004247396982591627,0.0,0.3010298683590462,-2.7848588314706677,-0.3900955484248218,0.0,0.5452385867252869,-4.475387276266161,-0.8381649137306759,0.0,0.19082750869224527,-1.8581674438142257,-0.3283467436012478,0.0,-0.40277186257565173,-1.8182307425031459,-0.10425053925630202,0.0,-0.1431889266937423,-2.2523151599403097,-0.29501144743720953,0.0,-0.1147531957627366,-2.6556392943793665,-0.3394580893572087,0.0,-0.16555681950303341,-1.9459769183520856,-0.16195925173375728,0.0
0.0,0.0,0.0,0.0,0.6037506373474333,-0.27930154225466797,-0.19096575416689618,0.0,1.3683109475203972,-0.9763502322902214,-0.33344054163112846,0.0,1.3966701648936715,-1.179372170189405,-0.3477291419014511,0.0,1.2452512811121188,-1.1495870026358057,-0.31812102077052334,0.0,1.7857834831305877,-3.6202944024209427,0.05313902270105403,0.0,1.2864882349876532,-2.792509459301074,-0.4392423519987738,0.0,1.905530977321784,-3.280515082575723,-1.2134792723976757,0.0,1.2207078074767361,-1.5614938471787143,-1.0122865740694946,0.0,0.9957429964929225,-4.203871423676744,0.053578963328101976,0.0,0.806507957838414,-2.987141437911751,-0.44586306021764777,0.0,2.8989760429925777,-8.64147955719048,-2.6464433542298424,0.0,0.7079234339047079,-1.712183168925738,-0.8406965261929591,0.0,0.003628058232835586,-2.759536021509776,-0.07668970782683977,0.0,0.24233629298101914,-2.6846745080162164,-0.46049425435859764,0.0,0.4433427986138055,-4.237590352185518,-0.9826326270357438,0.0,0.12943195569141863,-1.6441377990041195,-0.389340244739981,0.0,-0.43132867686434473,-1.7522671989830658,-0.14146887452882279,0.0,-0.17922735691341465,-2.1795016316609934,-0.33951250925292364,0.0,-0.16776798246421465,-2.5361888719480903,-0.4086126647758621,0.0,-0.22467382308293682,-1.845207391286375,-0.23425584825307835,0.0
0.0,0.0,0.0,0.0,0.6214953536942293,-0.28836085499014513,-0.17280170110300616,0.0,1.363017787279468,-0.9694184002292124,-0.29752641991683393,0.0,1.3927043964078574,-1.1795790199508613,-0.3191808366423953,0.0,1.2428300193820556,-1.1568831715369865,-0.2981366132259051,0.0,1.7433147184096536,-3.5112717914345604,0.139569790515444,0.0,1.3065708415989754,-2.819721471052753,-0.37410900833810307,0.0,1.9538674724269185,-3.3882184846933603,-1.1525717897418697,0.0,1.2076300352753535,-1.5741419091257476,-0.9570384079972197,0.0,0.993794695156639,-4.202873209505594,0.131728143902188,0.0,0.8129925673901606,-3.03447418812248,-0.39703249378929567,0.0,2.7994083375819403,-8.705341415994715,-2.4408566753670877,0.0,0.6885949726540085,-1.7870990206197983,-0.8053427597611383,0.0,0.0001908995563916971,-2.7804309265541987,-0.03885983808070846,0.0,0.24596027217030578,-2.7359432435336757,-0.430415138247717,0.0,0.4103125341094175,-4.170443640139836,-0.8906431758918099,0.0,0.11344570509012902,-1.6560969662415568,-0.3533162540041488,0.0,-0.4318340887840388,-1.7701253892876117,-0.1253087517652112,0.0,-0.1742414648802317,-2.1976243307445955,-0.31250736714212046,0.0,-0.17300954927599987,-2.537857562662761,-0.3577677613515277,0.0,-0.23595724581085664,-1.841200939645969,-0.18318922268430368,0.0
0.0,0.0,0.0,0.0,0.5943634334794935,-0.3024524748895594,-0.19710261441977867,0.0,1.405451129430469,-1.090792166846763,-0.3593077540134528,0.0,1.3901555503234697,-1.2295307651437877,-0.3588907802070391,0.0,1.2337855047831354,-1.1477924550790257,-0.3212266741420642,0.0,1.7620808586495662,-3.682024137453344,0.03551431115173379,0.0,1.288050311543825,-2.8223319416671813,-0.45245252178186995,0.0,1.9083348108488922,-3.3383650705331034,-1.255599650511099,0.0,1.1523354807701225,-1.498535089764595,-0.9881791717679531,0.0,0.9673929031115799,-4.180487269147851,0.047753638485877485,0.0,0.8113063393161722,-3.044614668792508,-0.4556141279617584,0.0,3.0199560253937814,-9.069343097618226,-2.7379726987750446,0.0,0.709561724211568,-1.6807444958286928,-0.7989093760579771,0.0,0.008716489074199325,-2.8005282537766645,-0.06889689188374126,0.0,0.2387639458720827,-2.7248277694219616,-0.45711523924738207,0.0,0.43976572235439676,-4.309151976881321,-0.9617420578553098,0.0,0.13228893978365783,-1.5935459990997196,-0.34510455000897494,0.0,-0.42610284127954984,-1.7971973710021494,-0.13152146615426072,0.0,-0.1858806007068491,-2.197655753721199,-0.32630210960150935,0.0,-0.18708746306273427,-2.5294719015307776,-0.3826386238368397,0.0,-0.23174125805669502,-1.7831704038937737,-0.19457218371441592,0.0
0.0,0.0,0.0,0.0,0.6070654306225198,-0.28335419166429976,-0.19749946709785857,0.0,1.3869540915473242,-1.0367816809661086,-0.36019448892148515,0.0,1.383984973493643,-1.1966749912580328,-0.3690332860059949,0.0,1.2301512435124278,-1.1168742973954509,-0.3335339800275896,0.0,1.7094998275266702,-3.47934815780105,0.04238407334624139,0.0,1.2876579607351053,-2.771914471190128,-0.45906968552618255,0.0,1.8746340037760814,-3.2415949302516798,-1.2755778167335505,0.0,1.1200580528329007,-1.4274149202436517,-1.0108865374121025,0.0,0.9323246323735619,-4.04753396053023,0.04298566324417703,0.0,0.813374116653554,-3.023378617829577,-0.4692472918775081,0.0,2.9272767005010514,-8.893563540739246,-2.815112680125854,0.0,0.6501507613281509,-1.5562977552347785,-0.8055589097109144,0.0,-0.02047076630530654,-2.7141154453725562,-0.08183828649431041,0.0,0.24222326739016484,-2.7102943870727736,-0.48175223963357594,0.0,0.3923579472573761,-4.1502894451276715,-0.9950105985872244,0.0,0.08981624735246212,-1.5092602217180155,-0.37267859504797934,0.0,-0.44324613097129956,-1.744310462457876,-0.14648031927941024,0.0,-0.19067856503744388,-2.1645247206401566,-0.3411943295760303,0.0,-0.19671490808557407,-2.4876452684983246,-0.39866156119088314,0.0,-0.25316842825661007,-1.770603575353859,-0.2165786817342168,0.0
0.0,0.0,0.0,0.0,0.6014311739960774,-0.3045267447447219,-0.21840822242637603,0.0,1.4111388399338698,-1.1190153042624422,-0.40201015614324487,0.0,1.3738660605922053,-1.2533926007138978,-0.39182724249697165,0.0,1.2137371071372278,-1.1381878039371292,-0.34167560323294294,0.0,1.7089677488889996,-3.5821089181207197,0.009550591542175357,0.0,1.2630944014879344,-2.7753762253092598,-0.4696862271379791,0.0,1.8708341477452728,-3.2546193124832987,-1.299155109199577,0.0,1.0682322281355479,-1.3836251748738486,-0.9822872937778833,0.0,0.9246619406728243,-4.056303525476036,0.043891792356607034,0.0,0.7893943795049889,-3.028395087613116,-0.4662154116261089,0.0,3.0217859546218833,-9.173476970052258,-2.870649795374065,0.0,0.6466493743811296,-1.5570820204816433,-0.7723093126646203,0.0,-0.008386521808589328,-2.752568528052489,-0.05657142518801502,0.0,0.23029120936280764,-2.717541860644839,-0.4648681812697395,0.0,0.418335279014826,-4.276626731005106,-0.9703112216138995,0.0,0.10075418202820405,-1.4518689042191504,-0.3094275235635838,0.0,-0.4370684099096084,-1.7734094906595665,-0.11632337065256333,0.0,-0.19539462830280305,-2.18542154067278,-0.3194798796030437,0.0,-0.20638330632096624,-2.498076386251838,-0.36610266313672485,0.0,-0.25223735327219177,-1.7239475236576243,-0.16725532835135656,0.0
0.0,0.0,0.0,0.0,0.6154414929043681,-0.28207798523315436,-0.22210616365967878,0.0,1.4005584122782655,-1.051411756402837,-0.3992696919635521,0.0,1.3654018487670252,-1.2016362699370513,-0.3894383957705922,0.0,1.2081523400058514,-1.1041516023245836,-0.3408348489298825,0.0,1.6951491107989667,-3.491360696171055,1.222725025864601e-05,0.0,1.2649420750616862,-2.6983463340883196,-0.4665359627442014,0.0,1.856304605465732,-3.1131424717067655,-1.2753920484535795,0.0,1.0687979736841322,-1.3066899363787583,-0.9764893372943737,0.0,0.8986155960060169,-3.9562938501037404,0.028963361110644854,0.0,0.7926377801648368,-2.9852444933758204,-0.4681183439574338,0.0,3.079097640472426,-9.248282556149288,-2.9612756913189258,0.0,0.5944108122510023,-1.3964416883400648,-0.7343310746930007,0.0,-0.030221923537734754,-2.662174089165616,-0.06947023153864378,0.0,0.22477216067632685,-2.6816931669147537,-0.47047433400808397,0.0,0.367484467452955,-4.026516378079427,-0.9353959394815644,0.0,0.07589393153623773,-1.3377139806388474,-0.2997047582173767,0.0,-0.44605166104505095,-1.7212684953393715,-0.12808806081325713,0.0,-0.20382259851861154,-2.141259880759191,-0.3233662887156805,0.0,-0.2245440085910564,-2.3978697543935557,-0.3575175137376211,0.0,-0.2736855783655026,-1.6439642255031908,-0.16450793608608807,0.0
0.0,0.0,0.0,0.0,0.5967350493823089,-0.2969788509479531,-0.22927408441261765,0.0,1.4071460395659643,-1.1340695594721957,-0.42314340133623246,0.0,1.3461954177789788,-1.2262697514864178,-0.3993724217887371,0.0,1.1949925638133538,-1.0955820640417944,-0.34823659055641554,0.0,1.5768260568430261,-3.36750953089094,-0.033753774963132865,0.0,1.2140278298094418,-2.703016218138201,-0.5001861720819772,0.0,1.7783679674560111,-3.142178771911444,-1.341926142548932,0.0,1.0408705793946056,-1.3316420843962467,-1.0287968067196531,0.0,0.8231685135638723,-3.826520517387478,-0.0002609293734755494,0.0,0.7159404212483582,-2.9179729227142923,-0.5014510836758118,0.0,2.465639794950087,-7.98278605362412,-2.7795426561212153,0.0,0.5732030914253567,-1.367466406074687,-0.7959965726247272,0.0,-0.050120017047478226,-2.6718894278947305,-0.07829386111739933,0.0,0.17128829525963696,-2.679370825888188,-0.5097192231022929,0.0,0.25662638653963077,-3.830042044671372,-1.0071400403607904,0.0,0.04774200012611318,-1.2171905727794985,-0.33208305227418156,0.0,-0.4614935922207855,-1.7376170883207822,-0.12649354108407596,0.0,-0.24601422465665573,-2.1308429222508933,-0.3408843777066239,0.0,-0.2882822607823328,-2.3142395162932825,-0.3856340337149317,0.0,-0.3021944199395012,-1.4941262862063558,-0.17739878655401986,0.0
0.0,0.0,0.0,0.0,0.6144007446399689,-0.3044959869183404,-0.23790145384164202,0.0,1.3977354030772513,-1.1103951308493958,-0.4278264308277077,0.0,1.3388089575700852,-1.2149773588775044,-0.4058067125149735,0.0,1.1874568871708209,-1.0965485177281244,-0.3539449558598536,0.0,1.5148041047220802,-3.277965397109473,-0.008838693329238968,0.0,1.2247938900998319,-2.7053386093412644,-0.49487897129228875,0.0,1.7690036305766752,-3.066314917852203,-1.339051088806163,0.0,0.9949494425409917,-1.2243005026625255,-0.9916710910741792,0.0,0.7863384071178857,-3.70182919966065,0.025873626866098034,0.0,0.7255754584119292,-2.940573863947818,-0.49411013353787564,0.0,2.526435923031685,-8.142586473698966,-2.8362983592144273,0.0,0.5338752627286091,-1.2579668927262289,-0.745093621467416,0.0,-0.061766214170300655,-2.6320964851015938,-0.06393215070230024,0.0,0.168109979442422,-2.6688255983582874,-0.49969501756431034,0.0,0.25163242048940543,-3.812639302345041,-0.9848232549736076,0.0,0.04603120736674865,-1.182599885533256,-0.31195540314465375,0.0,-0.47150052152385563,-1.713239421885134,-0.12185843001210193,0.0,-0.2544237469771653,-2.1067573073643717,-0.33166421421221715,0.0,-0.297576408948945,-2.294119421601902,-0.37039284526842736,0.0,-0.31742575578517546,-1.5190359428034603,-0.16983118130184485,0.0
0.0,0.0,0.0,0.0,0.60493482759347,-0.32104354076144137,-0.23620264029524676,0.0,1.4216501609922303,-1.1970126469616504,-0.4341626682434776,0.0,1.3326015936778495,-1.2621831419340181,-0.40175502291247667,0.0,1.1786372645043126,-1.1272793436732285,-0.3504288959402254,0.0,1.555973900566075,-3.3391796817548633,-0.07738551135813389,0.0,1.1770015547394799,-2.674437344821153,-0.5299271104066725,0.0,1.7294294689031111,-3.128941231362108,-1.3985934649698706,0.0,1.0138941080458834,-1.3313635270412991,-1.0728272293399288,0.0,0.8202318412812586,-3.8776839500878855,-0.0533300288434814,0.0,0.7018444000163154,-2.911622025504055,-0.5464263731042581,0.0,2.257245267178732,-7.5669865284309905,-2.811301077779065,0.0,0.5318888282405126,-1.3208689120722066,-0.8234096270348412,0.0,-0.06581645084054391,-2.6959980128693815,-0.11927879052821011,0.0,0.15848622618577463,-2.6703159134863332,-0.5477533039459385,0.0,0.20365039700529514,-3.7400561240826917,-1.0523952055538437,0.0,0.022888270867898908,-1.1586477159199766,-0.3450042677718344,0.0,-0.47838991009975007,-1.7251685032794044,-0.1560587278129161,0.0,-0.2656061584180258,-2.1383659127975516,-0.3806894482502301,0.0,-0.3150613236254962,-2.280719141529267,-0.43106806739142267,0.0,-0.3134348984534063,-1.4459090788788023,-0.21201655563669797,0.0
0.0,0.0,0.0,0.0,0.6102354949916823,-0.3136568422653672,-0.23946067652927708,0.0,1.3885161042530272,-1.1233161844342232,-0.4236109204945988,0.0,1.3203518306515758,-1.2184969915480879,-0.3982346697030291,0.0,1.1702471003184824,-1.1245418079758727,-0.35130145967423815,0.0,1.4975337587930788,-3.246311117920886,-0.07921452080340795,0.0,1.1674689008468448,-2.6573516557550376,-0.5413738835291028,0.0,1.7083180029870477,-3.0485175311770734,-1.423164708140787,0.0,0.9532529519894584,-1.181931669668212,-1.0254440977053771,0.0,0.7732207112066068,-3.7741505938343876,-0.05900748104917084,0.0,0.6826400301068936,-2.8829975838980313,-0.5566515087398027,0.0,2.1419340455450744,-7.370004050019817,-2.8326435988499736,0.0,0.48499053351043586,-1.212912755132387,-0.7963598228360387,0.0,-0.09001787764595218,-2.6522773650544673,-0.12653264400335573,0.0,0.13826629533069024,-2.6442024903053913,-0.5605830823148881,0.0,0.15070148572247472,-3.603870225607877,-1.059051544621809,0.0,0.0026454611349016727,-1.095108632726404,-0.3473790911165821,0.0,-0.4909757315857167,-1.7146145504804977,-0.16475471529143,0.0,-0.28457527792934406,-2.0906486245493086,-0.38271688058216075,0.0,-0.3478490087714482,-2.2227733700772156,-0.43437448587767935,0.0,-0.35341429507938554,-1.4563299085453882,-0.22678460638289316,0.0
0.0,0.0,0.0,0.0,0.6070090918598862,-0.33138859619816147,-0.229066630704675,0.0,1.4007975836804636,-1.2467259733266138,-0.4090142314282655,0.0,1.3018733166855618,-1.3980242972251111,-0.3815495645550661,0.0,1.1307390681349971,-1.2490958499663312,-0.3244906408972673,0.0,1.4846267561788984,-3.3081733154529043,-0.0748248547745835,0.0,1.149542200461533,-2.692548195942622,-0.5244028763955993,0.0,1.665358479898409,-3.0997715773687275,-1.3726458620852298,0.0,0.9364138909826583,-1.2712339308279725,-1.0193740331494863,0.0,0.7806021794475166,-3.931646251618001,-0.04148186788083496,0.0,0.6417817954826193,-2.9149180318861627,-0.5409241736376643,0.0,1.94992304765097,-7.236679955794179,-2.667302023744103,0.0,0.46217477963069303,-1.267830689790614,-0.7832053234387036,0.0,-0.09097449749862306,-2.7739908138711407,-0.10079360445471161,0.0,0.10257233789779606,-2.6829380418025535,-0.5487411766119807,0.0,0.11769727500555364,-3.680482731850272,-1.0449426325324422,0.0,0.0036763813179690025,-1.114163745343004,-0.3314000101532015,0.0,-0.4987806237544283,-1.7700490208568431,-0.1347177748000952,0.0,-0.3109219233824581,-2.1491751089748603,-0.3778936513501893,0.0,-0.3707784996422969,-2.2485492945394774,-0.4321724034839524,0.0,-0.3342764497380877,-1.3752673508095177,-0.20371236319741612,0.0
0.0,0.0,0.0,0.0,0.6145132910325048,-0.3130916228982439,-0.2361067660669608,0.0,1.3995952117275716,-1.1966888974710668,-0.4109957343838371,0.0,1.2964091481163245,-1.3469539098997225,-0.38255527235741077,0.0,1.1268733893153435,-1.2158928175797012,-0.32655371567191466,0.0,1.4511218193124762,-3.2287478029915686,-0.04915071007062631,0.0,1.1473430100417403,-2.6231627144508862,-0.5198676696901455,0.0,1.6560934002550138,-2.9798051861093806,-1.3617630196618506,0.0,0.9445549735582488,-1.1868428188585882,-1.00970949247777,0.0,0.7362260113120318,-3.7468890860208908,-0.01794137490275685,0.0,0.6661451657803403,-2.875423492884664,-0.5513270617905923,0.0,1.9126679943744076,-6.772212620895961,-2.645828096009123,0.0,0.4294893377777292,-1.096556881055179,-0.7510132485589278,0.0,-0.11819168621811126,-2.638411773050615,-0.09365502457816825,0.0,0.10828545950368498,-2.625519023543084,-0.5568215459717938,0.0,0.1083756936387358,-3.4837218794082654,-1.0553032337370454,0.0,-0.003549949567382088,-0.9686601903987346,-0.3222075319168937,0.0,-0.5136512817078869,-1.6864792466454523,-0.13726214443444265,0.0,-0.3177290363776322,-2.086700440332501,-0.38087933632558757,0.0,-0.375826170763623,-2.1884465704106506,-0.4402667142636781,0.0,-0.3412828316568925,-1.3500016269531563,-0.21584977648360423,0.0
0.0,0.0,0.0,0.0,0.5994251898562447,-0.29957012521061216,-0.2393942354411513,0.0,1.3752142826997498,-1.25645936706148,-0.4152920709860137,0.0,1.2650762797400537,-1.5253582253709477,-0.3903187117539814,0.0,1.0688984517585693,-1.3626604687025379,-0.31659875110782454,0.0,1.383687078477237,-3.293099655174326,-0.07876257837666081,0.0,1.1164455506640991,-2.6285315776742193,-0.5331674340786959,0.0,1.5487411857645816,-2.8937504724297503,-1.3272673878944323,0.0,0.8776587032480014,-1.196015696749369,-1.0021445736882815,0.0,0.6642895199085195,-3.7582816740032214,-0.014294198743758712,0.0,0.6410855400850807,-2.938706845975758,-0.5564964082589604,0.0,1.7588111678796254,-6.74758314533114,-2.5734056710903848,0.0,0.38549192258157106,-1.1233587058022798,-0.7303947575977934,0.0,-0.1348131363560199,-2.720891238444277,-0.06394131529685149,0.0,0.07726634667569757,-2.7362867838472287,-0.5645893497391257,0.0,0.05288763521967238,-3.548275783367842,-1.0486574902789856,0.0,-0.027202279912447218,-1.0183857784339168,-0.317198006083061,0.0,-0.5217723644772623,-1.764604137598457,-0.10060238676816277,0.0,-0.34497849019000565,-2.170443928282307,-0.36742367373771584,0.0,-0.4092032717714963,-2.221211903853127,-0.42047893926166946,0.0,-0.35503382164599073,-1.325114756434062,-0.1858481244144883,0.0
0.0,0.0,0.0,0.0,0.5864891874177697,-0.2942879403837995,-0.24501754432290782,0.0,1.3758847898107656,-1.2774182215326562,-0.4268907052394589,0.0,1.2445248982628216,-1.5175363934504895,-0.39166435017790346,0.0,1.0545269260832308,-1.3469620758310994,-0.31785355447042984,0.0,1.3575692079345876,-3.164435836901811,-0.0991485082361899,0.0,1.0873283398400184,-2.6394114695265896,-0.555894447071363,0.0,1.532389657436022,-2.943083725227508,-1.3961867425407215,0.0,0.8408707617816954,-1.1475308747245874,-0.9971019827706672,0.0,0.7049868110900356,-3.775455702954486,-0.039399151163674775,0.0,0.6087507788741366,-2.9036399624426075,-0.5673123822741083,0.0,1.6243873954472217,-6.557532881552357,-2.5643005990947185,0.0,0.36339898881989147,-1.1213519805085397,-0.7357672405911149,0.0,-0.121378418454574,-2.7824597568067126,-0.08227400272470518,0.0,0.05543144464724942,-2.662862171655029,-0.5592003504799982,0.0,0.013258607523441822,-3.4378495884738918,-1.028924736045476,0.0,-0.041278060121772805,-0.9545527974435088,-0.2969464009573104,0.0,-0.5268758436109131,-1.7671518009575615,-0.11237360329783233,0.0,-0.362132205705037,-2.1527873020447243,-0.3792204565103384,0.0,-0.43051842389201317,-2.1532349337880796,-0.42468938834988196,0.0,-0.3658217256485422,-1.259117519629482,-0.1831779054165894,0.0
0.0,0.0,0.0,0.0,0.5922304504336449,-0.28487468715936065,-0.24627474185800413,0.0,1.3481177266495303,-1.3179941668516226,-0.41554646804285184,0.0,1.1953052745561072,-1.6408037839198384,-0.37791935458280373,0.0,0.9835529705307703,-1.4569028025796658,-0.2913480813242201,0.0,1.3163224311386363,-3.205203652471177,-0.10526395423940264,0.0,1.0629434310921144,-2.6458158123392557,-0.5541844284310662,0.0,1.4596052599484617,-2.9279724695759235,-1.3442134664501406,0.0,0.8230421808121124,-1.2066866569002255,-0.9863182161471474,0.0,0.632747943540002,-3.8182387114595593,-0.020516128717417537,0.0,0.6057443214280761,-2.9714083972853826,-0.5730720346416213,0.0,1.4868521978580778,-6.44231961304084,-2.4699695188706463,0.0,0.3265388132529244,-1.1229618294858628,-0.7153025124995577,0.0,-0.17387350488776093,-2.7819081436663784,-0.048415753622006265,0.0,0.02900703169971935,-2.8057836320549154,-0.585290322325418,0.0,-0.07622325159614966,-3.282563062734059,-0.9893805189628307,0.0,-0.08687381341597956,-0.937214952857396,-0.2910212306205011,0.0,-0.5549938734069186,-1.7852064993249293,-0.07564895649303233,0.0,-0.3950175110526726,-2.2072445339287095,-0.36455281638432563,0.0,-0.48099548457254476,-2.111796822304713,-0.39500159282935615,0.0,-0.40324629181928506,-1.2066908498642386,-0.1560668246988681,0.0
0.0,0.0,0.0,0.0,0.5776353836493952,-0.28089156476966237,-0.24214383091280944,0.0,1.354656701280432,-1.3435900292986276,-0.40808815432697043,0.0,1.1960354191810154,-1.6315853256259738,-0.36163567465530766,0.0,0.9871183581577624,-1.4581513122615357,-0.27894867002030915,0.0,1.3470757789424264,-3.3518010299397294,-0.1440267937721568,0.0,1.068190212302824,-2.6540312501444543,-0.5367197410453043,0.0,1.5208997256305024,-3.0673023216821402,-1.3134888592556428,0.0,0.8592785713742448,-1.2884952967816035,-0.9585195794271418,0.0,0.6392885240261776,-3.945423760339895,-0.0585151502749123,0.0,0.5937620506864946,-2.9876873199825695,-0.558818433237803,0.0,1.5359578184105647,-6.813040838266438,-2.4782802055808437,0.0,0.32794343215156996,-1.164401282581391,-0.6864318703761638,0.0,-0.17087038001242924,-2.841008410623712,-0.06671998429153184,0.0,0.020591763830633197,-2.7779583624892976,-0.5518725210685198,0.0,-0.06499961398489715,-3.3271289867328613,-0.9366437384847719,0.0,-0.07303689646630226,-0.9271126844016622,-0.26397388708111524,0.0,-0.5480170861471798,-1.828227123669785,-0.08234137316262832,0.0,-0.39598442186663546,-2.2193205333579162,-0.3561645756232136,0.0,-0.47298471400877196,-2.1274060486544903,-0.3808049746198765,0.0,-0.38812313676631033,-1.2158548673989613,-0.1482680839537708,0.0
0.0,0.0,0.0,0.0,0.5675212884284806,-0.27643056678751654,-0.2575406869801316,0.0,1.3273068716881393,-1.3793294009907553,-0.4499698965719994,0.0,1.1555748666114,-1.7077828329386993,-0.4017153230327805,0.0,0.9418224446059211,-1.4995834585363996,-0.30234819455108736,0.0,1.2479231769166768,-3.2476909507678102,-0.17489606878497616,0.0,1.0064441480038553,-2.615884411899976,-0.5844173214895914,0.0,1.3880826491105323,-2.9413698614197816,-1.3819393487060025,0.0,0.7870213025918112,-1.2344069609723805,-1.0169648545449674,0.0,0.5569393861105579,-3.8105506230200166,-0.07984679868964122,0.0,0.5643973588732102,-3.0011003630404214,-0.6144165563402366,0.0,1.3448993980229147,-6.321417620194472,-2.5122325951186366,0.0,0.287057530284191,-1.1045923038527132,-0.721718892032015,0.0,-0.22011005576771794,-2.7901806219405656,-0.07584069371970567,0.0,-0.018647845277164003,-2.8395469533040663,-0.6147891128895785,0.0,-0.12247993011379602,-3.2891374936414244,-1.028496122210922,0.0,-0.10095736800732766,-0.9208392579325431,-0.30264380009778863,0.0,-0.5850750162929239,-1.78784594679868,-0.08325516478838166,0.0,-0.4334000021712681,-2.2310946846531383,-0.3817832328196757,0.0,-0.5122867954114393,-2.1292444596523987,-0.42066639542145046,0.0,-0.41820231944468544,-1.2082668902464333,-0.1745661615401972,0.0
0.0,0.0,0.0,0.0,0.5820067239101393,-0.2978619021716249,-0.25031928465425657,0.0,1.3499369974184374,-1.4009039417334803,-0.4391884842267515,0.0,1.1719740890530805,-1.6936988192460853,-0.39123107118379835,0.0,0.9504928010241447,-1.497759935518252,-0.29938701530066214,0.0,1.2853567352227213,-3.237120689984569,-0.15731479789912617,0.0,1.0647169252999138,-2.6261057699901924,-0.5560231581223555,0.0,1.4622795645348345,-2.961316751402655,-1.3192165309407553,0.0,0.8272414792301127,-1.2652625701001068,-0.9777517599242246,0.0,0.6203771404642892,-3.853415702931572,-0.07733303323436577,0.0,0.583940964849736,-2.9915599699204556,-0.5867947087384304,0.0,1.3545840335912929,-6.341127299091,-2.415496409263798,0.0,0.2827217929227462,-1.1044559320163962,-0.6857450430413833,0.0,-0.1760544581625097,-2.8702635918814736,-0.08161303109885679,0.0,0.012715090845892896,-2.8583274060726365,-0.5949995517833223,0.0,-0.09055983926517949,-3.216933938099007,-0.9422465129141923,0.0,-0.08919589096808644,-0.9089852215604375,-0.26211937625763454,0.0,-0.5608286261353074,-1.842175132757718,-0.09169719968794626,0.0,-0.41751759858438037,-2.232133171766668,-0.36159517687991916,0.0,-0.4937069626431791,-2.0901832602201886,-0.36010398538699734,0.0,-0.40584769719120656,-1.2061161861753766,-0.1208119110965595,0.0
0.0,0.0,0.0,0.0,0.5259933213348271,-0.26607634284373366,-0.24463441651799503,0.0,1.2972129010327127,-1.4105381698642951,-0.4474409667005332,0.0,1.1294728280892694,-1.8162982079063577,-0.4088009738200878,0.0,0.8942681648392609,-1.574775670981525,-0.3021824693859928,0.0,1.1855079120175638,-3.2423783327023634,-0.18738468298872551,0.0,0.9522213147596897,-2.632535220231321,-0.572258981814044,0.0,1.3645741770099797,-3.025952421443795,-1.3551398165453215,0.0,0.8023851174476891,-1.3184058730778734,-1.0114456554746558,0.0,0.5206011554523565,-3.8855034351705875,-0.10876769905235796,0.0,0.5116278957615309,-3.0194259093848386,-0.5990698669914464,0.0,1.4085187759239781,-6.998010576011354,-2.651404791973966,0.0,0.29876577229232865,-1.1910432765725574,-0.7248213167450557,0.0,-0.2504625683111282,-2.8931871521338484,-0.10155163569401922,0.0,-0.056394640373424204,-2.8323007487555367,-0.6053035120127379,0.0,-0.14425218699412226,-3.4921042557475768,-1.0683270002863938,0.0,-0.09834458638708049,-0.9408044407494258,-0.3059233823891809,0.0,-0.6104823598499481,-1.8338736413948167,-0.10117573019678214,0.0,-0.4780845165301975,-2.2325144358907156,-0.401527507648285,0.0,-0.543864450172833,-2.1633218831427286,-0.4589606568980694,0.0,-0.4223758060497559,-1.2346302344228584,-0.20822811546551204,0.0
0.0,0.0,0.0,0.0,0.5385060069612825,-0.2741758390584131,-0.2640568194480013,0.0,1.3161333393343053,-1.4097175069962014,-0.47952506876109785,0.0,1.145467544750947,-1.802930176761553,-0.4328937760465004,0.0,0.9015695963034084,-1.5767047167763808,-0.318140783819452,0.0,1.2347159904735439,-3.261536588436441,-0.20333227279498237,0.0,1.0191424252621066,-2.655409912668786,-0.5888024393151565,0.0,1.4156255513460352,-2.988168753851309,-1.3491102887295663,0.0,0.8090842583913627,-1.2952649270860153,-0.987630063698673,0.0,0.58100630624399,-3.877865837909767,-0.10669433614861751,0.0,0.524148226517262,-2.969291058789153,-0.5959242069623036,0.0,1.365731092852952,-6.731973822620359,-2.5700128233367465,0.0,0.3112595828348039,-1.1730023198806483,-0.7111488466138602,0.0,-0.19057246011889084,-2.93246207706361,-0.08766143850087603,0.0,-0.02146478397962217,-2.8734826470449915,-0.6106252551289864,0.0,-0.11562836607041616,-3.3776200187706045,-1.0188031668488704,0.0,-0.08328066485990453,-0.9391268363970434,-0.28443383163214303,0.0,-0.569214390494049,-1.8971593792219457,-0.08597965210615312,0.0,-0.4429521904815428,-2.2659790933698964,-0.3791187088533549,0.0,-0.5191109202385631,-2.156725516788788,-0.404403410472641,0.0,-0.4124588736878586,-1.2755535629804484,-0.15870614435674657,0.0
0.0,0.0,0.0,0.0,0.5251186147099066,-0.24194163462942297,-0.24912983211303127,0.0,1.2864808602608702,-1.4432033232934158,-0.4584876828531207,0.0,1.076909326147577,-1.885996754169064,-0.40823118508522527,0.0,0.8363305315028359,-1.616914062859555,-0.2898218145646234,0.0,1.1705349314613196,-3.28741923961655,-0.2344002427938818,0.0,0.9641837623428859,-2.598575128399801,-0.5950079577634456,0.0,1.3240900559169735,-2.9103508165286165,-1.3336528708876871,0.0,0.7660386803541812,-1.2761547912586406,-0.9901045797643158,0.0,0.4793499067352248,-3.9254825191939706,-0.1457648170782516,0.0,0.5064580120369194,-2.9416995666690737,-0.6041649968373737,0.0,1.3218171301999841,-6.847948643231218,-2.6181326401963543,0.0,0.2638018861965994,-1.1547987007000522,-0.6947659863438416,0.0,-0.283002767621321,-2.887126246003183,-0.1154532412097684,0.0,-0.060066161700686814,-2.86313237722541,-0.6224326911198202,0.0,-0.17731356519139527,-3.4164037728514067,-1.0362387259577037,0.0,-0.1165487954473767,-0.9164785924898445,-0.2763541721250049,0.0,-0.6301917476574352,-1.8309176714839732,-0.10248270354952359,0.0,-0.5031074966948411,-2.244502920399771,-0.40124948833196333,0.0,-0.5684041247003693,-2.072024439720266,-0.42826808962305707,0.0,-0.43939429624186666,-1.1681807331775145,-0.17727455449268287,0.0
0.0,0.0,0.0,0.0,0.5380459237936878,-0.24580025950409853,-0.2587399206672498,0.0,1.294689121717208,-1.3894373164793214,-0.46308888397712183,0.0,1.0996340767027033,-1.8424226822342664,-0.41743210244834833,0.0,0.8489538007737443,-1.6066795269021654,-0.29895413606552634,0.0,1.1825554135530707,-3.1606778934656554,-0.25473031792479855,0.0,0.9709645782417838,-2.5640959723336914,-0.6012401653940451,0.0,1.375398027211325,-2.9783524209440886,-1.3668584325417703,0.0,0.7758698605441897,-1.28504862919012,-0.9834058650533977,0.0,0.5530686538205076,-3.851620968953577,-0.16707217374431685,0.0,0.4867883616951015,-2.885486348716693,-0.610264968905802,0.0,1.2749025884779048,-6.6533553858693555,-2.5987717177238707,0.0,0.27902567656983657,-1.1187700347562435,-0.6836340664276558,0.0,-0.229609107698613,-2.916304408218221,-0.12311041358634794,0.0,-0.05869028622534873,-2.846841708531228,-0.6437356731729967,0.0,-0.15270549765731778,-3.1428842075539043,-1.011800948547904,0.0,-0.08907458369641838,-0.8282945703093616,-0.2733444585165957,0.0,-0.6075988992941614,-1.8320897087523205,-0.09709620363947241,0.0,-0.4919359478694428,-2.2190701542257103,-0.3978590457945471,0.0,-0.5481254691247539,-2.033613223377718,-0.4198650999652088,0.0,-0.4164846515532928,-1.1654371868395625,-0.16829314923799105,0.0
0.0,0.0,0.0,0.0,0.5280543588202691,-0.2579708634491458,-0.25275393329714557,0.0,1.2615121673993246,-1.4549987747388111,-0.4519111213704304,0.0,1.0460318937385538,-1.9310244740254547,-0.4029228536564881,0.0,0.7894906802945979,-1.6642974471439749,-0.2801866289001119,0.0,1.139204625247036,-3.197848937369494,-0.2038519621713738,0.0,0.9215981202858253,-2.6033164963778286,-0.5642726937313476,0.0,1.3098129299349086,-3.076142735840214,-1.3269315318565764,0.0,0.7354780310092686,-1.332867816319886,-0.9563240177658995,0.0,0.4896889227568806,-3.9466009028507076,-0.10720382234029102,0.0,0.45748997306238576,-2.95607916312212,-0.5800155622552622,0.0,1.1537942248393513,-6.714148617740154,-2.482620564150966,0.0,0.24496483525883075,-1.1161316818331897,-0.6459276531084183,0.0,-0.28754974968183533,-2.9700798368041994,-0.08140246768255462,0.0,-0.10831148909962163,-2.8478895106659676,-0.5954299438729961,0.0,-0.23649331956850167,-3.2870413573641555,-0.974368303013854,0.0,-0.11626370153031028,-0.8656133348703511,-0.25458038708232705,0.0,-0.644655440778668,-1.8654346463497797,-0.0739766793566107,0.0,-0.534906357038496,-2.2334204766610806,-0.37618177135421077,0.0,-0.6026149948885077,-2.0745964804739203,-0.4064587482300892,0.0,-0.45261448863636794,-1.2064428695819476,-0.16573745807812162,0.0
0.0,0.0,0.0,0.0,0.5465846454173017,-0.2590884115403753,-0.2582612003921169,0.0,1.3050230178791393,-1.4295182026446502,-0.4583993843398689,0.0,1.0876617802428958,-1.8953624829139537,-0.4068191214551655,0.0,0.8272803343495895,-1.6412165081008179,-0.2857704635247112,0.0,1.1928878565561862,-3.146334027840254,-0.22138777623244318,0.0,0.9666239545241622,-2.598463681582648,-0.576698204516485,0.0,1.4024961274515528,-3.078236571400592,-1.3479295602807815,0.0,0.7804701189957831,-1.3169515387420394,-0.959994902912176,0.0,0.5885011838597604,-3.8574273989075794,-0.1287520965131659,0.0,0.48572400779012415,-2.917200795654664,-0.5906463758662125,0.0,1.265946379986029,-6.561695052849891,-2.4917972402948387,0.0,0.28574112011043623,-1.1035171004928064,-0.6571830208801045,0.0,-0.18744036541035852,-3.010958205359055,-0.09745783093978047,0.0,-0.06163097749108226,-2.850308878872422,-0.6167640834988417,0.0,-0.1419687985814256,-3.1464014817772528,-0.9709550217678985,0.0,-0.07149986022252722,-0.8405510373711764,-0.25913752983837673,0.0,-0.5866245834799888,-1.9053984979123093,-0.08232559951357014,0.0,-0.4862070805592403,-2.2447016883447377,-0.389364563644602,0.0,-0.5357092461907061,-2.041846696279632,-0.4127591375168227,0.0,-0.3914465381947361,-1.1831267466964424,-0.1646958211248813,0.0
0.0,0.0,0.0,0.0,0.5509878696981144,-0.27137924348066056,-0.25818214798475536,0.0,1.2936247153850535,-1.4604356689445885,-0.464964232322951,0.0,1.0627122557516382,-1.9303151370782703,-0.4137355721863367,0.0,0.8011229988348694,-1.6562784291284651,-0.28692162933775595,0.0,1.1786832524612263,-3.147903447388403,-0.22205623954140105,0.0,0.9280200178400029,-2.5817225366895418,-0.5733032728114178,0.0,1.3603970871854145,-3.140118921209554,-1.3887164267592123,0.0,0.7350006865687644,-1.310235103906745,-0.9683607167438071,0.0,0.5656835350052865,-3.9236451513913124,-0.13398840243199997,0.0,0.4680239452393819,-2.9067411842208695,-0.588981259509156,0.0,1.2033433388007264,-6.5829995787479065,-2.4865643105123776,0.0,0.27512034481460623,-1.1291501945863478,-0.6568982107763771,0.0,-0.21519757980324866,-3.053185879861386,-0.10529267207482008,0.0,-0.07699917854502494,-2.822788293250441,-0.6040283920674049,0.0,-0.16540932030580993,-3.2903874638865735,-0.969338733934986,0.0,-0.0677234473229187,-0.8913105932082022,-0.2449464797006785,0.0,-0.6020737899357711,-1.9242621002991647,-0.09179960777547569,0.0,-0.5067117273047933,-2.25845192307891,-0.39866395028470286,0.0,-0.5562095681515541,-2.008006468949422,-0.4107273975930685,0.0,-0.404000236480278,-1.1757657949494977,-0.16655756747136843,0.0
0.0,0.0,0.0,0.0,0.5689061649345699,-0.3043626704567977,-0.26059115921385395,0.0,1.3014092597147897,-1.487200535211346,-0.46285911916374106,0.0,1.0626217706245138,-1.9430617967041923,-0.4150811890063325,0.0,0.8067043919358554,-1.6594760949027403,-0.29032872050292635,0.0,1.189823266213934,-3.1556356109759416,-0.19252529935025078,0.0,0.9356308782149024,-2.6049514668996907,-0.559352580432441,0.0,1.3743957807893592,-3.1948947835253048,-1.3865828673660492,0.0,0.7302964810935603,-1.3092156576599354,-0.960104235718583,0.0,0.5800638981617514,-3.9241431761637844,-0.1003893668631823,0.0,0.46658222258210763,-2.8980041682376014,-0.5774230532341075,0.0,1.152053795709106,-6.49866646580736,-2.452931887104356,0.0,0.27060092724903884,-1.142925024598017,-0.6752574554142918,0.0,-0.195164031172271,-3.084838505526104,-0.08152534283401061,0.0,-0.0735186607137813,-2.8469473543568147,-0.6017977671469075,0.0,-0.17015804826330477,-3.276246076185446,-0.9724033551287944,0.0,-0.06700761094765978,-0.8907441028811124,-0.25264571601740804,0.0,-0.5902812606864136,-1.9524849353225848,-0.07728703858743247,0.0,-0.5033702381261432,-2.268527774364579,-0.3898366315752286,0.0,-0.5559113301473277,-2.0074307267266827,-0.4019919875159704,0.0,-0.3983144436787913,-1.1712158123499408,-0.159661430604374,0.0
0.0,0.0,0.0,0.0,0.5578337141555938,-0.2983541081185796,-0.2684214871291406,0.0,1.2891933898067032,-1.4581938975987514,-0.48498828533321453,0.0,1.0658480760625406,-1.92602079942238,-0.44063464582703116,0.0,0.7945738498694089,-1.6599775304761575,-0.3107667930241504,0.0,1.1213527899731928,-3.0778334376886423,-0.1777761400993081,0.0,0.9227137491977699,-2.6000827226339625,-0.5709452738627334,0.0,1.332878795430911,-3.064939330604933,-1.3977009248822023,0.0,0.7083330613970463,-1.2310433760992954,-0.9647373285450496,0.0,0.513098097721583,-3.691662023351054,-0.08202334722427344,0.0,0.46729283802507915,-2.912632181162396,-0.5843310243563629,0.0,1.159847455972501,-6.363927555109929,-2.46007139475779,0.0,0.27587648522655417,-1.1085577469475465,-0.6771030960442473,0.0,-0.21324092424742472,-2.965046448728447,-0.07125700988820943,0.0,-0.0775476401499933,-2.8962044359096524,-0.6256284693885213,0.0,-0.16463803795129425,-3.1850133157622964,-0.9830824654926286,0.0,-0.06658426803039709,-0.8727932657113663,-0.2623081529298899,0.0,-0.599874005738019,-1.913105386652562,-0.07395626995630838,0.0,-0.5049521806360772,-2.2846408888360754,-0.39387499055474007,0.0,-0.5494910669919694,-2.0328995060155575,-0.40833683691435496,0.0,-0.392627739945695,-1.1858399722181165,-0.15882109927528468,0.0
0.0,0.0,0.0,0.0,0.5641948868415657,-0.31290222162399717,-0.27072722995902276,0.0,1.2831112610268722,-1.4873473288997296,-0.4848562911477608,0.0,1.0434358115445466,-1.9442503874736459,-0.4390817449777638,0.0,0.7789193079600708,-1.6673797262763546,-0.3089890805026069,0.0,1.1302356052822822,-3.1043718482193263,-0.19316367296796563,0.0,0.9331606581168856,-2.6225668454390796,-0.5904883187225345,0.0,1.300305519273523,-3.025725865367409,-1.3985620036704103,0.0,0.6882313062505587,-1.2120863878183088,-0.9697300880602683,0.0,0.5124376225136313,-3.8014030791542126,-0.09856131621014906,0.0,0.4503835156539617,-2.932176815342233,-0.6036661169495694,0.0,1.04219463311738,-6.2417271404545405,-2.4622836643765265,0.0,0.247010114056626,-1.1041799886892167,-0.7027809363357882,0.0,-0.23427054204709827,-2.9904683823434937,-0.07965463160210268,0.0,-0.09714031236084973,-2.9086643752191095,-0.6335874950882241,0.0,-0.20790860386329657,-3.2153658832293384,-1.004484748034367,0.0,-0.08982641667169922,-0.874961341571495,-0.2759518622451752,0.0,-0.6111801777902152,-1.9198387648438608,-0.0770838523668739,0.0,-0.5161869447753384,-2.2901571550804785,-0.39476244425289464,0.0,-0.5715873855616684,-2.0512009571970613,-0.41060735284746436,0.0,-0.4143557820204609,-1.189672303009628,-0.1609943192705223,0.0
0.0,0.0,0.0,0.0,0.5640281152117402,-0.29883898800216824,-0.269200009777346,0.0,1.2990534790967196,-1.461679063348723,-0.475556003854185,0.0,1.0682715751157728,-1.9331291549820149,-0.43117921042467483,0.0,0.7958043498352597,-1.6680768436686737,-0.3034280567512294,0.0,1.1586363982696744,-3.0995700918874745,-0.20350392366277426,0.0,0.9471018605416902,-2.5891792494428376,-0.5811905761039193,0.0,1.3513772826846238,-3.0728042125486166,-1.401692047528051,0.0,0.7236994841401666,-1.259999502750531,-0.9795313532546274,0.0,0.5555583108180742,-3.767387040896676,-0.10798980964037162,0.0,0.4927683129456179,-2.9244619251049375,-0.6059137347689706,0.0,1.115374495825415,-6.1263031566412405,-2.429100782841064,0.0,0.2551108500432077,-1.0701083126221553,-0.6803816724709515,0.0,-0.19391224883917144,-2.9927205420395904,-0.08506683595687857,0.0,-0.06230677821271872,-2.883128900688068,-0.6290153362463919,0.0,-0.16394553198563172,-3.2071253495641363,-1.0051413166121816,0.0,-0.0720552556486356,-0.8582771799472102,-0.27293878785325654,0.0,-0.5914961571875249,-1.9179726367068184,-0.07790698304634802,0.0,-0.5013682001445079,-2.266873705208756,-0.3994387485044669,0.0,-0.5455988236905351,-2.01811154370402,-0.4239413651073785,0.0,-0.38387510230173677,-1.1565428798389372,-0.1743258517073759,0.0
0.0,0.0,0.0,0.0,0.5558211715456535,-0.2726674167056574,-0.2685029944934245,0.0,1.3088488966575866,-1.4184766782518148,-0.47495584642606337,0.0,1.091098757023648,-1.9083540746573735,-0.4302071281309318,0.0,0.8083576435257666,-1.6577254475873695,-0.3006032336751826,0.0,1.1688823689952357,-3.072824716316838,-0.205617267952233,0.0,0.9340373646358839,-2.53076607150704,-0.5616291425910045,0.0,1.3982892859517622,-3.074468331837534,-1.3855210040704709,0.0,0.7698212821042149,-1.269694386223149,-0.9730692450301494,0.0,0.5683545892414982,-3.7105644335354264,-0.11283868710583636,0.0,0.5064949079583437,-2.8733004444528536,-0.59298743420967,0.0,1.257230597397392,-6.225619948588933,-2.456237813396605,0.0,0.2948554016066795,-1.0680925766344913,-0.6677830176770627,0.0,-0.1742463652496952,-2.9714735926814853,-0.09331689301164738,0.0,-0.03978095800094104,-2.855434900693633,-0.6264758502468845,0.0,-0.12220928808726701,-3.149335737196918,-0.9821893559386148,0.0,-0.050268448692031835,-0.8446508436526188,-0.2594104650640811,0.0,-0.5765982183340759,-1.909278286939669,-0.08728437219298846,0.0,-0.48813201426146446,-2.2568086590548684,-0.4102625453743456,0.0,-0.5232100032658368,-1.9418278315979276,-0.4240956528328926,0.0,-0.3683312699302577,-1.1087150028312454,-0.17678291846149072,0.0
0.0,0.0,0.0,0.0,0.5659271594094566,-0.2969743850067788,-0.2685241894496982,0.0,1.3011602114094856,-1.4833020134742547,-0.47995488327672653,0.0,1.055511579318247,-1.9385078825636004,-0.4288042312527309,0.0,0.7816032878780023,-1.6705301267576145,-0.3005253666233873,0.0,1.1455349639119567,-3.0554341526700157,-0.24232240484401535,0.0,0.9544646973489002,-2.602171240488935,-0.628482892831016,0.0,1.3148982743263615,-3.0165019439080614,-1.465511777171489,0.0,0.6772099825943764,-1.2010386768555035,-1.00168901282125,0.0,0.5349426034394151,-3.7070711782085044,-0.15820047649383404,0.0,0.49030821810913217,-2.9309978085819712,-0.6483540803736086,0.0,1.0769263089279562,-6.0325090193984465,-2.503281780170763,0.0,0.24878371958729434,-1.04690828426106,-0.7068658447572274,0.0,-0.20131102411216406,-2.972004015368234,-0.12721871957232336,0.0,-0.06993137209536668,-2.922387120381369,-0.6811429271338385,0.0,-0.16540642778978548,-3.110333271610835,-1.0517317739497485,0.0,-0.0652586266915957,-0.8096056824096131,-0.2983600142579974,0.0,-0.5918283531451898,-1.9386928399556338,-0.10872502939880906,0.0,-0.5042131619036596,-2.2777405934505066,-0.43392636146306673,0.0,-0.5524266560313862,-2.0303873817798848,-0.46792807299396494,0.0,-0.3910568927423925,-1.1726050082059396,-0.2131606870973732,0.0
0.0,0.0,0.0,0.0,0.5693859953819903,-0.2819557341639019,-0.2717498222280397,0.0,1.309285458480627,-1.423450357184007,-0.4801251359688259,0.0,1.0821027677791197,-1.9116729205324363,-0.4341197459659882,0.0,0.8033447277219975,-1.657414068752029,-0.30480126200061014,0.0,1.1815243848316237,-3.051292258080852,-0.2272835811056995,0.0,0.9693534490632767,-2.575200039720595,-0.6050361929981717,0.0,1.3620367002548295,-2.9866524813467046,-1.424553418260662,0.0,0.7105899939413812,-1.1852524727824352,-0.966820364883228,0.0,0.5787757381153696,-3.702626832398871,-0.13247345241043293,0.0,0.5074351385997224,-2.896648252189969,-0.6193584416161788,0.0,1.1546448455880762,-6.05883308852506,-2.4424027541301463,0.0,0.2796189980074276,-1.0718389758869704,-0.682181848136978,0.0,-0.16664842111717992,-2.9727033276416193,-0.10248207777227343,0.0,-0.03436206058552756,-2.9123107110342668,-0.6587322033261266,0.0,-0.12895487493147897,-3.057317340291992,-0.9891669905673163,0.0,-0.05151205469679751,-0.8324302951033477,-0.269635075773857,0.0,-0.5718394591225011,-1.9225239058000776,-0.08814914758009335,0.0,-0.47650702151314644,-2.271190781723904,-0.4011223919432118,0.0,-0.526883190005449,-2.0134811818350746,-0.4131800791352732,0.0,-0.3749142454826019,-1.18645191552439,-0.16515445655006974,0.0
0.0,0.0,0.0,0.0,0.566046230281178,-0.31552745323617576,-0.2728958807494885,0.0,1.2880832436044087,-1.4563878189055248,-0.48338422518087976,0.0,1.0657568066842402,-1.9184006436531462,-0.44474599574667056,0.0,0.7929451577111741,-1.6649625896358353,-0.31775699155282217,0.0,1.0957516138507026,-3.026912273674787,-0.19189002730922186,0.0,0.9447254152298596,-2.6097066003422595,-0.603648457711582,0.0,1.3117962256219036,-3.050993126214693,-1.458034449390361,0.0,0.6731722604238062,-1.2121635810222422,-0.9994194253636919,0.0,0.4864675887979551,-3.5865426457218006,-0.10662082590106303,0.0,0.48826858348918906,-2.906508462725572,-0.6211113032117277,0.0,1.0930336288117717,-6.0834746949107394,-2.498644578503398,0.0,0.2497883716832377,-1.072167112789851,-0.7176089331624437,0.0,-0.22308879807993826,-2.9019100499432238,-0.09541683495091922,0.0,-0.06850049184450702,-2.94250926490748,-0.6840634425130429,0.0,-0.1696595489651602,-3.0473252989283592,-1.0446012640794202,0.0,-0.07547818526769857,-0.7889724154383236,-0.29262349029169504,0.0,-0.6050994627870221,-1.900259557142568,-0.09260847919313345,0.0,-0.5060797493541073,-2.2824728766610396,-0.42583252191895365,0.0,-0.558577291615287,-2.029552530847354,-0.4509134740804996,0.0,-0.39895985545302637,-1.1484286700410637,-0.1864742042272249,0.0
0.0,0.0,0.0,0.0,0.5445624811983988,-0.26154043396313265,-0.2856794632320618,0.0,1.296659445095053,-1.3955622621787307,-0.5129122762557999,0.0,1.0876132957848743,-1.9050295614014132,-0.46939652183117664,0.0,0.8062836477212474,-1.6514536631813084,-0.32828059002117677,0.0,1.1580771065090227,-3.0228154712337574,-0.2083383858254993,0.0,0.9650002201040437,-2.524840477188737,-0.5925063674314716,0.0,1.3487396887748988,-2.910261367613859,-1.400446589201236,0.0,0.7146368249743531,-1.201669503727832,-0.9871380775648315,0.0,0.5598195537042184,-3.598392610281366,-0.09888730083431287,0.0,0.513208947548355,-2.844726606781801,-0.5990496553791551,0.0,1.1982093795032225,-6.042031084247147,-2.4545537472282657,0.0,0.27380767078714446,-1.0688245273019623,-0.6802106826062053,0.0,-0.17002575054677987,-2.9053816532945467,-0.07318980238883743,0.0,-0.020654353750145023,-2.8619779865815125,-0.6439776871914429,0.0,-0.130882973034198,-3.046658515737055,-0.9913128864208485,0.0,-0.07127021053691127,-0.82286393992499,-0.25668508408976226,0.0,-0.5747971971607964,-1.8879700448473704,-0.06682726383227303,0.0,-0.47829253507706493,-2.264033573848782,-0.3978589223113565,0.0,-0.5273128131339855,-1.940683744371603,-0.40005844670785207,0.0,-0.3809577521532741,-1.117003125232888,-0.14343859425737063,0.0
0.0,0.0,0.0,0.0,0.5602852105432875,-0.2989787774475589,-0.2789288800000432,0.0,1.305123956928997,-1.4385763748384635,-0.5002065109189843,0.0,1.089984784244674,-1.9120860689906547,-0.46152297129378633,0.0,0.8036101194350546,-1.663980799796064,-0.32889616745577965,0.0,1.114382297348214,-3.0091072312722447,-0.20969415648216294,0.0,0.9720570960885973,-2.5757290396109016,-0.6131268799762438,0.0,1.3464353095449573,-2.97709331186716,-1.449616599788975,0.0,0.7128377104243188,-1.2419042648241903,-1.0327926903568148,0.0,0.5120476729019964,-3.497205982517092,-0.1206725152311115,0.0,0.5300467307130242,-2.9229295613826447,-0.6415571529471464,0.0,1.1769598712089662,-6.000675696980701,-2.5279497928783794,0.0,0.2647320942130177,-1.06626219226386,-0.7317492084995981,0.0,-0.18393633579631002,-2.867834583395386,-0.10578242069984507,0.0,-0.02879690874907855,-2.972960990369422,-0.7005962362535894,0.0,-0.12396632009515048,-3.052871759199632,-1.062742142360465,0.0,-0.0666138800314302,-0.7976774682811482,-0.3026813758108072,0.0,-0.5793463242017505,-1.906487685283558,-0.10046036754298752,0.0,-0.4936190116191288,-2.2810417257591924,-0.4428473739831407,0.0,-0.5256441971727431,-1.97629001410838,-0.47000446400866924,0.0,-0.36997993686143177,-1.1197616540243267,-0.20579027839246267,0.0
0.0,0.0,0.0,0.0,0.5474333994114109,-0.27024870437997656,-0.28226366986589935,0.0,1.2970769511865692,-1.403707692686167,-0.5040278143425997,0.0,1.0916002659295483,-1.913932276025948,-0.46255927106668565,0.0,0.8004658947553276,-1.6673957795381704,-0.3242185435491574,0.0,1.1482439806694251,-2.99788780570298,-0.21224829362586942,0.0,0.9760057321580605,-2.532578479843285,-0.5982563017052026,0.0,1.3444299042774688,-2.9175439034284714,-1.4029635866024772,0.0,0.714321859003723,-1.2257188290973766,-1.0032506786997046,0.0,0.5590606478005877,-3.5737928815711237,-0.10909459980209948,0.0,0.5260674285889008,-2.8805699440343226,-0.6125949757774856,0.0,1.1827638973397057,-6.027896887172788,-2.4639770268795878,0.0,0.25318087301208325,-1.039403155299381,-0.681227957044649,0.0,-0.1669598236981037,-2.911655329360561,-0.08284114421664433,0.0,-0.026332629864927317,-2.9238592363077176,-0.6652565777524857,0.0,-0.13368229116573974,-3.012491669593376,-1.0004957118738327,0.0,-0.07636492911288863,-0.7980265416368002,-0.2684607124360025,0.0,-0.5735906319648766,-1.9055465409405528,-0.07410751414093283,0.0,-0.4811049665022876,-2.2704377010066494,-0.40402854419698636,0.0,-0.5304939385778185,-1.9920826158464855,-0.41569501519961366,0.0,-0.38729015880649215,-1.1476872615887526,-0.1565328716729941,0.0
0.0,0.0,0.0,0.0,0.546879877350127,-0.28519295176793086,-0.29517854223524376,0.0,1.300654729708518,-1.447497337596482,-0.5469504914910973,0.0,1.0801744843075516,-1.9300157622789194,-0.5002583922528853,0.0,0.7997110179186716,-1.6610809491820906,-0.3523785147598618,0.0,1.108305964519197,-2.9636119893120143,-0.2711089291709211,0.0,0.9608355063094992,-2.530124540852281,-0.6726057200263104,0.0,1.2818549061900122,-2.834285964195144,-1.5209736984358853,0.0,0.6773405272059874,-1.1890976081921762,-1.0952519925893118,0.0,0.5066258006208295,-3.4236118426413875,-0.17389636653273388,0.0,0.5374405148915273,-2.942154654933096,-0.7148086021447779,0.0,1.0979161788290923,-5.529524370594688,-2.5578060745469,0.0,0.257375156774019,-1.0133993360223872,-0.7744154454559917,0.0,-0.17919693656862962,-2.818412132429049,-0.13905129830357946,0.0,-0.03714421074230161,-2.9727756060324255,-0.7571992756803709,0.0,-0.13205519798170245,-2.9841946128959287,-1.133818888532496,0.0,-0.06611656356381389,-0.7722615056367662,-0.33609533131517505,0.0,-0.5766561651550105,-1.8960585874681508,-0.1179213367399862,0.0,-0.5030356326212776,-2.2565112307145534,-0.47510066444910276,0.0,-0.5383662529804307,-1.9498957464387956,-0.5203331768003888,0.0,-0.37900938800020123,-1.1205903155658496,-0.2533769320939462,0.0
0.0,0.0,0.0,0.0,0.5484122860674489,-0.27820778943416397,-0.295572105117072,0.0,1.311829131264664,-1.4437563805805933,-0.5413897169236433,0.0,1.0865294251918847,-1.9268177033440637,-0.4902233005786005,0.0,0.8060543964578062,-1.662431129394697,-0.3433459295258856,0.0,1.1635209171152199,-2.9808526904068193,-0.28310586377279595,0.0,0.9688303129131416,-2.500151809734108,-0.6583477060919376,0.0,1.322008078064413,-2.8659569887008143,-1.495423955020735,0.0,0.7154167273909661,-1.2342985129326642,-1.0804762627589013,0.0,0.5768530040236082,-3.582499923820469,-0.19018422583200614,0.0,0.5380983554547385,-2.903515485461786,-0.7012171475290436,0.0,1.1303006142363337,-5.556979908377412,-2.5230345493880226,0.0,0.2716579514980771,-1.0344290113565635,-0.7516699558330903,0.0,-0.158115833994345,-2.9108041373195372,-0.14740800434349716,0.0,-0.027284203157184942,-2.9430826458527104,-0.7508889207172985,0.0,-0.11698379917006559,-2.911954618728532,-1.0909791478663742,0.0,-0.06051217626241812,-0.7753112411199022,-0.31404701743915525,0.0,-0.5690546434965611,-1.9030519387059988,-0.11789496344337314,0.0,-0.48324419942770613,-2.246851062702844,-0.45607217528676586,0.0,-0.5320900713013236,-1.9750012010819762,-0.4841301539593732,0.0,-0.3865604442825158,-1.1648903874614982,-0.21699760986540692,0.0
0.0,0.0,0.0,0.0,0.5550710883346999,-0.27815955056652536,-0.2942164516796137,0.0,1.331256327494764,-1.4508165537440434,-0.5534848534407747,0.0,1.1050918445370437,-1.9287497458104208,-0.5051751934517632,0.0,0.8235319135557779,-1.65049839810137,-0.35588424433219906,0.0,1.1067138766148352,-2.8534444070940177,-0.26864197938238776,0.0,1.0097511336357552,-2.523068532226752,-0.6924381610350422,0.0,1.311930000052321,-2.708787175651047,-1.5244034743757857,0.0,0.6856364238835994,-1.0924513004600864,-1.0768200060484774,0.0,0.5142639169675564,-3.248889097857791,-0.17828650732659498,0.0,0.582233965190905,-2.959106059421884,-0.7422639233844247,0.0,1.176441881857544,-5.349190033299728,-2.553423230604645,0.0,0.29773799356747827,-0.9815064971428878,-0.783461011479883,0.0,-0.14180478142940794,-2.7366147921896586,-0.1495997743693362,0.0,-0.001314823185682776,-2.9931599008195495,-0.7832290523108473,0.0,-0.07789550462267106,-2.916353335737958,-1.1452930364943261,0.0,-0.033828078480047916,-0.7594709824037995,-0.35135140746565635,0.0,-0.5457287226832195,-1.8978254810459874,-0.13239936021820561,0.0,-0.4823208068532565,-2.2530169267107727,-0.49824989616353216,0.0,-0.5036921328232116,-1.9009372941780374,-0.5444808491025869,0.0,-0.35158791891283886,-1.1174449186375908,-0.28504666976627385,0.0
0.0,0.0,0.0,0.0,0.5581013356083883,-0.27656062133104486,-0.303918204054376,0.0,1.319594646193119,-1.42563358885124,-0.5610043151883904,0.0,1.0978490348025842,-1.9059038982432661,-0.5109854375067558,0.0,0.8212184566087471,-1.6421924373156076,-0.36046517612687834,0.0,1.1416498390655503,-2.9547538610624153,-0.2765741422385982,0.0,1.0030886775016505,-2.5152519046373363,-0.6781752772224117,0.0,1.3231861149549389,-2.7562851323355044,-1.5088849659001382,0.0,0.6964799484956504,-1.155553284092862,-1.0774147446505182,0.0,0.5362403747884366,-3.3972799632847934,-0.17258986578808885,0.0,0.5538660957226788,-2.911171182078021,-0.7149450765454253,0.0,1.1513126795293211,-5.43653614646373,-2.543471457315442,0.0,0.29118984649322616,-1.0445877858840773,-0.7909384764081744,0.0,-0.15155097408174575,-2.7919122735688324,-0.1341710113655354,0.0,-0.008357476121795281,-2.9616512872395617,-0.7612597171465124,0.0,-0.08722675614616604,-2.91234875179844,-1.116526574369094,0.0,-0.047571566438864565,-0.7703898353207498,-0.32893515500481324,0.0,-0.5545599391554924,-1.8837497939165844,-0.11295685055413404,0.0,-0.4775096511525058,-2.249982207173362,-0.4662333480531349,0.0,-0.5098080290033766,-1.9527439347992661,-0.5051702656655214,0.0,-0.36281068093736407,-1.1551127434045299,-0.24137456697633666,0.0
0.0,0.0,0.0,0.0,0.5621517626015812,-0.27617207247907694,-0.30806460249175566,0.0,1.3397343711275127,-1.4108531927581802,-0.5656734191538803,0.0,1.1228200672881885,-1.8936423668470164,-0.5174769288204586,0.0,0.8388667312624727,-1.6375216087927464,-0.36743342950378055,0.0,1.1513866173651575,-2.8914327498750283,-0.27100854046136297,0.0,1.0167616102497856,-2.491396452557923,-0.6855866084252202,0.0,1.3331899268028269,-2.6940196320519165,-1.5175511057451392,0.0,0.7220396936822282,-1.135998558620496,-1.1037152535995418,0.0,0.5642011445204087,-3.3037278276560342,-0.1665446524778495,0.0,0.5833794135950163,-2.9073439390335123,-0.7263225193643742,0.0,1.2296252754561365,-5.3430699433329325,-2.561235477549472,0.0,0.3273930823011271,-1.0202830632735673,-0.808026293304698,0.0,-0.11185802709290356,-2.757463896858601,-0.1311732231465127,0.0,0.018902389234756806,-3.0127888859860383,-0.7914335813476812,0.0,-0.04509573418960901,-2.8052979151270074,-1.1174433167771396,0.0,-0.02638243692360897,-0.7459021856090521,-0.34176519784435394,0.0,-0.529301872999412,-1.8779432393719675,-0.11187241426290735,0.0,-0.464536927657121,-2.227748750272242,-0.46740696942838933,0.0,-0.48613475777256404,-1.8945659339424643,-0.5052814285818176,0.0,-0.3437525149766783,-1.1206292264566524,-0.2476459270565323,0.0
0.0,0.0,0.0,0.0,0.5649121183305434,-0.2735713967821251,-0.2967800663961806,0.0,1.3565388709078312,-1.4270270117476194,-0.5500091609782967,0.0,1.1319176522555061,-1.9050860870525046,-0.49959780741144844,0.0,0.8407051485411244,-1.6425352647803568,-0.3519485749557672,0.0,1.1515473792250666,-2.8500835691451685,-0.25914692895878566,0.0,1.0371654996291262,-2.4903323480262243,-0.6828004542398045,0.0,1.3493001112125265,-2.665799026125857,-1.5033540338244442,0.0,0.720571635701602,-1.0915830220576703,-1.0786402004621436,0.0,0.5698113455867728,-3.2469324428367963,-0.16356062764134927,0.0,0.612679326956471,-2.9198198308700816,-0.7279231263401428,0.0,1.2675256272698212,-5.287748268138113,-2.5251861583326876,0.0,0.33117268246543463,-0.9793566039662202,-0.7808876636336465,0.0,-0.09557751017548963,-2.7417355426185894,-0.13612957831027128,0.0,0.0368079210211602,-3.0238080287847167,-0.792045971101264,0.0,-0.024449118120583792,-2.793299593935275,-1.1065439851855332,0.0,-0.012341429663125257,-0.7423555919125234,-0.34032865232265885,0.0,-0.5159748020176644,-1.8942313756154894,-0.12072690606341187,0.0,-0.45616323995859087,-2.2311774937393394,-0.4759146431044411,0.0,-0.4696585801379455,-1.8807484831464094,-0.5135767117560577,0.0,-0.3238026915003118,-1.123511942684724,-0.2596126124648703,0.0
0.0,0.0,0.0,0.0,0.5502107557081355,-0.27436356967240655,-0.2946590326654678,0.0,1.322847308542639,-1.430327142929078,-0.5460617503065422,0.0,1.11294772477107,-1.8956880589760061,-0.49884397846594314,0.0,0.8412131537030034,-1.6351257193533477,-0.3539816544037067,0.0,1.103760302391894,-2.911199196267756,-0.25202054328046125,0.0,1.0245885111130661,-2.527770801118101,-0.6819127016985479,0.0,1.3088407853105812,-2.665638556184083,-1.4768861922875538,0.0,0.6945833139372662,-1.122310432217835,-1.0737975055139,0.0,0.50726913659369,-3.2890371957467326,-0.1569607046137018,0.0,0.5901590322111712,-2.9860384028794216,-0.7312689144890109,0.0,1.2049971496715082,-5.4356430189793326,-2.5334119554369554,0.0,0.29007053521020626,-1.0354320101910615,-0.7870920456868705,0.0,-0.14844413135990847,-2.7517497348727225,-0.1335457591431858,0.0,-0.001677424798193269,-3.0525750843522284,-0.7871431240832455,0.0,-0.08794138276623191,-2.9006566333646076,-1.1075755079745777,0.0,-0.0624644489751013,-0.7978110351069545,-0.33913457933361607,0.0,-0.5486147809541019,-1.8987015109751815,-0.12198471588729962,0.0,-0.4832501373101624,-2.234729650893752,-0.4675371405558722,0.0,-0.5172354521779345,-1.9291915250569156,-0.5052519633983176,0.0,-0.38016722077513737,-1.1580458653230754,-0.25008863239273255,0.0
0.0,0.0,0.0,0.0,0.5526345331688323,-0.26447263692378686,-0.2985726135653296,0.0,1.3338836153794649,-1.4008229944171513,-0.546307989659347,0.0,1.1288293446271265,-1.8789715959843596,-0.4983681345743265,0.0,0.8469458926850455,-1.6325234691105603,-0.35327812926574587,0.0,1.1449636564721244,-2.923274035449199,-0.2728204641437456,0.0,1.0383400752427328,-2.516645217066861,-0.6849899090105211,0.0,1.342647978973337,-2.6712866812645792,-1.47351770791784,0.0,0.7293551327857019,-1.1251401550381464,-1.0702673753002023,0.0,0.5423201734804983,-3.3187815662969906,-0.17009846499671957,0.0,0.6066274700673844,-2.9929850618814826,-0.7345520901442237,0.0,1.2603619574296732,-5.500610526998932,-2.5547427449778994,0.0,0.31454912561716514,-1.0279876581284444,-0.7824204176789599,0.0,-0.1298286560988429,-2.7413078542583054,-0.1340715760746442,0.0,0.01628058924253549,-3.0754172344844912,-0.7949981430594328,0.0,-0.05963975525810622,-2.817964525608206,-1.0912931188377362,0.0,-0.04037688871102272,-0.774307415105937,-0.34241052915381737,0.0,-0.5337231515373035,-1.8840371566919474,-0.11529492562698511,0.0,-0.45706394527592353,-2.243662262007633,-0.45583514813527454,0.0,-0.4943877396217325,-1.9556448332398633,-0.4948459178218449,0.0,-0.3640394838844446,-1.159861764979119,-0.2403075951620954,0.0
0.0,0.0,0.0,0.0,0.5336298097319785,-0.24508498782811206,-0.3063987968938424,0.0,1.3154688377018506,-1.3696303196668858,-0.5720196103138977,0.0,1.1288637127111738,-1.8715636093316144,-0.5280870179408649,0.0,0.8491614807958555,-1.6261796788401444,-0.3731453078245666,0.0,1.1085201467044639,-2.883412053121623,-0.32472687347776974,0.0,1.0161189043654704,-2.476860892395736,-0.7306970504383813,0.0,1.2982722624671235,-2.6063992822713398,-1.5436954488966854,0.0,0.6760769860150269,-1.0823967123296543,-1.1042692300980321,0.0,0.5068494680837732,-3.2422612060989566,-0.22365150197044947,0.0,0.5858196690132264,-2.937684767324386,-0.7799690797689377,0.0,1.205291852139957,-5.404080042475923,-2.6616283631741275,0.0,0.29590410436919534,-1.0335931381908912,-0.819970340345961,0.0,-0.14479622453889404,-2.7049195922537432,-0.17920029258568085,0.0,0.0017402311008865197,-3.0394083070394617,-0.8519082694079944,0.0,-0.07378725787092745,-2.7472825140841555,-1.1547933226158433,0.0,-0.04243050890146153,-0.7455218561412168,-0.3656484964417549,0.0,-0.5401661775340568,-1.884300390585954,-0.14895559957671,0.0,-0.46009161371901836,-2.2542865290011798,-0.5061895369832023,0.0,-0.5079651847027263,-1.9448759759807486,-0.5522415825315169,0.0,-0.3793674742340459,-1.1489765563156,-0.2820467547185728,0.0
0.0,0.0,0.0,0.0,0.5309514990556264,-0.2414514647883328,-0.2883077500683304,0.0,1.3141837585923397,-1.4311990646340778,-0.5386664343316463,0.0,1.0904546411993898,-1.8834070482789862,-0.47462049908325904,0.0,0.8286214611550731,-1.6254011814120415,-0.3312567317507723,0.0,1.1397142545874583,-3.007154460723718,-0.302938686018944,0.0,1.0059194210186149,-2.453375811317627,-0.6572024182523593,0.0,1.3241830069343987,-2.6800804465106864,-1.4310487248022876,0.0,0.6972300113343363,-1.1542372184746417,-1.0351475304778608,0.0,0.4995991470574091,-3.465013592275005,-0.2025452210290573,0.0,0.5636883191279146,-2.912033950460768,-0.6978218036444754,0.0,1.2535902155201317,-5.890722894243082,-2.594956454759906,0.0,0.2887764766901691,-1.11548388196524,-0.7502891072821178,0.0,-0.20399611657894123,-2.7555889308838566,-0.1534724653365206,0.0,-0.005590920244282689,-3.0643818981314257,-0.79178302336847,0.0,-0.10121448450065329,-2.7243836825596626,-1.0310400221848564,0.0,-0.06996734944011675,-0.7721184619795312,-0.30798362584085315,0.0,-0.5822577959424324,-1.840059298187688,-0.12288474542845665,0.0,-0.4677700747520611,-2.277071647238432,-0.45279298097177095,0.0,-0.5211508457882081,-1.9687123242715825,-0.4667864492011733,0.0,-0.3989824967114513,-1.15852434290648,-0.20308873820002668,0.0
0.0,0.0,0.0,0.0,0.5385054017390523,-0.22486826921301337,-0.30141277439064623,0.0,1.3223252763551625,-1.325142419336762,-0.5584188149825647,0.0,1.1501299593276753,-1.8467342301826801,-0.519026137808579,0.0,0.8578856099339638,-1.6251615897166798,-0.3696556231254487,0.0,1.1518775500478677,-3.0041279630062734,-0.3443316164169091,0.0,1.0432280009566164,-2.4833227193826066,-0.7231829382170102,0.0,1.3441957100685997,-2.604251357641623,-1.5006290452219357,0.0,0.7231995290092865,-1.108772206507426,-1.0910785609424865,0.0,0.5198453046235386,-3.336620428902422,-0.22752934890823567,0.0,0.6256488510791341,-2.957929281158892,-0.7692620350248186,0.0,1.3141479993969256,-5.432754722523963,-2.6219596140358785,0.0,0.31529698881901963,-1.0260028987553222,-0.7994519985249919,0.0,-0.14482926639079216,-2.693778549134345,-0.16569143005404405,0.0,0.055247978697595,-3.056537522650726,-0.8235638146624685,0.0,-0.021011521899223215,-2.8985183167167,-1.1679184354397045,0.0,-0.040482278998002365,-0.7650369927520076,-0.35782972151982756,0.0,-0.5302444625354628,-1.8594717654853112,-0.12900496028959524,0.0,-0.42114187041542184,-2.2776732754765923,-0.4747411829828336,0.0,-0.4799021036234051,-2.027646734329554,-0.524984692584352,0.0,-0.36985354124685427,-1.173739649889546,-0.25433590423130964,0.0
0.0,0.0,0.0,0.0,0.5359891416521827,-0.22547069092972807,-0.27762047057851946,0.0,1.3458529163677642,-1.377366222262032,-0.5145970285625483,0.0,1.1442996367239513,-1.8591776393375439,-0.46211044203512863,0.0,0.863872872250983,-1.6182203016086787,-0.32492114880694034,0.0,1.2118365754633318,-3.0385142173355666,-0.3050478283540054,0.0,1.0573592731659256,-2.4495219801373977,-0.6496077047112466,0.0,1.413717295117904,-2.686316003432895,-1.4033402660662067,0.0,0.7768661521555967,-1.1908025858324058,-1.0368101082816716,0.0,0.5776832505272895,-3.5086347840242627,-0.21032257017233633,0.0,0.6269407786704625,-2.906200160041163,-0.6932963660472927,0.0,1.462367551672971,-5.9033789024061605,-2.585058829618263,0.0,0.336484260119454,-1.0895850985401365,-0.7367144909071138,0.0,-0.14367062537213288,-2.777281719191668,-0.16051078585917514,0.0,0.06193772786830986,-3.028024832279596,-0.7741192543773395,0.0,-0.010599911604179852,-2.8147380029614095,-1.048718178158692,0.0,-0.03526113485202036,-0.7717095806767184,-0.3053148276661385,0.0,-0.5413396495548255,-1.8509154236240049,-0.12751399782645406,0.0,-0.4176723684839035,-2.260110116590831,-0.4470555265825696,0.0,-0.47211669598543754,-1.991252399500258,-0.4658085314736345,0.0,-0.3642417885522604,-1.1542666070765801,-0.19975032002878979,0.0
0.0,0.0,0.0,0.0,0.543434290455668,-0.250904716953902,-0.29391271903995125,0.0,1.3309380689503532,-1.3929876808539794,-0.553984373472087,0.0,1.1297075208880523,-1.8734764972759002,-0.5078441475502835,0.0,0.8572813286994788,-1.6158576881081474,-0.36137949149217224,0.0,1.1182090564080713,-2.917783467473662,-0.33523516381948903,0.0,1.050365672574706,-2.487451629936668,-0.7358656037352782,0.0,1.3076144336033937,-2.558778967050436,-1.5242211669560388,0.0,0.68154114244123,-1.0966490520186634,-1.1176333415232027,0.0,0.49797869827822905,-3.251232696718771,-0.24124286660668037,0.0,0.6175318308102496,-2.9733418443121598,-0.7842771173808618,0.0,1.280188186219051,-5.598031082706538,-2.721900782981193,0.0,0.30254060644446634,-1.099753941505228,-0.8564300547646879,0.0,-0.15059173833180445,-2.6889116673932283,-0.19462135317475993,0.0,0.024669281070304642,-3.106979337111633,-0.865171287144339,0.0,-0.05438579616597773,-2.7630346769121426,-1.1543728398687576,0.0,-0.043516217073480905,-0.7579854264038007,-0.3782075143309874,0.0,-0.5377107580705145,-1.8826056076823405,-0.16182273334965103,0.0,-0.4571626432374143,-2.2649039320082442,-0.5122113578241774,0.0,-0.49303368610352244,-1.9320870960842342,-0.5530745421116128,0.0,-0.36530026952754496,-1.1294952601952684,-0.2879178529881721,0.0
0.0,0.0,0.0,0.0,0.5533350272987971,-0.2486696615567837,-0.3008493747286888,0.0,1.3432525972943086,-1.372121675459723,-0.5579678912330703,0.0,1.1327224708464103,-1.8409152715888868,-0.5052007345661175,0.0,0.8552675718956974,-1.6015329380968093,-0.3611851684877046,0.0,1.1729740649025455,-2.9234298319124425,-0.33818389011007466,0.0,1.0769423231408597,-2.4535872554025473,-0.7363265602225835,0.0,1.316840083225464,-2.490218343062633,-1.50910565812102,0.0,0.6957105349929108,-1.08631036328491,-1.1217796777306168,0.0,0.5473376009620039,-3.3281354021030185,-0.24055353455218748,0.0,0.6408928217784375,-2.9437646375464626,-0.7787023906564513,0.0,1.2890624746832313,-5.342606100081569,-2.6378468652927936,0.0,0.30404152232061943,-1.051579870643728,-0.8312957265411285,0.0,-0.1420893847041691,-2.690824181200949,-0.18558518482750794,0.0,0.05606212432570328,-3.0556024784744307,-0.8554139804699897,0.0,-0.028303077203503883,-2.7589755391370607,-1.1614741154697217,0.0,-0.04415934865923792,-0.7601847770881257,-0.3715115812557813,0.0,-0.5389137570699254,-1.828306460219647,-0.1464033347782741,0.0,-0.4328175689505036,-2.2468655234064565,-0.4951980202715329,0.0,-0.47667787574204956,-1.94621355027902,-0.5332299027168884,0.0,-0.36064818501485735,-1.1237824272479622,-0.25891964148855956,0.0
0.0,0.0,0.0,0.0,0.545844171600778,-0.24106408535145002,-0.29884558920606485,0.0,1.3551477927812616,-1.3931574833828801,-0.5641250947866634,0.0,1.153965457568655,-1.8722093419727541,-0.5107794584881646,0.0,0.8736019975079226,-1.6152500608560982,-0.35971035840361676,0.0,1.11635841821479,-2.874443403214707,-0.32556769836654814,0.0,1.0827224727539555,-2.487878781694937,-0.7320691263752026,0.0,1.3477029741739708,-2.509430188894204,-1.488667781426436,0.0,0.7259307655473485,-1.0665264701804653,-1.0952403363140415,0.0,0.5053495688449597,-3.1374907754969303,-0.22276424536182085,0.0,0.660817578661504,-3.0160547129318873,-0.7831641579850125,0.0,1.4192903516976512,-5.642861376700134,-2.705896243099591,0.0,0.34825015085344674,-1.0691406601424933,-0.8293542177586435,0.0,-0.11896251844582843,-2.638560350775188,-0.17846294252934256,0.0,0.06109629820377218,-3.128770778581996,-0.85037072721148,0.0,-0.001116601599545874,-2.7796303474493143,-1.1223474568334944,0.0,-0.019004486108655193,-0.7649137671582736,-0.3627332161930256,0.0,-0.5146021598103734,-1.8756091325403788,-0.1517273784126944,0.0,-0.4331987097027855,-2.271678704295154,-0.5112703184010721,0.0,-0.459772254823254,-1.897570863934841,-0.5446973392450825,0.0,-0.3420695346050625,-1.0950711503445276,-0.28120610127586415,0.0
0.0,0.0,0.0,0.0,0.5501838955580504,-0.26118448588425575,-0.2982944266058247,0.0,1.3398340951315588,-1.4056768000614677,-0.5532970502143024,0.0,1.1302697371610742,-1.8507547644286089,-0.5012814028978303,0.0,0.8587314786321008,-1.6056066727540326,-0.35909192892751196,0.0,1.0767990916959085,-2.8950164821331987,-0.29318238959753207,0.0,1.068790538895564,-2.499566181278309,-0.714538363128302,0.0,1.3191135608085514,-2.4971455754481315,-1.467260021149958,0.0,0.6973871573485577,-1.0612833392215761,-1.0771325200701043,0.0,0.46672164491272133,-3.153021670084478,-0.1943814370935083,0.0,0.6561777247921816,-3.0579731624413697,-0.7843830960032978,0.0,1.2291552823369336,-5.101052775217343,-2.4814021770590737,0.0,0.28176433975087906,-0.9932861194550865,-0.7856104733291897,0.0,-0.14990199799767404,-2.644714943753489,-0.16056678406697772,0.0,0.05614890222477526,-3.111078714119889,-0.8392327984090611,0.0,-0.04390697136898373,-2.7758209693412947,-1.1215578026813615,0.0,-0.06207508877811056,-0.7522702156181827,-0.3509480155259319,0.0,-0.5351786228746093,-1.8695359846819761,-0.14023888320432504,0.0,-0.4415611838179343,-2.277292937798241,-0.49916487114486446,0.0,-0.4861434499077826,-1.9532085971441742,-0.5360353724666671,0.0,-0.37113375518842434,-1.1163326302598617,-0.2598052858630382,0.0
0.0,0.0,0.0,0.0,0.5462042301674647,-0.23794428212364413,-0.30472739621851636,0.0,1.3499825205059237,-1.3866815687492342,-0.5809726606913913,0.0,1.1491158840361704,-1.841738727641255,-0.5233410827358824,0.0,0.8659706801676105,-1.6004945632901015,-0.3731242927471144,0.0,1.074991503359328,-2.8361213495701105,-0.3411440396724332,0.0,1.1018979444504506,-2.5084249605682913,-0.7762998644374818,0.0,1.3111736838611598,-2.4265331216926014,-1.5121851634683756,0.0,0.6962459415509502,-1.0323816436340996,-1.1124729138462455,0.0,0.4830418615178127,-3.070355695272157,-0.23619149673183826,0.0,0.7119456020210386,-3.1547651092833484,-0.8670719968233824,0.0,1.2376778353722786,-4.822807748958317,-2.4778233039779023,0.0,0.2988467717544505,-0.9487221735396041,-0.811208895194665,0.0,-0.12240600640207021,-2.6072537585692594,-0.18861473088950095,0.0,0.07729705284887725,-3.176713756479866,-0.8883844857889159,0.0,-0.00471975526142081,-2.786993120030728,-1.1538956820912627,0.0,-0.03916781514660182,-0.7417620125278986,-0.3691507896002025,0.0,-0.5144520663431165,-1.8681278261053298,-0.15780170629763351,0.0,-0.4186228850067083,-2.2829039306290895,-0.5152097657648577,0.0,-0.46817106143737847,-1.9806131607221191,-0.5597534081990623,0.0,-0.36414545393067105,-1.1184953634483685,-0.28179265161640465,0.0
0.0,0.0,0.0,0.0,0.543730500826768,-0.2311413479384209,-0.30596742566786184,0.0,1.3435144495657132,-1.3556264849268038,-0.5762531422974272,0.0,1.145482958463665,-1.824824889439068,-0.5233218518170152,0.0,0.8658119370774244,-1.5903500904572532,-0.374888413578066,0.0,1.0694115199718217,-2.774848681750625,-0.33280771015361726,0.0,1.0947540577187633,-2.477444577404315,-0.7847761169844406,0.0,1.2877686113544806,-2.372364021019506,-1.527050156587903,0.0,0.6798582555719954,-0.9929827908192803,-1.1227649369560704,0.0,0.4828052640279602,-3.0245848185914426,-0.23229754953643933,0.0,0.6971898304133134,-3.084701273332809,-0.8673698823406693,0.0,1.2030344245211702,-4.702549259659973,-2.494705955658737,0.0,0.2885837478160286,-0.9179146912894965,-0.8209439673171604,0.0,-0.12321935771999881,-2.5774757840935267,-0.1886297258413703,0.0,0.07210535261169823,-3.138081683290962,-0.9077336749206736,0.0,-0.01948725045531523,-2.668258300933153,-1.1668183363490132,0.0,-0.04773775177002806,-0.7055782606336186,-0.3777948726116316,0.0,-0.5192924102263246,-1.8411775991054224,-0.15815663978843303,0.0,-0.43570065901770205,-2.235265811181906,-0.5221532165160326,0.0,-0.4782397960188646,-1.902108585080186,-0.5655615002362413,0.0,-0.3656817448980906,-1.0885068036374868,-0.2887587424944258,0.0
0.0,0.0,0.0,0.0,0.5360107472795875,-0.22112246633351132,-0.30708518457832634,0.0,1.3507833816009505,-1.3749358891927472,-0.5902183814383665,0.0,1.156439950361952,-1.8373341753308259,-0.5351456293983237,0.0,0.8782747170143569,-1.5917355649752847,-0.38135763981570214,0.0,1.079514833903015,-2.7608704732775182,-0.33728414770291215,0.0,1.0937747134711313,-2.4703010025534575,-0.7859272319373165,0.0,1.307246436602828,-2.384616664152272,-1.5246851761369384,0.0,0.7133250328445998,-1.0311510505501225,-1.1437601908987274,0.0,0.48933765521542133,-2.996770351469018,-0.23554550317075762,0.0,0.7262161614038246,-3.150353593528291,-0.8932903108103025,0.0,1.2306737226637061,-4.635806578461178,-2.4785186744880403,0.0,0.30419152091739976,-0.9192711401236936,-0.8236978870474723,0.0,-0.11378039125585497,-2.5680261891856127,-0.19482620561927003,0.0,0.06036126916604742,-3.0927254242296582,-0.8985144278582101,0.0,-0.025691973577262495,-2.6991084298816426,-1.1850175249036003,0.0,-0.0425223069439537,-0.7192723761762992,-0.3929547109837742,0.0,-0.5119897555450017,-1.8500577731246348,-0.1670468279525262,0.0,-0.437038503403094,-2.2172832952507058,-0.535432743977158,0.0,-0.48008993249818943,-1.8832605743719804,-0.5931701128199753,0.0,-0.36549906943830945,-1.0651658976328184,-0.317871655349625,0.0
0.0,0.0,0.0,0.0,0.5297978776456888,-0.2186932945285877,-0.2897566412434029,0.0,1.3316334135738521,-1.348335589451349,-0.5489481209424503,0.0,1.1508034321079519,-1.8287570716921513,-0.5038258786549114,0.0,0.8725403852744162,-1.5918790047163884,-0.36080766062543124,0.0,1.0184081565269045,-2.7237626790285785,-0.27698319021801904,0.0,1.0831677584401138,-2.4745948715334474,-0.7299534451999949,0.0,1.2895260892752274,-2.369391828035379,-1.4567428703788556,0.0,0.6813825005777362,-0.9863773172396098,-1.0763658460941017,0.0,0.4376205400260321,-2.916991657468836,-0.18319461544704446,0.0,0.7162101512557645,-3.1702831119505404,-0.8156420000252929,0.0,1.2615727899342186,-4.8700707377546255,-2.393545857140219,0.0,0.2854172084411223,-0.9374841857266358,-0.7621487228284534,0.0,-0.14290596606669997,-2.5263231466357894,-0.15773975180504743,0.0,0.05141019491688587,-3.1347552145211393,-0.8507392964703289,0.0,-0.029082074279490652,-2.630679962532673,-1.085443473655857,0.0,-0.05055320083725807,-0.69630818595843,-0.34753349188183746,0.0,-0.5321321970268973,-1.8316271692207586,-0.14258399927551363,0.0,-0.4445643967037626,-2.229010981517953,-0.496657634801058,0.0,-0.48437256418132324,-1.9060463854135803,-0.5384084066101396,0.0,-0.36967941443434604,-1.0560485991882769,-0.2597080826141817,0.0
0.0,0.0,0.0,0.0,0.5276524981564678,-0.22035875059209212,-0.3015748413874506,0.0,1.3310485935445373,-1.3463388664538176,-0.5693651618135073,0.0,1.1493001550932758,-1.8286566096106818,-0.5236519878591734,0.0,0.8732318946797314,-1.592109090850101,-0.3737392074550062,0.0,1.0105075127897525,-2.766842690863337,-0.2896633289470389,0.0,1.0871385606557207,-2.485177852769378,-0.7448555311088595,0.0,1.285601458902056,-2.3312230878789175,-1.4499743725773135,0.0,0.6850894500316731,-0.9733961505454446,-1.068660248377754,0.0,0.41912054321186415,-2.9279563712947816,-0.1833552160194366,0.0,0.7001570428378043,-3.1296345077367578,-0.8165432204228747,0.0,1.2451400677494657,-4.745122922972317,-2.3722335921204896,0.0,0.2972969869455163,-0.9348691295714351,-0.7690534280011143,0.0,-0.15334708491765559,-2.5076518171581372,-0.14904238837350187,0.0,0.05357706718812658,-3.1269307706892553,-0.8481650495682072,0.0,-0.013727101004147558,-2.681315436158066,-1.1008776360854817,0.0,-0.04240184108992226,-0.7164707035423912,-0.3458309819218414,0.0,-0.5322368940299258,-1.8187019319268767,-0.13109369806611326,0.0,-0.44017362485892647,-2.243392052120483,-0.48641510323426274,0.0,-0.4744564070063719,-1.9402717341134081,-0.5277068042364804,0.0,-0.362766528072443,-1.0995150155280349,-0.24986882090369086,0.0
0.0,0.0,0.0,0.0,0.54938122763005,-0.225321048870539,-0.3262082068643993,0.0,1.3685410290178661,-1.3683063045746797,-0.6316571395445926,0.0,1.1686605647307384,-1.836451372579345,-0.5717367830768989,0.0,0.8899784487262232,-1.5775360173860846,-0.4023059009043849,0.0,1.0153933668215138,-2.630015226803556,-0.33081392292375433,0.0,1.1421896278792196,-2.4547204980090327,-0.823200863922041,0.0,1.2797629793253695,-2.206839012916773,-1.526185704081188,0.0,0.6664642048121546,-0.9131826820702583,-1.12825282427376,0.0,0.45257415390975064,-2.742533559171325,-0.2106547264499124,0.0,0.8260849418689653,-3.3176171519554907,-0.9922678064701008,0.0,1.093285376874098,-3.8295009930053383,-2.2170134275060778,0.0,0.2964693625781327,-0.8229416665904402,-0.8190373572093751,0.0,-0.07961915239611547,-2.430905760558059,-0.166938719563631,0.0,0.12007150147303584,-3.3066793593736756,-0.9851882115701757,0.0,0.015911538827013388,-2.5114346908644194,-1.1532685929808002,0.0,-0.02481336168440325,-0.6990822728271526,-0.40609634592022414,0.0,-0.46869254405444133,-1.846029363372458,-0.1441422195419749,0.0,-0.41035613761257034,-2.253298709377843,-0.527602427466734,0.0,-0.4480651414198004,-1.861747412433143,-0.5792566131649728,0.0,-0.34728290254700417,-1.0818128862406113,-0.31777296716569836,0.0
0.0,0.0,0.0,0.0,0.5385584138104622,-0.19194261817270145,-0.3224298090349332,0.0,1.3708358246378998,-1.347436713971348,-0.6374995279860268,0.0,1.171083564323189,-1.818250835028517,-0.5698306094737697,0.0,0.8959681588077485,-1.5521755863570323,-0.3988608297113916,0.0,0.9932849082029237,-2.4610344564853825,-0.32277774205791954,0.0,1.1831252461266872,-2.480802407579898,-0.8956664802745983,0.0,1.2372437601499215,-2.097201894654792,-1.5602579834482302,0.0,0.6541246966169607,-0.8702532540824555,-1.1691580571752662,0.0,0.46791760378813574,-2.5913347384932317,-0.21556615501029516,0.0,0.8639503054899897,-3.4565062738430137,-1.090512212168528,0.0,1.0095079585502915,-3.6224214982609135,-2.2183132456577757,0.0,0.276585101429307,-0.7769562771877625,-0.8441915151206467,0.0,-0.03708362467827965,-2.3773159345541015,-0.1819298163284458,0.0,0.08840692243288133,-3.3035052184692164,-1.0409953988201404,0.0,-0.03336323771489831,-2.2632693373110317,-1.1209271885421719,0.0,-0.041303567184142444,-0.6516873968323577,-0.4283371489289691,0.0,-0.43669799775387697,-1.8716803871114855,-0.16601613136362828,0.0,-0.43238815118285956,-2.1804243011394586,-0.5581983329944996,0.0,-0.4597499420626936,-1.7317382996687847,-0.6088365353132412,0.0,-0.3431370763719375,-1.0106413408882737,-0.35519838537430887,0.0
0.0,0.0,0.0,0.0,0.5417566544862077,-0.22540881355256667,-0.30161697361395146,0.0,1.3731182255499808,-1.4029974529248166,-0.5933618570453018,0.0,1.1636337669406276,-1.833438406478478,-0.5283996559942249,0.0,0.8891143953623101,-1.5689359092392388,-0.37358418542073923,0.0,0.9606243557293095,-2.4638096777458682,-0.26590709751388664,0.0,1.1647350716443097,-2.525755326740959,-0.8247590666090653,0.0,1.2569050615655968,-2.168850716165152,-1.4930567422336984,0.0,0.666883618334896,-0.8767412953449527,-1.1055374845507733,0.0,0.44215285852597375,-2.604739425995914,-0.17864186579565886,0.0,0.8195243019684679,-3.4434725319037045,-0.9854324946587861,0.0,1.0640765530121699,-3.89407035593646,-2.180245345391272,0.0,0.2845039263292526,-0.7933230739495468,-0.7904563486641027,0.0,-0.0612290321974042,-2.401397775955315,-0.16186557464892315,0.0,0.06722072454307895,-3.332887350955915,-0.9748302480687495,0.0,-0.03941787630885458,-2.3257958108011705,-1.0516379668834348,0.0,-0.045566489217298556,-0.6764542872591969,-0.39049604678929756,0.0,-0.4605916772879652,-1.8835842524667286,-0.15897957152615363,0.0,-0.44550584165860535,-2.210138908159051,-0.5387723884463925,0.0,-0.46224508768177197,-1.7323232499385848,-0.5691942338750471,0.0,-0.34709995906309143,-1.000137194064541,-0.3165084570833615,0.0
0.0,0.0,0.0,0.0,0.5309959651960552,-0.20478870757528295,-0.2946186104732169,0.0,1.3492863498714032,-1.364618721240523,-0.5647824887968128,0.0,1.1522207747151845,-1.81645761076444,-0.5009856678307887,0.0,0.884978929852464,-1.5654855951343098,-0.3513588591338821,0.0,0.9743445886348804,-2.4885559718333488,-0.2616778752492662,0.0,1.1637324678591938,-2.5046763611581415,-0.790994444225628,0.0,1.2347684615225845,-2.13148486561104,-1.4219812502053253,0.0,0.650103077900464,-0.871515735507174,-1.0527015880986945,0.0,0.44947906064887905,-2.6390722395175845,-0.16608382499555258,0.0,0.804193792647955,-3.46621477804946,-0.9305176424344286,0.0,1.02993718192682,-3.985475155836935,-2.0733659470486745,0.0,0.26830228779396054,-0.8238063355070883,-0.7359142510244039,0.0,-0.06115243821234238,-2.428714781844369,-0.14192860687368328,0.0,0.021687508196727056,-3.347003839147164,-0.9129404376956692,0.0,-0.09127333936107714,-2.214982614884375,-0.9203876184456167,0.0,-0.06937664036082151,-0.6768240397017805,-0.3393956848075265,0.0,-0.458278267406189,-1.910383264583338,-0.13587618354431624,0.0,-0.46327289026674356,-2.1813087877943222,-0.4616167511549553,0.0,-0.4948748242504527,-1.753846425683242,-0.47096472095554853,0.0,-0.3870476305812395,-1.0716373395325463,-0.24507586466258724,0.0
0.0,0.0,0.0,0.0,0.5321757911007062,-0.21891466742645077,-0.2985749241489104,0.0,1.342432932827782,-1.3771385872442452,-0.5790090879169605,0.0,1.145624065850506,-1.8308476805985747,-0.517962012981945,0.0,0.880576277830639,-1.5673322904028517,-0.3654063001111508,0.0,0.9443225449893273,-2.4392384816067856,-0.2571494173739344,0.0,1.1604930429900882,-2.5234916011328377,-0.8177705305358638,0.0,1.2064304334021352,-2.1065357680567183,-1.4503496592302154,0.0,0.6324590648735653,-0.8483487699433607,-1.0733268920651116,0.0,0.43272664919399756,-2.571940717323205,-0.16458475562982153,0.0,0.8067523085121194,-3.5192227054652956,-0.9708316183951978,0.0,0.9726671293646203,-3.8952634604769236,-2.098094171002234,0.0,0.24944909808312443,-0.7959290794150634,-0.7547815086451752,0.0,-0.05984143577509403,-2.3904255447960243,-0.14417763011214638,0.0,0.012345086614377365,-3.3678621370755235,-0.9485475220033494,0.0,-0.11509402642774165,-2.1994315711102876,-0.9620568958265735,0.0,-0.08358063200200273,-0.6647129816832664,-0.3679949189326832,0.0,-0.4579280012690558,-1.9047207609762062,-0.1410198459736725,0.0,-0.48020106596973,-2.1728415624151878,-0.4895751507105848,0.0,-0.5047503258518046,-1.7056134376806928,-0.5102710839645618,0.0,-0.38611698998522415,-1.0198543643407452,-0.2816919848516685,0.0
0.0,0.0,0.0,0.0,0.539393150866115,-0.21868652443635891,-0.27917560008923104,0.0,1.3471578426665334,-1.3871259039287243,-0.530197200365825,0.0,1.1393322783620672,-1.810623386382024,-0.4649305640348337,0.0,0.8742112290029345,-1.5619219157187465,-0.32734179604019076,0.0,0.9304498685712771,-2.4787496043083777,-0.21709537604898058,0.0,1.132585966266262,-2.5140904023145993,-0.7129071553447329,0.0,1.2690583426858941,-2.2299340697232353,-1.3601957824525004,0.0,0.6743326698087122,-0.9152664098162342,-1.0137481519265845,0.0,0.41007608782754784,-2.6053225170043652,-0.131533557951114,0.0,0.8015396175906492,-3.516888951135214,-0.828415314625046,0.0,1.115236118709278,-4.295335274154417,-1.9774089620097999,0.0,0.2733307387560135,-0.8695370910791157,-0.6737107082382331,0.0,-0.09890264105023287,-2.405401698027723,-0.11761313184879614,0.0,0.02156340158378593,-3.362536670930338,-0.8383400820725231,0.0,-0.0810402794411226,-2.245335238623209,-0.8448492335746514,0.0,-0.0711421886892351,-0.679947532087241,-0.30011364262753254,0.0,-0.4964491844322238,-1.8703335037851005,-0.11912394837754524,0.0,-0.48130292451165246,-2.1873729921301313,-0.44938054831796254,0.0,-0.4865057556422777,-1.6727574954353135,-0.43944977671505586,0.0,-0.37488810460415667,-0.9450061757315228,-0.21045172337911244,0.0
0.0,0.0,0.0,0.0,0.5318468462142164,-0.22405097070394725,-0.2822452030700908,0.0,1.3306857683713453,-1.4123190257313558,-0.54346858629974,0.0,1.121779220063318,-1.835567776692487,-0.48000024288203896,0.0,0.8653480458554167,-1.5730883579091264,-0.33807911379345695,0.0,0.8928664470213453,-2.450427906763896,-0.2274037548675711,0.0,1.1370834750113947,-2.5849587371296825,-0.7658922913004795,0.0,1.2093764462930576,-2.20799825059521,-1.3974145162223972,0.0,0.6269186965969857,-0.8834700692855814,-1.0201292759032379,0.0,0.3863981422188049,-2.5758631785606783,-0.14162830519786412,0.0,0.7933036461971591,-3.647315169843299,-0.9073968637233313,0.0,0.9683573581343887,-4.013545623494553,-1.945420924860963,0.0,0.24242773607905163,-0.8181081418522136,-0.6852371825562463,0.0,-0.1040814070582796,-2.3996664703539476,-0.1246716754030914,0.0,-0.0168765257210866,-3.4107253167179983,-0.8747989287821762,0.0,-0.11927172016302985,-2.271452812536144,-0.8802624320541591,0.0,-0.08226386305156591,-0.6865153883938321,-0.3205422814725864,0.0,-0.4956902984712157,-1.8997257556378884,-0.12428883423255298,0.0,-0.4984863669636165,-2.19629430883631,-0.45486393577543155,0.0,-0.5183866380875961,-1.7278346000979217,-0.45862858530473305,0.0,-0.3997941746441482,-1.0053220398434057,-0.2300214211663113,0.0
0.0,0.0,0.0,0.0,0.551002051481549,-0.21788508350929786,-0.27558087409710563,0.0,1.3536314308066637,-1.3855075803518293,-0.5246052898337791,0.0,1.1259171005061281,-1.8167648582445262,-0.45770362455614844,0.0,0.853537889992676,-1.5626439217525279,-0.32095877681733176,0.0,0.9444656095269143,-2.5369418606205447,-0.23836455793939157,0.0,1.1252355110867265,-2.47016518727753,-0.7124772372526289,0.0,1.262557005728125,-2.150158118559342,-1.3298719800586363,0.0,0.6541067558101349,-0.8527545487077219,-0.9804939166485844,0.0,0.4138909391690304,-2.677878181025029,-0.15327626092947153,0.0,0.7938698220000732,-3.411239168795418,-0.8053863920133725,0.0,1.0679976884524585,-4.052341118811722,-1.860730132744988,0.0,0.237071349594581,-0.8263042886328356,-0.6330629058981662,0.0,-0.10831173535485769,-2.45019005066732,-0.13922456346081238,0.0,0.08251156006633992,-3.4618475099328943,-0.8758201479050143,0.0,-0.0562840745038306,-2.2279803535227676,-0.8233722135513346,0.0,-0.09093603788008874,-0.7048260548287119,-0.28079394013139664,0.0,-0.5095234929892999,-1.8672990836969623,-0.13669767710980654,0.0,-0.44189201695058006,-2.281853653906564,-0.44862620737470393,0.0,-0.4609961737059515,-1.763252666912722,-0.4026834162630443,0.0,-0.3858286549600102,-1.0093503295111648,-0.1616253565417169,0.0
0.0,0.0,0.0,0.0,0.5324294427203269,-0.20732372725741485,-0.28056043985958823,0.0,1.355347633453205,-1.4151799722606937,-0.5479050456638846,0.0,1.1294297655463414,-1.8297863594144193,-0.47494131395061023,0.0,0.8632508445664474,-1.5762222032384356,-0.33318925697194424,0.0,0.9274688502398952,-2.613849908726727,-0.27909986221413874,0.0,1.1039876115688207,-2.4959791609343203,-0.7267517065078839,0.0,1.290038869652745,-2.2803284496444802,-1.385977602413294,0.0,0.6733326542561245,-0.933488284673556,-1.0104640858174223,0.0,0.3804040059651238,-2.729041849928719,-0.18644812636101996,0.0,0.7828898274509805,-3.377244704065967,-0.8404934304798678,0.0,1.1486188780169453,-4.253130429470046,-1.9996929319481773,0.0,0.2732907668158165,-0.8983175756617646,-0.6818419378760786,0.0,-0.14337007662388393,-2.4471969552327697,-0.1599415486636251,0.0,0.09258176050956854,-3.476536817283063,-0.9151694952890826,0.0,-0.009689274335474854,-2.3838751347136578,-0.905962384823037,0.0,-0.057495545589779866,-0.7407549278850056,-0.3064524577754166,0.0,-0.5223567079260528,-1.850340321849977,-0.14621366883334502,0.0,-0.4208876347599852,-2.354785317701371,-0.4893164023445789,0.0,-0.449164916765215,-1.8534208903022484,-0.46100679419172164,0.0,-0.3765818930367771,-1.0219967705884703,-0.19937013224379074,0.0
0.0,0.0,0.0,0.0,0.5243745797225926,-0.20988047266837953,-0.29189456173133177,0.0,1.3407386764796407,-1.4403300912648567,-0.5898992411858425,0.0,1.0873781208880453,-1.8029495544343246,-0.4975143349522246,0.0,0.8305480461452213,-1.5429316538619449,-0.3530748415994489,0.0,0.8621364469548121,-2.480080888727954,-0.2852868826252458,0.0,1.1626570690718865,-2.5129053354750965,-0.845626702724773,0.0,1.1396770386656077,-1.8849745739670725,-1.363817527513227,0.0,0.5836509116121881,-0.746791353329265,-1.0139035482667622,0.0,0.3282789807554943,-2.5968002040467044,-0.2003299046979601,0.0,0.8235055806906972,-3.5610243586516743,-0.9538583985462324,0.0,0.9949365528533245,-3.7152345589232363,-1.8893593757392362,0.0,0.23251640973402937,-0.8144917892769357,-0.689292606194612,0.0,-0.18310933465005158,-2.3508629410475095,-0.18206141099133505,0.0,0.07752803518610235,-3.6289250971684277,-1.0516817045220315,0.0,-0.07542349137381672,-2.1576187873049215,-0.9213158646015627,0.0,-0.11745589551271593,-0.7195180955280189,-0.3435816372058387,0.0,-0.5620821898386248,-1.7768303176464073,-0.17166323015930252,0.0,-0.4283840696040915,-2.3708566523301156,-0.524744051641314,0.0,-0.48223055996923087,-1.9001279822582118,-0.49207031662496903,0.0,-0.43486385530184696,-1.065195098534073,-0.21685233957747369,0.0
0.0,0.0,0.0,0.0,0.5257851373005394,-0.24141326336896102,-0.2745998277061518,0.0,1.3386161384194244,-1.5007172995078792,-0.556372480977857,0.0,1.088318753025748,-1.857242689758293,-0.47747505653207384,0.0,0.829609962800408,-1.583869146088607,-0.3391656403886553,0.0,0.8555261500218722,-2.6710202004239805,-0.2807429602492734,0.0,1.080593469402676,-2.571574825952901,-0.7530273946026285,0.0,1.2347764295071277,-2.28304076483955,-1.3867127918411866,0.0,0.6388857145138167,-0.91724358959484,-0.9963867894558249,0.0,0.29734774490932714,-2.7410105508310103,-0.19106333948630894,0.0,0.7748596971866234,-3.505795117735529,-0.8674404330526845,0.0,1.0641357823258633,-4.180164467756934,-1.913129771552519,0.0,0.24591686793451786,-0.8865467120522089,-0.6496174091058939,0.0,-0.21660962183600843,-2.4194848750569804,-0.16989688301345207,0.0,0.10982398462824086,-3.726986635479067,-1.0105026070444783,0.0,-0.03415563102803651,-2.449498637703339,-0.9559780965857698,0.0,-0.09466930828253949,-0.8030581239604287,-0.34111693290039946,0.0,-0.5747043363327817,-1.81385027361157,-0.15846494385542043,0.0,-0.4138459502282137,-2.5196233574288325,-0.5297365252105813,0.0,-0.46551755279654766,-2.004529017658671,-0.5004618368102004,0.0,-0.42548986754856144,-1.0949771397959154,-0.22267472142672984,0.0
0.0,0.0,0.0,0.0,0.531118613729325,-0.26077988612417907,-0.269410599824401,0.0,1.328053653245254,-1.4730101471465247,-0.5325566097053165,0.0,1.1036370803539846,-1.8537969629666526,-0.47259175596233416,0.0,0.8367769995070619,-1.5974462835655778,-0.33958327649764014,0.0,0.8195566076166281,-2.6740508949215496,-0.25946078694836283,0.0,1.0790612200926488,-2.573240359635362,-0.7093189659310385,0.0,1.2527511847464132,-2.312232251151804,-1.33902525189276,0.0,0.6430674451355316,-0.9138241049948035,-0.9564283634070199,0.0,0.2730926722752187,-2.715663341240506,-0.17455597754958016,0.0,0.8067900067572316,-3.570690419403933,-0.8451581997943337,0.0,1.0657050521531402,-4.164068703585198,-1.8440761647093118,0.0,0.24506623266445476,-0.9106057784241512,-0.6470810500385636,0.0,-0.22012529650126042,-2.4166285878432086,-0.15664763875883497,0.0,0.13487643906646188,-3.831559000248932,-0.9735971353421458,0.0,-0.03816861542668932,-2.547164855381477,-0.9114965039145375,0.0,-0.10991713486200735,-0.8477394770043801,-0.3213422045265846,0.0,-0.5742194310182699,-1.831759577573193,-0.15006601743153442,0.0,-0.40692554983707746,-2.571927327024318,-0.5046253158002043,0.0,-0.47201002513278556,-1.9951017415908943,-0.44674768904309686,0.0,-0.4431043910524175,-1.077953083739488,-0.18267451337767215,0.0
0.0,0.0,0.0,0.0,0.5116693354512848,-0.19928072085908702,-0.2933211779646874,0.0,1.3163248221532589,-1.357942421403239,-0.5946092221886168,0.0,1.1084677749046963,-1.8294484957189594,-0.5346345153550206,0.0,0.8357907034855415,-1.5649198676040406,-0.3790723620497022,0.0,0.8378484773512551,-2.542275292778202,-0.29627665572608325,0.0,1.1324153064822102,-2.5330950939054357,-0.8154565896845646,0.0,1.1705708201654794,-2.0017736789100375,-1.3771004223800136,0.0,0.5872059020005075,-0.7996727843442375,-1.004066318553076,0.0,0.30189706838223873,-2.6194179889652403,-0.19901895968085415,0.0,0.8317410644886073,-3.5525643246875456,-0.9095408087261069,0.0,1.1019961472328001,-3.907164498165951,-1.885331097838838,0.0,0.27617027921310155,-0.933092721701863,-0.7039579984452075,0.0,-0.1921500252870382,-2.3515330434463007,-0.168415077682495,0.0,0.1258111199527426,-3.671836213421918,-1.0094571885725,0.0,-0.01494482707309335,-2.375132319187664,-0.9692521817256788,0.0,-0.09887849878786005,-0.8183057867905025,-0.36650633242420166,0.0,-0.5601999363639849,-1.7800989140266443,-0.15015105999144687,0.0,-0.39822815945550527,-2.448653843862323,-0.5021314915432381,0.0,-0.4488984156085135,-1.9985674298701248,-0.4867692132173992,0.0,-0.4127636112861979,-1.098901417913697,-0.21233306130907867,0.0
0.0,0.0,0.0,0.0,0.5140603208751233,-0.22158850625453705,-0.2725411037415161,0.0,1.275297038014201,-1.441018899160428,-0.536306051286476,0.0,1.0275878019706155,-1.8196828776721128,-0.4572240072981069,0.0,0.7915417490300538,-1.5590523698901702,-0.32289431378786426,0.0,0.7651056202830857,-2.39630875878451,-0.2540256057214582,0.0,1.0773287209723683,-2.6440907502055437,-0.8385536670639108,0.0,1.0418770498335423,-1.9548822084840678,-1.3420399152794267,0.0,0.5262751218831516,-0.7549139266994311,-0.9633415737122937,0.0,0.2601083927986194,-2.5293423098779417,-0.17766798824579422,0.0,0.6852459159866715,-3.8428565993180746,-0.9754868531643575,0.0,0.6958099616671594,-3.3449906081726217,-1.6305194454915244,0.0,0.19259483782161185,-0.7661178564963984,-0.6292294974654934,0.0,-0.2244487051178249,-2.3404201255543886,-0.15963503404696686,0.0,-0.12126319517462278,-3.6254808286745517,-0.9664024729027068,0.0,-0.20504303060246776,-2.096701471790947,-0.8163204030436076,0.0,-0.1564729587285424,-0.750473713464988,-0.32249781472910893,0.0,-0.5956634879866237,-1.824263887922854,-0.1532028755440385,0.0,-0.5313664734405062,-2.332102112362341,-0.46920072413463476,0.0,-0.5648751400050097,-1.8169034122769363,-0.4322692258184421,0.0,-0.47828945048001037,-1.0552532582341707,-0.1951840694418951,0.0
0.0,0.0,0.0,0.0,0.5137418369794201,-0.2506593847669184,-0.2512812458943474,0.0,1.2779467574890204,-1.5607728125920237,-0.5071497925014569,0.0,1.0151438464637752,-1.8596633292420848,-0.4274595660657536,0.0,0.788701847087303,-1.5820527260845239,-0.30321502734285294,0.0,0.7158688961287109,-2.4824615149164453,-0.22493891585283635,0.0,1.0113868974828166,-2.6027230959417076,-0.7411752609118175,0.0,1.0809276678539492,-2.098160243661574,-1.2982494331495906,0.0,0.5572843972022744,-0.814404279092333,-0.9308364791869772,0.0,0.20513392109900577,-2.5805569364151983,-0.1591887344290741,0.0,0.6380220983121112,-3.7733592126173363,-0.8794740582592742,0.0,0.7479609344394403,-3.8403007828833986,-1.6675311684239662,0.0,0.19065790575707375,-0.8853632646631046,-0.6075908825295254,0.0,-0.2763443453157248,-2.369445684043218,-0.15554480374609805,0.0,-0.13292863731722704,-3.6871595956983554,-0.9551836682146013,0.0,-0.2030987768774918,-2.185793257750703,-0.8119589723934837,0.0,-0.15651545467182118,-0.788176242652351,-0.312666662609157,0.0,-0.6281624266122487,-1.8370780455835458,-0.15922658806436177,0.0,-0.5538324395646579,-2.3956009046715883,-0.4837306378002799,0.0,-0.5713669013053125,-1.8053526557157555,-0.4258671575114886,0.0,-0.48401747092451786,-1.0092776878505627,-0.1843435161066269,0.0
0.0,0.0,0.0,0.0,0.5265956681009037,-0.23274922789248578,-0.28787185943519145,0.0,1.2889694671013663,-1.4843918255015114,-0.583597019468496,0.0,1.0301478665410952,-1.8654503130187612,-0.5046203224387528,0.0,0.7891785250324733,-1.5711481118576864,-0.3497857049487369,0.0,0.7816881584973708,-2.3124828215817352,-0.2718504230554044,0.0,1.0743985638518911,-2.5235826344104253,-0.8753546123639786,0.0,1.0015767337220223,-1.7765669437655696,-1.3472074091784365,0.0,0.49596569021822995,-0.6345607487471545,-0.9625382141793981,0.0,0.2968955756227078,-2.4609377569124806,-0.19213145706471227,0.0,0.6902880889261767,-3.860841209055468,-1.0566326520278864,0.0,0.6340819799934369,-3.0411725628577337,-1.5986251246290069,0.0,0.18586782979531657,-0.6938275900236041,-0.6312315086032099,0.0,-0.17842177829715053,-2.318688341445385,-0.1727883297880873,0.0,-0.13302722124378016,-3.5929268805442502,-1.0003847578703289,0.0,-0.21882635575701218,-1.9871940349427974,-0.8023328732816148,0.0,-0.15589599136101095,-0.7002564444415074,-0.315429194952924,0.0,-0.5635558837672181,-1.8541282440801534,-0.16834666109890017,0.0,-0.5348332994093481,-2.298917336651728,-0.4793498847221287,0.0,-0.5728999138461579,-1.749715273999588,-0.43164893643633695,0.0,-0.4933224878326523,-1.020969518001674,-0.19885753923822197,0.0
0.0,0.0,0.0,0.0,0.5278145197679863,-0.25530781526359225,-0.2444175383440436,0.0,1.284782042479068,-1.5737748843793473,-0.4910523410713954,0.0,1.0125619399662114,-1.868466553706646,-0.4116884746853801,0.0,0.789217785767089,-1.5833252704967202,-0.2923396432297738,0.0,0.7245716193321768,-2.413279586387838,-0.2076319388343278,0.0,1.0302310062736033,-2.6721893163117483,-0.7585158028155916,0.0,1.0562621298608452,-2.1420491330939626,-1.3282711574797592,0.0,0.5274324957044862,-0.7988343638131729,-0.9301505652761103,0.0,0.23447001530085987,-2.5400651010697635,-0.14529261427639664,0.0,0.6702620461884274,-3.9679207250993596,-0.9170485331870808,0.0,0.6697907453542762,-3.5759431044664396,-1.5670660880607883,0.0,0.17298002013692837,-0.783593671678737,-0.5775928402588588,0.0,-0.24352470747851895,-2.373049870987523,-0.1412345443931346,0.0,-0.14016670809539042,-3.7648011248364215,-0.9392457861375035,0.0,-0.20774367376352032,-2.158515779788284,-0.7680776869211569,0.0,-0.14601672564594317,-0.7351776624062432,-0.2870348484944346,0.0,-0.6073447879315089,-1.867643869918937,-0.14640367347954164,0.0,-0.5523471481978698,-2.377730447807075,-0.45997906090588925,0.0,-0.5722838416441568,-1.859540375021204,-0.4167339071501318,0.0,-0.47071998187428976,-1.0428466154987754,-0.17674106774442655,0.0
0.0,0.0,0.0,0.0,0.5170615459426278,-0.2573475793408826,-0.2717717970328537,0.0,1.2690670753408213,-1.5434881372592608,-0.5566630078355854,0.0,1.0173889066780015,-1.9134871402143458,-0.4808191098993123,0.0,0.7818990333276694,-1.5979640296269628,-0.3298248106319606,0.0,0.7520115454607944,-2.2574723540040385,-0.24620069393187044,0.0,1.080848439614097,-2.599921742021877,-0.8830696624993726,0.0,0.9679341592081062,-1.8438783596482682,-1.338169943787288,0.0,0.49435630074916675,-0.7194684426054797,-0.9871866011332839,0.0,0.29476449462239335,-2.396460616264397,-0.1732816802672442,0.0,0.7210986987666325,-4.342782846600525,-1.1680288997726025,0.0,0.5332896962031655,-3.0906715203806767,-1.5676155232624878,0.0,0.16611869095942802,-0.7173067797875271,-0.6366986024263923,0.0,-0.15355616023570848,-2.311649733035814,-0.15842597843804335,0.0,-0.2210334444522696,-3.788483893954026,-0.9763228841430085,0.0,-0.2853369168150677,-1.9855104609674097,-0.7116327506342754,0.0,-0.16575425145179257,-0.707765337048081,-0.28729158743855665,0.0,-0.5371119000166332,-1.9395147511437343,-0.16552286561050944,0.0,-0.6107210183973824,-2.2194220892575798,-0.4373946477773886,0.0,-0.6274717655279363,-1.6312961732160685,-0.3783119418218888,0.0,-0.5297408727286129,-1.0287317175639266,-0.19200882958919227,0.0
0.0,0.0,0.0,0.0,0.5393877328682692,-0.31284535207349407,-0.26922289411842076,0.0,1.2733738320402015,-1.5968936780234277,-0.5410384788882894,0.0,1.0202117739263685,-1.8835282751275728,-0.4633273458726846,0.0,0.7886494340175126,-1.5883860266172563,-0.3288255427365101,0.0,0.7397805973875453,-2.311068259509218,-0.22430770996275104,0.0,1.0728822167957432,-2.6860158445455817,-0.8504619542060772,0.0,0.9659277237295125,-1.9432452032483898,-1.3446830471884976,0.0,0.4902793184473647,-0.7675396698496225,-0.983731722803072,0.0,0.26966792236517284,-2.4397262831395534,-0.1528624135794342,0.0,0.7853629886949293,-4.609255953984484,-1.1705449916297035,0.0,0.5353365797700443,-2.971505696210655,-1.4573754260435112,0.0,0.1646684481991277,-0.7260252489397871,-0.6200677171550623,0.0,-0.19077535059793801,-2.326167007383723,-0.13935482047128317,0.0,-0.22923445282564134,-3.7736259732385973,-0.9264289546479743,0.0,-0.27771002040789594,-2.183148956156725,-0.7554366879337855,0.0,-0.1612547879780862,-0.8075565933585377,-0.3165310884987186,0.0,-0.5656028639121734,-1.9052961590696555,-0.1433362421384659,0.0,-0.6205981753855792,-2.2005904475413156,-0.4190952881066619,0.0,-0.6208995305636092,-1.7046218544306082,-0.3923495863566404,0.0,-0.5043482946684984,-1.0829599883892567,-0.20736908771868004,0.0
0.0,0.0,0.0,0.0,0.5425045626285077,-0.28804043972199317,-0.24887727766864678,0.0,1.3082322340132726,-1.5618314650757428,-0.5079988763743762,0.0,1.0585137867160515,-1.9215715503925401,-0.45162798026522283,0.0,0.8082136957265377,-1.6007991828059005,-0.315957709384445,0.0,0.7628219537436891,-2.245295468375729,-0.18401075689709184,0.0,1.1454179322931721,-2.727991758021969,-0.8167520828397697,0.0,1.06807400772474,-2.0129450348266524,-1.3197654784226864,0.0,0.5648639964820412,-0.809147940718234,-0.9878087081602015,0.0,0.3068103747161624,-2.3657298589931535,-0.12662361876316108,0.0,0.8535746710310084,-4.738757386429177,-1.1464206036005775,0.0,0.6877944338343505,-3.137616392869955,-1.511342714788523,0.0,0.22936922719927672,-0.6969175422790018,-0.628179573494632,0.0,-0.1285051086970759,-2.2800718898372216,-0.12300124905764702,0.0,-0.21134879102587725,-3.709743565372659,-0.8677263823122477,0.0,-0.2095418727120315,-2.08345113932205,-0.7082116717258404,0.0,-0.09544370252560348,-0.7114757990482168,-0.30074779858989087,0.0,-0.5015303401654202,-1.935898770548541,-0.14228501661513027,0.0,-0.6106810595472356,-2.087855265779832,-0.39985016550212343,0.0,-0.5861217254089324,-1.61647968986598,-0.39074221594380365,0.0,-0.4502929128838125,-1.032775913911747,-0.22436445005151437,0.0
0.0,0.0,0.0,0.0,0.5723571630515878,-0.32112022728700257,-0.270217989602848,0.0,1.3241123711626028,-1.5902144596380663,-0.5458239154308997,0.0,1.0566572576507443,-1.9064596232738507,-0.4735640081025923,0.0,0.8044979206920672,-1.5932503955051025,-0.3345107212388807,0.0,0.7772178914810215,-2.2447705735220587,-0.20073386899199083,0.0,1.197916324829186,-2.754673128899347,-0.8757195865925835,0.0,1.026907709265677,-1.9006485598423728,-1.3388635585730102,0.0,0.5332890693741851,-0.7733823651182798,-1.0050079313409392,0.0,0.32465269918406064,-2.368781081537904,-0.13482034771419912,0.0,0.9448841309436371,-4.878935776219248,-1.231453999220983,0.0,0.6697434421862256,-3.0807891187461904,-1.5398148588812042,0.0,0.22564876826637492,-0.7324474384854066,-0.667596553770436,0.0,-0.11135300756432663,-2.291158522767387,-0.1243985783919906,0.0,-0.17351020133318468,-3.7180497300855007,-0.8921444605698512,0.0,-0.21174239592004893,-2.2193246337619343,-0.7753312796125582,0.0,-0.10353042521796378,-0.8036723895509654,-0.34688567121455677,0.0,-0.48665246907570175,-1.9477951306109893,-0.13651103527404745,0.0,-0.5940878842834542,-2.1161825664443374,-0.4200899949783229,0.0,-0.5708631013686513,-1.6033164665325623,-0.41771416771284625,0.0,-0.4344181242257849,-0.9969559626645939,-0.2500555188316744,0.0
0.0,0.0,0.0,0.0,0.5820727177397025,-0.3424714193407638,-0.26286171149194065,0.0,1.366004605091217,-1.6570178865335516,-0.5484225656628636,0.0,1.0746705976275845,-1.9296826025478926,-0.47047960434666247,0.0,0.8139089252623365,-1.5974359964077247,-0.3348541411341593,0.0,0.8079347878216756,-2.276693475761121,-0.191437416146833,0.0,1.212499077956047,-2.695769803713822,-0.8295758396542798,0.0,1.0794763712563218,-1.8976713722460952,-1.3129642232656364,0.0,0.5636653496392188,-0.7590373574668695,-0.9908778080648735,0.0,0.34951053173440183,-2.396548850883209,-0.12956854130300915,0.0,1.0012568144227054,-4.797846702967336,-1.1618874815911275,0.0,0.8005883122026787,-3.2635841377491324,-1.5648622466802249,0.0,0.2669703443558654,-0.7505537064545131,-0.6580812147584186,0.0,-0.094457811350689,-2.3050177609283233,-0.12437499716752483,0.0,-0.11249726880733919,-3.786583741302264,-0.8870534502719659,0.0,-0.1536791517985099,-2.2471832074014317,-0.76555398204551,0.0,-0.07442400640115748,-0.8069484331766522,-0.3396757353005073,0.0,-0.4729418932003345,-1.941924071588672,-0.14001479716562806,0.0,-0.5627663299063688,-2.1389748052937487,-0.4165771100644975,0.0,-0.5303940350418576,-1.6214497772009084,-0.4092527856732782,0.0,-0.400642711482123,-1.0028639295536788,-0.23899782550497223,0.0
0.0,0.0,0.0,0.0,0.5599969377151077,-0.34955864051003327,-0.2195890496495981,0.0,1.3591441370224613,-1.6769920338358555,-0.44520086995123254,0.0,1.0742127898963734,-1.9768868362441712,-0.3866098304435492,0.0,0.8175486445554945,-1.63790264705807,-0.27241840154927693,0.0,0.8365473063825015,-2.3207681154713122,-0.15466454970119647,0.0,1.1719348699415466,-2.709046533060943,-0.7108390642827997,0.0,1.1491849741306295,-2.2073521874662148,-1.2966488601148762,0.0,0.5534810225154027,-0.8622751616585627,-0.9449730654546307,0.0,0.37676994651634776,-2.453156059441853,-0.11185980055088779,0.0,1.0045130966361804,-4.814553093964857,-1.0568174099538779,0.0,0.6923898390059015,-3.1685113062123236,-1.3716474641654293,0.0,0.20373279868453165,-0.7483291366739956,-0.5783557405016433,0.0,-0.060162233655308636,-2.38511646536634,-0.12393889762408108,0.0,-0.07135596443297859,-3.935581302398017,-0.8606019146068231,0.0,-0.17443505542124313,-2.2299867694433493,-0.6932181726191347,0.0,-0.1015134177005473,-0.8022573017050816,-0.2968822800690516,0.0,-0.4548286704925402,-2.02819518613688,-0.1534727097332168,0.0,-0.5613865288750725,-2.1922987361084516,-0.41584997827076403,0.0,-0.5342638452774161,-1.689506463061192,-0.412437409665989,0.0,-0.37947777077756534,-1.0887034288767259,-0.24824714139781554,0.0
0.0,0.0,0.0,0.0,0.5798014083234659,-0.3645533765858788,-0.240224519513458,0.0,1.3646238944913003,-1.6296586827326707,-0.4956602693066061,0.0,1.1064516650570018,-1.9452348438522786,-0.4460757955416151,0.0,0.8406844396139842,-1.6120223446112816,-0.3209390444866721,0.0,0.8316170523514559,-2.341588476511474,-0.1663997380188003,0.0,1.1598947538340625,-2.6094120584101903,-0.7147961841819245,0.0,1.1561744230863116,-2.1684155513458188,-1.3386030612284272,0.0,0.5705086069282215,-0.8368349148238607,-0.985039133476524,0.0,0.36619254443290766,-2.456786352589254,-0.11618872728786689,0.0,0.9898773096494232,-4.4113662074190305,-1.0001739486631087,0.0,0.8038675200383751,-3.537239224044521,-1.5785345070884185,0.0,0.21312103277581548,-0.7484450668039239,-0.6123337300781836,0.0,-0.08184773176844876,-2.358668853770549,-0.12378516148147299,0.0,-0.018270480090370914,-3.9520636639468036,-0.9019892618948392,0.0,-0.1555845790592231,-2.325618248813327,-0.7618807960959261,0.0,-0.10076825264377116,-0.8189745262780324,-0.32349167208772556,0.0,-0.46964773920615066,-1.9753465034430198,-0.1481339747677463,0.0,-0.5403256479706358,-2.2204929540530944,-0.4299806969385832,0.0,-0.5093070315816308,-1.651452883465964,-0.4070907723630962,0.0,-0.37307843218896825,-1.0139874240519864,-0.22812393486980057,0.0
0.0,0.0,0.0,0.0,0.5547484803224824,-0.3115049445343434,-0.2248438258700695,0.0,1.3566424530970782,-1.5882457794663773,-0.46046726184133346,0.0,1.0838093878368915,-1.871334552538475,-0.4018390557216908,0.0,0.8341179289848608,-1.5743058977021214,-0.29459950914358796,0.0,0.8037490610892988,-2.435152925816582,-0.18792055094043808,0.0,1.163956868029369,-2.6489038907347573,-0.7399586777911735,0.0,1.1352879698017184,-2.0982723945235944,-1.3126633374496874,0.0,0.571698404184994,-0.8179022882062456,-0.9664103459039259,0.0,0.3123743122545078,-2.5325011746929342,-0.13879235579026714,0.0,0.993915108795728,-4.339626501135259,-0.9863239014549702,0.0,0.8315575280860179,-3.367034583139024,-1.4802098551445346,0.0,0.22258661606852173,-0.7463778716722594,-0.5864864556511781,0.0,-0.15066926849339227,-2.3748488151962794,-0.14563493313458514,0.0,0.0233822362313626,-3.9611511814885794,-0.918884342220366,0.0,-0.10396598585959904,-2.3959547360619182,-0.756801561958377,0.0,-0.09264387113401629,-0.848656387708537,-0.2947351824614795,0.0,-0.5253908061647012,-1.9103747595647569,-0.16193255495334224,0.0,-0.5062991449690967,-2.3147513765152725,-0.4416568895391615,0.0,-0.5035925043649491,-1.7687251129809187,-0.38516469041859963,0.0,-0.4037340992234293,-1.0783609462958343,-0.17949662162462976,0.0
0.0,0.0,0.0,0.0,0.5490565602074038,-0.2565208965343882,-0.22278724423586052,0.0,1.4542498191642341,-1.6048660932761503,-0.47503532467642384,0.0,1.1535676573768459,-1.8681341870031236,-0.40482369003398294,0.0,0.8848032274148327,-1.5651804781053833,-0.29477770178603724,0.0,0.8328358039683634,-2.5302557255226126,-0.19679469942445124,0.0,1.214276191900313,-2.5121540047790796,-0.6714301126596535,0.0,1.3108454243542287,-2.021861802999109,-1.22991006024574,0.0,0.6770329530241869,-0.7670343986901224,-0.9077957532347112,0.0,0.3187469065677957,-2.5542670831336114,-0.1466781229455756,0.0,1.0169593663783314,-3.565143971262435,-0.7898295529941245,0.0,1.3280800875050116,-3.797585770005463,-1.6210293166943939,0.0,0.33550176202325904,-0.8198146204193671,-0.5915922004560451,0.0,-0.14791814840994036,-2.3299761634790244,-0.15618584489129392,0.0,0.2922583980484028,-3.908560997886047,-0.9428673788990931,0.0,0.13711075011092952,-2.4473478468584022,-0.8240328335136115,0.0,-0.019053188935369166,-0.8004891365563596,-0.28822003302294347,0.0,-0.5104582312187188,-1.8106330103130435,-0.1700312579525948,0.0,-0.35803901833166735,-2.465144687564873,-0.5027690091230042,0.0,-0.3483575595066568,-1.8901051993062739,-0.44447819870397204,0.0,-0.3143469944881473,-1.0596390088084648,-0.19342250293890378,0.0
0.0,0.0,0.0,0.0,0.5554286238103199,-0.2964230565728614,-0.21546955050384817,0.0,1.519822663303167,-1.8638993847206047,-0.49261657887062205,0.0,1.1265628141581758,-1.9190828078393711,-0.38662666008605145,0.0,0.871117399518051,-1.5770118315446895,-0.2791501872582027,0.0,0.8461045676344542,-2.639684693008344,-0.1798742890899592,0.0,1.2065452223968933,-2.5254368594328342,-0.6412536457947123,0.0,1.3285536035381453,-2.0546943132231514,-1.2074931751249804,0.0,0.6883927529575231,-0.7446410340898386,-0.8766905178225651,0.0,0.31404365157076763,-2.6295428720814393,-0.13804023259257076,0.0,1.044647762406957,-3.5648474875668987,-0.762872870140707,0.0,1.3738325569436682,-3.714832621230248,-1.5080855965515616,0.0,0.3597924602637703,-0.7624075313521099,-0.5316681485718163,0.0,-0.17171596996046223,-2.3456176066637355,-0.16012788337730166,0.0,0.34154708119114713,-3.893629342907129,-0.9336787926505786,0.0,0.22234862728312216,-2.70536308144261,-0.8708100340959635,0.0,0.021228715170802805,-0.8224042242011391,-0.2722332076052443,0.0,-0.5265252021414908,-1.792998560130697,-0.18332527279101968,0.0,-0.3296512922760262,-2.5294479830292125,-0.5330320935116735,0.0,-0.3309120270313759,-1.9524500522911528,-0.4690172434783659,0.0,-0.30277424114660634,-1.0191339528530319,-0.1922249895735226,0.0
0.0,0.0,0.0,0.0,0.5392600642875311,-0.26606904741058496,-0.2385710130783762,0.0,1.4549656658499937,-1.5676016559290782,-0.5112006456793523,0.0,1.1995409733281408,-1.8753137330905576,-0.44956338352535014,0.0,0.9277586630094128,-1.5657300167919646,-0.3262626476420431,0.0,0.8403064717051099,-2.624078841240159,-0.2095910801435126,0.0,1.1935333325600481,-2.488615209158789,-0.653032831785634,0.0,1.385138167349018,-2.1795466316581313,-1.2527356453603167,0.0,0.7302026436803866,-0.8373240994082324,-0.9169821004190859,0.0,0.32272361003009026,-2.599302992405768,-0.1439287822006916,0.0,1.0381801919486995,-3.516037564630695,-0.7809634745234322,0.0,1.4620894784365048,-4.112259577015383,-1.7284209861758768,0.0,0.34979293576113935,-0.8394883866526771,-0.5890683606351345,0.0,-0.13998710811166115,-2.334273088048086,-0.14344924042713952,0.0,0.3752254864604406,-3.974584552492455,-0.9546332496812011,0.0,0.1810644766112726,-2.5402470590914707,-0.8619701878195933,0.0,-0.013018196032259155,-0.7650124088997746,-0.2839444050236509,0.0,-0.493940296199982,-1.8169877389928168,-0.15245609022042814,0.0,-0.28954492920188857,-2.585292168265131,-0.5040744482886931,0.0,-0.3199084044621955,-2.075429852806898,-0.4637665252216849,0.0,-0.31855422507195325,-1.1032642789138742,-0.18999440546544388,0.0
0.0,0.0,0.0,0.0,0.5440902149968787,-0.2710126003041674,-0.21466168643508537,0.0,1.4864983170979933,-1.6678271118037773,-0.47127237020023544,0.0,1.2078909053806803,-1.9338204733693045,-0.4061896281457235,0.0,0.9201583811047384,-1.6128294289396408,-0.2909606161480611,0.0,0.8601593068578153,-2.7290900242109304,-0.2254733219657397,0.0,1.1601259340621384,-2.4347739488703395,-0.6094641274246586,0.0,1.4489247952527589,-2.281989664327034,-1.218330784009932,0.0,0.7903051345834937,-0.9091547343645041,-0.9058852226751538,0.0,0.31537825589871765,-2.6513599835788186,-0.16914394794936072,0.0,1.0386276705325839,-3.44124515334456,-0.7732041232526452,0.0,1.5074810660549285,-4.04179181096136,-1.675514188215277,0.0,0.3717133077593735,-0.8395456034973232,-0.5739902161974099,0.0,-0.15385207016433913,-2.353518386117224,-0.17668466777191477,0.0,0.43767370654378507,-3.9732933057687707,-0.9786644098698514,0.0,0.26151144495694145,-2.7677233838347206,-0.9271549338981024,0.0,-0.001912115263581019,-0.8255108337207063,-0.2948043963985188,0.0,-0.5034238583482586,-1.8165255708298618,-0.18785136972183739,0.0,-0.25875675652659297,-2.6914250775003667,-0.5690274279841718,0.0,-0.3004554592793612,-2.0266212315645555,-0.4870560610204398,0.0,-0.32248409544786166,-1.01989301635668,-0.19608534982800582,0.0
0.0,0.0,0.0,0.0,0.5394172695973632,-0.20965480749417292,-0.2302918459594806,0.0,1.5194639927757883,-1.4957350414012756,-0.49722034023759437,0.0,1.3001993960813991,-1.8574789251190151,-0.43893730715667506,0.0,1.0016292018476998,-1.5590884797193791,-0.31182545770132447,0.0,0.9898124378115634,-2.596666634204598,-0.20928282512332985,0.0,1.2891832709347164,-2.3676283306626247,-0.6155809824160496,0.0,1.5020382774156762,-2.073932875250913,-1.1814519958097536,0.0,0.8062746855911863,-0.782183114437735,-0.8672257080128708,0.0,0.45004436824945876,-2.6120240391249263,-0.14633115379984452,0.0,1.1508872232120713,-3.405546436018193,-0.7570646604692386,0.0,1.728481625378041,-4.224985766356056,-1.7200964098762659,0.0,0.42588097396975455,-0.8320607745648335,-0.5517324707510323,0.0,-0.0445592075918722,-2.3433957015634714,-0.1487662779685263,0.0,0.47888387744851113,-3.701925922002035,-0.8833765931397513,0.0,0.29652403402959215,-2.6822561283567494,-0.8588695791099855,0.0,0.03715385103737234,-0.7869733496391641,-0.2593805961900644,0.0,-0.4168707503885053,-1.8370857962790996,-0.1612286412687719,0.0,-0.17649206299504816,-2.5598828834293,-0.508333354542415,0.0,-0.2537572282694341,-2.054595274177374,-0.4596157806168243,0.0,-0.29440786366034466,-1.0758057835162336,-0.18231607280102383,0.0
0.0,0.0,0.0,0.0,0.5257846576464621,-0.20101485550749118,-0.20022423627229669,0.0,1.5099865990540071,-1.5124202158006521,-0.4362176202195476,0.0,1.305798626709065,-1.9412885687879937,-0.3928471248342586,0.0,1.005734198871548,-1.5898188897182908,-0.2700518336843647,0.0,1.042017890485911,-2.639816916644954,-0.20199261356942064,0.0,1.2671312670562662,-2.3260675377642417,-0.5714249140658695,0.0,1.5201166036900666,-2.1354653379330313,-1.1338033736081832,0.0,0.8158236038961331,-0.8259158425927409,-0.8332520527590377,0.0,0.48910201689132327,-2.6625791038937017,-0.14983369300840377,0.0,1.1309712946166468,-3.31849914468638,-0.7149205801199818,0.0,1.6807054726737827,-4.175631685656324,-1.6199363787403531,0.0,0.3946309462504663,-0.8293685252308552,-0.5095644135349591,0.0,-0.020305640077344003,-2.392667130111736,-0.15757651825932625,0.0,0.4772453601892021,-3.6575551671206576,-0.8511810845389517,0.0,0.28351724057604394,-2.7082926289637355,-0.828721603369098,0.0,0.014461241908992353,-0.8122299897000776,-0.239763875951887,0.0,-0.4091735627637337,-1.8693208784884454,-0.1681606781475418,0.0,-0.2143390814744676,-2.5063107132471503,-0.48774551624989954,0.0,-0.2873677580984487,-1.9861161534370164,-0.4233666562250759,0.0,-0.30991570512708816,-1.0917129206519667,-0.16252422587486423,0.0
0.0,0.0,0.0,0.0,0.5091348549808025,-0.1454553027344092,-0.22932816837678377,0.0,1.464070535082564,-1.4066761540784454,-0.47783149354592264,0.0,1.2847167541378284,-1.868155236545394,-0.41784765888079156,0.0,0.9685186988542666,-1.5929113739475111,-0.28347980088523,0.0,1.0567608516248932,-2.554372939610463,-0.2059221630901809,0.0,1.306997179264106,-2.3403146560255914,-0.6110789105401778,0.0,1.4598442440603057,-1.9815322766639094,-1.1130887445412545,0.0,0.77084722584899,-0.7417861030263622,-0.8034911887398402,0.0,0.5156519175466842,-2.6665885251968064,-0.1400819803385167,0.0,1.0705701322823549,-3.3517927278986104,-0.7239826001049918,0.0,1.7245561013696142,-4.515026477025564,-1.7514939254869781,0.0,0.4235372693589174,-0.9182976881075042,-0.5429445660606975,0.0,-0.023169807428234247,-2.405023307577246,-0.13924367229982834,0.0,0.3843324321846076,-3.5414199084113203,-0.8359291509534048,0.0,0.20446958868888943,-2.5204248131818257,-0.7978508645207346,0.0,-0.003660570027945313,-0.7839019530501954,-0.2347752348480202,0.0,-0.4237980063703972,-1.8498190449623175,-0.1456189848027901,0.0,-0.2358303187238534,-2.4337616855549102,-0.4581417192572762,0.0,-0.32614762888247856,-2.0198475629089656,-0.4089853828202453,0.0,-0.36268487341693795,-1.1559596100108005,-0.15120893789546047,0.0
0.0,0.0,0.0,0.0,0.5169233378260677,-0.19618960844428648,-0.21209800607668236,0.0,1.480134462777603,-1.499050739267421,-0.45003626632409066,0.0,1.281886908319628,-1.943102851924293,-0.3964756262028413,0.0,0.9669948082413791,-1.6243933697651536,-0.2701699031743363,0.0,1.0512686296923541,-2.6527012365884586,-0.20058041648624853,0.0,1.2662122109855176,-2.36995616469699,-0.5628275367015212,0.0,1.5351771142068409,-2.2552581658937187,-1.1294091283633476,0.0,0.8237015151411534,-0.9160645405888126,-0.8319816385311739,0.0,0.4969018938274466,-2.7035324198892745,-0.13857954161910613,0.0,1.0758249621344216,-3.329089855771705,-0.6894765363003401,0.0,1.7547126540764681,-4.659214319773433,-1.7270953482575173,0.0,0.4076817754860183,-0.8866012426978385,-0.512435252286868,0.0,-0.027129837676273614,-2.4235958451047233,-0.13795383143375511,0.0,0.418834546778742,-3.6716976023736634,-0.8349951132900384,0.0,0.23357630905903756,-2.6504787880418204,-0.8131021299208957,0.0,0.014229509053793188,-0.7725234164440895,-0.2367514521725676,0.0,-0.4210101609612064,-1.8786227025619735,-0.14316076711072004,0.0,-0.2526409537591098,-2.469828929470678,-0.4619343215783128,0.0,-0.3155649857535765,-2.002779660363661,-0.4197996550018107,0.0,-0.31111186816988723,-1.100374894135332,-0.1638768091785714,0.0
0.0,0.0,0.0,0.0,0.5171725390201152,-0.1775085328211426,-0.2254469704009212,0.0,1.4985690648859724,-1.5040937990750896,-0.4769212717209031,0.0,1.264687905855335,-1.9067974334596205,-0.4036237243648759,0.0,0.9463081022563715,-1.609236647833393,-0.273901172473628,0.0,1.0705071425481658,-2.630678156505747,-0.2344762630021037,0.0,1.2799596121172252,-2.352406919409174,-0.615740486784989,0.0,1.5013825894250954,-2.118173266969134,-1.1618734624156817,0.0,0.810249258441814,-0.8315632486159488,-0.849912856507041,0.0,0.5128025986216476,-2.6951313140723725,-0.1650533862067775,0.0,1.1214645488301869,-3.3884868111337028,-0.7736452300087239,0.0,1.5899083728847043,-4.054460370743654,-1.6784494407438015,0.0,0.39194998646373336,-0.8161877472342743,-0.5434204878715261,0.0,-0.015888852433147162,-2.4138586976303773,-0.15823867387789903,0.0,0.4217925659296821,-3.6403971936929587,-0.8883019937913658,0.0,0.2235794459059897,-2.5197342259552213,-0.8417342554631954,0.0,0.00599312163960352,-0.7378403862685138,-0.25587844532982257,0.0,-0.4128618773223886,-1.8661854969363068,-0.15787375208912105,0.0,-0.2384867097859681,-2.458297305260089,-0.488892063961708,0.0,-0.3087772436800485,-2.0009920039757296,-0.44877597637659494,0.0,-0.31907195017864,-1.1033396462509772,-0.18220339353466428,0.0
0.0,0.0,0.0,0.0,0.5350194186758124,-0.17661466168627402,-0.25760752180622803,0.0,1.453213240916394,-1.3915565759867048,-0.502086799766399,0.0,1.249324057830842,-1.8639314116317598,-0.4357381099880316,0.0,0.9376575222000052,-1.604297539146744,-0.29488991468987363,0.0,1.0655886005330688,-2.5657802377266115,-0.24466531209994155,0.0,1.3194532575824924,-2.3571289286564783,-0.669279352150926,0.0,1.4295949042653342,-1.9933979948862746,-1.1895313257925944,0.0,0.7444290851286988,-0.7752806136017224,-0.8641617952691917,0.0,0.515874426231853,-2.6581749797008136,-0.1607910594227591,0.0,1.0867320650693655,-3.357686004000136,-0.7981732968214468,0.0,1.5950369169008394,-4.340180982946709,-1.882567428111914,0.0,0.3942608748699986,-0.869063379926134,-0.6044532085776899,0.0,-0.007880249165085399,-2.400187138921527,-0.14488857131404845,0.0,0.3750591029776775,-3.5718307496743065,-0.8847738517408774,0.0,0.1343643779575072,-2.4253927280666425,-0.8461104621329419,0.0,-0.028680849482245276,-0.7014830652234556,-0.2666259823232561,0.0,-0.4067628554286065,-1.8732581676240616,-0.14389057082965784,0.0,-0.28564905995774237,-2.3700857809846707,-0.47361777350922973,0.0,-0.36378530404236104,-1.8974402642769137,-0.45017856313295584,0.0,-0.35376427315631315,-1.1114643875752428,-0.20964017531110662,0.0
0.0,0.0,0.0,0.0,0.5211787732162689,-0.2019113186332198,-0.25090930243387904,0.0,1.4672792222597522,-1.4972633843998702,-0.5164257681521507,0.0,1.2625881936791574,-1.9535767279196186,-0.4493888900204707,0.0,0.9206406664038637,-1.6600884247903156,-0.30107999463020474,0.0,1.100711462937333,-2.719576791880274,-0.23940219546763464,0.0,1.2769102497485743,-2.3620621150689995,-0.6118136161088519,0.0,1.4856078508894495,-2.1743577485836543,-1.1609602520141655,0.0,0.8131748906496727,-0.9336098150481505,-0.8816509022201842,0.0,0.534698998587815,-2.7850063989639464,-0.1477926252989828,0.0,1.078283104545544,-3.3648452589059095,-0.7356983948530151,0.0,1.7133960994219795,-4.754193672172373,-1.8684167425948826,0.0,0.39618429380127823,-0.9284089623196876,-0.5648602900609946,0.0,-0.010269986640681949,-2.4845090562992915,-0.12982474026383986,0.0,0.387964891220358,-3.620071377639517,-0.8356727890303303,0.0,0.18831637945201904,-2.664987856340865,-0.8494504462436904,0.0,-0.0017847439930540356,-0.7597424747266204,-0.248718204721474,0.0,-0.41473701232126636,-1.90808577311731,-0.12660595811601555,0.0,-0.2711721783581608,-2.4414641509350106,-0.4512746787430642,0.0,-0.340908943271576,-2.0365280221662174,-0.4329193448042143,0.0,-0.3276613780719845,-1.1530762659265903,-0.18076669954113228,0.0
0.0,0.0,0.0,0.0,0.5459590945690379,-0.18381704700002133,-0.267967638138656,0.0,1.5106213531191688,-1.4243022836232704,-0.5340684407346303,0.0,1.2900676121008479,-1.8763700057464372,-0.45626747217521824,0.0,0.9499234458116442,-1.6159234345653417,-0.3080397941005128,0.0,1.1273772611607042,-2.6101467403322287,-0.2726950257903153,0.0,1.3517819503063453,-2.361394267007798,-0.6960269651917205,0.0,1.5131668315918285,-2.1090938932711984,-1.2729925504597404,0.0,0.8210434650490573,-0.9002917094308704,-0.9616172269919226,0.0,0.5683664287136492,-2.660209983426871,-0.17310446503432508,0.0,1.1947045582840723,-3.448098301430276,-0.8803605840125218,0.0,1.5432759977617008,-3.8669861028627572,-1.8325737300587863,0.0,0.41580642917071403,-0.8149738907830304,-0.6372914243633132,0.0,0.05517614261103591,-2.4062036391158284,-0.1477521981058999,0.0,0.49404580655363967,-3.688616834410856,-0.9476070180777568,0.0,0.25734224753180873,-2.479744112113469,-0.9076388402284136,0.0,0.035993203759479564,-0.7013111413533584,-0.2908369266690069,0.0,-0.3505361590923968,-1.8942191795862986,-0.1406931385742594,0.0,-0.21669430520764374,-2.4255037895577205,-0.5007582716735635,0.0,-0.2781596919179696,-1.9448989644173982,-0.49731926230588425,0.0,-0.26878867389120137,-1.1095476538698157,-0.24310863793013818,0.0
0.0,0.0,0.0,0.0,0.5272246136516232,-0.18416012819536315,-0.24182263344906793,0.0,1.5042897232310277,-1.4128263693631677,-0.4831037412212925,0.0,1.3501540462735109,-1.9779908765383738,-0.43286071860843683,0.0,0.9694468477553307,-1.6837857518386825,-0.2812812601123229,0.0,1.2466169598892487,-2.7938337199880015,-0.22812402634653023,0.0,1.3479416535153328,-2.3897882923818097,-0.5885252028637113,0.0,1.662689613676291,-2.3939269562355547,-1.164482387502204,0.0,0.9689169853725615,-1.1360341867736583,-0.9073149859965188,0.0,0.6608900579451884,-2.8665048980844934,-0.1343158589780287,0.0,1.213469289844494,-3.412326943755663,-0.7461266562270882,0.0,1.83912469030014,-4.513378577539525,-1.7724961044004228,0.0,0.47575302665215913,-0.9631947536922757,-0.5647112413070688,0.0,0.09360987682103016,-2.541927251094153,-0.11783234225139001,0.0,0.5352964407882209,-3.64202800587153,-0.8305353944024758,0.0,0.33836618660236567,-2.740195431861861,-0.8584064335663066,0.0,0.06131495892543474,-0.7957313138368101,-0.24594416570653188,0.0,-0.3407278769361277,-1.9433459790914493,-0.11703857825212328,0.0,-0.16890126457224464,-2.487825256781547,-0.4526775411822977,0.0,-0.24345454911545444,-2.1338626053153313,-0.45578464176377465,0.0,-0.2590614354936079,-1.2580482791361791,-0.20168348027861432,0.0
0.0,0.0,0.0,0.0,0.5543105080228904,-0.21223237389346802,-0.23916035221168705,0.0,1.5261832189571254,-1.4432873831417672,-0.4713895442674543,0.0,1.3353331685962082,-1.9552192370513797,-0.4186765617352259,0.0,0.9606062747418044,-1.6711400521607631,-0.27833274249752177,0.0,1.1898997214293625,-2.7051337797395894,-0.21526697597246325,0.0,1.338050664783606,-2.4099464174571668,-0.5985136620279223,0.0,1.6613041234035972,-2.389883332794726,-1.1999142642482068,0.0,0.9366279811902319,-1.0551119622941278,-0.9031114809782558,0.0,0.6202486814559627,-2.768370082611325,-0.13343309022444352,0.0,1.2314432348442188,-3.4302156588419543,-0.7719925117423678,0.0,1.7802326560034,-4.215291291900354,-1.7384979164742445,0.0,0.4629874787077832,-0.8582266110698928,-0.5635218289194716,0.0,0.07570953970212187,-2.474208134294849,-0.12340185809065057,0.0,0.5439016428695351,-3.6550280413044964,-0.8667734822660319,0.0,0.3632403609462769,-2.7149952427924973,-0.9094418811529098,0.0,0.07157815154328999,-0.7342014885576486,-0.26793440406855296,0.0,-0.35011192951876774,-1.906288837462388,-0.1251931992531675,0.0,-0.18607678752894258,-2.4482963762835017,-0.48346118893567747,0.0,-0.2398031810016679,-2.04852421131604,-0.5015445442596318,0.0,-0.232551191145117,-1.1333398846899572,-0.23598162087048324,0.0
0.0,0.0,0.0,0.0,0.5366197271633735,-0.19043165397493025,-0.242364206545595,0.0,1.4999682874406286,-1.3798453083160338,-0.4776838648030445,0.0,1.3633982442405848,-1.96112556438734,-0.4369330451052702,0.0,0.9810157382683239,-1.68347508480994,-0.2872196367648226,0.0,1.282875248660879,-2.8460275190498696,-0.25050173117615276,0.0,1.3213551474670253,-2.376492609682951,-0.5904750659545986,0.0,1.6877139676444752,-2.4211158188822375,-1.1848716128779262,0.0,0.9505902319727325,-1.0820460316327802,-0.8838809023372742,0.0,0.6887025920226867,-2.9460387029025465,-0.1578015630225626,0.0,1.1890560844653806,-3.278590324078856,-0.7551215946326405,0.0,1.7787343643542608,-4.239251405924206,-1.7649447921826138,0.0,0.4376230013593833,-0.8783270963675642,-0.5597140466166739,0.0,0.09690402877783258,-2.5721974054234145,-0.13725849932924356,0.0,0.5457762269642596,-3.5166824511369907,-0.8350636755657809,0.0,0.370163039569747,-2.874751925164135,-0.9352667469475535,0.0,0.04548416662010799,-0.7920150318129309,-0.2562821072468435,0.0,-0.3446090232635007,-1.9299348969928523,-0.12927440299338405,0.0,-0.13327480815726428,-2.5078959662691513,-0.4748041834060941,0.0,-0.2235276086124495,-2.22653965185611,-0.488461109644491,0.0,-0.26591410347054123,-1.262403541906931,-0.20627440840346883,0.0
0.0,0.0,0.0,0.0,0.5418063584337431,-0.18611818241790715,-0.24030073676963304,0.0,1.5325102621397377,-1.4173208697920667,-0.47855225144317104,0.0,1.3509386421766347,-1.956175040613456,-0.4245437137119925,0.0,0.9680304400731925,-1.6720743793100958,-0.2793198981271383,0.0,1.283710238505061,-2.8283483157998903,-0.24383704850612642,0.0,1.3443433380253302,-2.399022150419645,-0.6027080577606303,0.0,1.7070360048901747,-2.42760890921847,-1.2067846059562526,0.0,0.9678799940524457,-1.0739428146088408,-0.9064402305523868,0.0,0.6895517487256265,-2.9215904405247404,-0.15387311789914584,0.0,1.2222819677957155,-3.3191058074883126,-0.782402227871041,0.0,1.7976912615568301,-4.186832306778984,-1.8138215201386034,0.0,0.4453482626127354,-0.8431313393242713,-0.5879192109921835,0.0,0.10605070964267314,-2.5517686718622907,-0.13550322910142748,0.0,0.5675761389251649,-3.5398220838635526,-0.8514025822523582,0.0,0.4170445218248526,-2.9005761961404226,-0.9784737126704397,0.0,0.06570938720384317,-0.7628356124298966,-0.2774031905927505,0.0,-0.33224208766844143,-1.9236346907435935,-0.12966458654830465,0.0,-0.13252464391087146,-2.4934278589371335,-0.4905494776707866,0.0,-0.20068892268088356,-2.1820402325846704,-0.5240661277961425,0.0,-0.22773812198037555,-1.2012947187976504,-0.24102776144811616,0.0
0.0,0.0,0.0,0.0,0.5492744667696453,-0.20504694914787597,-0.2454605274733336,0.0,1.5089134545279832,-1.4157389896234231,-0.47391029128938517,0.0,1.3476255168947995,-1.9639814126592194,-0.4291329823199946,0.0,0.9639145584069915,-1.6948595450245505,-0.2819207843656021,0.0,1.319131927542138,-2.8839729064742308,-0.2101860744468685,0.0,1.3247881396592704,-2.3845709438649667,-0.5747411660418895,0.0,1.675194813958931,-2.4299321154872797,-1.172668933474665,0.0,0.9620219543039278,-1.1195133692821346,-0.8965060383871208,0.0,0.7214388263837659,-3.0466988523853287,-0.12360915574042569,0.0,1.1364553454317388,-3.207883903105901,-0.715991004703847,0.0,1.8531857420135631,-4.55469102851175,-1.8629001157055904,0.0,0.4582332870285424,-0.9210462085198912,-0.5742516088089118,0.0,0.09367945689459381,-2.624453029983365,-0.11596195382495882,0.0,0.515151937078246,-3.449058458776263,-0.8078326900285587,0.0,0.3565303696478907,-2.91740877868815,-0.9391232950796966,0.0,0.04925400544141373,-0.7961505054852976,-0.24760312224762418,0.0,-0.3555831936265408,-1.9313016976238282,-0.11858185177495535,0.0,-0.15739851994976828,-2.476888856530997,-0.46090243608145853,0.0,-0.25396656792953487,-2.15711371770475,-0.46321294298314675,0.0,-0.2762940926479776,-1.2501531511175603,-0.19235066831012618,0.0
0.0,0.0,0.0,0.0,0.5567159577963757,-0.21192482755899478,-0.24275837463498734,0.0,1.5297169230625236,-1.4442825514235151,-0.4787116015444573,0.0,1.352183405435433,-1.9831873414018684,-0.43539889057383074,0.0,0.9638634700948107,-1.6984884393968795,-0.2902837664016526,0.0,1.3243110417385024,-2.916464320431633,-0.225235968678045,0.0,1.3278518188331139,-2.391592809515442,-0.5951765476898734,0.0,1.6820750966053133,-2.427662934927965,-1.2100082762399993,0.0,0.9727133577472886,-1.1263541424669872,-0.9380835724564712,0.0,0.7204496950353767,-3.0720253918945564,-0.14681659440069536,0.0,1.1467679024113935,-3.1848180440266094,-0.7479228724124429,0.0,1.8716916416094433,-4.486024628118194,-1.9373385790494322,0.0,0.45213748189692465,-0.9192689726843637,-0.6167194750871681,0.0,0.09259605649180862,-2.628008770326239,-0.1416049466872051,0.0,0.5488799390422846,-3.4481971207117876,-0.8506681731060705,0.0,0.4218736245703782,-3.0056989679081605,-1.0305689660622477,0.0,0.056246318037999884,-0.7920486468201485,-0.27672290691733986,0.0,-0.3563273589157847,-1.921296712888653,-0.14159023621710098,0.0,-0.1294940301782117,-2.514908958171749,-0.5039160416402263,0.0,-0.2119154334434523,-2.2258227634533365,-0.5206869245460517,0.0,-0.24697252564500957,-1.2418612402382425,-0.22123017778583723,0.0
0.0,0.0,0.0,0.0,0.5461092614564244,-0.2185367008531544,-0.25246123977338825,0.0,1.5165872405389156,-1.4755995531423658,-0.5183631557884053,0.0,1.348793645564536,-2.0024152003898825,-0.47593487773279997,0.0,0.9726584126064968,-1.6994331736608703,-0.3197392066103154,0.0,1.2671092379261737,-2.8497270015160945,-0.22431469487250363,0.0,1.3082540470431623,-2.4140715723243047,-0.6383384518358448,0.0,1.6037302738627708,-2.3175681896981697,-1.250195380568247,0.0,0.922483677449914,-1.0185115437149264,-0.9508517426150728,0.0,0.6826731633213373,-3.0155553648369815,-0.15074578113372258,0.0,1.0487401973952997,-3.0583491318884533,-0.7494313369564827,0.0,1.8693679818741962,-4.565735399203128,-2.080542197899355,0.0,0.4522598427419552,-0.8637519373235951,-0.6365686165116199,0.0,0.0626624265570981,-2.5930986858398484,-0.1513417897215337,0.0,0.4730274096577782,-3.3276990858365205,-0.8734174025927759,0.0,0.37951781380657024,-2.9997166580623222,-1.1235440358540634,0.0,0.05176268281695383,-0.7605743123280315,-0.3049718827382377,0.0,-0.3832208213974182,-1.8919525120706182,-0.15313530686831436,0.0,-0.17465663489490602,-2.4434297480708778,-0.5251758582318043,0.0,-0.2517761407235225,-2.2159387683928515,-0.5654716159026089,0.0,-0.2638521043401726,-1.2567621768933954,-0.25441357724664604,0.0
0.0,0.0,0.0,0.0,0.511356229833887,-0.16664525042300196,-0.23587605421082,0.0,1.4471154912079631,-1.2694709967679936,-0.4767088492821766,0.0,1.4322366035516623,-1.9634604068005885,-0.48024908983689046,0.0,1.0447468874127308,-1.7107387748859169,-0.3246231763265156,0.0,1.364010974033311,-2.8527358005637447,-0.23740470781857723,0.0,1.3109666902080839,-2.3575278196521605,-0.5859039055276483,0.0,1.7146922113788219,-2.5070535154436575,-1.2191908248574723,0.0,1.0049926319544389,-1.1939513881512298,-0.9421029753257655,0.0,0.7812429858277139,-3.1192547805116857,-0.16391636797684492,0.0,1.0733228122788265,-3.0432209992919215,-0.7069462878115901,0.0,2.106670362743848,-5.111324785457318,-2.109111142686392,0.0,0.49705093556068997,-1.0091923091160824,-0.6100285738362065,0.0,0.11259280412220804,-2.6582698633968223,-0.15260204167082145,0.0,0.4796257185994651,-3.2546235690064966,-0.797627209711167,0.0,0.41725107896326613,-3.1742137941596473,-1.04916838457208,0.0,0.0646218715079161,-0.8494862910597226,-0.26693712709130935,0.0,-0.3505237259893362,-1.9318650794857628,-0.14696383735542212,0.0,-0.14032631342915936,-2.4285590012622573,-0.47915018372524254,0.0,-0.23242116885538633,-2.2861962992039,-0.5099420320751554,0.0,-0.27073411546972687,-1.3597600502336773,-0.21876614320448778,0.0
0.0,0.0,0.0,0.0,0.5040223771084646,-0.14381601750685435,-0.22801736420731245,0.0,1.4715867902904254,-1.2611968075311637,-0.46117441880087473,0.0,1.439620486942872,-1.9521436946799182,-0.4498754973671908,0.0,1.0363664666210657,-1.6918726994775142,-0.2973115044721867,0.0,1.3866218302557405,-2.8016194882342145,-0.2218963718233581,0.0,1.329000011847819,-2.320678768023313,-0.5576436962107668,0.0,1.7538819232702128,-2.473966552192864,-1.1726525337428715,0.0,1.0332259660131822,-1.1650331251067072,-0.9103461596049482,0.0,0.7953289321664441,-3.0319808912293396,-0.14674005201965956,0.0,1.097310533868362,-3.0378893594646614,-0.6684381503543954,0.0,2.302893841730728,-5.398689930654875,-2.1093220841974776,0.0,0.5333656464857449,-0.9992321498865729,-0.577255733068071,0.0,0.13323935353683494,-2.600942783161306,-0.13705016379426604,0.0,0.4975644313738618,-3.2315928856228844,-0.7591990500374313,0.0,0.4654669987544338,-3.090236035474374,-0.978847807918879,0.0,0.10533051910099396,-0.8078349294114304,-0.24428689716186372,0.0,-0.33356185419015294,-1.9053042889363323,-0.1339455821929968,0.0,-0.13226065243072138,-2.4030469686659193,-0.4697949671880119,0.0,-0.2076501699955449,-2.1515578844658916,-0.4936973398796528,0.0,-0.2250452596216121,-1.2102462467372805,-0.20950827650485615,0.0
0.0,0.0,0.0,0.0,0.48546133800114755,-0.1528641822437862,-0.24527207319660782,0.0,1.37720660520666,-1.1221049312618177,-0.4778034191762567,0.0,1.5147298383615184,-1.8848689914562902,-0.5365403470066294,0.0,1.160317823163628,-1.7342100516664185,-0.3900172138481412,0.0,1.3505842977625295,-2.7530666888092155,-0.19299428100436086,0.0,1.2712759863511813,-2.307830321882172,-0.5934836602176815,0.0,1.6505903476863208,-2.39865454738493,-1.2440023249446317,0.0,1.0354276214058917,-1.1605628804353822,-1.0182792191767438,0.0,0.781303165527564,-3.0110951723052186,-0.12984428684426358,0.0,0.9363688276250054,-2.7534702139036766,-0.6586095671470988,0.0,2.248187623746104,-5.648735887064885,-2.519140674019148,0.0,0.5127728198835785,-1.0238351271530706,-0.7125683321190585,0.0,0.1183162014521088,-2.59853157514497,-0.14199603068330582,0.0,0.4273369769451174,-3.00181069627528,-0.7916041059160243,0.0,0.380377048061065,-3.171785289115584,-1.2273152615102898,0.0,0.04119591705093993,-0.7972475437471526,-0.3283792138233855,0.0,-0.35764292423955074,-1.8830122686164372,-0.1492008746975444,0.0,-0.1663976917979727,-2.3225848778662583,-0.499832075491136,0.0,-0.2730764068956293,-2.167426923996947,-0.554275709246155,0.0,-0.28980389843746557,-1.2551236489413444,-0.24486965448504305,0.0
0.0,0.0,0.0,0.0,0.46565868717608655,-0.13695656603186296,-0.21156369322293667,0.0,1.3009756803471706,-0.9511490181680788,-0.412960596651539,0.0,1.568666627805142,-1.6678400284476531,-0.5056075844024992,0.0,1.3135131387601604,-1.65959736512713,-0.4094586541886783,0.0,1.342048232535756,-2.7170601444664424,-0.15696765954619152,0.0,1.244802907272731,-2.2526200897362285,-0.5191503074820238,0.0,1.7419266777765077,-2.5798680372695006,-1.2079617366626554,0.0,1.1255411048706399,-1.3111882308840574,-1.0249660478805322,0.0,0.7636116868237667,-2.914456640440779,-0.11279078348314221,0.0,0.9364357700595337,-2.692333210068376,-0.5961719587762058,0.0,2.5971779242303334,-6.353549630925543,-2.5994692939456003,0.0,0.5837060449430554,-1.1259106902270206,-0.6973505525281305,0.0,0.12632600440305725,-2.5260487669364275,-0.13457689257072633,0.0,0.43535804064159994,-2.9074204200884526,-0.7074094198915539,0.0,0.4735546563454123,-3.463007109211926,-1.205690133105907,0.0,0.07946345987083364,-0.8668613986604903,-0.310316191873148,0.0,-0.33554712678601756,-1.8758040876002449,-0.15031007468503477,0.0,-0.15003187085437436,-2.2919778506490123,-0.47407882520452976,0.0,-0.2351892819521768,-2.1863626200019497,-0.5401414636774341,0.0,-0.24663639613535082,-1.2683330898764016,-0.24427452447232703,0.0
0.0,0.0,0.0,0.0,0.4768656160468988,-0.16092500278045274,-0.23197282630857885,0.0,1.4214482183099877,-1.2733414344042187,-0.4770061059296886,0.0,1.4500566764925484,-1.9803736911542351,-0.48970895268990355,0.0,1.0680984591713885,-1.717430012916528,-0.335969438777532,0.0,1.4290073336984672,-2.957901634796296,-0.1909942307813556,0.0,1.2533120714769252,-2.3421864502269107,-0.5663614950726261,0.0,1.6743942681657684,-2.5364978467906325,-1.2196708115177313,0.0,1.0625208878262,-1.273003140404496,-1.0098046900801214,0.0,0.834508847508095,-3.2858304142818207,-0.12925641981132835,0.0,0.9481372243195092,-2.8321537031211177,-0.6449876793860672,0.0,2.3015724323074007,-5.918622831688463,-2.480496216605672,0.0,0.5187800750944036,-1.0878258658491173,-0.6864785016738776,0.0,0.11026935631402097,-2.7288747516272616,-0.14313058484262128,0.0,0.4322162608362734,-3.0556251521439064,-0.7839190976423005,0.0,0.39019822555392436,-3.222280382700128,-1.2030392801170051,0.0,0.051746708855996734,-0.8193307567498384,-0.31898468801546975,0.0,-0.36972954913042033,-1.9153146607682818,-0.1470629691225359,0.0,-0.17789896925944665,-2.348204594273549,-0.4941539759836928,0.0,-0.26721741713859876,-2.2182891798396405,-0.5575276735364844,0.0,-0.26232250874698726,-1.2788391745309855,-0.249882726872268,0.0
0.0,0.0,0.0,0.0,0.4593636210896753,-0.13421814128301765,-0.21163010833351775,0.0,1.3689465171000932,-1.1164893450315856,-0.43072430286332464,0.0,1.5243479173742447,-1.8606394889850366,-0.4735442680840418,0.0,1.1668516078871922,-1.687625056864949,-0.34036554219129844,0.0,1.486523524720573,-2.980024149130449,-0.2135109070889926,0.0,1.2617051149875307,-2.3219539391660926,-0.5588860897092061,0.0,1.734648651233728,-2.5926913503878386,-1.2017782894668745,0.0,1.1581520746094887,-1.378820949852251,-1.03055550403145,0.0,0.8831391758740462,-3.343158625931925,-0.17190545193409623,0.0,0.9320125601795181,-2.7594836547761754,-0.6285739330823295,0.0,2.616695279862054,-6.5343437574054715,-2.6598616086627,0.0,0.5850167808632889,-1.1838504061880468,-0.7031140891154596,0.0,0.13052924386433049,-2.746962530043895,-0.185086280654284,0.0,0.43234832668784,-2.9374272025397556,-0.757286369612675,0.0,0.489890252789957,-3.5042053214872007,-1.266620033001464,0.0,0.09078330289486025,-0.9140044263995142,-0.329177225156974,0.0,-0.35981271828928996,-1.9092347195928852,-0.1815070898164411,0.0,-0.14510482723947174,-2.324915478656153,-0.5097843633422291,0.0,-0.2300946809846196,-2.270467179533898,-0.576376809137284,0.0,-0.25170157815337313,-1.344244074154115,-0.2624515356296205,0.0
0.0,0.0,0.0,0.0,0.4843293409390598,-0.16781957663512873,-0.2015669051931466,0.0,1.395726327718699,-1.1718496298732468,-0.409605859881419,0.0,1.5382420991176098,-1.8775893333035965,-0.4494779369552007,0.0,1.185188416044206,-1.6989079817841986,-0.3247791742900079,0.0,1.448580257892361,-2.9697035158199134,-0.1431640558458179,0.0,1.2785546440120856,-2.3530734978466272,-0.5200272379171615,0.0,1.7800416101320362,-2.6985130666719974,-1.187805586488475,0.0,1.1788576809384912,-1.448967237792293,-1.0217856945541297,0.0,0.8291499471041409,-3.2234382295761113,-0.10692076740762681,0.0,0.9672621726039524,-2.7940267698987222,-0.6070914486600574,0.0,2.5556326431692264,-6.253512238802855,-2.4770594553739467,0.0,0.6072852377193423,-1.1938964774268126,-0.6901055183751734,0.0,0.1252529700443382,-2.6783365307605176,-0.14052182189010462,0.0,0.4590070576304624,-3.020590169013408,-0.7442767486295967,0.0,0.5164035102585932,-3.485736105279667,-1.2095161868081985,0.0,0.1113869283308076,-0.9128810500720285,-0.3121442986449501,0.0,-0.3438526201989939,-1.9195161535716438,-0.15914580171021533,0.0,-0.12999232010360473,-2.3753314813293698,-0.5028747618678311,0.0,-0.20404016982938158,-2.281287151101517,-0.5736493526211204,0.0,-0.21645321995073932,-1.3346528362704049,-0.2639112082898047,0.0
0.0,0.0,0.0,0.0,0.4644866443801395,-0.15689915303070312,-0.17491831571139663,0.0,1.2966024118404942,-0.9935984495896072,-0.3511343345075865,0.0,1.5533967799322785,-1.6344083235936944,-0.42784556818786673,0.0,1.3311191499217794,-1.5088278765148457,-0.34233237283598145,0.0,1.4304958452657175,-2.911874192913648,-0.1118169877596043,0.0,1.225683754848282,-2.3406962748292615,-0.4853687026265471,0.0,1.7903119080958847,-2.8196090413598385,-1.1860464331278269,0.0,1.2000063950030673,-1.4985606053839486,-1.0262340842063393,0.0,0.8296960647669627,-3.222871951400381,-0.10371133625287002,0.0,0.8698352896630162,-2.6656335873073207,-0.5550389370730606,0.0,2.7035978931625992,-7.1293192454973155,-2.677444569496821,0.0,0.6395776457896646,-1.338936902992182,-0.720774728454726,0.0,0.1196248180304102,-2.698359950293643,-0.15584977241411155,0.0,0.391631240596118,-2.8227790980180045,-0.673416616083685,0.0,0.4970214308302084,-3.821920543013739,-1.2503919066190197,0.0,0.1090739976608024,-1.039055696375139,-0.3225089933348338,0.0,-0.358032182251702,-1.9132995636124357,-0.17941845624231284,0.0,-0.15743421264884283,-2.281630895430106,-0.4804749899553967,0.0,-0.24137110312594776,-2.2774357737060655,-0.5519174397046415,0.0,-0.2545690836667787,-1.4202933323996272,-0.2650203783044479,0.0
0.0,0.0,0.0,0.0,0.4517117233816327,-0.17077775503654305,-0.18100627211344947,0.0,1.2498333783574462,-0.9390608501307949,-0.3749175224035112,0.0,1.526248833592407,-1.4580556213873341,-0.47359699968017055,0.0,1.3832802167996865,-1.3352363950772759,-0.4093479518465768,0.0,1.3344569057774198,-2.778838783168487,-0.12160618149310679,0.0,1.1813163540845957,-2.2879168737106954,-0.49588603164240397,0.0,1.7392700456604246,-2.7683802127880703,-1.2192028213453197,0.0,1.2189222809570228,-1.546398527337052,-1.1099407900399343,0.0,0.7583522670153234,-3.0600560197803857,-0.12558578664732037,0.0,0.8202542138386901,-2.602125490654251,-0.5745902988769545,0.0,2.5583909946796988,-6.931196671582804,-2.7710609245728537,0.0,0.6533669919949439,-1.4200468833467297,-0.8188242209214232,0.0,0.0922401993896876,-2.6175978628128562,-0.18398655815782403,0.0,0.3667793307694527,-2.7991021277269366,-0.7197454506314114,0.0,0.4480540644608235,-3.6764209512761497,-1.3337537341406043,0.0,0.08985686728788927,-1.0064212062323428,-0.3696036305125075,0.0,-0.36767644797527055,-1.892902981582875,-0.2099178000349983,0.0,-0.17406167918722829,-2.247164316211045,-0.5033679945964834,0.0,-0.25930987733902716,-2.2785353829424517,-0.5820719727302903,0.0,-0.26934180382559836,-1.4698174145226734,-0.2921771142584915,0.0
0.0,0.0,0.0,0.0,0.455796739096957,-0.15033361799651526,-0.18325016825362345,0.0,1.2555386798031156,-0.9106245631192743,-0.3797509682023929,0.0,1.5424213741624688,-1.4595773320510048,-0.4769034983317569,0.0,1.3781331828741439,-1.299618675923935,-0.4020192850436326,0.0,1.3899378435092276,-2.8090651804213627,-0.11756971910535444,0.0,1.2130470390509696,-2.2672696769359635,-0.4881977567793346,0.0,1.764630481165105,-2.727892984682273,-1.2093423756740826,0.0,1.233948990075131,-1.5221471777395896,-1.1074820689626732,0.0,0.7991305920028275,-3.0809026349774475,-0.11123397123341454,0.0,0.8344402327014002,-2.5906782442097023,-0.5509453006148509,0.0,2.739175477789661,-7.29812244804807,-2.826622952429809,0.0,0.705343590886157,-1.5122191272816545,-0.837611544833663,0.0,0.10967944540561589,-2.6099854735294303,-0.16354155595185263,0.0,0.390879597371147,-2.7699371427243142,-0.6991720761458542,0.0,0.5012838308273423,-3.670110264933555,-1.3330390318440604,0.0,0.10341306307905498,-0.9839627037188463,-0.3660949307539487,0.0,-0.35877000534167713,-1.8663431091526823,-0.18468875964296322,0.0,-0.16007448868952195,-2.219537448585902,-0.4837846451121665,0.0,-0.23417275541933635,-2.2674007057623293,-0.5713064958307493,0.0,-0.24900645018239345,-1.4086440241590985,-0.27563778932630156,0.0
0.0,0.0,0.0,0.0,0.4515419694086785,-0.17174198196609006,-0.17275043999096984,0.0,1.2241385552699569,-0.8903511819162157,-0.35920931017938623,0.0,1.5376020361162477,-1.4093240059918206,-0.4724632662467037,0.0,1.4119783329629374,-1.2822031275630366,-0.415794902023766,0.0,1.3354773704883827,-2.7720331909259226,-0.11080048963586538,0.0,1.1748412940472526,-2.2720720653343305,-0.47594768453216457,0.0,1.7583787300340323,-2.77781508890075,-1.182485747084618,0.0,1.3052532922269744,-1.634605720063754,-1.1239841430953206,0.0,0.759911943333582,-3.0097059339993018,-0.11819713568339689,0.0,0.8314546885794272,-2.6036025684487116,-0.5690609487757712,0.0,2.6369915120376235,-6.933118919145436,-2.7618815043031657,0.0,0.7009523180988246,-1.4444974487673212,-0.8318259641521579,0.0,0.11252802647922211,-2.5949029196289577,-0.17908245642414905,0.0,0.37290692922766366,-2.762851132705747,-0.7084974692266957,0.0,0.5198561016117209,-3.777888887718921,-1.3954464126851298,0.0,0.13172700642432225,-1.024635526034861,-0.39684074256748525,0.0,-0.3465771760923674,-1.9027048222346374,-0.2078700138187155,0.0,-0.15985263673923994,-2.227020109479966,-0.505737883393557,0.0,-0.2335771392606197,-2.297662700891961,-0.6149261556713235,0.0,-0.24030217289934422,-1.4610384869836333,-0.32237097109109775,0.0
0.0,0.0,0.0,0.0,0.46258646095112443,-0.19004022703636933,-0.17880203251944043,0.0,1.2396500352055806,-0.9257087812339099,-0.37628671499390504,0.0,1.5320267741477673,-1.4222148225763784,-0.4939546095284841,0.0,1.405397356766586,-1.260496186954865,-0.43526577955876744,0.0,1.3072789297927192,-2.7472442517315216,-0.12629308711029952,0.0,1.1723166679665844,-2.2766050801634656,-0.496809460891704,0.0,1.7496852146387973,-2.773186924208532,-1.2252955322891812,0.0,1.2754942947516237,-1.6015593425129928,-1.1449490566382736,0.0,0.7336124419244916,-2.9974649001383487,-0.13813117655683463,0.0,0.8164257683329411,-2.588648055726976,-0.5922379996998898,0.0,2.5176147355090803,-6.6808633774623,-2.7803848616925255,0.0,0.6854724917194881,-1.421789618195432,-0.8624607934019672,0.0,0.08828196644797218,-2.5771211948996777,-0.19830346683863112,0.0,0.3554483758857477,-2.7508588330625496,-0.7343628435721359,0.0,0.4956356797081165,-3.7625828715409777,-1.4478357080626476,0.0,0.12512892401069256,-1.0238952267606343,-0.41943538425494176,0.0,-0.36278710045153717,-1.8867836120937673,-0.22472333129022565,0.0,-0.17229315174786988,-2.2193189774148903,-0.5264986295498535,0.0,-0.24591620917458135,-2.2945145821783717,-0.6430319641233302,0.0,-0.24754799107114173,-1.4611769065058393,-0.34540328513154417,0.0
0.0,0.0,0.0,0.0,0.44846466235306076,-0.16816696947786972,-0.172931875271263,0.0,1.2963328328428871,-1.0466242314354302,-0.355089755956824,0.0,1.5090794734596784,-1.5919518342474446,-0.4162480969346906,0.0,1.306009988858466,-1.4164375475926134,-0.33232695316048577,0.0,1.353081884431763,-2.928461013911085,-0.09022574698918015,0.0,1.1755206799115492,-2.3284498271008127,-0.4610307474152611,0.0,1.7377134259450198,-2.7968926233361344,-1.136269533759432,0.0,1.2175091934263134,-1.5522978215574716,-1.020059389475955,0.0,0.7497859191251839,-3.209435213955293,-0.09094035508023846,0.0,0.8074385524574899,-2.675707991829347,-0.5306183938123977,0.0,2.8256509006479766,-7.8563276564273465,-2.801346732660075,0.0,0.6577050100104392,-1.4437164729354934,-0.7198859342841115,0.0,0.051058196623579535,-2.666907931118999,-0.15417297639220096,0.0,0.3393631449520193,-2.8480201656549684,-0.6915878551159323,0.0,0.3854345149571856,-3.4941605504864794,-1.1853186593965124,0.0,0.07276085851440937,-0.9703080302071964,-0.3138695623257552,0.0,-0.4030809846057502,-1.8736612456130584,-0.18180653248294978,0.0,-0.19794858793686548,-2.2599318157073056,-0.47950444553044397,0.0,-0.28146723105698174,-2.2500232966752054,-0.5359388086773088,0.0,-0.28530128472729066,-1.3835749975008849,-0.23995393015806438,0.0
0.0,0.0,0.0,0.0,0.4631962907809096,-0.19868214720094954,-0.17838972766106564,0.0,1.245781325914937,-0.96858762411461,-0.3874753333004377,0.0,1.5138379847924108,-1.405016610795367,-0.49802366538950704,0.0,1.387659928966034,-1.208404534042515,-0.43542253367289974,0.0,1.276321080915516,-2.7467330048163205,-0.13029460195639353,0.0,1.1555953544554673,-2.2597374877999092,-0.5022763288058393,0.0,1.7127698838270287,-2.7635297978906217,-1.2436471592746794,0.0,1.2517636771726015,-1.6328939832333154,-1.1835863912436364,0.0,0.7099695791647439,-3.00578447570427,-0.1464536780696444,0.0,0.7987746582781953,-2.5715145036242593,-0.5936578092636919,0.0,2.5061775224185268,-6.7294153679332664,-2.799036907575067,0.0,0.6931775563323976,-1.4703024484229446,-0.8803337136698006,0.0,0.05682112808834514,-2.5711810080070125,-0.20868466133664415,0.0,0.3410538538816172,-2.7576747342871557,-0.7483198010100829,0.0,0.47642480989705727,-3.7809958870151625,-1.4639342226047394,0.0,0.11045653634441363,-1.0370076267878574,-0.4193435757497623,0.0,-0.390443845365522,-1.8574411916811493,-0.23244153513189367,0.0,-0.18584350202483157,-2.2204051481599967,-0.5328714458554589,0.0,-0.26324466353350656,-2.2898896981245183,-0.6379912890901502,0.0,-0.2710376287886139,-1.4254890731316852,-0.32809832413058715,0.0
0.0,0.0,0.0,0.0,0.45867723111742387,-0.1846934590569239,-0.17011192557169014,0.0,1.3057837002992274,-1.08220099076266,-0.36132092958074224,0.0,1.511440379292823,-1.5833177738222561,-0.4269634995821481,0.0,1.3243575291954919,-1.3600759010663397,-0.345042900173615,0.0,1.3024232210121975,-2.8309062231994813,-0.11168709402612102,0.0,1.1621881595738184,-2.3035959699649986,-0.4911856461806523,0.0,1.7059411277304997,-2.7727051214347873,-1.2047290142995213,0.0,1.18667239466679,-1.542004669922035,-1.087739770190201,0.0,0.7134333240225523,-3.120617776019485,-0.12059769103622499,0.0,0.8015700760736594,-2.6744430674207584,-0.5791455836623635,0.0,2.5876829818009055,-7.193168759305506,-2.806776426538671,0.0,0.6290253695844781,-1.374541190315644,-0.758050015106878,0.0,0.03543289645350937,-2.6233969562363866,-0.18240644422778168,0.0,0.3221214090743077,-2.796306466050833,-0.7242062867739671,0.0,0.38578904288875554,-3.5057923214112443,-1.2812621570526928,0.0,0.08326328717921343,-0.9923517308417388,-0.3561998502124091,0.0,-0.41452735380972505,-1.8522312761935262,-0.20545196228140608,0.0,-0.20861348001060506,-2.2327351046371025,-0.5134572150083974,0.0,-0.284636433234795,-2.2400123047178635,-0.5960545160481673,0.0,-0.27562658734179046,-1.3768511209710612,-0.2874184618197002,0.0
0.0,0.0,0.0,0.0,0.45959206252840973,-0.1853968757430237,-0.17218842793655384,0.0,1.2220940943728165,-0.9097716348785065,-0.3718243260048148,0.0,1.5181491132622977,-1.3751582100326565,-0.49038596428281417,0.0,1.4001967443091763,-1.2180208859713975,-0.4341375786428022,0.0,1.2847065634978119,-2.7143375840700115,-0.12500167700579629,0.0,1.1588602582175795,-2.253450693543589,-0.49718958023433296,0.0,1.7282727077246622,-2.7846691401639285,-1.2453963058731394,0.0,1.2799235184677469,-1.6829961799743576,-1.2021028999106567,0.0,0.7298703980837303,-2.988643075302853,-0.14455990898466983,0.0,0.7960063975299575,-2.542758157644092,-0.5796126153466883,0.0,2.5951284664045033,-6.8734972344783305,-2.818442756023146,0.0,0.7261924486802195,-1.5154837198852573,-0.878015228074039,0.0,0.07511213562076853,-2.5817172643784976,-0.21048636139761392,0.0,0.33896941371638467,-2.717457279078405,-0.7341412728126159,0.0,0.526694966603016,-3.864233242928262,-1.4751567466549174,0.0,0.14515177687291764,-1.069823512990465,-0.4125347522804023,0.0,-0.3859468101901663,-1.8565067330351042,-0.23490320470035014,0.0,-0.18359208850480274,-2.197526082092337,-0.5306150676169018,0.0,-0.2462803653737747,-2.2908687499471374,-0.640695421744817,0.0,-0.24149875347532598,-1.4246607778798448,-0.32344396587229196,0.0
0.0,0.0,0.0,0.0,0.4603379501676157,-0.17033529983280837,-0.178620797300288,0.0,1.2923156260523245,-1.0435768151563998,-0.3868619081341621,0.0,1.5398002695459414,-1.5960212295657104,-0.47330440490078024,0.0,1.3500822584179104,-1.357449735047445,-0.38120681146640223,0.0,1.3236927810112393,-2.8194653980884707,-0.14086673661993537,0.0,1.1837076667373394,-2.300057838320825,-0.5213450027170167,0.0,1.7005869446685917,-2.660638304130251,-1.2207381252906775,0.0,1.1601145084589428,-1.4220799005071207,-1.0824272191174347,0.0,0.7375614785077802,-3.096991534114337,-0.14196598944257174,0.0,0.8295478015694667,-2.6381366320854776,-0.6010324724264188,0.0,2.519635012771006,-6.555253189745891,-2.701564976464298,0.0,0.6411333744473401,-1.3512210469916375,-0.8057732727292647,0.0,0.06381585471390283,-2.6164098719676345,-0.1935641363912429,0.0,0.3494796748299375,-2.8258263280764195,-0.7389696674807144,0.0,0.4521086589781254,-3.695395977230418,-1.3527632316687879,0.0,0.08300596124269104,-1.0661607926097805,-0.382385944812565,0.0,-0.3905225851322205,-1.8692046229072445,-0.21284547336941365,0.0,-0.19339415437786767,-2.2473037461215544,-0.5133354629712639,0.0,-0.2660794911572581,-2.2681434644180025,-0.5956813927739203,0.0,-0.2876209780333579,-1.4510401019644787,-0.3002386441662321,0.0
0.0,0.0,0.0,0.0,0.500377084991636,-0.23054309201910594,-0.18996192556714755,0.0,1.4091390708543623,-1.4199168312948447,-0.4014953663703153,0.0,1.3897853881295432,-1.9839973139200822,-0.4075034563348773,0.0,1.0823009818166114,-1.675979573263341,-0.2880858523117656,0.0,1.230293332433322,-2.9668633837392213,-0.1399083768766793,0.0,1.1986398657981354,-2.425787012448106,-0.5236417320601742,0.0,1.598017532135766,-2.5666273068581873,-1.143406442472633,0.0,0.9664385632212547,-1.22993262293893,-0.9154736930286471,0.0,0.6315459395254778,-3.170491378742803,-0.11362013564026348,0.0,0.8838578027555523,-2.983566872627351,-0.6135713074291245,0.0,2.105673427352119,-5.877277955956324,-2.1840049617500608,0.0,0.4830089586982511,-1.1385401044830887,-0.6100839374780298,0.0,-0.013046940531215499,-2.6858730363335273,-0.15144471246574415,0.0,0.3038319823470096,-3.14247070143759,-0.7339312304156661,0.0,0.29482587310492037,-3.378035599705052,-1.040064925713336,0.0,0.03289322060605203,-0.9709463498536874,-0.26063331925394695,0.0,-0.4493568986811588,-1.909948931629031,-0.17070985637040817,0.0,-0.2683308102547057,-2.370120833859218,-0.47473072450468845,0.0,-0.3402818237736081,-2.224128333454413,-0.48204280614224065,0.0,-0.3285856517820588,-1.3680021388080685,-0.19623132061283863,0.0
0.0,0.0,0.0,0.0,0.4953675677930337,-0.1945714227510722,-0.19865037875057326,0.0,1.4375461225818231,-1.4365608561085192,-0.4330603383826258,0.0,1.3807600660918498,-1.9746442266099602,-0.42262730414872063,0.0,1.0755712215419866,-1.6458633963845002,-0.29402695357897096,0.0,1.2478254847707995,-2.9360150735432557,-0.1655124811215049,0.0,1.20803406526586,-2.400097531850968,-0.533423206204846,0.0,1.6259013294699418,-2.5821817371087823,-1.1661145536956925,0.0,0.9959390869454207,-1.258775542923661,-0.9394832057115199,0.0,0.6487122989234634,-3.160129130852799,-0.12862139544213183,0.0,0.8882397157050277,-2.976684166807807,-0.6258993205039779,0.0,2.224004810835364,-6.082633455491552,-2.28418014847322,0.0,0.5215751840442049,-1.1731961807535405,-0.6306010264780163,0.0,-0.008515045600191064,-2.656370943382312,-0.15360471779515797,0.0,0.32001390086676545,-3.1549207384032267,-0.7359460114209783,0.0,0.343992750301562,-3.3359334169914012,-1.0283257158539332,0.0,0.053658389483230685,-0.9210069704072957,-0.251606796346574,0.0,-0.4426145649425418,-1.8872494915522195,-0.16739975609989696,0.0,-0.2555506798437438,-2.3741289338936693,-0.47689406643447246,0.0,-0.31553186629635827,-2.1791209032073233,-0.48576766834044965,0.0,-0.30867519180969305,-1.2743319771637223,-0.19771381845316494,0.0
0.0,0.0,0.0,0.0,0.5429421049872971,-0.2608161092081807,-0.20727888179784346,0.0,1.502334824211504,-1.6204174961620248,-0.4335217542534162,0.0,1.2624672676962603,-1.98501237781527,-0.37080493179784596,0.0,0.9422976298709349,-1.6664558373038874,-0.2477204466440209,0.0,1.0814972537836687,-2.701599990444671,-0.15305109659946023,0.0,1.2604339196055319,-2.441980274306251,-0.5331451565060973,0.0,1.5619039735056628,-2.3558011916801265,-1.0700204430761895,0.0,0.8717199019780965,-1.0414869426940685,-0.8014862782027532,0.0,0.537276960588959,-2.8380713010344945,-0.11243615443867257,0.0,1.0702492435280766,-3.4947564967299733,-0.6998755170459641,0.0,1.5570430652962375,-4.232727561221312,-1.5051128023156086,0.0,0.42790101684849446,-0.9886319257543652,-0.4964704166997329,0.0,-0.016745474464429113,-2.545997883782598,-0.13525510731317555,0.0,0.3484120548731937,-3.5738094863090453,-0.7871450079663942,0.0,0.23899233929432587,-2.708660496606066,-0.7332250096332315,0.0,0.0507776410817678,-0.8629780969560512,-0.1783908181577279,0.0,-0.4348434762552142,-1.92037608168527,-0.15775904316036266,0.0,-0.2792438962264881,-2.4535986969146735,-0.4600064353961595,0.0,-0.3224730796102546,-2.041318662795011,-0.39846163468987256,0.0,-0.30080946235066125,-1.246381532391451,-0.1406007990303346,0.0
0.0,0.0,0.0,0.0,0.48382787047088976,-0.1403296314477461,-0.20674070177992457,0.0,1.3144179932030275,-1.0436203441991125,-0.45329070783360287,0.0,1.5012743689130954,-1.6491508737628846,-0.5208870727376907,0.0,1.2622548804871818,-1.4477898362186488,-0.4025790588898423,0.0,1.1190698152958334,-2.55204996775299,-0.2189461068860858,0.0,1.197814034720469,-2.2386847767412963,-0.5860926347749394,0.0,1.6423793190227325,-2.4472277321454428,-1.306884944346469,0.0,1.0084759430488495,-1.2085580381403223,-1.0898657884139389,0.0,0.5740316747129067,-2.639849428356254,-0.18130322701878177,0.0,0.920044838523674,-2.8340101784938185,-0.6926580668512792,0.0,2.3076978607658445,-5.7440153542343895,-2.5364824186902,0.0,0.5256381090240708,-1.079173467313775,-0.7109205110061986,0.0,0.03355035760344318,-2.38196698041347,-0.20152518668526204,0.0,0.3668904324617444,-3.0727026363305243,-0.8256061808263135,0.0,0.3795871718003612,-3.127120326559618,-1.1588991362046859,0.0,0.06915747918142645,-0.8763358985335852,-0.3371648265811277,0.0,-0.38960446302176543,-1.8305509918276126,-0.21564959710352888,0.0,-0.23549173438163554,-2.26494710377217,-0.5391947967496454,0.0,-0.2890808865368713,-2.034718584503872,-0.571769094474797,0.0,-0.2878519771767569,-1.2018831826373602,-0.28399637330002464,0.0
0.0,0.0,0.0,0.0,0.5499146877988814,-0.2658964697350728,-0.2188316765033657,0.0,1.4851514323984518,-1.6260232939661512,-0.47647637045387903,0.0,1.227735049942041,-1.9105437981926923,-0.4042516952380371,0.0,0.9429517421871806,-1.600380419832978,-0.28754191407308416,0.0,0.9511608399084295,-2.425659519539713,-0.1586661457517471,0.0,1.2668832948699353,-2.376630311898181,-0.6355993226617884,0.0,1.3749861512611756,-1.9989753491872675,-1.1970058218121464,0.0,0.7609009474420019,-0.8256905259913541,-0.918599780027118,0.0,0.453057871014769,-2.528751140631118,-0.12310653654388976,0.0,1.060132196752533,-3.577492435832413,-0.8404386581512462,0.0,1.3771217425267708,-3.884038477967537,-1.7207245213195395,0.0,0.3922787751482285,-0.8388808642161008,-0.6077440941858963,0.0,-0.04289441659796579,-2.350932678639509,-0.14995746610652533,0.0,0.24246584898865498,-3.636554228043354,-0.9467396922553816,0.0,0.1079278985219486,-2.29029247085112,-0.8443419953801705,0.0,0.021556870764414454,-0.720337033549553,-0.28894200038934503,0.0,-0.44068636626756574,-1.8646359991216332,-0.17851786832931443,0.0,-0.39099457809419896,-2.236618660084397,-0.5041005824126271,0.0,-0.40650508531439894,-1.7338585746909083,-0.47200782135829444,0.0,-0.334187687659582,-1.0632444035673858,-0.23965098542343302,0.0
0.0,0.0,0.0,0.0,0.48328061377064885,-0.15760769992701595,-0.24039137806503372,0.0,1.3696713454363085,-1.2498798877485984,-0.5386079020978546,0.0,1.3774131215747616,-1.743202157462652,-0.5388796866698076,0.0,1.1317097047598146,-1.4549533176101324,-0.3962374699062616,0.0,1.0104411961205901,-2.375695115704679,-0.2525683397178271,0.0,1.200340654936279,-2.258956658805896,-0.727453441301221,0.0,1.400947120315172,-2.0612189587734395,-1.4018871081441036,0.0,0.800251832768181,-0.8857297897958548,-1.1068354528143818,0.0,0.4888027331274056,-2.478695231300187,-0.20237916903402864,0.0,0.9181905382277178,-3.089220085087634,-0.891139915203625,0.0,1.6154158099401954,-4.4785098945069555,-2.4000227809625554,0.0,0.41342759366147536,-0.8753973227060262,-0.7774573942586285,0.0,-0.019490404225006107,-2.2818034114932697,-0.21493801604527574,0.0,0.23057886824652923,-3.1758613642871603,-0.9826524396777357,0.0,0.1217109228058551,-2.458553062000407,-1.1334949565169041,0.0,-0.006455361290682406,-0.6795993937396173,-0.3920263249031163,0.0,-0.426251526605673,-1.8002573964141781,-0.22743728898395646,0.0,-0.34968365550035724,-2.1715640251605044,-0.5904928232673894,0.0,-0.410372015631562,-1.791267053100868,-0.6230399624416182,0.0,-0.3672265355347372,-1.0496265182850448,-0.35260328015401393,0.0
0.0,0.0,0.0,0.0,0.5049853081554877,-0.17909435643121532,-0.23801606362337568,0.0,1.4119917576133316,-1.4090629145299518,-0.5291037316020512,0.0,1.2822026245228377,-1.8084215827238037,-0.4807019027950532,0.0,1.0351382410366168,-1.49906056954168,-0.3460675400658672,0.0,0.9728962867135057,-2.343494981156975,-0.23226832820558635,0.0,1.2271844724205188,-2.256693662406469,-0.735827281129669,0.0,1.3220477098072398,-1.8969921865650532,-1.3373178906661805,0.0,0.7356851062076816,-0.823271383780017,-1.0666917516069745,0.0,0.4750668225299563,-2.4661967658594377,-0.18758627158533991,0.0,0.9679365591033577,-3.2755538099233665,-0.9458894934219423,0.0,1.2785599658544573,-3.6200777195342786,-1.9878236980329405,0.0,0.3437308839959771,-0.7836337320213946,-0.7188023461648795,0.0,-0.02876091571362937,-2.305758337000888,-0.2072945209089289,0.0,0.19573186657562594,-3.2851917912465947,-1.0244408207184543,0.0,0.03670436501551834,-2.1703095351223025,-1.0126238594959585,0.0,-0.05213300300963866,-0.6395740410640726,-0.360038237874516,0.0,-0.442748214542359,-1.817447505527744,-0.22234525689175244,0.0,-0.39681171910378416,-2.1466986440605007,-0.576740488685112,0.0,-0.45813979041469055,-1.6843424824048034,-0.5676393076097203,0.0,-0.41329273101212716,-1.0257065420250109,-0.3126846569519833,0.0
0.0,0.0,0.0,0.0,0.5451973290338121,-0.22209600127045234,-0.22638052237652456,0.0,1.4478997903561879,-1.4185121670715652,-0.5180002632996334,0.0,1.3146808842781321,-1.751021874137218,-0.4869544580818106,0.0,1.0760770958082144,-1.433655973229829,-0.36608106081653474,0.0,0.9279212991184117,-2.2389765876681977,-0.2132425180417409,0.0,1.2734752740955768,-2.1920232021031327,-0.7367670106471439,0.0,1.309018303974346,-1.7797726445789273,-1.338922509545812,0.0,0.7237469128677483,-0.752294753000682,-1.0911780762776058,0.0,0.4366163858304592,-2.3249130898345793,-0.18102094079281722,0.0,1.1159317715033192,-3.514722731704618,-1.0458902282526523,0.0,1.2021797931496345,-3.316251539539535,-1.9281059216618712,0.0,0.31499818920858125,-0.7000142649302343,-0.7396743073199877,0.0,-0.030902095029729744,-2.1934571223172923,-0.20778359829600895,0.0,0.25405762030240947,-3.561042944208723,-1.1424103815691644,0.0,0.0585384292420686,-2.0250825955314142,-0.9824809632880381,0.0,-0.028997130129876206,-0.6079967825093956,-0.3843404002295135,0.0,-0.4244400494731043,-1.782310358021734,-0.2342815271365453,0.0,-0.3828115278790187,-2.128350148648241,-0.5771035515893371,0.0,-0.4317974150091422,-1.6518095896402303,-0.5503354273968516,0.0,-0.380788311647989,-0.9973838517660868,-0.3025421649527419,0.0
0.0,0.0,0.0,0.0,0.5188787925075887,-0.1795439353072648,-0.23301533343590133,0.0,1.3946170683279546,-1.3134685892454447,-0.5475683657915785,0.0,1.3446160873719544,-1.7175834108623917,-0.537371957890965,0.0,1.1155546956889446,-1.3841020388606375,-0.40248707476324075,0.0,0.9199093142155278,-2.1983807592270144,-0.23189534418554775,0.0,1.2523486574370144,-2.245469747376543,-0.7948257860462328,0.0,1.2882161478943301,-1.7984761104878297,-1.4155991879274088,0.0,0.7102862090028296,-0.7311896761236537,-1.1345258755377772,0.0,0.43038143016882313,-2.2987823632332494,-0.19857829785954526,0.0,1.0140438666276252,-3.3778993264840786,-1.0263452056781879,0.0,1.3999313060143603,-3.9893944228809732,-2.3295587343407687,0.0,0.35587997830284834,-0.8034198791471782,-0.8364001311640114,0.0,-0.037378748175152736,-2.17358972326451,-0.2244397421578397,0.0,0.20413305353610875,-3.4247390777046545,-1.1414252065605395,0.0,0.05274516893908271,-2.202110749041763,-1.1246645362506575,0.0,-0.032057559594839906,-0.6852159625176422,-0.46854963098658253,0.0,-0.4315789735995754,-1.7686857674772007,-0.2503842459726014,0.0,-0.4073029331173943,-2.0815097185528497,-0.6144789562008822,0.0,-0.4399507717832992,-1.6245540053138992,-0.624787714716834,0.0,-0.38216170622502804,-0.9931134777133183,-0.3850316871831254,0.0
0.0,0.0,0.0,0.0,0.5575926765257496,-0.27432643415597324,-0.26160627659113705,0.0,1.3808139473212246,-1.3339501230868938,-0.5961902494785746,0.0,1.3213243528405987,-1.6193380466639067,-0.5930871553250974,0.0,1.1100068724858827,-1.3319165264286603,-0.4603651387982869,0.0,0.7944693907126852,-2.1752539607053225,-0.21691608824126346,0.0,1.2167247169101854,-2.312735981716836,-0.8102347762500779,0.0,1.2663002107303951,-1.8724351003500102,-1.4558896255130007,0.0,0.7137809156655645,-0.8059038602943853,-1.1820665868773585,0.0,0.3300585973597029,-2.227411219981045,-0.1823659598318025,0.0,0.9688854746544495,-3.4861424266113965,-1.0923576847011,0.0,1.1625158415844234,-3.528610576614121,-2.209983729363306,0.0,0.30346010810457613,-0.6902690651738638,-0.8335503163139988,0.0,-0.1029738891309267,-2.1030442131684395,-0.20480273057312467,0.0,0.14774739142774612,-3.5568055464711215,-1.2128993054442851,0.0,0.015992200205232645,-2.045833965997528,-1.1026879923189497,0.0,-0.03859650810507221,-0.6018526694380391,-0.45697064773211293,0.0,-0.4719888684514791,-1.7237826924504707,-0.23188056803880042,0.0,-0.4287009915448162,-2.1176283168516106,-0.6074319480146025,0.0,-0.45451879996063826,-1.6771837647785872,-0.6126981150835398,0.0,-0.38576663830679725,-0.9729385157670091,-0.346181785145655,0.0
0.0,0.0,0.0,0.0,0.5904892738446517,-0.28849624061400936,-0.29315253617328496,0.0,1.387229976066071,-1.3113724738024968,-0.6464448735341288,0.0,1.3125125027351676,-1.6701455740413351,-0.644039865462146,0.0,1.0794149274572262,-1.370636818216154,-0.4873261098874322,0.0,0.8126206327969161,-2.1951680929177497,-0.2505034917644594,0.0,1.23753542726009,-2.3289423010755343,-0.875382091626892,0.0,1.2523195040219366,-1.8515654776650734,-1.5216720725503143,0.0,0.6986670309355757,-0.8175292623095187,-1.247848017135716,0.0,0.3420299906725025,-2.2477464686545154,-0.2009515888749359,0.0,1.0432709527748099,-3.7178360826309835,-1.2324838832623488,0.0,1.227189276438416,-3.467640496092439,-2.2776001423021226,0.0,0.372715506507366,-0.7241840399116763,-0.9055255508488759,0.0,-0.09440563695932543,-2.114010101540216,-0.21307906963219267,0.0,0.15662873878152764,-3.6357717144194344,-1.2893298212991562,0.0,0.06058292984281742,-2.177197260734452,-1.2116716898589677,0.0,-0.0010719477012742812,-0.6773995831420154,-0.5318740557083017,0.0,-0.46404196656368624,-1.7285116508232836,-0.23485187518297654,0.0,-0.43052467329439936,-2.111829465200365,-0.6472077364404295,0.0,-0.44629178796222585,-1.6536383086292672,-0.6736780389410144,0.0,-0.39486438919321154,-1.0108159471441474,-0.4308463756132659,0.0
0.0,0.0,0.0,0.0,0.5514442473923685,-0.25141401309528205,-0.30976684108509334,0.0,1.2696577680575467,-1.1221853223962521,-0.6516975248397745,0.0,1.269560940017111,-1.4522259216991389,-0.6650912462474622,0.0,1.0839119133399315,-1.2532218117826708,-0.5267944282345277,0.0,0.7572064827490298,-2.0886563502581508,-0.24736652324093508,0.0,1.2107901640833667,-2.420165577030632,-0.9409263727678271,0.0,1.0843450692124963,-1.7631787476482872,-1.5745221060397583,0.0,0.5166084767010501,-0.6509869354833222,-1.1747294223795053,0.0,0.31427696781065967,-2.1817826320634577,-0.19646879285183672,0.0,0.8827550599029556,-3.656997312069582,-1.1787466623937934,0.0,0.9576405767336853,-3.6964283161418194,-2.379629783805825,0.0,0.23595282634935527,-0.7101926347199642,-0.8992507936743924,0.0,-0.11649941574262483,-2.083205538648474,-0.19892664651328698,0.0,0.02066670612182278,-3.499785002315774,-1.1608905512583465,0.0,-0.12145907035347714,-2.1972004664536193,-1.1367992999935046,0.0,-0.10887910014756093,-0.7111982024363834,-0.5113376239633459,0.0,-0.48993910609305513,-1.7266667951499308,-0.21477172215602,0.0,-0.4874607590475547,-2.0664376996842857,-0.5579110938239614,0.0,-0.526099827887539,-1.7286250417349192,-0.5871757771223665,0.0,-0.4574241928438429,-1.122673814189245,-0.3689367353410625,0.0
0.0,0.0,0.0,0.0,0.607958558467696,-0.3353133284715851,-0.30401907157508085,0.0,1.3660270677234747,-1.3130523215958743,-0.639859268147176,0.0,1.269924895940365,-1.5963121013759445,-0.6214507427490915,0.0,1.0450781076796034,-1.3585988080390157,-0.48498040202490256,0.0,0.7440664206519246,-2.1618045556330645,-0.22449456974755996,0.0,1.2205108608360735,-2.5092291543715883,-0.9128378383436294,0.0,1.1796321509895227,-1.9042591629314385,-1.5693162601115103,0.0,0.6262860587167433,-0.8166705533068334,-1.2329214298056959,0.0,0.300942587761672,-2.2101428872280615,-0.17741978811345083,0.0,0.9892165478512608,-3.937485900222795,-1.2245969020360743,0.0,1.1119707286532554,-3.5920059628282375,-2.2314742335672966,0.0,0.3481452093620966,-0.7988834826158698,-0.9050765589343396,0.0,-0.11008675974312272,-2.0993826304232193,-0.18948928626684855,0.0,0.056105674578926526,-3.708622465376901,-1.2590985049246253,0.0,0.0014701612233737394,-2.084693344992429,-1.1196546866245574,0.0,-0.0026641506424812983,-0.7319926814568114,-0.5348167518260654,0.0,-0.470269282875264,-1.7484878553050138,-0.2157527548028254,0.0,-0.48347388313607803,-2.066472954521449,-0.6034716096062048,0.0,-0.43991098442745064,-1.6209872402193908,-0.6367726636482606,0.0,-0.33487616837178213,-1.0414829027083452,-0.42147485712256627,0.0
0.0,0.0,0.0,0.0,0.6236684781433737,-0.40295560466783614,-0.29871001737890107,0.0,1.3634597006154683,-1.5651637561675333,-0.603892987952845,0.0,1.1080016055925053,-1.8084034573551657,-0.5383266147519545,0.0,0.8511134349972287,-1.5422332453985452,-0.4050638852324861,0.0,0.7059940041879199,-2.217692606657,-0.21392377758497638,0.0,1.1483841907779244,-2.6191568464480293,-0.8822528969692902,0.0,1.1127600737957983,-1.9948864829326836,-1.5156146189805397,0.0,0.5707551422633358,-0.7866001034214091,-1.130690955848988,0.0,0.2634963959018432,-2.297701372476796,-0.16544639564490168,0.0,0.930930715629568,-4.279383087553937,-1.2713074948245433,0.0,0.8816082164516417,-3.2451365093049684,-1.9415771333990048,0.0,0.295683675657274,-0.687421148103408,-0.800690058919237,0.0,-0.16240842707708272,-2.1877625104830596,-0.17338764461007558,0.0,-0.06997074231089533,-3.9052508012919813,-1.2407972331376271,0.0,-0.07468675842527393,-2.0518679624072633,-1.0350678059853429,0.0,-0.02657095445386149,-0.6730958941108725,-0.4815492218947958,0.0,-0.5284319959985116,-1.7982790798917525,-0.19499018015471828,0.0,-0.5636855239916103,-2.097311794074358,-0.5845364222545714,0.0,-0.49555692800588835,-1.5401157550519438,-0.6045545633384114,0.0,-0.3597624822284205,-0.9164121915619331,-0.39583330941298606,0.0
0.0,0.0,0.0,0.0,0.6139073401725804,-0.37081494796534037,-0.30461402950058425,0.0,1.3680534513436327,-1.6017687038697195,-0.6145111970588609,0.0,1.0999478359642445,-1.8907094277184795,-0.5452753418884978,0.0,0.8098440827263587,-1.6163592427462752,-0.3984028551182448,0.0,0.7683671593794059,-2.392598325821323,-0.2202076452544028,0.0,1.1545658929355,-2.541785363212307,-0.816555694883077,0.0,1.1393393014404538,-1.9825208156514202,-1.413443174727397,0.0,0.6126768187736055,-0.8561967114557347,-1.105668298557047,0.0,0.28026659705107615,-2.439113306535987,-0.14890946332992985,0.0,0.911430650689755,-3.8866452146552413,-1.0517448769565294,0.0,1.0124500700841428,-3.7329380155532608,-1.9892750808248747,0.0,0.29347022152964347,-0.841136385664036,-0.7813400788057118,0.0,-0.17483054188601474,-2.2735643542682786,-0.14751205043695073,0.0,0.05191922325153412,-4.066094751499918,-1.1718465592649545,0.0,-0.051647627539993225,-2.229895794418139,-0.979913792282985,0.0,-0.05057397347016167,-0.7510344961400158,-0.4086895418409437,0.0,-0.5381792511062985,-1.8226942422011436,-0.1629059539618885,0.0,-0.520938831667095,-2.2721882748242024,-0.549915920916611,0.0,-0.48698141444759624,-1.6504601082390244,-0.5248997352667691,0.0,-0.3925185707363466,-0.9794781540447143,-0.29791714342161796,0.0
0.0,0.0,0.0,0.0,0.5949224324388713,-0.3502482086999868,-0.29798278112793436,0.0,1.3648270258872883,-1.601477502572254,-0.5976308910368816,0.0,1.0896863033704456,-1.8794654180911194,-0.5174498744579997,0.0,0.8009863996487289,-1.6174998629339914,-0.37641451868421094,0.0,0.7732683938973302,-2.392216702900763,-0.2598596065315329,0.0,1.1177415208918686,-2.5575834166329092,-0.858366791461875,0.0,1.1565540910376622,-2.0720437250133528,-1.466863482052023,0.0,0.6377202911189966,-0.8750936245398437,-1.1300693661038324,0.0,0.27911054520683687,-2.4465981611079948,-0.18854620050575496,0.0,0.8852661569458152,-3.9653971638559242,-1.1585078492567837,0.0,0.9973667489952375,-3.6840192141671277,-2.0579915470278345,0.0,0.3061086587708331,-0.7802253686660855,-0.7900992936276061,0.0,-0.1790295185612498,-2.276958032894353,-0.18419056538447787,0.0,-0.0003420010722775633,-3.9167945253402126,-1.1928245031082152,0.0,-0.059092430917806714,-2.220059688704972,-1.0255055958583987,0.0,-0.03512125849288712,-0.6901005888327689,-0.4247846941687351,0.0,-0.5446457939409727,-1.8185809873174772,-0.19409873165463715,0.0,-0.5403760905747924,-2.221508304770813,-0.5955038139651664,0.0,-0.4968077078299957,-1.579182445272558,-0.5718186487469797,0.0,-0.3895115726229662,-0.9191089750509365,-0.34281903221483534,0.0
0.0,0.0,0.0,0.0,0.5899629727611906,-0.3470738269794662,-0.32011474649522326,0.0,1.373046267974292,-1.6001396618631674,-0.6474261027726713,0.0,1.094339383102884,-1.9222940172660055,-0.5674803347277504,0.0,0.7965158559413481,-1.6365278984307072,-0.4071198754825036,0.0,0.7978440342748612,-2.49959420106148,-0.2866693251360092,0.0,1.0881122408948132,-2.5646169576676647,-0.8678890617392527,0.0,1.1800409098846942,-2.12538182207382,-1.512046689621428,0.0,0.6654182255857958,-0.8926806365967765,-1.1508957266179456,0.0,0.28492298338458655,-2.523444014040579,-0.198569953821411,0.0,0.8401592291447928,-3.6880364470737206,-1.1170282926333666,0.0,1.0309074626552237,-3.7017262049533577,-2.167311405049994,0.0,0.31217907110414406,-0.7759184236124947,-0.8243663222582218,0.0,-0.1745106397212528,-2.3155618311542536,-0.18602471523332326,0.0,0.05991406531660009,-3.845090448811048,-1.2050870655482278,0.0,-0.019617255796685478,-2.344548415443991,-1.129421758565179,0.0,-0.020734427695094967,-0.6973551307110104,-0.44442218193068056,0.0,-0.5330392905232114,-1.834471546563729,-0.19015281483464985,0.0,-0.5001497602699497,-2.3151761720507644,-0.6267093627448629,0.0,-0.4729300625550848,-1.7014421097112804,-0.6289356937079389,0.0,-0.36102234979279324,-0.9595914257950684,-0.3687152096160922,0.0
0.0,0.0,0.0,0.0,0.5647656507543505,-0.28540408742289863,-0.3028680556819704,0.0,1.3813125214755413,-1.5878325581856059,-0.6189416197127012,0.0,1.0912757581210795,-1.8946848897974355,-0.5242881877714817,0.0,0.8021776133445706,-1.6199926697008789,-0.37577077928135977,0.0,0.7858548730985566,-2.404792766559437,-0.26773393762023256,0.0,1.1018208446066777,-2.517932081598868,-0.8434161073654619,0.0,1.191361702703605,-2.096988506620807,-1.4877894646802836,0.0,0.6618185186857417,-0.8649886482105461,-1.1333468532070576,0.0,0.2973565599818866,-2.4655937522542466,-0.19149789914803916,0.0,0.8721281392335973,-3.7129284411515275,-1.1078546546611117,0.0,1.054552886127415,-3.6748320878313216,-2.120997241322294,0.0,0.31251037812437926,-0.7590528400329565,-0.8025849227813927,0.0,-0.16276640721205624,-2.2995203992920508,-0.18584143400932687,0.0,0.05605068563783134,-3.788925325423993,-1.1892590333946886,0.0,-0.023738918357258602,-2.1927564233631536,-1.0685136095528167,0.0,-0.027814760714703138,-0.6298148251595697,-0.4208776283245108,0.0,-0.5330662667222226,-1.8199738642643,-0.1923623102230248,0.0,-0.5031251679637824,-2.2566744766083096,-0.6195571413074805,0.0,-0.47139567077925426,-1.634118119463539,-0.6114081638961074,0.0,-0.3543235538045464,-0.8940633071038446,-0.3497026568984045,0.0
0.0,0.0,0.0,0.0,0.570055420125259,-0.29087888779163085,-0.3034436932359432,0.0,1.385813444918114,-1.5806626393117158,-0.6165280653738495,0.0,1.1025685675023504,-1.9024697175778944,-0.526781189879995,0.0,0.8064224784954449,-1.62721515885382,-0.37455174413552217,0.0,0.8014408342618232,-2.4388530016417107,-0.28321650598135106,0.0,1.1058054214835198,-2.521602568305458,-0.8510682113810273,0.0,1.2159276946564024,-2.105940809142833,-1.4810950012185398,0.0,0.6927902952797161,-0.8962617750106638,-1.138616288555881,0.0,0.3009528672768959,-2.4892815287430965,-0.20426762650994382,0.0,0.8536078803149165,-3.677867729136004,-1.1116592320051635,0.0,1.0850064272244986,-3.6873249271190605,-2.13829418747509,0.0,0.3403952553787588,-0.7907125905206109,-0.8177307051666142,0.0,-0.16248387401091935,-2.304258613955343,-0.1961914721844639,0.0,0.05328010934393848,-3.7469104888752915,-1.1907418938073948,0.0,-2.5477849147006748e-05,-2.199241698896362,-1.0832730691900803,0.0,-0.004701085212938711,-0.6506048410601138,-0.4309358519006225,0.0,-0.5285104975491641,-1.8232929274195768,-0.20092630990344762,0.0,-0.49543767316406956,-2.2674923782527765,-0.6330397733542573,0.0,-0.4659409522270192,-1.6261375427649845,-0.6207302289461987,0.0,-0.3617690948975953,-0.9165799969137566,-0.36441254594803707,0.0
0.0,0.0,0.0,0.0,0.5824355638853024,-0.34001222649397206,-0.29098989831193905,0.0,1.364026537489101,-1.621401982909088,-0.5875030986879995,0.0,1.084984716166933,-1.9687022158037817,-0.5149626557653796,0.0,0.7930924985396695,-1.6615532813471767,-0.36314970960217297,0.0,0.8159211384502771,-2.6141175870391833,-0.28837969961179033,0.0,1.0791685328760723,-2.5262786227355307,-0.7988019879657916,0.0,1.2116909618554228,-2.1898969213526724,-1.4306210433278497,0.0,0.6736552092382228,-0.931221497152005,-1.0887660232392649,0.0,0.2723690385012178,-2.6194271486462823,-0.2015863199213938,0.0,0.8404713809761268,-3.689610136492808,-1.0351893052672572,0.0,1.1052839729528874,-3.9671117706299928,-2.072754551969551,0.0,0.33474387924318105,-0.859375839143327,-0.7599558699615735,0.0,-0.2007280887798401,-2.3599865232846615,-0.18957335532058955,0.0,0.07773920942332184,-3.883932638387242,-1.1504535556463933,0.0,-0.009783093549591684,-2.4503461528860697,-1.0780489134341016,0.0,-0.020977965078244242,-0.7435957675287055,-0.4086732285140001,0.0,-0.5542187114319214,-1.840656959666624,-0.1917169050836926,0.0,-0.4983319633930617,-2.362042579082608,-0.6051331320150262,0.0,-0.49405448377678657,-1.7611035743719121,-0.5975003646663845,0.0,-0.40146817882644736,-1.0117534593687632,-0.34408882442269234,0.0
0.0,0.0,0.0,0.0,0.5617113867083124,-0.3000974764905437,-0.30332906973197954,0.0,1.37943569581949,-1.64349446749768,-0.619698780079856,0.0,1.073917836808812,-1.957338522186647,-0.5245122833471283,0.0,0.7862710557238692,-1.6565971248169715,-0.3686504478029064,0.0,0.8137626858865495,-2.5448244321770273,-0.28089945722047854,0.0,1.0777767873335669,-2.4528460526511044,-0.792377198155122,0.0,1.2076458333300315,-2.1388733170926955,-1.4463393851218183,0.0,0.6791976523235479,-0.9161899625633392,-1.1131946172028617,0.0,0.291379196658363,-2.5714225988117176,-0.19290596955656894,0.0,0.8418582354794582,-3.5456534376761084,-1.0252868654312652,0.0,1.0857156642379844,-3.8410922470286977,-2.1036687617691956,0.0,0.33168376331066934,-0.8437440945110588,-0.7829506775958094,0.0,-0.1785575679695176,-2.348832423072065,-0.1840347423442229,0.0,0.08846387908033636,-3.8406738975360324,-1.1926969600920625,0.0,-0.0284193407031541,-2.1722874192861754,-1.0430516653721982,0.0,-0.028923652419961966,-0.6362347067778196,-0.3997296316765295,0.0,-0.5388213400441196,-1.841906443023063,-0.18801682299178538,0.0,-0.4980999021059468,-2.316709152055912,-0.6123696443885903,0.0,-0.4924660521868747,-1.6793413274427442,-0.5980439764905482,0.0,-0.3861048127970346,-0.9374696758091994,-0.33990492117465176,0.0
0.0,0.0,0.0,0.0,0.5845697959218865,-0.31578482822354836,-0.27572244108594585,0.0,1.3874621273105812,-1.6319451321117233,-0.5485989607875409,0.0,1.0828910737490902,-1.9758894231291362,-0.47146483675108725,0.0,0.7912514420097276,-1.6654158997697133,-0.329214668592942,0.0,0.8530992314761714,-2.662636872237438,-0.2693792140122718,0.0,1.106389572962312,-2.552983033875853,-0.7501874151828016,0.0,1.272523007598519,-2.2513213369019507,-1.3650172669134375,0.0,0.7140350614100833,-0.9412418126174358,-1.0281969159209658,0.0,0.29901955608844466,-2.6918163400071595,-0.18420174813813803,0.0,0.8506078092118595,-3.636890528368694,-0.9335369549511033,0.0,1.231240457467478,-4.251747129695852,-2.036198879112584,0.0,0.35465657095442793,-0.8544818139166883,-0.7022204847522463,0.0,-0.19456425450044987,-2.4009183033413484,-0.16889734465258086,0.0,0.1042828949537888,-3.751557642141633,-1.0176204908337165,0.0,0.0331820381220743,-2.567079293607536,-1.0253226776895572,0.0,-0.002764590790921774,-0.7333699970155132,-0.3640158998683168,0.0,-0.5529601083225973,-1.8320014671919842,-0.16678748848297784,0.0,-0.45936834725815295,-2.4008019174945607,-0.5633735419807014,0.0,-0.46254712185340585,-1.8218613338667735,-0.5569193132547213,0.0,-0.3782220296623174,-0.9883080379543524,-0.2961098962355903,0.0
0.0,0.0,0.0,0.0,0.4080270981753532,0.04742455668387943,-0.45694590249243944,0.0,1.2493073090997808,-0.0787073397278088,-1.2393475505439862,0.0,1.5442290482188084,-0.14140340777728191,-1.7639645529326076,0.0,1.293309472894844,-0.033450466016734334,-1.6741150696045697,0.0,1.0191458407422762,-1.259053972570256,-0.5490178285005052,0.0,1.296184667763256,-1.1232826149040365,-1.1012628706978425,0.0,1.4663691442075657,-0.5771135061280098,-1.7391988379621144,0.0,1.1314315571791134,-0.05177159459897328,-1.7143843626808608,0.0,0.593968055875503,-1.4131485275166782,-0.5551570730858134,0.0,1.119956078159373,-1.5161969811797082,-1.4433095438506724,0.0,1.680411175857614,-0.6638734599320549,-2.7824378231483644,0.0,0.7968616262432984,0.25510214057053754,-1.622330814948785,0.0,0.14499973591007048,-1.3791249666425969,-0.6204177493256521,0.0,0.5274993754464656,-1.679479568433106,-1.7614979407636073,0.0,0.7184634824170194,-0.5448198810515441,-2.832691455571616,0.0,0.2381224473522452,0.3435858180206794,-1.1884496440010288,0.0,-0.2657121129621852,-1.1233054217637664,-0.663986008783055,0.0,-0.17270845428480247,-1.1930861659822132,-1.3986460339419757,0.0,-0.17104912525426727,-0.4623186382206427,-1.616032377830854,0.0,-0.15212730881406147,0.09256162138616886,-1.106206926161348,0.0
0.0,0.0,0.0,0.0,0.5746609839680454,-0.3022044240587788,-0.29820634734214757,0.0,1.3875835725584464,-1.6367454455229555,-0.5978633721696462,0.0,1.0713721231590914,-1.9608802322829444,-0.5052487085781883,0.0,0.7848043146673972,-1.6536737768479348,-0.35356889734093255,0.0,0.8516484132295565,-2.627657549222544,-0.28462848672688945,0.0,1.0965241634837515,-2.508307305104604,-0.7886786907176193,0.0,1.2348575691252963,-2.187174742455267,-1.4265389887046,0.0,0.6927376325882758,-0.9159762589869702,-1.081874776568651,0.0,0.3105875040776335,-2.662081470650036,-0.19070323927520597,0.0,0.8538517470187327,-3.558523749702108,-0.9961971950113387,0.0,1.1210166410670925,-3.8830043462466897,-2.0689359603638584,0.0,0.3258538573131419,-0.7977848569718914,-0.7475145069857512,0.0,-0.17907284819162503,-2.392496414102959,-0.1731954041132018,0.0,0.10753939136533705,-3.7413466423891055,-1.1024153122641966,0.0,0.0015980094260796315,-2.346409488804474,-1.0569702256399116,0.0,-0.02094665468452818,-0.6402836494029136,-0.37945786462402137,0.0,-0.5430126798584938,-1.8295362162973454,-0.16856146213590606,0.0,-0.46790110705510035,-2.3505398680342284,-0.5807672936241564,0.0,-0.4795788289315742,-1.8085719492779302,-0.588279706530116,0.0,-0.3797294281410267,-0.9922367793679681,-0.31879618447323543,0.0
0.0,0.0,0.0,0.0,0.479094615769684,0.038102613553475856,-0.45374365697396246,0.0,1.2156502503443802,-0.10784702143724574,-0.9968059334384594,0.0,1.3815905381245068,-0.16506487032729714,-1.2856590070100438,0.0,1.2868874135382147,-0.169844169032488,-1.4699545515130767,0.0,1.0120865095272442,-1.272670231655686,-0.4042190517880988,0.0,1.2937772972088282,-1.1591016807065102,-1.0146997028474691,0.0,1.35313384607188,-0.4974792701220033,-1.5771154903434885,0.0,0.9704640609808532,0.02143113339959891,-1.448328143657553,0.0,0.5541588500277757,-1.4599547901698644,-0.4103976379266182,0.0,0.9883509576273027,-1.601418384869276,-1.2053749688156228,0.0,1.612534771927098,-0.8754638001251603,-2.70711200813373,0.0,0.7512308516629809,0.10978465267131866,-1.5203936730838292,0.0,0.08404201063828003,-1.4332594134128442,-0.48420569298616023,0.0,0.42769234578999127,-1.7762438381139052,-1.6023856632403453,0.0,0.344235241365921,-0.5365318693093316,-2.132760711159054,0.0,0.07033645865747172,0.15771730007195386,-1.0186077734770274,0.0,-0.34282691086775546,-1.1652079897272214,-0.5443889721094829,0.0,-0.2946131597341656,-1.2282198232295312,-1.1237807017901884,0.0,-0.3592021293682567,-0.5807054041644323,-1.2331461202652763,0.0,-0.33305791453898753,-0.1966597357249487,-0.9083245002170073,0.0
0.0,0.0,0.0,0.0,0.5606301987621186,-0.2910038167380531,-0.27655823516600536,0.0,1.3888427089802067,-1.5778933072184567,-0.5572551999973583,0.0,1.11807482268991,-1.956799626007639,-0.4918909002229081,0.0,0.8224942726454582,-1.6464920152909024,-0.3446454124169248,0.0,0.8719595153691769,-2.6323222566228033,-0.23818221983849674,0.0,1.079607534984692,-2.4951972706926484,-0.6968815554006318,0.0,1.299545453157656,-2.2618088639287808,-1.3356601897342235,0.0,0.7366718516909284,-0.9436150641498343,-1.0116345813552743,0.0,0.32771340715712527,-2.7044003826211442,-0.1625524238947452,0.0,0.8155833975006743,-3.4194823248732016,-0.8337717642673272,0.0,1.337539282385868,-4.435542054765023,-2.0522534698402337,0.0,0.35914744580799024,-0.8932410435765652,-0.6864896944089944,0.0,-0.18300698541535054,-2.4233226495086018,-0.1571187780226824,0.0,0.13311421497460704,-3.718315464207127,-0.9898214956727898,0.0,0.05045867820063155,-2.455616155793234,-0.9614393324610284,0.0,-0.019564526122268572,-0.7514907478447858,-0.33168147161737005,0.0,-0.553019088990384,-1.819143927871126,-0.16095166713174805,0.0,-0.43998234513047674,-2.411596948602831,-0.5319844009701741,0.0,-0.43889748678132523,-1.8467082878730237,-0.4893231632508709,0.0,-0.38404825995376624,-1.0453809896754236,-0.2235482308183298,0.0
0.0,0.0,0.0,0.0,0.5341462997943631,-0.277854719415377,-0.276270448136367,0.0,1.3561613905817462,-1.6060659884351627,-0.5586499688016864,0.0,1.0809058671857334,-1.942018871237953,-0.4790691356145403,0.0,0.8003993097334304,-1.646161115713514,-0.3355772427013226,0.0,0.8406763319274262,-2.6150798971543536,-0.2265481243555071,0.0,1.0691436739415725,-2.4973552948125293,-0.7088457716276373,0.0,1.2149249645387572,-2.1689969491343484,-1.3237295781926517,0.0,0.6663667181540704,-0.8860163163260567,-1.0007846159108147,0.0,0.3097457582456713,-2.713653330072083,-0.15257655207727824,0.0,0.7571530571493046,-3.407587720976253,-0.8370400011290979,0.0,1.1443790009044896,-4.369185437642288,-2.0523911013751643,0.0,0.2929630805764847,-0.8584395492578034,-0.6825286139133416,0.0,-0.19977662200059262,-2.452133974054508,-0.151468590215901,0.0,0.06417801410842937,-3.723884464880297,-0.9825757070517529,0.0,-0.06288138006866319,-2.3925716693291394,-0.9177635217880193,0.0,-0.07733611987879736,-0.7375768274951519,-0.31201968690347853,0.0,-0.5673183908878058,-1.8583780088547084,-0.16045127138405837,0.0,-0.48376093034351547,-2.398117375306812,-0.5112076142077099,0.0,-0.50352474781147,-1.8407146276085948,-0.45566282791436585,0.0,-0.43264573996458977,-1.0806681309363773,-0.20153380307882313,0.0
0.0,0.0,0.0,0.0,0.5402958796821621,-0.2804330803465427,-0.2598787425096522,0.0,1.3468749336555266,-1.6379344814255103,-0.5086244220975433,0.0,1.04702546409074,-1.9242532899302285,-0.4238090251855134,0.0,0.7799160532332836,-1.6420793865184276,-0.29868239689834924,0.0,0.8294667483713659,-2.6816893987178845,-0.2168997409779995,0.0,1.0279049254106492,-2.443921382251178,-0.6456803139005429,0.0,1.2348515891789538,-2.24558845633468,-1.2583295554874112,0.0,0.6912852022183413,-0.9386606977970137,-0.9572189747692862,0.0,0.2856696406381711,-2.7722759671605366,-0.13925860730438921,0.0,0.7721336016825904,-3.423025311290032,-0.7917483403016989,0.0,1.1024743723810144,-4.260585422653887,-1.8699697773302446,0.0,0.25706653390541545,-0.8489987275801744,-0.6166797106633729,0.0,-0.2308583099738175,-2.4661207507410037,-0.13381604665991786,0.0,0.04408213889562333,-3.737164571732277,-0.9417003890888606,0.0,-0.10474396010651149,-2.267478865776701,-0.8427171055538683,0.0,-0.11245730017518252,-0.67394003947807,-0.2824030429561048,0.0,-0.5893629636321002,-1.8380660606975698,-0.13696031480117982,0.0,-0.5106038664206801,-2.360208915614312,-0.470745400486112,0.0,-0.5300916830012924,-1.7837707726895167,-0.42104127187942336,0.0,-0.448876956252988,-1.0006021849671227,-0.18163582628685743,0.0
0.0,0.0,0.0,0.0,0.5572513166803285,-0.2895148508994846,-0.2834799481277401,0.0,1.3639811933022317,-1.5920729393764215,-0.5586255835035203,0.0,1.0814185781571948,-1.8969268396344026,-0.47307590652902676,0.0,0.8067289545497743,-1.6226098885829348,-0.335301117624845,0.0,0.8251042825821867,-2.5862103756503494,-0.24377733892452072,0.0,1.07050481117408,-2.4729375673053546,-0.7233118608735963,0.0,1.227644538417604,-2.0949671734544335,-1.3102499706048598,0.0,0.6916988340775593,-0.8748945980046127,-1.006495493257072,0.0,0.29654762028140585,-2.6945333691282403,-0.16996584460045894,0.0,0.7444763773626458,-3.411191033369281,-0.868129555838209,0.0,1.0862234897363714,-3.9330800927337246,-1.9494994256021339,0.0,0.2936781813789142,-0.8119427238446401,-0.688700636950301,0.0,-0.21197538970268973,-2.424607577401133,-0.16389329055685106,0.0,0.051197044127845606,-3.6300238237755624,-0.997608164887454,0.0,-0.05134461714174241,-2.2856626741208714,-0.94068927792165,0.0,-0.08219250568648379,-0.7082272865020357,-0.3331506129581164,0.0,-0.5772085775381527,-1.8116557248573741,-0.1649923684767212,0.0,-0.47999564134583533,-2.361336349666122,-0.5211882016710953,0.0,-0.49620620981074975,-1.8176366562769,-0.4756705318610219,0.0,-0.4354752732720114,-1.0393849007281895,-0.21446866170566334,0.0
0.0,0.0,0.0,0.0,0.5520151166010028,-0.2827305427539152,-0.2531025855215094,0.0,1.3650890578851416,-1.6428015625279915,-0.4891779552918603,0.0,1.060265798913162,-1.8881310770342885,-0.4009320433128939,0.0,0.794225883220394,-1.625413672614708,-0.28670480503732004,0.0,0.8520644006794357,-2.684726682667875,-0.22152860632153337,0.0,1.0530675361472819,-2.493309640944627,-0.6599608605118761,0.0,1.255568605379296,-2.2304514116423553,-1.2558248065774538,0.0,0.6980823012737104,-0.910868600325895,-0.9450015968228295,0.0,0.3105306739676239,-2.7998496725065265,-0.149732598860566,0.0,0.7839782709877093,-3.4514988325598943,-0.7923893019887935,0.0,1.1823494644591939,-4.3268316292090025,-1.8897631839162823,0.0,0.2751514203144387,-0.842021058810539,-0.6223113980177615,0.0,-0.21308624639148274,-2.49094337004673,-0.14457144512331344,0.0,0.042783963323358334,-3.6511354103316997,-0.9155923257944675,0.0,-0.0823349731907291,-2.280129094920679,-0.8471070185802758,0.0,-0.1045039844197299,-0.6557011692543135,-0.28550882928962823,0.0,-0.5785522932397053,-1.8452957489973123,-0.14552100717016014,0.0,-0.4907370773965426,-2.351711610519545,-0.4750754865103788,0.0,-0.518124564987843,-1.8220900827073667,-0.4351898626817291,0.0,-0.4504139861897208,-1.0078981102943882,-0.19213615408321377,0.0
0.0,0.0,0.0,0.0,0.5503425652360898,-0.2758583757895281,-0.2542795164111622,0.0,1.3564410128761104,-1.6243797904890047,-0.493784242611076,0.0,1.0552266245520023,-1.893229735517911,-0.4075843882813368,0.0,0.7876866504305666,-1.6259971180728787,-0.2896320846850671,0.0,0.8517456340049139,-2.709451829503957,-0.2377743909765797,0.0,1.0371232961122276,-2.5018261782784235,-0.672163178220396,0.0,1.2547104994981666,-2.24588606328511,-1.2655294877522232,0.0,0.7066726244106246,-0.9093202050224238,-0.9437279121462837,0.0,0.30392985943075457,-2.830190267458203,-0.1641723263682092,0.0,0.7597213450931416,-3.4267335376538957,-0.8084469065993617,0.0,1.1407991385450056,-4.225923815195475,-1.893864422611154,0.0,0.26620457451129187,-0.8041062055831444,-0.6190154084967993,0.0,-0.22632937100783093,-2.4998305477262215,-0.1548563926752494,0.0,0.029980676204976648,-3.6125859226075683,-0.9207504211754157,0.0,-0.0840478506911852,-2.3257438885821338,-0.8757096074193926,0.0,-0.09970175380280026,-0.6640948052045496,-0.29277774159304865,0.0,-0.5886260077721028,-1.834221480294665,-0.15083224167628592,0.0,-0.4931096238222569,-2.3448178348445516,-0.47762887109671015,0.0,-0.5252835480838597,-1.8573594387282202,-0.4439114982408929,0.0,-0.4551111611312996,-1.0277436691362638,-0.1947458380321188,0.0
0.0,0.0,0.0,0.0,0.5551968643774438,-0.31421698652312546,-0.2682158732873093,0.0,1.3309525072822865,-1.6485013612949457,-0.5190877586467512,0.0,1.028645966369704,-1.9232661744904378,-0.4322512327514949,0.0,0.7694880071446439,-1.6362620439752065,-0.30335041652542594,0.0,0.8048744978452482,-2.635781320356652,-0.23600055743424783,0.0,1.0221676995293967,-2.515544066253386,-0.6903637927663785,0.0,1.2085223318085148,-2.2275996824245565,-1.2836522306221976,0.0,0.6698382313399414,-0.9513939950311681,-0.9750046277939811,0.0,0.270050540661746,-2.76071304831255,-0.16692878641251782,0.0,0.674890091536769,-3.4846009847724653,-0.8345810530666016,0.0,0.989434672229756,-4.105857527039458,-1.8732264839243888,0.0,0.258443082093836,-0.8582173199749821,-0.645220326075224,0.0,-0.24907632014231468,-2.477840593029619,-0.16220567562064264,0.0,-0.03508207418204494,-3.6662811785085796,-0.9658699896706091,0.0,-0.11656298078253113,-2.257908397030127,-0.8764680747713605,0.0,-0.10905247775232198,-0.7157136333153522,-0.30994805890750166,0.0,-0.6123103855054717,-1.8333407740051508,-0.16180434486434514,0.0,-0.5323443499231368,-2.3656411933707306,-0.5053224923761318,0.0,-0.538933681389726,-1.798954253816216,-0.4555142721316337,0.0,-0.46204494301888943,-1.0158280563571045,-0.20357151621770106,0.0
0.0,0.0,0.0,0.0,0.5329759900321814,-0.2995204968693566,-0.24097885109801645,0.0,1.3250421823653225,-1.669621773471916,-0.46081627297008393,0.0,1.033752237587369,-1.927087850787996,-0.38082395755505977,0.0,0.7747923114421914,-1.6548072434090844,-0.2690967273893736,0.0,0.8193918418474724,-2.7244315685544684,-0.19866027800726607,0.0,0.9891481441949457,-2.5232213377157184,-0.597569230772824,0.0,1.2514554353306244,-2.427982960373595,-1.2024614264632147,0.0,0.7082003277124538,-1.0234726006714345,-0.9029846976432485,0.0,0.2718221215697947,-2.8675258220896893,-0.13012010231324686,0.0,0.6930379146581117,-3.511220597315794,-0.7214099311745584,0.0,1.1278041658127205,-4.8198497503575215,-1.8412389384825834,0.0,0.25473345193242375,-0.9101370442276555,-0.5632780872219727,0.0,-0.26315185408756375,-2.537062543910746,-0.1255314210171566,0.0,-0.043263566514966524,-3.712169117211219,-0.8418235822493955,0.0,-0.13849486094789742,-2.3735717935376353,-0.764040387916807,0.0,-0.11875622321554226,-0.71509308158755,-0.2475877929064676,0.0,-0.618904377147602,-1.8609367819283371,-0.12841420426180145,0.0,-0.5367785040493629,-2.376957072933522,-0.4300944435203145,0.0,-0.5547518466192168,-1.840035603089846,-0.3764861809743439,0.0,-0.47065600157261417,-1.0180486724996822,-0.14759536148255945,0.0
0.0,0.0,0.0,0.0,-0.387598936738911,-0.2593342621873195,-0.0031091260625623488,0.0,-1.5259913632334878,-1.806775694358808,-0.02460067631939724,0.0,-2.4067221685805142,-3.6079111749601265,-0.1778706395372347,0.0,-1.6273701449377793,-2.7675692300209396,-0.1917283715140406,0.0,-0.8847859693155223,-2.9796872994372903,0.1438711336379154,0.0,-0.884530191326091,-2.3847830723680286,-0.18899110794348786,0.0,-1.3989906088136401,-2.432030791241068,-0.4865243093839872,0.0,-1.7408346213914259,-2.0328844130558856,-0.6568098427054945,0.0,-0.4754388655243262,-2.883629271877289,-0.03081320702785295,0.0,-1.0159364384651817,-2.9505675912718474,-0.36972141564720956,0.0,-2.3706626202521286,-3.7804934044355223,-0.9122990776315438,0.0,-1.917390157499582,-1.996366508797482,-0.7223399916510601,0.0,-0.08482541788792596,-2.5866228297061147,-0.24798812207302728,0.0,-1.1395589509110822,-4.07879364997283,-0.9226352341163457,0.0,-2.751516690222517,-4.810236138077486,-1.5894916672691028,0.0,-1.1154881969239723,-1.2148503996113116,-0.5264424323160005,0.0,0.23841448987624558,-1.805601002300342,-0.40195802931878627,0.0,-0.44935987928550275,-2.9981250349181345,-1.0192262749589271,0.0,-0.722933087038663,-1.973677732746465,-0.8577161215052058,0.0,-0.46419481340953206,-0.9103893236570805,-0.46333535260781117,0.0
0.0,0.0,0.0,0.0,0.5662022662308438,-0.3037766527301308,-0.27674547710386477,0.0,1.3519880030519191,-1.6489310856784858,-0.5454665812338759,0.0,1.0295029544466046,-1.9187479012291175,-0.45144158253023914,0.0,0.7681866078111582,-1.623638054478308,-0.31830327696074323,0.0,0.8074364664245088,-2.6328751996542357,-0.25626522912900407,0.0,1.0171671801400402,-2.463293732185489,-0.6974854318660407,0.0,1.2150696241714398,-2.1849131576564855,-1.312346673098034,0.0,0.6660595574504633,-0.8845007573211519,-0.9922335769198949,0.0,0.2660088561047863,-2.7398192616812667,-0.17961964780521136,0.0,0.6862943793477425,-3.4248693540702497,-0.8306453333427882,0.0,1.1007656052354462,-4.205694599441627,-1.9673314868003506,0.0,0.2857549645570681,-0.8164219848094101,-0.6627745042343083,0.0,-0.25115688563902344,-2.439295153651496,-0.16638426133015938,0.0,-0.004927363939798508,-3.640172305837119,-0.9642167419060682,0.0,-0.06930115023593754,-2.340965914003405,-0.9243414124244757,0.0,-0.08552614405861199,-0.6987108584486014,-0.32717003789007953,0.0,-0.6087588899885609,-1.787629573920976,-0.15911989889488803,0.0,-0.5161258008232554,-2.339436919463028,-0.5093258174799461,0.0,-0.5010854722437089,-1.7747207515599717,-0.4741198934639402,0.0,-0.40917498202569985,-0.9297297903845463,-0.2140899452261735,0.0
0.0,0.0,0.0,0.0,-0.4515790604917693,-0.3065655199183238,0.004367321641741369,0.0,-1.7507427298331952,-1.979151495661628,-0.018955738389716956,0.0,-2.677462089704628,-3.6450139419443466,-0.18130765726306564,0.0,-1.8075217265451688,-2.7384477831265204,-0.19495926634717398,0.0,-0.7964231348203105,-2.8402773100551704,0.12589809866556226,0.0,-0.9818718978163171,-2.3954143763759244,-0.18208223595139522,0.0,-1.5263213271784426,-2.400637493442988,-0.4574521450301007,0.0,-1.8341203812039886,-2.037370418293704,-0.6033120350122331,0.0,-0.4585845655650709,-2.740459033219663,-0.03699152817565644,0.0,-1.1660924024919,-2.9459167333248617,-0.3600897247034397,0.0,-2.3750989319310465,-3.340104716686297,-0.7567254974700648,0.0,-2.1214748543037705,-2.031946424185238,-0.6550822389597908,0.0,-0.13790446795797207,-2.4631489212774444,-0.244237527307403,0.0,-1.5619859455544787,-4.447201989193164,-1.0188447322310796,0.0,-2.9232732838066844,-4.255652767216305,-1.3806484029785089,0.0,-1.3070381213041435,-1.2456418514082555,-0.4980187999672842,0.0,0.1286524146807666,-1.7241567262074275,-0.4005261891560933,0.0,-0.7327010890345063,-3.105629934555814,-1.0439319319422875,0.0,-1.0252257594126155,-2.067561869084799,-0.8519616546296199,0.0,-0.6666648734021314,-0.9574846904383989,-0.4413719943352052,0.0
0.0,0.0,0.0,0.0,0.5424016411673382,-0.2916239923357977,-0.2553816141601543,0.0,1.3243349235401203,-1.641526859083008,-0.49433354307189104,0.0,1.0374240272494704,-1.927063779275541,-0.41470154468665565,0.0,0.7764798721451927,-1.647827606438121,-0.2928137950206047,0.0,0.814020215733543,-2.6753237021780527,-0.22414355273478853,0.0,0.9901736097864228,-2.4907802575039573,-0.6343182885555015,0.0,1.229325932735309,-2.3708292550489536,-1.2638148353114833,0.0,0.6789112584493493,-0.9796169868923037,-0.9471449615382515,0.0,0.2723364389661026,-2.8099415831903536,-0.15113953809535974,0.0,0.7092646172937648,-3.4959036847074643,-0.7771800322166732,0.0,1.0361444684556316,-4.333200535645822,-1.8241011797867914,0.0,0.2366020132105182,-0.8399721822387897,-0.5937228577074121,0.0,-0.2527985881734326,-2.509218525639029,-0.1420380244928106,0.0,-0.02235531638116256,-3.6856111429454743,-0.8828787676480983,0.0,-0.12961601567500483,-2.4117111318632483,-0.828711278682085,0.0,-0.12079978520385856,-0.7221079894338783,-0.2754881566201887,0.0,-0.6106647759807604,-1.8622802387236255,-0.1416284574862311,0.0,-0.532097882335762,-2.3717681020310963,-0.4595433964450863,0.0,-0.554643070446847,-1.802546657101486,-0.4061299839625604,0.0,-0.4769888100356955,-0.9932318693462391,-0.17113385872054335,0.0
0.0,0.0,0.0,0.0,-0.4723633565682347,-0.34076585564190415,0.007383757059163949,0.0,-1.6784441752085972,-1.926076370263207,-0.0509310290056356,0.0,-2.9875346716092377,-3.9779597699395723,-0.2829549222936016,0.0,-2.0509124742166702,-2.832517910551675,-0.2890007050880546,0.0,-0.7600061184155921,-2.9540121840535174,0.07488837198227957,0.0,-1.1414532495479486,-2.6638084956170482,-0.24795496118613042,0.0,-1.3867757903012006,-2.3162119440386473,-0.43440423951133955,0.0,-1.547178339155474,-1.9634861661574987,-0.4933459692468222,0.0,-0.37491061380407653,-2.681844681420604,-0.10470309917897896,0.0,-1.258126986131943,-3.073186445717462,-0.46543131035629637,0.0,-2.1612277076309803,-3.110691643652483,-0.7751941078180776,0.0,-2.1684192557531055,-2.155253872659202,-0.718480750616789,0.0,-0.08221751834943561,-2.248451280474384,-0.29799027951086265,0.0,-1.7400048524761258,-4.389176682198709,-1.1709392411468171,0.0,-3.112851284863171,-4.253284842743396,-1.566011753385365,0.0,-1.5291621476694828,-1.3853500662280316,-0.6138115667242303,0.0,0.09700923193012552,-1.55358034781881,-0.43234080105368455,0.0,-1.2055489434032518,-3.629888465920695,-1.3923127239841968,0.0,-1.3129137884913304,-2.2318546114660607,-1.0473239513575336,0.0,-0.7788381237471498,-1.0003990233111462,-0.5319558912719922,0.0
0.0,0.0,0.0,0.0,0.5531458473313812,-0.292276306619408,-0.28009294145283525,0.0,1.350079633457906,-1.5914088451006954,-0.5514315724492135,0.0,1.0732223401264145,-1.916054224476002,-0.469718011260246,0.0,0.7894756652237102,-1.6400929040220418,-0.3306278199993959,0.0,0.828182167882213,-2.574308094437502,-0.2616072334601568,0.0,1.0474305544764004,-2.4550533648505075,-0.7165047343673991,0.0,1.2149018960952687,-2.168532469421465,-1.3284223784186175,0.0,0.6527786484270183,-0.8959257955008431,-1.0147517741305006,0.0,0.3064086226038535,-2.6842813181704632,-0.18520491050403684,0.0,0.714689500120797,-3.427312963432393,-0.8524582456531602,0.0,1.0974714093732651,-4.157896658646989,-1.9824930452893452,0.0,0.2872559603940614,-0.820069368679278,-0.6732565574290051,0.0,-0.20452311912198146,-2.441838190696784,-0.1730778450149583,0.0,0.015275737098366849,-3.663704169000641,-0.9770629743161425,0.0,-0.06508611953446528,-2.31350493665713,-0.9085603870715764,0.0,-0.08302206680707618,-0.7080190150378578,-0.32124607790606324,0.0,-0.5793335195758346,-1.8345469871844902,-0.16790552921652882,0.0,-0.5091853221885905,-2.3284870955376555,-0.5072227552123822,0.0,-0.5039898252872516,-1.7515562336842116,-0.45173989592722136,0.0,-0.42410806331004486,-0.9731947142947124,-0.1992274815899845,0.0
0.0,0.0,0.0,0.0,-0.465789731427049,-0.3459900265489625,-0.013002619368624417,0.0,-1.6047421792060266,-1.8417054875722174,-0.11169568604725442,0.0,-3.0903164727616907,-4.195863110053683,-0.4129509168251642,0.0,-2.142444352228185,-3.1714762508508896,-0.3944737273474387,0.0,-0.7365488712456525,-3.011436437110262,0.04864588875617858,0.0,-1.1404094214585294,-2.7468755712363997,-0.26617295246225864,0.0,-1.3917203820688864,-2.39600192599586,-0.46035268380541583,0.0,-1.542144004099204,-2.01991073391731,-0.5214493357591583,0.0,-0.35570600732782565,-2.72138309889532,-0.11045824708580257,0.0,-1.2698145808231724,-3.186326500375663,-0.4561584453955851,0.0,-2.1110267810702745,-3.12316267137351,-0.7461331390373257,0.0,-2.0901144290620035,-2.150799539106922,-0.6991558602676669,0.0,-0.07054494393106028,-2.2974404882479798,-0.2872106981155397,0.0,-1.7611735054370614,-4.583162512435512,-1.1395666206314365,0.0,-3.368502836137464,-4.869783287307859,-1.664268632669988,0.0,-1.5750942186236048,-1.5345389482272995,-0.645545829361172,0.0,0.10464992806359302,-1.60823348587346,-0.4155348094807286,0.0,-1.2265111465461165,-3.911632358872431,-1.4185391031075338,0.0,-1.3757203249787018,-2.519469005623239,-1.1266234483210025,0.0,-0.794855421166136,-1.0934778178259592,-0.5742105640073635,0.0
0.0,0.0,0.0,0.0,0.5320633929299979,-0.2993191259296085,-0.26020648409078956,0.0,1.3099201665357711,-1.689562184355599,-0.5074302918492354,0.0,1.0096313138798212,-1.9340134852351025,-0.4157829180017118,0.0,0.7627231098277696,-1.64699081073385,-0.2921399529316909,0.0,0.7907567675975442,-2.6493974729275203,-0.2404007885317153,0.0,0.9899082989505931,-2.460529211888792,-0.6603607118092265,0.0,1.1832167928986905,-2.2740442768478175,-1.2628150916670529,0.0,0.6451688529047307,-0.9753008556940949,-0.9671718589105625,0.0,0.25761996198860776,-2.7913430797593777,-0.17011719656075244,0.0,0.6824029306982833,-3.544972599710724,-0.8336581419579038,0.0,0.9421939798739498,-4.1886122102153065,-1.840609854575506,0.0,0.214479118553685,-0.8611531048662487,-0.6206656806154633,0.0,-0.26756009885163373,-2.5238956577808946,-0.16375052034574658,0.0,-0.08889151283288911,-3.6988327378744352,-0.9455576507740271,0.0,-0.1644694626084394,-2.245837334859162,-0.8332185436500894,0.0,-0.13238253696369034,-0.6755099012259747,-0.28485483332256345,0.0,-0.6285469433375618,-1.8710897856496742,-0.16089286772801248,0.0,-0.5764550520534434,-2.296779093873138,-0.4680272633283427,0.0,-0.5954372413389909,-1.8053062718763637,-0.4163168808814878,0.0,-0.5131247405162946,-1.0590979160143026,-0.18119449112319325,0.0
0.0,0.0,0.0,0.0,-0.4807749403285685,-0.36571365601344574,-0.023574446642614138,0.0,-1.5570207618968206,-1.717516798905912,-0.1946742650811385,0.0,-2.9723201783459903,-3.7422328507882012,-0.6131712506279451,0.0,-2.3135674132459765,-3.200909467223098,-0.6336883853841867,0.0,-0.6322256341855974,-2.854909350624387,-0.0771438370072311,0.0,-1.107800077409039,-2.7606375811930213,-0.3992316541682089,0.0,-1.3836668767559281,-2.4021863657434075,-0.5863270354751601,0.0,-1.54029939742808,-2.0358804746368553,-0.6423025526896604,0.0,-0.3017981013844451,-2.588205232608563,-0.23112647975135667,0.0,-1.1328383625000773,-2.9832709440185283,-0.5707311777018667,0.0,-1.87844503944843,-2.916069092151605,-0.8279360520180696,0.0,-2.068872104592524,-2.3064020273765053,-0.838743517551615,0.0,-0.07847107761266793,-2.223507091253448,-0.41045778533751964,0.0,-1.8632747333894906,-4.570008918798619,-1.423348642963287,0.0,-3.126093634820458,-4.186734983513262,-1.8010942771976663,0.0,-1.5671599145657529,-1.4114519769341163,-0.7688034215400711,0.0,0.03444210472410547,-1.581665720164765,-0.5437640329594315,0.0,-1.535345280969615,-4.01878157571452,-1.8200574030341852,0.0,-1.4853485432417488,-2.303119382700256,-1.2953038622759707,0.0,-0.9004374758750526,-1.0526265393002225,-0.7074635388409646,0.0
0.0,0.0,0.0,0.0,0.5519600617354703,-0.31963554787792486,-0.27312853456933966,0.0,1.3408497018218677,-1.6908774482908593,-0.5374283210260266,0.0,1.0319653531139945,-1.9433819578156803,-0.44758872100984254,0.0,0.7675221984852579,-1.6498029087514101,-0.31451382968221586,0.0,0.779396190122714,-2.5965393171609454,-0.21908665400371685,0.0,1.0182192232744913,-2.4684773148686245,-0.6816965870747744,0.0,1.1846956930801669,-2.1672644227439504,-1.2864779048720014,0.0,0.6494623759181114,-0.9069826218000503,-0.9847902141844069,0.0,0.2580846954279195,-2.692965250281978,-0.1512526614064425,0.0,0.6836416316953875,-3.4532542043568184,-0.818040238605848,0.0,1.0381883160433139,-4.361286546490566,-1.9654611405014892,0.0,0.2703671788920045,-0.9152647460629211,-0.6676454059250283,0.0,-0.24772211880580433,-2.4516669704399354,-0.15546566884968568,0.0,-0.019802563753721403,-3.7838770336178005,-1.0083780537114393,0.0,-0.10432146918877389,-2.1292218314321767,-0.8415141732334238,0.0,-0.0964101938319156,-0.6813379970290936,-0.29833495583738645,0.0,-0.6101453198070819,-1.8373697486729879,-0.16462525455364385,0.0,-0.5244629519813669,-2.405442603139881,-0.5138752671237583,0.0,-0.5264927546170367,-1.7729687145063913,-0.4389570595194844,0.0,-0.45223320510216003,-0.9964365981367225,-0.18258651076284996,0.0
0.0,0.0,0.0,0.0,-0.4158910434069865,-0.3131356149220267,-0.024587272181536366,0.0,-1.4188701541901838,-1.60523976347951,-0.15133770697109392,0.0,-2.885501682054838,-3.8895703910815698,-0.5271440838293218,0.0,-2.2120357899923975,-3.2839664046159616,-0.5412543301321546,0.0,-0.9615414898811472,-3.3490142668049874,0.01271960936098762,0.0,-1.0659049701410632,-2.6897706060923205,-0.31344253405930417,0.0,-1.271987348073621,-2.3149595277438193,-0.4775480794029953,0.0,-1.4192656316578096,-1.9730232587845549,-0.519542770026584,0.0,-0.4669845007772055,-3.000604518021228,-0.1680002898123315,0.0,-1.0103093674903687,-2.9291753259669018,-0.4937790623287819,0.0,-1.7028179058646575,-2.8851632213697895,-0.7387116628915856,0.0,-1.950826751025883,-2.324800616997969,-0.7408012935656508,0.0,-0.07174045442072338,-2.3717338134011285,-0.3459828861348217,0.0,-1.6341031330463074,-4.608260655159636,-1.3498272373185622,0.0,-2.765306290763702,-4.078133335289888,-1.708132015077158,0.0,-1.3844516899303685,-1.302732601789678,-0.6905153467425175,0.0,0.17176768362973158,-1.5360049691859676,-0.4368263198566681,0.0,-0.8580711106792372,-3.371647572479015,-1.356849566770227,0.0,-1.0315697794965237,-2.1313666324635445,-1.085466076987577,0.0,-0.6354462414057803,-0.9695617154100861,-0.5867183791020777,0.0
0.0,0.0,0.0,0.0,0.5442360717237743,-0.31973679485100553,-0.2777529903542206,0.0,1.3289319887881836,-1.7074904714475518,-0.5482822612702386,0.0,1.0205707275234916,-1.9574452107081088,-0.4524158365641536,0.0,0.7618306357319223,-1.6596208118617632,-0.31780924798779525,0.0,0.7460682003884422,-2.529798811075464,-0.237369673836596,0.0,0.9944618745334305,-2.505252248311626,-0.715930068017272,0.0,1.1678114339093064,-2.21256305503008,-1.3262668293377042,0.0,0.6624711975007395,-0.9517173389351714,-1.0240844811868437,0.0,0.24282312463815686,-2.6367061394561455,-0.17028153336360763,0.0,0.6460595139994387,-3.542257136729691,-0.8737592550618809,0.0,1.0246738744963126,-4.46321046703874,-2.067493763083294,0.0,0.2834101432983754,-0.9135453204882081,-0.6977283394936953,0.0,-0.25322791314861115,-2.4317179515853744,-0.1696675207947738,0.0,-0.10085289085348569,-3.674727266623842,-1.0069013694900033,0.0,-0.12539295356322966,-2.138504373860878,-0.8770529168617635,0.0,-0.07853349598140202,-0.6453295243139401,-0.31640576418259936,0.0,-0.6182145159539433,-1.8376587842313965,-0.17317901585176096,0.0,-0.5753459334421821,-2.285928157852563,-0.524314284325897,0.0,-0.5422838112491516,-1.6841758874434696,-0.469494340405833,0.0,-0.42159115689297855,-0.9323621372597185,-0.2155139353463953,0.0
0.0,0.0,0.0,0.0,-0.39482854866128936,-0.277337856319325,-0.02853353672322868,0.0,-1.2937008704391526,-1.4019595772572815,-0.1508995540349015,0.0,-2.7743124045020466,-3.687892954690244,-0.5421562091353894,0.0,-2.368070612837035,-3.5660586386037414,-0.6208749179404343,0.0,-0.9496793083194965,-3.3712030812237286,-0.0019813818915890304,0.0,-1.071281282364322,-2.708665315168519,-0.32452018177583747,0.0,-1.2512478333890729,-2.3068600764307385,-0.4831843757746017,0.0,-1.3979550564614898,-1.9671951998295505,-0.5277689865091869,0.0,-0.46673745136525174,-3.0331049634907066,-0.1847366076144617,0.0,-1.0045041582700407,-2.9597127519511885,-0.5066814490420979,0.0,-1.620229971828607,-2.827823493616197,-0.726948824381918,0.0,-1.8582757410469228,-2.288960440059678,-0.7307074138798934,0.0,-0.07238848781207699,-2.4014804210207643,-0.36298961195385376,0.0,-1.567147944103003,-4.518138400078883,-1.3290250922403546,0.0,-2.8876574617737965,-4.420252315237147,-1.8431168541097387,0.0,-1.4359729494530387,-1.4245680874280116,-0.7497353597209564,0.0,0.16614604404205527,-1.5528539014719236,-0.4546534459776393,0.0,-0.9022426922395366,-3.480130010181619,-1.4256555535029343,0.0,-1.04305378293079,-2.234852911666851,-1.1413524027268414,0.0,-0.6094470593850192,-1.0253853075213548,-0.6161864219805351,0.0
0.0,0.0,0.0,0.0,0.5399703524101878,-0.3298152880404134,-0.27339117185851197,0.0,1.2967626045230165,-1.7348754966892457,-0.5390723904261983,0.0,0.9767869157407035,-1.9410538417149892,-0.4378439500555391,0.0,0.7363982148835827,-1.644956776583369,-0.3115877458510919,0.0,0.7235370097792245,-2.535207193264638,-0.24086240493278038,0.0,0.9451285002408121,-2.522653936265043,-0.7177493685237151,0.0,1.1210850221865256,-2.2662792560360794,-1.3554738398067583,0.0,0.6228205328251915,-0.9326155099166359,-1.0218282671106966,0.0,0.21577079481003295,-2.651422425705637,-0.1731767652870718,0.0,0.6099541995932041,-3.6397088280335006,-0.9102710364107353,0.0,0.8461403960251894,-4.211754508105839,-1.9981020856887186,0.0,0.22324989633101502,-0.8274587558026181,-0.6819027722674672,0.0,-0.27949716609616126,-2.440726073003132,-0.17006693130467196,0.0,-0.18063783312996967,-3.652289565928078,-1.0060411400871714,0.0,-0.1979886998472647,-2.0699050014535856,-0.8744859728144946,0.0,-0.10233359936585529,-0.5808165935421702,-0.3242242508014759,0.0,-0.637308034131489,-1.8535236885142121,-0.1713493916144535,0.0,-0.617882610352132,-2.2495405165203417,-0.5176165622578673,0.0,-0.5970781702006391,-1.6840827818952246,-0.4865713766857083,0.0,-0.45921072030546967,-0.9242677684374275,-0.24341749982373237,0.0
0.0,0.0,0.0,0.0,-0.37517804275885397,-0.22498291162910888,-0.028151519650935188,0.0,-1.1734618855934398,-1.173330593125006,-0.12718003753902368,0.0,-2.6848109834702525,-3.42874197170834,-0.5241963729897245,0.0,-3.1929158512503575,-4.838077779564768,-0.8763272365102552,0.0,-1.4294322683213,-3.81363554994658,0.20915497814471004,0.0,-1.2506464444616963,-2.866270470474395,-0.19571935446857167,0.0,-1.3771140667268618,-2.439871089339208,-0.3868156830657945,0.0,-1.4825713876977662,-2.0814550418243742,-0.4465588048844034,0.0,-0.8827912626034318,-3.642937789238248,-0.02944610610112736,0.0,-1.0767007126219876,-3.0288836056659627,-0.3652643162310086,0.0,-1.6553545326593486,-2.927229784128819,-0.5921445485750826,0.0,-1.8886859493571213,-2.4431803570906823,-0.6141161218660133,0.0,-0.31920838496084974,-2.8652961227232647,-0.27313421258961434,0.0,-1.2575794282888062,-3.8492489972721042,-0.8790930577656314,0.0,-3.6311398123520258,-6.205589086255724,-2.0351078075425315,0.0,-1.6467588117658893,-1.895466372263286,-0.7444952027881334,0.0,0.06471650341962211,-1.8472955061812582,-0.3955858970040913,0.0,-0.8533394948510099,-3.675775701287764,-1.140354528777212,0.0,-1.3480456579616253,-3.2082979909023743,-1.2319701570720245,0.0,-0.7461814186774921,-1.3313595169751784,-0.5853323953585287,0.0
0.0,0.0,0.0,0.0,0.551032211529578,-0.32738887434335723,-0.2942447451682115,0.0,1.3373060132155983,-1.727470730927605,-0.6026109020900762,0.0,1.0219550268997877,-1.9717431418415505,-0.5010157672011322,0.0,0.7538862513675393,-1.6614230795037825,-0.3529895717512581,0.0,0.7511970711749003,-2.4534844622495195,-0.2592495153190268,0.0,1.0154148104051204,-2.4563952015927843,-0.7833290829435394,0.0,1.127986369213317,-2.1043311261736863,-1.410968052775898,0.0,0.619318252590059,-0.8922493121669458,-1.0992651018165365,0.0,0.260226256276299,-2.561301889533678,-0.1941049025413545,0.0,0.6979567841329651,-3.5667517249576495,-1.003551145795193,0.0,0.9358415472494457,-3.9820694551377476,-2.133942195158275,0.0,0.26804461310736993,-0.8425933277727268,-0.7762710820871588,0.0,-0.22601424597567862,-2.3924858569180656,-0.19839299884372805,0.0,-0.0882202521671695,-3.754167557311883,-1.1611178345107769,0.0,-0.13277572903290658,-2.0500479798721605,-0.9802716228211872,0.0,-0.08202015555086613,-0.633062352295409,-0.38652338889106846,0.0,-0.6008169499283725,-1.8419189485744463,-0.20527488479700123,0.0,-0.5813910037740454,-2.2504196521789166,-0.5887646218169403,0.0,-0.5487886898475548,-1.6231523861311532,-0.5410366755654821,0.0,-0.42796552222289713,-0.9252955171256696,-0.2833355233812123,0.0
0.0,0.0,0.0,0.0,-0.3788262650021017,-0.20794037103858004,-0.01711705091713886,0.0,-1.1568405927865655,-1.1391748008972458,-0.10047237933531718,0.0,-2.5687800143740196,-3.242475261759544,-0.4494944511038943,0.0,-3.0884184370075887,-4.5831883435703995,-0.7776184432305661,0.0,-1.3370198221085294,-3.7221148919926703,0.1405881150542951,0.0,-1.2492182882915088,-2.887307694060525,-0.243841290118787,0.0,-1.4305693073288364,-2.4721606022830995,-0.4382630402124084,0.0,-1.5515826454044301,-2.074163450978438,-0.4959356703547734,0.0,-0.8072262172608726,-3.5288110041158496,-0.11373847110753621,0.0,-1.0272164727506834,-2.9068391941310683,-0.39727737636481647,0.0,-1.5971427427392715,-2.793568583740284,-0.60593228000301,0.0,-1.8375791240421597,-2.3432850890679195,-0.6295806485388629,0.0,-0.2803371121042503,-2.7826576369425178,-0.3541051952872509,0.0,-1.2530343191740836,-3.810570881309755,-0.9742447912579942,0.0,-3.4137449515064193,-5.750826898914649,-2.0932314150796905,0.0,-1.621041067888829,-1.8873558829092454,-0.8323304378362476,0.0,0.07195397699100774,-1.7905375721320462,-0.4677747650850637,0.0,-0.8135423049927561,-3.5071822820957634,-1.2210811845816634,0.0,-1.3747299839941969,-3.1932273596573015,-1.3698689041714063,0.0,-0.7764647890479383,-1.3657888216189369,-0.6800569545469412,0.0
0.0,0.0,0.0,0.0,0.5458742434715633,-0.35045701401347323,-0.26629054243491646,0.0,1.314019347318367,-1.8126739216180172,-0.5393754497883789,0.0,0.9759273161805859,-1.969853996384879,-0.43480986414917705,0.0,0.7383481046569182,-1.6538963138918,-0.3101412410186739,0.0,0.7118387694686699,-2.495148049492368,-0.21070409294478917,0.0,0.9688025968229435,-2.5589772198301195,-0.7238351933323426,0.0,1.112806780143273,-2.2860715118140025,-1.3823900224677943,0.0,0.6101270681995643,-0.948637450844647,-1.0498519659605716,0.0,0.21705324570880566,-2.598249323659638,-0.15211016504330263,0.0,0.6646352476290843,-3.771152101144057,-0.9460796507789323,0.0,0.889618574259607,-4.354649547368817,-2.069783523080173,0.0,0.2392831723735309,-0.870670742939002,-0.7158078693366715,0.0,-0.2672556176279419,-2.4097256581832807,-0.16025143446194168,0.0,-0.16998152216211262,-3.7975053391544664,-1.0614772998437212,0.0,-0.17641572753618934,-2.0697238919825534,-0.8958287424101169,0.0,-0.08176544095848141,-0.5958719284022301,-0.34639472940718236,0.0,-0.6276711148421766,-1.8560211756197966,-0.17346594807750623,0.0,-0.6217532890381013,-2.2426022095058533,-0.5365607948924618,0.0,-0.5775436703383565,-1.649511515778769,-0.5144286615836269,0.0,-0.42135279433863104,-0.9069797790274038,-0.2742067172134186,0.0
0.0,0.0,0.0,0.0,-0.3775873514868077,-0.19895785852017384,-0.025964420519876578,0.0,-1.1435349314564154,-1.1158578453083474,-0.12107277450814598,0.0,-2.4931060077815346,-3.1291332816898603,-0.4786227863717938,0.0,-3.0003166302457025,-4.4774389508852,-0.8099431720988859,0.0,-1.2577266637887121,-3.6806498746007326,0.12392477334975588,0.0,-1.2326218413922603,-2.912018583822607,-0.2609395884882275,0.0,-1.404403914468939,-2.470386900148027,-0.45423301953174716,0.0,-1.521196674034847,-2.0602730146616346,-0.507403287381405,0.0,-0.7338026554449183,-3.4464034387609987,-0.11471396213867797,0.0,-0.9952478553289743,-2.9104986476915182,-0.4076418585232901,0.0,-1.5610844481913762,-2.781973197160252,-0.6173530193778702,0.0,-1.8019723137136479,-2.317560244605993,-0.6366380451378225,0.0,-0.23811381640996485,-2.7453110514145527,-0.34481717759771896,0.0,-1.2161690690577676,-3.822687518959625,-0.9879955953677383,0.0,-3.3417352323871206,-5.743974079012178,-2.126767484037224,0.0,-1.5642272965140083,-1.8437647571482254,-0.8305759624932241,0.0,0.09212543170253754,-1.7931742998786548,-0.4613717016232899,0.0,-0.7782337824233804,-3.5215098174817645,-1.2267907072923903,0.0,-1.3252661429353343,-3.1999110574078773,-1.37623321344933,0.0,-0.733807670354209,-1.341342811903808,-0.6706953259066896,0.0
0.0,0.0,0.0,0.0,0.5457904085716565,-0.3469441440992412,-0.2733616075396121,0.0,1.300312785012898,-1.7726030777025528,-0.5448309145199037,0.0,0.9764179675678887,-1.9718787114901204,-0.44763455239637406,0.0,0.7343758977964273,-1.6609832448607684,-0.31845491454043395,0.0,0.7175977628651021,-2.494080163629472,-0.21795898304901024,0.0,0.9661039582113956,-2.5481516331949536,-0.7330316244505872,0.0,1.08922052231446,-2.274515112665655,-1.3937516369534695,0.0,0.5859328650762798,-0.9602718553376306,-1.0656191852568278,0.0,0.22486467804934082,-2.6082310405995615,-0.1547070193835346,0.0,0.664353989748854,-3.7458925935658813,-0.9561609778071097,0.0,0.7762564245622993,-3.998812394029749,-1.9563527515767765,0.0,0.19568346113384863,-0.8202528315557559,-0.6978083199946069,0.0,-0.259444789727781,-2.433200106925886,-0.15965879698523827,0.0,-0.1604333308819653,-3.840963174879276,-1.0654949091478112,0.0,-0.20253594742293762,-2.0913362336043853,-0.885921259851727,0.0,-0.11120222733686326,-0.6307276346660526,-0.33948968373802774,0.0,-0.6263253656443949,-1.8780616346476546,-0.17120677163025794,0.0,-0.6202562119003938,-2.2799585645131857,-0.5272012738360498,0.0,-0.589159877198064,-1.6825617424193005,-0.4922737677914813,0.0,-0.44720068484548003,-0.9540172569789107,-0.252479795586209,0.0
0.0,0.0,0.0,0.0,-0.3717469551094097,-0.25095762566780877,0.004787529102185638,0.0,-1.1874882920214787,-1.3549861122901865,-0.018492607159752594,0.0,-2.6837739862282697,-3.6647746121665246,-0.25511982608050504,0.0,-2.824429946053831,-4.35173953191007,-0.4513085271600433,0.0,-1.2684997095737338,-3.7341717181634535,0.3392892540582225,0.0,-1.3260077295569013,-3.2063717983863564,-0.13046063927349588,0.0,-1.499634143369645,-2.6323729419772404,-0.35337295340517444,0.0,-1.586873810781557,-2.1151938608804226,-0.40852711726065566,0.0,-0.7890028742537363,-3.602246407228826,0.054143641268029945,0.0,-1.1264358191831438,-3.1541483888728554,-0.3127810480538126,0.0,-1.6026868168055528,-2.7692918429820472,-0.5080260540653764,0.0,-1.7246344731282315,-2.205727088778316,-0.5117049457434143,0.0,-0.25401316408877883,-2.823171567945325,-0.22349727229984795,0.0,-1.241960354209353,-3.8268840451287445,-0.816762768641003,0.0,-3.1807623940679894,-5.525491887371503,-1.7597743036750917,0.0,-1.5442448967318778,-1.8670109323899855,-0.7270164881699164,0.0,0.10246478788630355,-1.8993806656091656,-0.3707524514532244,0.0,-0.7814700350915602,-3.584683764019394,-1.043195553872274,0.0,-1.4486352141113314,-3.784674841766141,-1.340014093343186,0.0,-0.7735040644362351,-1.6438859788148676,-0.6523027975722478,0.0
0.0,0.0,0.0,0.0,0.5520910218147886,-0.3542814910546789,-0.2788677591891788,0.0,1.313613327019116,-1.7358208793681709,-0.555217813043582,0.0,1.0167093229795847,-1.9899929952442537,-0.4694314104374258,0.0,0.7511228001953246,-1.682732533621162,-0.33118402840508365,0.0,0.7296012279672258,-2.5379327180206106,-0.21896546405757594,0.0,0.9827749189709729,-2.5550126106677378,-0.7084328727028412,0.0,1.153832236835709,-2.283360294676098,-1.3311085187641924,0.0,0.6490475270405446,-0.9792204952703096,-1.0195704640790262,0.0,0.22733694108896882,-2.6383994467724428,-0.15255265249079808,0.0,0.6500216648377998,-3.651153862787599,-0.8911910635773943,0.0,0.9497759908211926,-4.224275310217692,-1.9601011861741566,0.0,0.2740617563840206,-0.8757882202278473,-0.6817381209476845,0.0,-0.2636934524864031,-2.4397246217407087,-0.15471671730191752,0.0,-0.12597784352640365,-3.7886519818277025,-1.017285287775387,0.0,-0.13766963753920586,-2.1811695112553533,-0.8780330375179045,0.0,-0.07546365782755968,-0.6674801201492582,-0.3206778389296493,0.0,-0.6267358703246827,-1.8570965338242025,-0.16362455035617302,0.0,-0.5944404745584136,-2.2997207616785937,-0.5044971014478568,0.0,-0.5742822368252124,-1.7662708711236763,-0.4590955465781068,0.0,-0.4642115319493053,-1.0544195314112854,-0.2181458544936641,0.0
0.0,0.0,0.0,0.0,-0.38398984088159205,-0.26574947781753944,0.0007302796498251294,0.0,-1.2184754816849988,-1.3279528644532965,-0.04258315945018216,0.0,-2.67426241385901,-3.469335668921984,-0.31766735297056015,0.0,-2.790357506330892,-4.083474972848148,-0.5179900788424056,0.0,-1.2343416540781587,-3.600083143086714,0.3529667290023864,0.0,-1.3888742608788582,-3.2979983687550805,-0.11588254304504819,0.0,-1.5779760820892168,-2.7143906325799496,-0.36422227543197383,0.0,-1.6365797701913916,-2.1197345554836278,-0.419323846522917,0.0,-0.7721143000127718,-3.477660919265263,0.07976705923390695,0.0,-1.1872667616105002,-3.2143471037503244,-0.307621494802302,0.0,-1.6642372439908477,-2.817832490839789,-0.5225236723457557,0.0,-1.7607899894957693,-2.2095447268380024,-0.5267184937707944,0.0,-0.2665523296973541,-2.7910546766265347,-0.19803153683383926,0.0,-1.2837352271716864,-3.7873881763924775,-0.7967881924535445,0.0,-3.2213091592364984,-5.4012319035657255,-1.716267093326099,0.0,-1.614895800588672,-1.8546285543242953,-0.7266041293995626,0.0,0.09231953071160448,-1.906115219159337,-0.3529393805741249,0.0,-0.8104021476344171,-3.5818568442825236,-1.0221747524624651,0.0,-1.4669501751371747,-3.888473571154388,-1.3517742437518019,0.0,-0.7871464160180031,-1.7561730225829013,-0.677199152465572,0.0
0.0,0.0,0.0,0.0,0.5355080024812304,-0.34481105974357806,-0.26448656386743874,0.0,1.3004115537300267,-1.7498612811086338,-0.5197792067356589,0.0,0.99866342772697,-1.9623049108546256,-0.4283568529208958,0.0,0.7455541412101606,-1.667408742811239,-0.3025145326068217,0.0,0.7155043995516672,-2.5147416659158215,-0.18900316446796453,0.0,0.9721130257895719,-2.5526581599132547,-0.6693910190506209,0.0,1.1312951835437484,-2.276554651649059,-1.2838138557024221,0.0,0.6240161936389469,-0.9590669924220677,-0.9726004948567276,0.0,0.22724634971166677,-2.6231454652791397,-0.12627522986230677,0.0,0.6721061961404348,-3.7977518045703347,-0.8727486129682648,0.0,0.7992157930565996,-3.827487650078573,-1.6948468037551547,0.0,0.22196335890985935,-0.8311768356211784,-0.6133437594986266,0.0,-0.25507589794784724,-2.459138737634552,-0.13306029322764001,0.0,-0.16114729004064765,-3.7900746214489143,-0.9576669591620247,0.0,-0.18875332556234758,-2.051014183329235,-0.7723625742261363,0.0,-0.10152187629034333,-0.6393956235196707,-0.2788036928938803,0.0,-0.6228421080556156,-1.901099903340223,-0.14796006857953334,0.0,-0.6106481659975165,-2.2723205630888637,-0.45324103852948994,0.0,-0.6048885058519397,-1.7474881483818985,-0.3990218404921684,0.0,-0.4850892799777879,-1.0649167177526608,-0.17589727859693552,0.0
0.0,0.0,0.0,0.0,-0.42134089458380863,-0.2900967261925984,0.011534564814940522,0.0,-1.1865390380304015,-1.397505551441359,-0.03929576035836939,0.0,-2.6537355719131837,-3.780503225185054,-0.31576019796747445,0.0,-2.60071572239151,-4.389188406813004,-0.5000204605817573,0.0,-0.29841557812089015,-2.747673060827917,0.13016530960610892,0.0,-0.9740728791145997,-3.3742557881846027,-0.20356686042127,0.0,-1.3872964723885421,-2.9287025327720784,-0.4079075381868405,0.0,-1.5368740308828777,-2.3211947325968154,-0.4454009693913915,0.0,-0.11202505685989703,-2.586431073464164,-0.061457815012501096,0.0,-1.0208505835547756,-3.307933797442051,-0.3814962943585274,0.0,-1.48557539153013,-2.7220848500997046,-0.4841374358907924,0.0,-1.5591240006601172,-2.092163755998103,-0.45683599411838544,0.0,-0.004625472259980072,-2.4106336445710626,-0.2772650742876375,0.0,-1.642306718831169,-4.397018682950775,-1.0275759920986138,0.0,-2.9272537735774264,-4.728845857787629,-1.4916810141787398,0.0,-1.6987306688584982,-2.009364553386211,-0.7617370674769409,0.0,0.004929359877884411,-2.1193078600695756,-0.500455151592957,0.0,-1.869173222708153,-5.228960712557442,-1.7502359751046939,0.0,-1.8820642113898698,-3.6324192387556455,-1.474280539748565,0.0,-0.9450876001851021,-1.571417102406965,-0.7461836210566045,0.0
0.0,0.0,0.0,0.0,0.5522621050783649,-0.32874774501354875,-0.281998589409275,0.0,1.3242670806459216,-1.7020724554799964,-0.5618179091682526,0.0,1.0304703619252478,-1.9770334243244698,-0.47249125454276564,0.0,0.7581374792075416,-1.6758367813002712,-0.3299269214544857,0.0,0.7435985171132679,-2.5028607828225153,-0.20655827988532072,0.0,1.0146617348246896,-2.509127338251722,-0.7050852636903558,0.0,1.1533933720496894,-2.17075546267229,-1.309419442448387,0.0,0.6469778478456272,-0.939199723913181,-1.0175238373887054,0.0,0.25322115317022803,-2.594905423687326,-0.13755427215480845,0.0,0.6857029987347981,-3.6077195406499745,-0.8824405443668855,0.0,0.9048720637185229,-3.884214143516633,-1.8492536850744574,0.0,0.26190851841460927,-0.8520103573687828,-0.67427140698378,0.0,-0.22760977555252457,-2.426780187406911,-0.14182261361266457,0.0,-0.0767247217269216,-3.7634055946251115,-1.0053860420188008,0.0,-0.13083615369232685,-2.1319514453918496,-0.8583538066362169,0.0,-0.0918416485129258,-0.6850071985231846,-0.3125260908792646,0.0,-0.5996946773773808,-1.8782679405581029,-0.15600670950840634,0.0,-0.5738911694028613,-2.3131685917809213,-0.5040725951789484,0.0,-0.5613956693297517,-1.6966526322017736,-0.4416196492625974,0.0,-0.4717726601303885,-1.0209043000396991,-0.20467521146865925,0.0
0.0,0.0,0.0,0.0,-0.4241089983834524,-0.3327733244283267,0.02117097248182707,0.0,-1.287075695707131,-1.6499024390042651,-0.0071424715393767,0.0,-3.136263847756145,-4.789429241149175,-0.29300415878044195,0.0,-2.728740668921408,-4.906996477051785,-0.4731929978980314,0.0,-0.419323933147978,-2.8595824545881596,0.21997649256418506,0.0,-1.1743861461213179,-3.495732254069636,-0.14444549512746413,0.0,-1.4644408222888117,-2.8303478503473114,-0.3729413745478301,0.0,-1.5277927598779308,-2.1801989183637147,-0.40887973002196204,0.0,-0.20098678012117893,-2.694801489856006,0.012922828073063934,0.0,-1.109923536646527,-3.348693126048118,-0.3194328342720523,0.0,-1.5727437155507134,-2.749111122670347,-0.45906296603805763,0.0,-1.6343258367000932,-2.1113742874360164,-0.44430719653948414,0.0,-0.056673821578413115,-2.4656403234272024,-0.2196540727904395,0.0,-1.6172690200057331,-4.362355183868754,-0.8947367681385628,0.0,-3.1013595879513725,-4.909847714355937,-1.3776961408478914,0.0,-1.755294017936346,-2.0464268649090727,-0.6669731358718444,0.0,-0.010395467897908227,-2.0464762233572173,-0.44122756513774086,0.0,-1.872459993978716,-5.2792310860201255,-1.6248216505623088,0.0,-1.8146817438647775,-3.4668465735426173,-1.2692442122560563,0.0,-0.9428002289433718,-1.597103505221982,-0.6403481555599569,0.0
0.0,0.0,0.0,0.0,0.5232392501222213,-0.3325597018685852,-0.26280775096108133,0.0,1.2879705134599808,-1.7451619510009457,-0.5220485273641744,0.0,0.9972855306464825,-1.9646774765313506,-0.42971086714020496,0.0,0.7472775528794751,-1.668996779074653,-0.3015996196815612,0.0,0.713281124560884,-2.496068604920498,-0.182467869251721,0.0,0.9617035754199403,-2.550814929564022,-0.6615551803979128,0.0,1.1211791795973107,-2.283399240784332,-1.2738722766091728,0.0,0.6157256996648351,-0.9708194503860484,-0.9658726824435664,0.0,0.2313718030351638,-2.619451353521867,-0.12005836650493436,0.0,0.6327290573568892,-3.7767269113408166,-0.8595193965451997,0.0,0.7396943939000277,-3.8330324754670744,-1.6816469644356653,0.0,0.2001402702474818,-0.8330089799555542,-0.6041924055069378,0.0,-0.25292332361243003,-2.467307676027908,-0.12754316502254404,0.0,-0.16425077482143915,-3.8506233921943496,-0.962601994923009,0.0,-0.20438411896557987,-2.055035425450563,-0.7616833874716487,0.0,-0.12043895585073665,-0.6505142440986886,-0.27195594293482384,0.0,-0.6224909979510177,-1.922029829413698,-0.1447870645276735,0.0,-0.6148940529689806,-2.3182663026257533,-0.453670883422196,0.0,-0.6202517530713483,-1.7460644866114903,-0.3892581502468339,0.0,-0.5242747531634839,-1.0758194369506584,-0.17021583598847764,0.0
0.0,0.0,0.0,0.0,-0.4251558160302702,-0.33352958097108276,0.011521036206098085,0.0,-1.158035874870911,-1.5153758851275279,-0.06934345774189615,0.0,-2.673324725291768,-3.9812532035724693,-0.42513977650689516,0.0,-2.949653962968548,-5.029283596833178,-0.7235887274283036,0.0,-0.18505130719809204,-2.502033149292152,0.009590516389990662,0.0,-1.076020892514111,-3.4906631424169867,-0.40905138801654667,0.0,-1.3955819868432147,-2.772133917623901,-0.5724929635859134,0.0,-1.4766005377666531,-2.1018049230840576,-0.5506776911543404,0.0,-0.04012495152461901,-2.3532286017276887,-0.16106072275720712,0.0,-0.929625678206767,-3.260742527132491,-0.5017917744904985,0.0,-1.3905738714104698,-2.739822167872313,-0.5813570373125128,0.0,-1.5192718224306487,-2.1890770366294974,-0.5505629222037459,0.0,-0.0004900848583734232,-2.214117791053772,-0.3696670233101375,0.0,-1.5266045201134417,-4.272735168951486,-1.1131232829121782,0.0,-2.8247266751413926,-4.548798590848151,-1.5389759643599905,0.0,-2.0358025365079913,-2.297396579417622,-0.9461230602573639,0.0,-0.10893877969440306,-1.9611691670666758,-0.6043851943841122,0.0,-2.2699850473698295,-5.714833528293417,-2.173000164419268,0.0,-2.1213394449368908,-3.474054437776073,-1.583823954254892,0.0,-1.2231349070172397,-1.4994266834085601,-0.8327852287554831,0.0
0.0,0.0,0.0,0.0,0.5427485664280417,-0.33177276204090544,-0.2676653247747445,0.0,1.2934783863650356,-1.692347631988105,-0.526734419109067,0.0,1.005133084374538,-1.9546102934655447,-0.44290446236695086,0.0,0.7457634959557351,-1.6635734605361197,-0.31200864649498566,0.0,0.6904248208108035,-2.472347345299586,-0.19053154749277737,0.0,0.9893385526236678,-2.543708973659608,-0.6999267613280433,0.0,1.1090851955465215,-2.1745211374958244,-1.3072431696923892,0.0,0.6054850500271692,-0.9088526789730991,-0.9978696369849521,0.0,0.20579250493064255,-2.5587192085811896,-0.13102291385627932,0.0,0.642883976906335,-3.6443317601792855,-0.8700511407751875,0.0,0.8490218917965887,-3.963475999808042,-1.851415438359135,0.0,0.24029304323763298,-0.8293255958585686,-0.6631539833577365,0.0,-0.265432231053899,-2.3918802399858268,-0.14003662079629056,0.0,-0.12742012344218087,-3.87714158190568,-1.0206009820139,0.0,-0.18315716043558383,-2.144439696205157,-0.8490927103677504,0.0,-0.12982826643131778,-0.7051170238065693,-0.3211479475171442,0.0,-0.6263159810915908,-1.864268241926227,-0.15887916551747516,0.0,-0.6099251388308833,-2.3212260436978456,-0.5065601868551424,0.0,-0.5866008908497952,-1.653604214563859,-0.43736371735112783,0.0,-0.494564614375609,-0.9676507947339484,-0.20610320438478938,0.0
0.0,0.0,0.0,0.0,-0.4364509345336547,-0.36755715930557237,0.03165444318714808,0.0,-1.1432136450355075,-1.5222638435461233,-0.020901431251788716,0.0,-2.7013568636505174,-4.055314635362331,-0.3398507711370379,0.0,-3.26715599900516,-5.522171728186209,-0.6922064971068778,0.0,-0.2272341604236285,-2.6069543597830944,0.08653594753694414,0.0,-1.000139956366694,-3.494626139655683,-0.28501324360359875,0.0,-1.3570403244774971,-2.9318649150307836,-0.47675576488504584,0.0,-1.4898424924213567,-2.3480171665179066,-0.4923076230896252,0.0,-0.09641951801519782,-2.4845175211255714,-0.09770002076863084,0.0,-0.9661000383792984,-3.3404649582696755,-0.4049470968380963,0.0,-1.405985348904361,-2.8203122873937105,-0.4875591146743197,0.0,-1.5396828428541685,-2.325050679965582,-0.47640404584967905,0.0,-0.08541226958861967,-2.4121286435200915,-0.3244262185450685,0.0,-1.5822911850660264,-4.372493294050044,-0.9574762973851075,0.0,-2.9022106381908945,-4.655503799274253,-1.2914427859965611,0.0,-2.0765542694406567,-2.3607041490635177,-0.764543112473445,0.0,-0.24112852512523933,-2.2570138597899647,-0.5926984932021271,0.0,-2.6420458526772372,-6.436491114477732,-2.0164984485454664,0.0,-2.5522060690400195,-4.142045501050458,-1.4784178366591347,0.0,-1.4737976303883107,-1.8210898708489744,-0.7368337091633018,0.0
0.0,0.0,0.0,0.0,0.5260521948268877,-0.33900229796909087,-0.265568381899378,0.0,1.2792465591838693,-1.731501236922331,-0.530041595860967,0.0,0.9978134467447234,-1.9766991201269117,-0.44803905037529335,0.0,0.7441616832853839,-1.6758593430956297,-0.31728214983484876,0.0,0.6940044110857646,-2.4679616121653307,-0.18220378611962706,0.0,0.9599917203837068,-2.5463210007839785,-0.6875473795698409,0.0,1.083919995386899,-2.2445094264158807,-1.3162162739868066,0.0,0.587918553889448,-0.9435809179429527,-1.003194420434283,0.0,0.21565701726261666,-2.569416084884101,-0.12110472587638099,0.0,0.6389834858636083,-3.7365713523584647,-0.888995609646304,0.0,0.7046324605044061,-3.796300383062139,-1.759069922640935,0.0,0.17690504315740418,-0.7762050701907678,-0.6240264385703326,0.0,-0.25367306914326004,-2.426307398130699,-0.13067890406027657,0.0,-0.17046395842408307,-3.87112273132055,-0.9950342262367025,0.0,-0.22992225966037685,-2.086035824641892,-0.7984903953714029,0.0,-0.13281084715872235,-0.646743072339878,-0.28759211464562023,0.0,-0.6198195198563904,-1.9205810553079408,-0.15251837673039234,0.0,-0.6232845266202115,-2.322280660107434,-0.476272170730168,0.0,-0.621069376273063,-1.7207619976490882,-0.4144726246732834,0.0,-0.5081127535220198,-1.0279844541144847,-0.1876977646334412,0.0
0.0,0.0,0.0,0.0,-0.4057638621885368,-0.41236974114976954,0.016038543757677867,0.0,-1.267751975705331,-1.8542338199513748,-0.07913311432256537,0.0,-3.1553161471292297,-4.79767236751626,-0.44711779911480865,0.0,-2.290552775189299,-3.4629363253499346,-0.4480034775530669,0.0,-0.08255065154741051,-2.262336278874612,-0.1051660516067049,0.0,-0.9234341761412332,-3.3470325403233785,-0.43594931715890584,0.0,-1.1256783252329483,-2.75317282891118,-0.5103179983335002,0.0,-1.227857193928459,-2.3592328602433588,-0.5104665304700455,0.0,-0.0459344565347648,-2.173154300020083,-0.24643881438208723,0.0,-1.1809700954726023,-3.5851257597863557,-0.6367776505398077,0.0,-1.734917563657119,-3.1776306188169827,-0.7494795272565381,0.0,-1.8955081784824996,-2.6271374544235564,-0.7499059885065712,0.0,-0.16227068313400791,-2.1592805243724134,-0.43575640616801214,0.0,-2.2319330769033705,-5.226142219964542,-1.315849474531789,0.0,-2.877082052698517,-4.323832404082017,-1.266658971359377,0.0,-2.4492785203823435,-2.881206891831727,-0.9391453841097193,0.0,-0.47313818663417334,-2.0366911569231094,-0.6617922555113975,0.0,-3.8686423140514434,-7.349565322323046,-2.5119540216417295,0.0,-2.8694238891495885,-4.125786936689303,-1.5254505911885943,0.0,-2.1084557734740432,-2.6587419885263985,-1.0542355520492124,0.0
0.0,0.0,0.0,0.0,0.5710866547444624,-0.38385651577786933,-0.2638098946261814,0.0,1.3254032071986277,-1.8022832378887974,-0.5272169049347699,0.0,0.9871996931732029,-1.9718260611686103,-0.4300159168245881,0.0,0.7357343493501671,-1.6604884852789072,-0.30602594297319363,0.0,0.6818086964490763,-2.44859272135936,-0.2048070535402857,0.0,1.002728131065835,-2.6024368940835605,-0.731220371514553,0.0,1.133329169839662,-2.23901462044663,-1.3463174508159557,0.0,0.6309114696069512,-0.9627001243483722,-1.032131840809802,0.0,0.19772103666736865,-2.537741873230434,-0.15256452136724488,0.0,0.6804517651803,-3.796300257018789,-0.9356300523915815,0.0,0.8904796100467686,-3.8837731650927134,-1.8380182564884302,0.0,0.27001177605013,-0.8248883505872335,-0.6718789781357194,0.0,-0.2721717912017477,-2.364453695336361,-0.16170254537983914,0.0,-0.11746110774207033,-3.919080856114019,-1.0674774603205706,0.0,-0.12315010480539436,-2.192368806266255,-0.8905274488372236,0.0,-0.07040323463450616,-0.6968555534970435,-0.3424957423514384,0.0,-0.6310929889986021,-1.8305343803924388,-0.17681444330960322,0.0,-0.6128352973812923,-2.2711787828150487,-0.5446248935044915,0.0,-0.54043135807817,-1.5876245851917243,-0.48840391720354653,0.0,-0.4120650491316828,-0.8833079424035495,-0.25119384305602926,0.0
0.0,0.0,0.0,0.0,0.551748912663399,-0.37279018494880234,-0.25799320972107437,0.0,1.2992152773625547,-1.7998021965384283,-0.5097129881799672,0.0,0.9766001974095734,-2.0020759310371266,-0.41714627245578906,0.0,0.7212135590477613,-1.6901527630809317,-0.29197650457971114,0.0,0.6917713291710914,-2.5174496961568873,-0.21196799647823963,0.0,0.9749740280440544,-2.5717756047942144,-0.6921214509641609,0.0,1.131038743545936,-2.3409309205433724,-1.3126561898244191,0.0,0.6281055303763279,-1.050085334304973,-1.0209794667881475,0.0,0.19463475146806755,-2.6036268580808213,-0.15126544542269163,0.0,0.6849724330880586,-3.8917372477387238,-0.9178665515404513,0.0,0.8445078562295468,-3.9515903431935953,-1.7467477430089287,0.0,0.24548112040001244,-0.8775960040120537,-0.6384940069572026,0.0,-0.28543277497774006,-2.413908445238415,-0.15365228761244995,0.0,-0.15155283882355766,-4.002281603444171,-1.037742074117776,0.0,-0.16958366233293135,-2.2147946201796596,-0.839470765146799,0.0,-0.10483643280279444,-0.7339133452891323,-0.32351573033324604,0.0,-0.6445920306615976,-1.8570462252321547,-0.16279081526615213,0.0,-0.6304510575193167,-2.313377412740711,-0.5092885655749595,0.0,-0.5765064460278339,-1.6612093522209173,-0.4515988783801093,0.0,-0.4615774468463305,-0.9658424541271792,-0.22773580738947197,0.0
0.0,0.0,0.0,0.0,0.523155141476017,-0.37098010836937556,-0.25353810785449116,0.0,1.2558289298412617,-1.804516386343087,-0.4996438083181624,0.0,0.9472432445704366,-1.9778487085679832,-0.40997737547843005,0.0,0.7146724801007058,-1.67344243872539,-0.2913537307921122,0.0,0.6353301092220045,-2.4784196525443978,-0.19809972921809024,0.0,0.8844210583886367,-2.545739278857082,-0.6683795290166739,0.0,1.0736796915480145,-2.3866410340219915,-1.3245077780176535,0.0,0.5960622248015032,-1.0278967908045973,-1.0065898023917357,0.0,0.15188656477335977,-2.5582251259156434,-0.14254257956371735,0.0,0.590932408596472,-3.8024091563878466,-0.899275486657734,0.0,0.6567595599232047,-3.8546692152112008,-1.7221716822432849,0.0,0.16496801590229968,-0.8171377419290811,-0.6103465253402282,0.0,-0.31270256011029,-2.398171736894282,-0.15208015255364024,0.0,-0.25011870998399227,-4.0361433460131675,-1.074131336162921,0.0,-0.24411718627851778,-1.962931589741864,-0.7807056083666416,0.0,-0.1334495258628431,-0.6315727263582059,-0.30081393692255926,0.0,-0.6645817809378527,-1.8834310321289787,-0.1685593899120998,0.0,-0.681273068753715,-2.28252514721992,-0.49994296172619074,0.0,-0.6284248060399772,-1.5969236651561773,-0.4267999205073718,0.0,-0.4939349975907824,-0.9261930882122598,-0.20614698302241777,0.0
0.0,0.0,0.0,0.0,0.5314375210000757,-0.3705182673408356,-0.2616661014659666,0.0,1.2678629971205915,-1.792824487892186,-0.518873665337527,0.0,0.9641348941132019,-1.9823361743050378,-0.4283136937965956,0.0,0.7176522037106269,-1.6832666324217216,-0.30635608426909905,0.0,0.6599418072500425,-2.467567339257271,-0.20800675678882666,0.0,0.9179210941223562,-2.5449895004898813,-0.6935137986508789,0.0,1.0678164897952165,-2.3330805436325313,-1.3476649593101346,0.0,0.5817773735786921,-0.9978315397793415,-1.0271226851712971,0.0,0.1739266910167424,-2.5610904737310936,-0.1489837125318949,0.0,0.6012794510933278,-3.782776750603767,-0.9103838727623915,0.0,0.6835620870160446,-3.8744429329457595,-1.7763413752190367,0.0,0.18168267212958983,-0.797106556987968,-0.6269599755998475,0.0,-0.29867999065012735,-2.4008238778446356,-0.15393524782213672,0.0,-0.22468990218661342,-3.9241472393084,-1.0357910825993786,0.0,-0.23367458692183163,-2.077494338437412,-0.8198986883488831,0.0,-0.1219438885968808,-0.6465601409805752,-0.310351809871057,0.0,-0.6575569746002071,-1.8723381102517525,-0.16636320847346578,0.0,-0.6632064885221564,-2.282307418642961,-0.4989116170387375,0.0,-0.6154391290142109,-1.6476301587028792,-0.4401355300646029,0.0,-0.47188317635272314,-0.9401756753980576,-0.21129368946813162,0.0
0.0,0.0,0.0,0.0,0.5629291506029077,-0.4037815395605803,-0.2654974173408366,0.0,1.2961087900515025,-1.8290471399393413,-0.5245360220414238,0.0,0.9668775115186058,-1.993200295009926,-0.42877317216782074,0.0,0.7188954289827091,-1.6837715438850385,-0.30645425501698453,0.0,0.6642236864894209,-2.5098319428365197,-0.2122202497051736,0.0,0.942133619349966,-2.586918792749647,-0.7066643949288367,0.0,1.1191289222264078,-2.37202017784135,-1.358092731717554,0.0,0.6317626731401631,-1.0661622756850837,-1.0613300552465987,0.0,0.16717981743696497,-2.5880978482435624,-0.15661099236513484,0.0,0.6131169889922531,-3.7590470994069403,-0.9160087829276107,0.0,0.8681098691576398,-4.189085020288508,-1.9288981925468318,0.0,0.2588699563084332,-0.8896703170528909,-0.6847401030768735,0.0,-0.30784172311384345,-2.399463340422861,-0.16479580441756794,0.0,-0.18834928193804976,-3.9194147749373935,-1.073245988503217,0.0,-0.16869455680127937,-2.1759224800418657,-0.891999347651201,0.0,-0.08516087539553038,-0.6940362039742783,-0.34627977163538287,0.0,-0.66135432958655,-1.8363264797361147,-0.17766915575283407,0.0,-0.6468401351406696,-2.283473259581321,-0.5469935844420517,0.0,-0.5694806657485928,-1.6037678309464038,-0.48970020143224086,0.0,-0.4319224004084233,-0.897252438005472,-0.25162007456958174,0.0
0.0,0.0,0.0,0.0,0.5258271660867896,-0.3745857771655233,-0.2682358682391074,0.0,1.235393138815834,-1.7591810321570367,-0.5264001293866394,0.0,0.9471391960500041,-1.969838703098451,-0.4427495911986181,0.0,0.7109022503513844,-1.6731862739858647,-0.3171840990362984,0.0,0.6200163422268146,-2.4407522970489715,-0.20507383457417025,0.0,0.8727463172696827,-2.5563974900080804,-0.6994615545564331,0.0,1.0351914696495295,-2.352147080738272,-1.3621816654286782,0.0,0.5649939511716394,-0.9891138439417206,-1.0304068549107788,0.0,0.14617438598759325,-2.5282500064798614,-0.14513705566171223,0.0,0.5456680855454749,-3.765624429091669,-0.9286539065719105,0.0,0.5904777923451144,-3.781365026453555,-1.794970370280338,0.0,0.14174712382906088,-0.7506149290858207,-0.6321817355063559,0.0,-0.31363010311928874,-2.3838485488917276,-0.15029922126306602,0.0,-0.2897551803517323,-3.9427885406251737,-1.0571904280670492,0.0,-0.28718091717279254,-2.0186238701312336,-0.8148215849063896,0.0,-0.15477586662601048,-0.6236871433510511,-0.31270276187683876,0.0,-0.6701331946850004,-1.8848066090005273,-0.16632033905804403,0.0,-0.697315473111266,-2.2722186245468556,-0.5030046714710007,0.0,-0.648637944069745,-1.5962737154646072,-0.43886937048776314,0.0,-0.5095021102882659,-0.913517003483809,-0.21745252125831177,0.0
0.0,0.0,0.0,0.0,0.5600994149362688,-0.3993040768034406,-0.26904029215915803,0.0,1.3014510413299005,-1.83901760871876,-0.528608822668035,0.0,0.9537839678419139,-2.003240817043472,-0.4281341485059853,0.0,0.7048994826669719,-1.686801343241247,-0.30067484375369286,0.0,0.6613236815437804,-2.534499426597316,-0.21512339980922804,0.0,0.9400211929033523,-2.612717918412885,-0.7040046823209029,0.0,1.133088036492831,-2.380347626790074,-1.3437817417577964,0.0,0.6283777371172388,-1.0329873706943231,-1.0151406088356165,0.0,0.16430207888977125,-2.6234708157091977,-0.15666549745574204,0.0,0.6238784086302036,-3.7637466403411706,-0.9111716438760511,0.0,0.8755030156092268,-3.9003343073345706,-1.7829053506870405,0.0,0.28439570665689756,-0.8626856953372632,-0.6507233698394802,0.0,-0.31437585918749594,-2.413810369728095,-0.16057570084357847,0.0,-0.16241572296405835,-3.8840371306707255,-1.0392416444526875,0.0,-0.13359693861288835,-2.2413410172510093,-0.8815509013451391,0.0,-0.06409170571130131,-0.713650464558907,-0.3258152541867797,0.0,-0.6645578882276477,-1.8248618369211145,-0.16941547292291792,0.0,-0.6328620234751339,-2.3087919005841737,-0.5367555983220291,0.0,-0.5643359991248154,-1.6641592431849719,-0.48928578493275066,0.0,-0.42952121956948225,-0.9272447636504085,-0.24500471693982165,0.0
0.0,0.0,0.0,0.0,0.5369462576625728,-0.3926813880118482,-0.24939145393652734,0.0,1.2495555425304057,-1.7960854832335482,-0.4783196845629748,0.0,0.9388833041144938,-1.9754142108181267,-0.39581188165953346,0.0,0.6987301681703694,-1.6814798582292687,-0.2838344860813531,0.0,0.6203385217012275,-2.5106993962515203,-0.1810849053996824,0.0,0.8737474826896329,-2.5874722685960583,-0.6405506723904797,0.0,1.0889307856802397,-2.4593267669001038,-1.2933257038649952,0.0,0.6116502132179121,-1.0464136689890207,-0.9760959963280301,0.0,0.1351841425105521,-2.599044826570503,-0.12602228728184134,0.0,0.568798206136663,-3.830052186951732,-0.8497526696515334,0.0,0.7119657332880739,-4.065969739572645,-1.7136392777137246,0.0,0.1866051511758142,-0.8110892700198776,-0.5853635277815712,0.0,-0.336606386471515,-2.4185829321064354,-0.13380567283608163,0.0,-0.2696499319714079,-3.932565001076891,-0.977456892296491,0.0,-0.24881694523386702,-2.082936781564428,-0.7681912945930895,0.0,-0.1282740032329333,-0.6306130799255234,-0.2830165318112395,0.0,-0.6863169295321754,-1.8585937032714297,-0.14876424485769968,0.0,-0.6856293164466,-2.2773181386353123,-0.4749358685638875,0.0,-0.6297381293184233,-1.64979538865013,-0.421299386404276,0.0,-0.48072251380061604,-0.9160791755656951,-0.19849202798245044,0.0
0.0,0.0,0.0,0.0,0.543020342952357,-0.3876691128997892,-0.26135533461958144,0.0,1.278026076559315,-1.830498535817775,-0.509697736717103,0.0,0.9506093648254146,-1.9974000435991068,-0.4159754333246505,0.0,0.7069611947550604,-1.6934035323515337,-0.2979254615198851,0.0,0.6622894832312065,-2.562553897854351,-0.2124363598298935,0.0,0.9082542476628785,-2.5603301436084793,-0.6825788118529504,0.0,1.099132806698163,-2.405076278573666,-1.3412325271546917,0.0,0.6178914676426066,-1.0603145008632162,-1.0414637124394686,0.0,0.1609512047451725,-2.6371103691499056,-0.1491796588891185,0.0,0.5915469077207918,-3.762057263369951,-0.909187782426788,0.0,0.7445043195558184,-3.931085094361665,-1.8227267623780892,0.0,0.21185922716757374,-0.7989545510387773,-0.6432887964871411,0.0,-0.3128988006156239,-2.42930854474956,-0.15119300323627052,0.0,-0.22032484721972956,-3.8836726110171265,-1.0200378791303035,0.0,-0.21404299672688815,-2.153359292369771,-0.8563534861573702,0.0,-0.10461812395120494,-0.6483007769326958,-0.32243428612925357,0.0,-0.6623618948896262,-1.8645878608612816,-0.16100693822089474,0.0,-0.658873621316371,-2.287166212493008,-0.5040216708930909,0.0,-0.601374638250343,-1.6924503648321771,-0.4678040594172106,0.0,-0.4439512636438374,-0.952346511013496,-0.23486509130277602,0.0
0.0,0.0,0.0,0.0,0.5401237036370531,-0.38576712025428567,-0.2610672760632832,0.0,1.2469815128792907,-1.7780486492656546,-0.502632486011981,0.0,0.9424514835551985,-1.953210304431184,-0.41695833485973055,0.0,0.703709355464122,-1.666770650419226,-0.3019256109031932,0.0,0.6289984306256523,-2.4686445933549632,-0.19845709921378743,0.0,0.8967963698531907,-2.574281416856708,-0.691903669721879,0.0,1.0532995059979477,-2.3839432140161247,-1.3619607261312439,0.0,0.5709316363495349,-1.007124811569107,-1.0369757795553438,0.0,0.14818383510031327,-2.560528654997933,-0.14087773032053777,0.0,0.5899193033055125,-3.923273480309301,-0.9659195641623183,0.0,0.6100440829208431,-3.6558107204805097,-1.7519425339674255,0.0,0.16057226781435988,-0.7180641511746155,-0.6322181940518239,0.0,-0.3185958993159085,-2.391174909759673,-0.1457827578510313,0.0,-0.2988672839141809,-3.842152063049838,-1.0219200889445204,0.0,-0.2787695953725936,-1.9910920947088424,-0.8168808799584231,0.0,-0.12802433286630152,-0.5735938926606211,-0.31586856900743987,0.0,-0.6717665560467821,-1.8614238213071126,-0.1591459851186647,0.0,-0.6952565534838441,-2.1959878595966607,-0.4845230168769758,0.0,-0.6499671018249452,-1.6673870345335695,-0.4619974639966622,0.0,-0.47152238746746555,-0.9696615576055791,-0.24313158461120354,0.0
0.0,0.0,0.0,0.0,0.5454337059709945,-0.37089015113675033,-0.2715110340338439,0.0,1.2862631688998525,-1.7630901633617113,-0.5312387733731708,0.0,0.9792120715971152,-1.9729057285407856,-0.43831680588680594,0.0,0.7223270973151906,-1.680955042151509,-0.312987259775173,0.0,0.6956382668612321,-2.505896732004208,-0.22412917415707753,0.0,0.952172467019225,-2.563996766621435,-0.7085804369668159,0.0,1.1124637648015177,-2.3771383387827645,-1.3635997633023915,0.0,0.6130664165998696,-1.0550347236046629,-1.058763690214146,0.0,0.19679695258118343,-2.60241933556484,-0.1575808712453394,0.0,0.6483137525358802,-3.855174505321331,-0.9417404696111109,0.0,0.7697969691144256,-3.848363215707987,-1.7975933553558117,0.0,0.22128983312209083,-0.8086150421502749,-0.6509407549281153,0.0,-0.28806135882437267,-2.4110762724830206,-0.15403015776159276,0.0,-0.19629112143449687,-3.843365141427385,-1.0215871423064704,0.0,-0.19629618098024051,-2.1699799524708063,-0.8717006270410611,0.0,-0.09537060107251608,-0.6703979987411033,-0.3364662182264327,0.0,-0.6499582195355018,-1.8398773274839613,-0.15682091540622434,0.0,-0.6429497017169951,-2.2439544498658153,-0.49966820187135125,0.0,-0.5942823423482981,-1.6876659931007258,-0.4727429776600989,0.0,-0.4401626083834942,-0.9587127195643323,-0.24020054616651215,0.0
0.0,0.0,0.0,0.0,0.5537763067415049,-0.38002891903101277,-0.2595571452779587,0.0,1.2789460412829243,-1.7810576271620717,-0.5019965239030139,0.0,0.9580788970303163,-1.9599522498198836,-0.4130402316658831,0.0,0.7162434111982084,-1.6620113244257657,-0.2960631268361096,0.0,0.6659599574036689,-2.482799518966733,-0.20145845055635667,0.0,0.9271384852015737,-2.57786688009265,-0.68153310667453,0.0,1.1146301057732015,-2.419772913321017,-1.3487506350100489,0.0,0.6027787489103805,-1.0199602403043895,-1.0165474226694289,0.0,0.17893067143316396,-2.57154856784853,-0.14110979450148287,0.0,0.6499735969667765,-3.9296253293877568,-0.9446285498980359,0.0,0.6976856307659106,-3.637558159155663,-1.6947611958154347,0.0,0.18421215710050123,-0.7175425262300716,-0.6080949283120282,0.0,-0.29444414729117147,-2.39437670720562,-0.14338024602123126,0.0,-0.222248959411552,-3.8633866209593015,-1.016572365630812,0.0,-0.21662444018874435,-2.0644154605808755,-0.8361503539391463,0.0,-0.10309529981218833,-0.591534068711177,-0.3203332883927892,0.0,-0.6507716848576816,-1.853243043552068,-0.15240892389188612,0.0,-0.6520867396494198,-2.240986350404117,-0.49248072636966483,0.0,-0.6088075316761935,-1.6858575277843004,-0.47424847490977273,0.0,-0.44424365364681706,-0.9301448609655966,-0.24496229544546488,0.0
0.0,0.0,0.0,0.0,0.5511314427829109,-0.3863822545520187,-0.26211072657538126,0.0,1.2861141878800293,-1.7716695936098836,-0.5047286954798008,0.0,0.9854460542594776,-1.9809057612784722,-0.42237155119556924,0.0,0.7311995792048216,-1.6899743047786513,-0.3018472492212556,0.0,0.679245496436731,-2.5197070597907674,-0.18970838242681473,0.0,0.9200598425850766,-2.5756854633333717,-0.6634303100895405,0.0,1.1335167909277857,-2.46485899565733,-1.3344478500858297,0.0,0.6405649132941929,-1.0894203526153576,-1.0325729673851975,0.0,0.1897732697715391,-2.6040858521679744,-0.1296156605730977,0.0,0.6202481602765327,-3.7791684880259564,-0.8883347264588426,0.0,0.7889189165987212,-3.972055524829062,-1.7992008142392908,0.0,0.2217244391342268,-0.8209917456412553,-0.6371098825118192,0.0,-0.28220248906909495,-2.4254131067473366,-0.13591893233542748,0.0,-0.19882156776857463,-3.9060194937912884,-1.00996050999331,0.0,-0.19876523875577695,-2.1052707293063198,-0.8208315312236427,0.0,-0.10692836002438592,-0.651365152741557,-0.30975170571497046,0.0,-0.6415337217597221,-1.8802546349975475,-0.1514893941854055,0.0,-0.6413281587357312,-2.293394859794824,-0.4932113871469304,0.0,-0.5889071588699395,-1.6660763937399374,-0.4446645126552538,0.0,-0.45310563595705394,-0.9544072479417445,-0.21727408110771673,0.0
0.0,0.0,0.0,0.0,0.5490480142551507,-0.3763295576409398,-0.2670823630589428,0.0,1.2805742698980642,-1.7662730077975246,-0.5138641090465992,0.0,0.9721595736699263,-1.9736899784558102,-0.42597500334902316,0.0,0.7273975304047408,-1.6767155321043044,-0.3033062695539236,0.0,0.6761529980959028,-2.521888787337691,-0.19691491317739263,0.0,0.9300877354130603,-2.5993034300565716,-0.6763555552351482,0.0,1.1256398190923869,-2.4845392771007453,-1.3690659606037807,0.0,0.6026620420812743,-1.0888747532636647,-1.037604624988137,0.0,0.1842539534115438,-2.6094547504094896,-0.1346650319983933,0.0,0.5864096388907137,-3.7096486046704853,-0.8842067175274451,0.0,0.7564183847950834,-4.018327381602948,-1.8436860054029882,0.0,0.2200883871959268,-0.8417604136373865,-0.6508251940721127,0.0,-0.29126263076647535,-2.4201123417764925,-0.13755710084082004,0.0,-0.21612975693256808,-3.745804210885733,-0.9819166631317313,0.0,-0.20103451357809712,-2.1404703688571214,-0.8553266294448438,0.0,-0.0856861170135199,-0.6586918352385869,-0.32092278887727915,0.0,-0.6474196089487767,-1.8695002222197044,-0.14924785152897194,0.0,-0.6508228569721933,-2.2544840597597724,-0.5017920648695948,0.0,-0.5879753463153837,-1.6625147781119913,-0.47616085306407674,0.0,-0.4217652199233953,-0.9569045695760302,-0.24547634398844717,0.0
0.0,0.0,0.0,0.0,0.5358934424853418,-0.3639695432169649,-0.26179382921363814,0.0,1.2789148620999102,-1.7762099128242583,-0.5099246923425249,0.0,0.9726932003771916,-1.9734533430382848,-0.4202843448569922,0.0,0.729864083791193,-1.6783500578274497,-0.2987592365182147,0.0,0.6811604848974355,-2.523240712224003,-0.2014385253279106,0.0,0.9264910537690532,-2.563877975424168,-0.6679392529179627,0.0,1.1164494956983217,-2.4348937708359437,-1.3354418504906989,0.0,0.6042004763606679,-1.0502729531057313,-1.0073120944692915,0.0,0.18528217227191143,-2.6125777819722886,-0.13754189977578457,0.0,0.5997885857344819,-3.761302291574619,-0.8836981503332881,0.0,0.7140117397039415,-3.982159357855638,-1.7737148786879164,0.0,0.19528376263309744,-0.829105275316111,-0.6175646714738786,0.0,-0.28836911656842446,-2.4296072715363737,-0.13939158416157127,0.0,-0.2188916515278794,-3.8403195921667654,-0.9895380026180249,0.0,-0.21752052640078684,-2.0761852897153568,-0.8005597956142266,0.0,-0.09819040789464109,-0.6514088155418362,-0.2998709128786779,0.0,-0.642765027164379,-1.892847723249169,-0.1508097261145531,0.0,-0.6471288540175909,-2.274697955185425,-0.4782998535975659,0.0,-0.6030710314992253,-1.6985155753343788,-0.44111558740740164,0.0,-0.44457744357536594,-1.0044686577664725,-0.21916331134862987,0.0
0.0,0.0,0.0,0.0,0.5437830790953478,-0.37061342411254494,-0.2610820586314864,0.0,1.2837513555736186,-1.7800935028919391,-0.5072460477030939,0.0,0.9737631394860389,-1.9854118769672258,-0.4212975992068936,0.0,0.7291895148468095,-1.6833395211142916,-0.29969547331841795,0.0,0.6819761840853781,-2.5322431243625974,-0.19939991835644738,0.0,0.9361795120173975,-2.56708955137426,-0.6688346393280846,0.0,1.1195041347382504,-2.431594896574266,-1.3402104632878709,0.0,0.5964131237119479,-1.0490156627212261,-1.0104941759633166,0.0,0.1863121779810048,-2.6203828068923234,-0.13663403277216593,0.0,0.6116337559482714,-3.73513192183169,-0.8766281689657173,0.0,0.7254333114568369,-3.989114419032926,-1.7839778528278631,0.0,0.19222535198529128,-0.831729849575345,-0.6225958153550243,0.0,-0.2876926053562576,-2.4339974300440894,-0.13936666094657715,0.0,-0.19454841578978097,-3.841233366896401,-0.9932053585501818,0.0,-0.2021679849510657,-2.1169893511510014,-0.8246038841151125,0.0,-0.09234916920019103,-0.654023022635479,-0.3065256666131044,0.0,-0.6425954267057837,-1.8879928750971242,-0.1502694751501399,0.0,-0.6359142680237396,-2.299943490120924,-0.487012851046516,0.0,-0.5937546169361064,-1.7286413276866364,-0.4532856918937304,0.0,-0.4339063406262689,-0.9979832361887303,-0.2212121296995132,0.0
0.0,0.0,0.0,0.0,0.541754669991546,-0.37150196540140373,-0.27123333544811246,0.0,1.2582564523050872,-1.7311115408036082,-0.5154753255565035,0.0,0.9589180024469097,-1.9568199335330771,-0.4308780626407504,0.0,0.7242198259137321,-1.6659616311217014,-0.3078516925690968,0.0,0.6738138162243079,-2.538112037254557,-0.19621658815909243,0.0,0.918282911644359,-2.5965129452578317,-0.6723259389573689,0.0,1.0940562263255509,-2.476009236958461,-1.366037130757697,0.0,0.5674745584650197,-1.0503497206260033,-1.015552269664275,0.0,0.17540890466361853,-2.642348431261203,-0.1305228885833787,0.0,0.5703229977070187,-3.698466453534292,-0.8786066020545945,0.0,0.6728878013505434,-3.858952802547566,-1.785807946517383,0.0,0.17684736427683123,-0.8147005467844091,-0.6404841926480372,0.0,-0.30749350788136764,-2.436003981151634,-0.12960530627297803,0.0,-0.23387064310578703,-3.788258106108291,-0.982684010617103,0.0,-0.23190171782617736,-2.0936647821211647,-0.8305211482865457,0.0,-0.11894288842979776,-0.6512188263071689,-0.3086651747503043,0.0,-0.6618051911102081,-1.8595852360601393,-0.13757037027825886,0.0,-0.6588590615738488,-2.2684079113105606,-0.47051579796677356,0.0,-0.6195272123676467,-1.7381471461308602,-0.44203785776243165,0.0,-0.4631255491030024,-1.0432208425228233,-0.21353960215092568,0.0
0.0,0.0,0.0,0.0,0.5304860506414592,-0.37691305038190465,-0.2628591319109851,0.0,1.2567298525707475,-1.767543173182793,-0.505557028538157,0.0,0.9694264383136902,-1.9491212075083522,-0.4152189872058364,0.0,0.7339596833187002,-1.6693123518712212,-0.2982359822771035,0.0,0.6735125711028924,-2.5216395781030667,-0.19381838540420795,0.0,0.8939504397667276,-2.5550843585284095,-0.6407100992962811,0.0,1.1017028109783233,-2.52107960166089,-1.3357723735410896,0.0,0.5855438611001196,-1.0815758273152363,-1.006297041929248,0.0,0.1797022010687812,-2.6283010940073135,-0.12958865597046568,0.0,0.5695852659701337,-3.7463531080649495,-0.8534479029391469,0.0,0.6558453026805079,-3.9555131452499572,-1.7328872760488425,0.0,0.16267250769342242,-0.8176916519913104,-0.6048779745819445,0.0,-0.30462003473880056,-2.44516367497101,-0.12941178265367753,0.0,-0.2533467437471869,-3.7716698083675926,-0.9393820096793424,0.0,-0.26166217440888845,-2.087023372531118,-0.7859797260956788,0.0,-0.13238652520033914,-0.6387006196917493,-0.2909078779515609,0.0,-0.6636423714903408,-1.8789616638287234,-0.13770810256516197,0.0,-0.67377594104312,-2.2395806099916578,-0.4548159514838309,0.0,-0.6303101992335817,-1.6891882394261757,-0.4206024384497697,0.0,-0.466558725654122,-0.9962071073468071,-0.20263185823328503,0.0
0.0,0.0,0.0,0.0,0.5402900582031664,-0.36813151416510903,-0.27819633569229296,0.0,1.263872218838982,-1.712554614681641,-0.523823423393881,0.0,0.9761532281340674,-1.93791671574003,-0.4379215748172417,0.0,0.74096917839958,-1.6617002543990402,-0.3135133492762611,0.0,0.7130033897124792,-2.5923245778271915,-0.2011845138560316,0.0,0.9244894153924291,-2.5664140386058434,-0.6580468926549807,0.0,1.1256865687904791,-2.5126889288199186,-1.3567342028467058,0.0,0.5917099241852111,-1.1136327531200134,-1.0278461624103934,0.0,0.20549179134814444,-2.725300051666079,-0.13385831659703518,0.0,0.5515727808981558,-3.518600517591398,-0.8351034677217906,0.0,0.7003983737682647,-4.008248194938999,-1.8461712754109356,0.0,0.16986635817102136,-0.8549810481224319,-0.6485361996685481,0.0,-0.2956677869388104,-2.499351971653543,-0.1335582282379114,0.0,-0.19446701869693933,-3.6718329600079587,-0.9490776783078405,0.0,-0.22846932187466698,-2.140789053751496,-0.8346738687956679,0.0,-0.13522298777119396,-0.6588390425373236,-0.2917214195956693,0.0,-0.6545503364428357,-1.8817765853503885,-0.14077950997924998,0.0,-0.6396459961449911,-2.2896171910475696,-0.4706739087302192,0.0,-0.6165982476120578,-1.7265612872397735,-0.42382608272127,0.0,-0.47857191167615715,-1.011169460499376,-0.1859922562848021,0.0
0.0,0.0,0.0,0.0,0.5369387131803651,-0.3684479623206717,-0.28225995672142506,0.0,1.2605809152406413,-1.7083571660824126,-0.5356137496768424,0.0,0.9798204225474315,-1.943757577914327,-0.4476477237767157,0.0,0.7428641448947267,-1.663225992513471,-0.31781634605675946,0.0,0.7026138496851867,-2.5874143388301993,-0.19746096111845443,0.0,0.9205816320284769,-2.577836793299389,-0.6577321191655545,0.0,1.1264166614035764,-2.5219637890911755,-1.351935948718417,0.0,0.5999163073055402,-1.147810344079992,-1.0362501119608674,0.0,0.20035470390988513,-2.7006065675531157,-0.1275632251195449,0.0,0.5565543384954083,-3.5753749317931867,-0.8376870037925837,0.0,0.6892055830546737,-3.879197671724733,-1.7709179827936945,0.0,0.17502202814470988,-0.8897907770773442,-0.6476917592523502,0.0,-0.29450388589243764,-2.4918372236189335,-0.1277020606890657,0.0,-0.1993850145625576,-3.6332470282736122,-0.9304185564409272,0.0,-0.22429850357783135,-2.1591502170886536,-0.827395375343527,0.0,-0.1295128626937336,-0.6850397270539866,-0.28757413761100736,0.0,-0.6573254634237641,-1.8773103094564423,-0.13584206946581015,0.0,-0.6422148831710738,-2.284091825587679,-0.47207823295623513,0.0,-0.6143036854236414,-1.7181008881383442,-0.42608290450439384,0.0,-0.47209200378427607,-1.0044784788436802,-0.18557007628184383,0.0
0.0,0.0,0.0,0.0,0.5393628703347295,-0.35635120195735565,-0.26506099695480184,0.0,1.2932212513198518,-1.7083350041543792,-0.4882273062015671,0.0,0.9969532215211449,-1.9037614504154288,-0.3994613808574666,0.0,0.7589914817761148,-1.6457245133190268,-0.28763498912555263,0.0,0.7947774780995586,-2.7519833119718475,-0.1954998230370659,0.0,0.9598981853987647,-2.5849846892329196,-0.6161984061611334,0.0,1.206521975590129,-2.609726117812643,-1.3062587677019217,0.0,0.6325601204242733,-1.1582727838711258,-0.9805188460867506,0.0,0.25238612574940333,-2.9435388830123825,-0.1258347001070317,0.0,0.6034412097893811,-3.4075517482682227,-0.7449654936204035,0.0,0.8656931806366885,-4.403956005860195,-1.8568979988670864,0.0,0.19017742851194533,-0.9065969058816665,-0.6158659269759549,0.0,-0.29363030119962463,-2.6022705239354984,-0.12061653184598752,0.0,-0.11235477007426092,-3.4468922182198845,-0.815440157101402,0.0,-0.20019614189787346,-2.4449992383260017,-0.845434963616425,0.0,-0.12989178668054596,-0.7085206264962718,-0.26582089797650216,0.0,-0.6484610724000655,-1.8645142095957448,-0.1204821574920091,0.0,-0.5832649030583356,-2.323419827210781,-0.44521977421902803,0.0,-0.5832099224631283,-1.8203831692592443,-0.41175721474546273,0.0,-0.4426333444124055,-0.9970559821548601,-0.16407983478656196,0.0
0.0,0.0,0.0,0.0,0.5337458583033851,-0.34911122414919205,-0.26580473575021824,0.0,1.2842343106146774,-1.7034182123626203,-0.5045777971900899,0.0,0.9957309420661341,-1.9242923606523137,-0.4200516414753786,0.0,0.7570910811795175,-1.6522234338471642,-0.3020664942405099,0.0,0.7826348155758518,-2.7230157357479685,-0.21135999574858608,0.0,0.9406083225863722,-2.5700667008762603,-0.6403794472330131,0.0,1.1935267154672715,-2.6017308108131916,-1.3503131515167008,0.0,0.6190312444231314,-1.1392708453059415,-1.0062300669707371,0.0,0.24759798886379988,-2.934071493061074,-0.15539799485098635,0.0,0.5559530152039535,-3.3180066952512886,-0.7659145971880118,0.0,0.8964566208136735,-4.792823345540445,-2.0905832852473285,0.0,0.18889221558965044,-0.9418904864383693,-0.6613569355966511,0.0,-0.3022593527553396,-2.6050891503597375,-0.16039887515830226,0.0,-0.13433984439560315,-3.453224392333035,-0.8915832708733943,0.0,-0.20494507271166013,-2.395482491918197,-0.9140570273072185,0.0,-0.12572796642764614,-0.6942687096000327,-0.30127679860249923,0.0,-0.659461386048467,-1.867862450339932,-0.16230801341619022,0.0,-0.6005431062306696,-2.301008919640753,-0.49577860741706525,0.0,-0.5971895584747094,-1.8212231773761394,-0.46895712269704154,0.0,-0.4519246551231779,-1.0188406944154933,-0.2088939583782259,0.0
0.0,0.0,0.0,0.0,0.5013302041906463,-0.2790039114304349,-0.27899817589978965,0.0,1.3058243076227143,-1.5712291340316227,-0.5252386591825694,0.0,1.0590550228571938,-1.8763659327543711,-0.44081079814905133,0.0,0.806168339989132,-1.6391099997037981,-0.3144542276208619,0.0,0.9647664725560063,-2.8814650371191437,-0.2347961008183721,0.0,0.9814457990635038,-2.5255896190603435,-0.6281043254840186,0.0,1.2725525585654591,-2.6709170744928206,-1.3544416241170083,0.0,0.6769328930323959,-1.2578082621548141,-1.0314861153094956,0.0,0.4010181985229399,-3.2427373883256503,-0.1547377738502213,0.0,0.617461893292314,-3.1151595506506293,-0.7072134771208445,0.0,1.0613400197339493,-4.84583624507879,-2.071015455408863,0.0,0.22810182203323343,-1.0560014831085585,-0.6637377623495639,0.0,-0.2300225427949681,-2.7729939681413835,-0.13937655903045718,0.0,-0.014457027861018809,-3.2129839203631483,-0.7871499172978162,0.0,-0.156211957100917,-2.601352165148004,-0.9089996014289762,0.0,-0.13898338627279902,-0.7772759349275145,-0.2599375603054078,0.0,-0.6120052087616947,-1.8909422178858173,-0.12749372975153733,0.0,-0.5011760584013916,-2.3650503788008694,-0.4496862073936094,0.0,-0.5644694071142968,-1.9045392623840993,-0.40359634719154236,0.0,-0.47471961244540994,-1.1020832449569595,-0.14385662721008144,0.0
0.0,0.0,0.0,0.0,0.5196484176378827,-0.32182493324863765,-0.2582218039351035,0.0,1.3154554708658321,-1.649943550755227,-0.48792021779991074,0.0,1.0589155257141893,-1.9132157258606912,-0.40702304416105,0.0,0.8095717261242886,-1.6587162063175973,-0.2905999668196785,0.0,0.9359987297101534,-2.91976243447285,-0.21098018124151263,0.0,0.9829719007778682,-2.513732773732746,-0.5819287732036521,0.0,1.3008673984913393,-2.7600687797129355,-1.3126955174220347,0.0,0.6800538693343933,-1.2963857435298847,-0.9964114716747317,0.0,0.3630927554697558,-3.211585796792962,-0.1445272166595659,0.0,0.6138649659469657,-3.1660276096881423,-0.6796943497645188,0.0,1.1480077768842385,-5.463479643135174,-2.1653778456960944,0.0,0.23145714845442,-1.1089672216666493,-0.643882781367423,0.0,-0.2517194067707759,-2.74121970038006,-0.1418014019662817,0.0,-0.028337371056840064,-3.3334989129752532,-0.8062746462778569,0.0,-0.13795809989915578,-2.610170283594123,-0.9050113827423686,0.0,-0.11276227656977782,-0.7673137286204889,-0.26763450217051793,0.0,-0.6215876419669855,-1.895248004758713,-0.1368408168881207,0.0,-0.5184051865290668,-2.36661565456068,-0.4621287448992045,0.0,-0.561437396638658,-1.9466888322911688,-0.43533532612325704,0.0,-0.4515749135909626,-1.1132976112656816,-0.1724517583650574,0.0
0.0,0.0,0.0,0.0,0.5276060473913897,-0.29109205244217395,-0.281372900684229,0.0,1.361160321634764,-1.5568033501574807,-0.5322709322781871,0.0,1.1294054062841028,-1.8645946042903958,-0.45023419117774166,0.0,0.8590725013862857,-1.6400544271954303,-0.32181974434197547,0.0,1.1614701493602715,-3.0870610334350337,-0.28558066637874246,0.0,1.0493947442556324,-2.502385650877063,-0.6315912136692948,0.0,1.394561912960762,-2.778197623012833,-1.376637619910641,0.0,0.7672532716577277,-1.3529028373625405,-1.0613704761760998,0.0,0.5600046300297349,-3.5892039884457114,-0.19982033690269868,0.0,0.661365973855799,-3.0657437103034204,-0.7216524732251188,0.0,1.2554814048092404,-5.19754710659435,-2.244561692713192,0.0,0.29694652809243316,-1.0923402572963672,-0.6986007497225826,0.0,-0.16685136947188378,-2.86080346696636,-0.15975080110040454,0.0,0.0717044075391508,-3.182939380127165,-0.7790429599594637,0.0,-0.02710752823017166,-2.920950436846028,-0.9879428866738382,0.0,-0.06256439694048947,-0.8428812477945947,-0.2701521815040089,0.0,-0.5641285355019446,-1.8848852571048063,-0.1325647311322116,0.0,-0.41330680570492173,-2.3787319886363965,-0.4391359020171704,0.0,-0.49250539982749114,-2.085759136218626,-0.41878920154862603,0.0,-0.4164605091810767,-1.2378101858511508,-0.15538399109862097,0.0
0.0,0.0,0.0,0.0,0.5518494157805975,-0.2988281892584363,-0.2566819288463819,0.0,1.418725565922921,-1.5427178228205356,-0.4716972458296293,0.0,1.1819385547918562,-1.8305210558311724,-0.3931401516453854,0.0,0.9092613544037612,-1.6121905464314843,-0.2818848262347768,0.0,1.2573444763339394,-3.037231193968525,-0.18842046692763628,0.0,1.1214434509382707,-2.4962065832887848,-0.5404258104741791,0.0,1.5526225782413008,-2.864900250473137,-1.269308689643618,0.0,0.8511846016500925,-1.3816652780820884,-0.9682764547289605,0.0,0.6946310729285031,-3.607683200875027,-0.11767612216762291,0.0,0.7301353239902348,-3.0481627181738005,-0.6206671009914435,0.0,1.5379268307691032,-5.66281293258614,-2.1563207235396704,0.0,0.34650630209178573,-1.1356703093455187,-0.6249212785288132,0.0,-0.06582477013909316,-2.929504747332923,-0.11418412077383988,0.0,0.14013831758133283,-3.1078503406491227,-0.6935741030571554,0.0,0.05722121632271603,-2.8966863265435587,-0.9020068758994941,0.0,-0.028139255492487185,-0.8479375805213802,-0.24178593499061998,0.0,-0.5022812063438314,-1.9316684010677345,-0.11051078707590359,0.0,-0.3573535566271831,-2.3461526261990318,-0.4025460669643401,0.0,-0.4250826847054988,-2.063554928334285,-0.38783165206280273,0.0,-0.3474602035669333,-1.2004374998793546,-0.13474412724272747,0.0
0.0,0.0,0.0,0.0,0.5611638830243373,-0.3103276818441615,-0.24486309997719544,0.0,1.4234610916315373,-1.546781384743815,-0.4493372237500135,0.0,1.1936394125085437,-1.8551459572382802,-0.381971108184317,0.0,0.9131950392009294,-1.6268016521240316,-0.2725104910422587,0.0,1.2448583950932428,-3.0804763213182325,-0.15025372943031193,0.0,1.1248110194674608,-2.5297602544213156,-0.5007430786853105,0.0,1.5975250037102486,-2.9642157029427083,-1.2266987010693373,0.0,0.8511679631564527,-1.3705305119479907,-0.9169228821075598,0.0,0.6617746849665846,-3.5243438574591424,-0.07870648487824015,0.0,0.7445346772796275,-3.0741482137313705,-0.577097277856351,0.0,1.6829068572652235,-6.1992103544615516,-2.1913321844641094,0.0,0.3474299266547097,-1.1539797461216668,-0.5999400762070161,0.0,-0.05320904123452146,-2.9151993799124587,-0.08740155873182658,0.0,0.16202149674266395,-3.165802859439413,-0.6511864124347427,0.0,0.09264305729898471,-3.0296241817577303,-0.8567573333426708,0.0,-0.0097822511744989,-0.8619332702976334,-0.21955951269910237,0.0,-0.48475909581744564,-1.976894512938951,-0.098340502692381,0.0,-0.3543271873564043,-2.381812782610016,-0.39521792149796064,0.0,-0.4090069439100071,-2.065200560787046,-0.3845089969004555,0.0,-0.3239348564881287,-1.216922523825432,-0.14400431776741845,0.0
0.0,0.0,0.0,0.0,0.5603528683386849,-0.3043169380829035,-0.24776742927318168,0.0,1.4322433192309623,-1.5617420383224214,-0.46063805963002097,0.0,1.1930352806280697,-1.862614429694998,-0.38829667460394374,0.0,0.9108875333388071,-1.6265935342223785,-0.27564827524861246,0.0,1.2481440330183722,-3.0448837420746138,-0.16223338908506613,0.0,1.134025578131142,-2.5165946176690723,-0.5174881310051049,0.0,1.584247898502213,-2.906953770984837,-1.243336720690845,0.0,0.8529973386847736,-1.3483944246476882,-0.9343237225136001,0.0,0.6683730253511599,-3.4841535599910434,-0.0890138589132029,0.0,0.7519106176680116,-3.0844737023948556,-0.5955491193530316,0.0,1.669744144951142,-6.1077711321820205,-2.21027877533196,0.0,0.35510574130670636,-1.1315670113534473,-0.6068530237808215,0.0,-0.041462043024351185,-2.8988841310680136,-0.09430887153283092,0.0,0.16279481767704782,-3.174317852458234,-0.670268743948522,0.0,0.09232088409394879,-2.9588103388078357,-0.8691398978391208,0.0,-0.0014768077329369307,-0.8477126184319308,-0.23199990071453297,0.0,-0.4749511027951602,-1.9838518579427225,-0.10250301558153643,0.0,-0.3584395445933224,-2.3592833221720433,-0.4007615643867986,0.0,-0.41008078335451126,-2.029731596456206,-0.3953098395460203,0.0,-0.31983937422116415,-1.204348046475149,-0.15831935877068276,0.0
0.0,0.0,0.0,0.0,0.5659765884196247,-0.2875029162638681,-0.27484180027913213,0.0,1.4408392462379815,-1.499969704908435,-0.5040877096573051,0.0,1.2188801369338316,-1.831574572477755,-0.4282782869428227,0.0,0.9454337266898972,-1.5974881568013155,-0.3023428273537441,0.0,1.303985729023901,-2.957462837578804,-0.19461451448129238,0.0,1.1952574580885091,-2.476268795780657,-0.5754033445996205,0.0,1.5552973809425532,-2.697131187312176,-1.290038157137145,0.0,0.8110320616473972,-1.2139550197870401,-0.9435393649824261,0.0,0.7419630066813943,-3.4345422383361774,-0.10470034007541335,0.0,0.7954234661419624,-3.0685991353453157,-0.663675797554279,0.0,1.4258626009837967,-5.123198952491981,-2.0823575644949748,0.0,0.3332565051307557,-1.021257950767988,-0.6210268343953652,0.0,0.023925369696535716,-2.891454448932697,-0.09678535041119578,0.0,0.21020410727089245,-3.144155703490027,-0.7169692745172803,0.0,0.08228021016381523,-2.8169645950251634,-0.9003510884095608,0.0,-0.012802669285951392,-0.8241819469275826,-0.24261584263378433,0.0,-0.43041687529563016,-2.0034226728667854,-0.0988937944485921,0.0,-0.3100667651572629,-2.357160439822535,-0.39553539260360177,0.0,-0.40483846465736845,-2.0767396974728283,-0.38200830053220725,0.0,-0.3499565476323918,-1.3230320563647853,-0.14531317413654618,0.0
0.0,0.0,0.0,0.0,0.5808435731238232,-0.32770575450789424,-0.24733494046631624,0.0,1.431686771191733,-1.5467368268511898,-0.44637103387579335,0.0,1.212928164890268,-1.8519277606022764,-0.3852469164139683,0.0,0.9341904384585864,-1.6269458163627863,-0.2763519383380036,0.0,1.2595699901491473,-3.0588062304978934,-0.10523323681685402,0.0,1.1901032800500981,-2.5317126427284258,-0.48742190046679545,0.0,1.5696339486268553,-2.7948261701055364,-1.170586838560783,0.0,0.7993501041385102,-1.2451124915349787,-0.858214919885805,0.0,0.6726321997781479,-3.493270069607326,-0.03171130524791799,0.0,0.8029599618024847,-3.141934743005017,-0.5688244803557491,0.0,1.5537766851519006,-5.678842032939573,-1.9749207711323271,0.0,0.322075642551651,-1.0837750641043564,-0.5591551754810122,0.0,-0.04189929174276464,-2.8981533589737656,-0.05472429267690343,0.0,0.2219688115111499,-3.247520254691263,-0.6466483069156478,0.0,0.09881141308485317,-3.027779329504098,-0.8087593989616643,0.0,-0.028030850601762886,-0.8639225385531079,-0.1888014053966727,0.0,-0.47533461819967754,-1.9755995205355672,-0.08088188428974825,0.0,-0.2951018689029223,-2.4454755523925122,-0.36028604305787393,0.0,-0.39588898571588793,-2.244743519554084,-0.32640848807975,0.0,-0.36130164220790667,-1.3711442192167547,-0.08254197087424359,0.0
0.0,0.0,0.0,0.0,0.5667984989156297,-0.27838114298932465,-0.2741212249950726,0.0,1.4490250430346003,-1.430388593916871,-0.5088617170133372,0.0,1.2667026630566964,-1.7745333597353672,-0.4445831863984741,0.0,0.9839236822800851,-1.5712127382190673,-0.32345154787014635,0.0,1.3317563271259627,-2.997126598777351,-0.1816417242186857,0.0,1.2565387361513711,-2.451417555995762,-0.576119945448739,0.0,1.556420140686097,-2.5479999988224296,-1.2844540738874108,0.0,0.7872517735336187,-1.1357421179244802,-0.9498299751077484,0.0,0.7461506635184755,-3.3678675229286887,-0.0891123055833961,0.0,0.8930453647136264,-3.070970500150643,-0.6709485504918682,0.0,1.4962953661068334,-4.820638937423072,-2.0354367320204725,0.0,0.33726051904439563,-0.9890683528994048,-0.6385306382777794,0.0,0.03590396527051432,-2.804869220191474,-0.086062400836259,0.0,0.286883537057682,-3.1361214418432906,-0.7136143830603421,0.0,0.1623819391786082,-2.9868114977809483,-0.9602031829066802,0.0,-0.0062195856602991996,-0.8362843560728882,-0.25403109867094337,0.0,-0.41445017532232914,-1.9539248421697422,-0.09285602696325272,0.0,-0.24805511195941243,-2.3691012045034454,-0.38971246129907444,0.0,-0.35597759454567074,-2.206180736277536,-0.3894124314511902,0.0,-0.33772654124496426,-1.3793159138388222,-0.13997851055881186,0.0
0.0,0.0,0.0,0.0,0.5740786375347195,-0.28779049163908926,-0.2631734900423972,0.0,1.4537421772110422,-1.436302116012602,-0.4733077914657372,0.0,1.266173408115184,-1.769405579789983,-0.4086661339883839,0.0,0.9780836602488643,-1.5839483915631711,-0.29613314867869045,0.0,1.3625611125429555,-3.0678682759706395,-0.14875916479447368,0.0,1.241148760673935,-2.461544002629651,-0.5255561125611953,0.0,1.6179518816572045,-2.670109975296438,-1.2224968777004657,0.0,0.8388260511117696,-1.2169089628024718,-0.9103060555635836,0.0,0.7797714207387497,-3.514942755210469,-0.062140888213558954,0.0,0.8752994825614839,-3.0423999172536984,-0.609749611124554,0.0,1.610988089741043,-5.137333003350744,-1.9944367196584394,0.0,0.3504661660502817,-1.0424464074040414,-0.6025520556160517,0.0,0.02842683667820071,-2.8661149883209585,-0.06937159817799436,0.0,0.2854397102783827,-3.0910875289121074,-0.6578875170555447,0.0,0.18268359673774193,-3.045877276867132,-0.8905514812165084,0.0,-0.00779970831137154,-0.8439564317182718,-0.21138130033082345,0.0,-0.42982975456030126,-1.937256056899809,-0.0829614161901622,0.0,-0.24496894898493138,-2.375289201065374,-0.3716032411374733,0.0,-0.34216132340728533,-2.2199492775341096,-0.3576860639876207,0.0,-0.3173630642889747,-1.360223676411143,-0.10465889859107884,0.0
0.0,0.0,0.0,0.0,0.5808645011220662,-0.304991406456011,-0.24757916861766563,0.0,1.4460880560281593,-1.4484607582576214,-0.44166004680634735,0.0,1.2652384558728447,-1.7688008889860858,-0.38642463824434026,0.0,0.9896802932421997,-1.5738897737620794,-0.2827348314370181,0.0,1.3063336711071276,-2.9907336765380155,-0.1077030889318587,0.0,1.2733277310750986,-2.501414014643878,-0.5043352195742455,0.0,1.6038333892145842,-2.6901011825746064,-1.194251316512775,0.0,0.7873127988763803,-1.1907104294472133,-0.8726788440994337,0.0,0.734889512270353,-3.379714835968299,-0.035237931436117885,0.0,0.9213841486618657,-3.1655282781369176,-0.6073748389285056,0.0,1.5229488344416617,-5.056347879348411,-1.8909203795528011,0.0,0.3106907808625737,-1.0111273937522602,-0.5708601221844493,0.0,0.024613253934336388,-2.8326409788679547,-0.056219752029034134,0.0,0.27905575965126383,-3.1559578730977442,-0.6470651571125167,0.0,0.1405983000844821,-3.045819673704829,-0.8605026513667989,0.0,-0.026513853761217603,-0.8389049916234337,-0.2105891712462889,0.0,-0.42665561315399453,-1.9677915029303072,-0.08006288145039095,0.0,-0.25767847714574693,-2.3707749756421004,-0.3627238439653293,0.0,-0.3637631305058021,-2.239511028435276,-0.356590082110454,0.0,-0.34046751164572947,-1.3745029228409331,-0.11119326949550531,0.0
0.0,0.0,0.0,0.0,0.5703718770313809,-0.281775866312812,-0.2637632811603811,0.0,1.4534777230671587,-1.4284089738753338,-0.47680887157265306,0.0,1.2687200104876124,-1.7597563319926302,-0.412760377310681,0.0,0.9893962303149463,-1.5666472353894494,-0.3008672469820256,0.0,1.353146298217563,-3.0197993125775144,-0.17057373170323253,0.0,1.270113882733235,-2.4668155031605647,-0.5582965617610984,0.0,1.5987062896377284,-2.630664342720963,-1.2611145422806445,0.0,0.8141325697461098,-1.1926427240814172,-0.9372689666311514,0.0,0.7648965796339542,-3.4528548940936283,-0.08723825419218935,0.0,0.8908312137775957,-3.0659304434038597,-0.6434283836113978,0.0,1.6272462087176751,-5.239788182563546,-2.101810322857064,0.0,0.3440911577552617,-1.0221992128492423,-0.6247941766320126,0.0,0.020778446612440746,-2.8176473389733463,-0.0876181707252062,0.0,0.2808549341637244,-3.099023041489869,-0.6909803191236022,0.0,0.17164182348697674,-3.030001289376441,-0.9481591892264994,0.0,-0.010073063880119738,-0.8167879308187953,-0.24293872635595112,0.0,-0.4299701952271259,-1.923912435074252,-0.0938243911611005,0.0,-0.2447848799542737,-2.3568493009689715,-0.3919378710562447,0.0,-0.34642118733862326,-2.2322001843951016,-0.3991556960364711,0.0,-0.3259187499748108,-1.3431557392590918,-0.14043208622730027,0.0
0.0,0.0,0.0,0.0,0.5706816074254222,-0.2730688189816945,-0.2508074036061635,0.0,1.4711707181585745,-1.4243089850662507,-0.4614102839192874,0.0,1.296058155845253,-1.776038987113571,-0.40492785054590147,0.0,1.011289031592039,-1.5696425902492015,-0.29318741676335563,0.0,1.3600343877084065,-2.9504617190594216,-0.15106949389569418,0.0,1.31494787415076,-2.49316479053716,-0.5481626575019363,0.0,1.6396158910909906,-2.641575678412136,-1.2411494477752205,0.0,0.8350876775385666,-1.1961876165325283,-0.9250662957316735,0.0,0.785606441554076,-3.3443887125576937,-0.07967008722825611,0.0,0.9649895144641161,-3.1521466055617102,-0.6506189075126101,0.0,1.6671644738916567,-5.078956090486248,-2.0117654112679024,0.0,0.35665766758776146,-1.0139661289598882,-0.612797137050287,0.0,0.07205284038258526,-2.806609574913742,-0.08954005887631754,0.0,0.32253882876155865,-3.1809124300432483,-0.6919644449049813,0.0,0.19918796318705329,-3.019052351749431,-0.9153535049484887,0.0,-0.003855658801596588,-0.8610518086765128,-0.24581249006105457,0.0,-0.38763057253100697,-1.9800428040973654,-0.1029848568933084,0.0,-0.2284711966665024,-2.375625977783312,-0.39032685197577316,0.0,-0.32580813148767757,-2.208781301808498,-0.38830543419763086,0.0,-0.3151754978320545,-1.3665702910867075,-0.13999360727006413,0.0
0.0,0.0,0.0,0.0,0.58295802394037,-0.28875855347315027,-0.2504261236632868,0.0,1.4715007377651432,-1.431809934511956,-0.4538247643562935,0.0,1.2893264760731988,-1.773331685981899,-0.39863230621347306,0.0,1.0015287648794664,-1.5732299141381076,-0.29108164251955665,0.0,1.3414839611781548,-2.965874889250782,-0.13966118015922402,0.0,1.3092032129819478,-2.4845532898093583,-0.5449783602877836,0.0,1.6240247190824366,-2.628395083793213,-1.2458219073035433,0.0,0.8110794003838069,-1.1776932012362233,-0.9277376353932253,0.0,0.766711529540201,-3.3425523912880086,-0.06895591845008861,0.0,0.9626391392859095,-3.153077818615608,-0.6453514877418957,0.0,1.6336970574148955,-5.043691193501887,-1.997402881908996,0.0,0.33271135831964394,-0.9795418174225928,-0.6030398875426065,0.0,0.058326891970078155,-2.8025895788727047,-0.0838982814374884,0.0,0.3314935928661985,-3.186059039865657,-0.6965744979866234,0.0,0.2082914150044765,-3.034496747141591,-0.9325684593317191,0.0,-0.006218707903324065,-0.8249862495414847,-0.24564207998151946,0.0,-0.3997680549419864,-1.9608734213710517,-0.09982582801776073,0.0,-0.22422415603541765,-2.3810160154361966,-0.3950163500634755,0.0,-0.31920176196259936,-2.2586805721532834,-0.40575508321836196,0.0,-0.30906927158693254,-1.3737635310511633,-0.15070576709348288,0.0
0.0,0.0,0.0,0.0,0.5766643127428034,-0.25560062062209254,-0.23455687992421045,0.0,1.5066522203511623,-1.467745355582133,-0.44516845226267104,0.0,1.310125639699082,-1.7625891522070065,-0.3874579845033206,0.0,1.0313942170672261,-1.5435985724959063,-0.28557644460059944,0.0,1.3377037937070813,-2.816001739904645,-0.15664459060127284,0.0,1.3163914412006055,-2.4126289763688114,-0.5668895734446736,0.0,1.606439756151019,-2.4872683011592485,-1.2616184104404464,0.0,0.8153052023620666,-1.1094596907823808,-0.9547338223746573,0.0,0.7891318059436039,-3.2256091838148127,-0.11054069849096121,0.0,1.0294499977326272,-3.1228258607814428,-0.6797923374391789,0.0,1.6751115449862153,-4.740480302216177,-1.9620821511516946,0.0,0.34030464409796773,-0.9556173040963798,-0.6072851021774972,0.0,0.0868116474896877,-2.7811625653216567,-0.13664799066235497,0.0,0.35082777706422336,-3.1603763444150617,-0.7430408211854913,0.0,0.19449707339917902,-2.84291092365503,-0.9263615601987368,0.0,-0.01588226386685214,-0.8150518282571122,-0.2575654888176962,0.0,-0.3902365652381473,-1.9511472985384644,-0.14928409600832312,0.0,-0.2318048868435975,-2.3260971852092327,-0.4298003924739394,0.0,-0.32959307704078483,-2.1191857560759146,-0.41607728143212486,0.0,-0.3254847473011601,-1.3203883969609327,-0.16258643315876853,0.0
0.0,0.0,0.0,0.0,0.5666368088453118,-0.2738728317884708,-0.23332356479365882,0.0,1.5038308421324162,-1.4928108689954047,-0.4489996262101237,0.0,1.303480270647776,-1.7697457791269577,-0.38624700680575796,0.0,1.0231828152807296,-1.5508794530301213,-0.28414192110265474,0.0,1.3194333205606013,-2.815218729808877,-0.17562308792955292,0.0,1.2976088314906593,-2.4072358457045717,-0.5644541658981347,0.0,1.6304762635457437,-2.552631220611979,-1.2678719805999883,0.0,0.8467071130236408,-1.171019238955813,-0.9658811430262004,0.0,0.7686479722814744,-3.224412434273901,-0.13546141921974914,0.0,0.9787336538113351,-3.0920818707946554,-0.6774872106414126,0.0,1.768304292709507,-5.167672860552521,-2.118692552948791,0.0,0.35015639439810864,-0.9830026880841723,-0.6191026656091764,0.0,0.0663510179952609,-2.759315338471793,-0.15528611200342177,0.0,0.3194523687492536,-3.1572318963638537,-0.766935095763056,0.0,0.1910811902446571,-2.7985369670214264,-0.968092991613986,0.0,-0.00467148765821062,-0.7839554456230788,-0.2828141069570039,0.0,-0.39816531796295046,-1.94807303674608,-0.16010948347398382,0.0,-0.25163057997053995,-2.313145324801547,-0.45682279977303997,0.0,-0.3352239748878638,-2.0924363775383124,-0.4674155158093163,0.0,-0.3121564302194857,-1.2491851522131439,-0.20351060265335247,0.0
0.0,0.0,0.0,0.0,0.5518531615656987,-0.23787843393511565,-0.24051125214365338,0.0,1.4603888283872233,-1.4125298628349432,-0.4587872884478199,0.0,1.3086743341670553,-1.7592440185154319,-0.4069644272958728,0.0,1.0380529605522086,-1.5487655187117215,-0.29780974479280514,0.0,1.2420647530273479,-2.6836450494533524,-0.17872980785508505,0.0,1.3002537070159321,-2.4282359324527225,-0.6114805812818374,0.0,1.5319453177865787,-2.4147804107433215,-1.3004750824933058,0.0,0.7775240556901223,-1.0676183238390733,-0.9757097602015232,0.0,0.7000827595864404,-2.985634626487921,-0.1279750977993846,0.0,0.9952443565608745,-3.1659627974556477,-0.7249889411284075,0.0,1.5412678043608847,-4.647585443386647,-2.0047436442611906,0.0,0.3215255151573291,-0.9330765021101969,-0.6241897991419132,0.0,0.07630810512863438,-2.675547397383201,-0.14840804453546186,0.0,0.3024137794752485,-3.2261228493151255,-0.7953822924670785,0.0,0.09165038326163068,-2.6314168474583597,-0.9169789548352603,0.0,-0.05487162505974574,-0.7827061711068428,-0.2816367789711309,0.0,-0.3797609731069095,-1.9870888768777397,-0.16333627605660253,0.0,-0.2711662219135061,-2.324952377508018,-0.4589314405172411,0.0,-0.3734937235585631,-2.0571627451452534,-0.4546706917909053,0.0,-0.3640108485351856,-1.3173739730444807,-0.21065518415131332,0.0
0.0,0.0,0.0,0.0,0.5593155075446392,-0.23226189552053914,-0.24746694347060985,0.0,1.4798464803619413,-1.4312362321198258,-0.46830580889584617,0.0,1.2910563337881629,-1.752747261154985,-0.4036230864835749,0.0,1.0180423777210112,-1.5369601619422257,-0.29190922032563893,0.0,1.2221805473194631,-2.6540413630080297,-0.1886626051365782,0.0,1.312388970864521,-2.4089964459624396,-0.6161066554443599,0.0,1.5332830314231876,-2.3427203963877608,-1.2821096771657856,0.0,0.7704443669362049,-1.0086832484211523,-0.953124140891323,0.0,0.6830756577354475,-2.9267718372244502,-0.12884284780340405,0.0,1.0212225046790175,-3.224286577785309,-0.7544965224408624,0.0,1.458286474834262,-4.269219799715557,-1.9083396412271565,0.0,0.310322387094046,-0.8399081639406436,-0.6079900399835001,0.0,0.06888831584551806,-2.6110607874144107,-0.13794804915479936,0.0,0.307825838843196,-3.269288939181007,-0.8147543640071888,0.0,0.1204610407552063,-2.4996101842713783,-0.9048863603351313,0.0,-0.02871051548758811,-0.6976777266263458,-0.27595765371170206,0.0,-0.3802265907654325,-1.9424600359396293,-0.14602598649120796,0.0,-0.2634229707105892,-2.3078409948788168,-0.4485299520691777,0.0,-0.3632907483530336,-2.033745899727904,-0.44999500651305696,0.0,-0.3522005003504613,-1.249663700395081,-0.1998938752831072,0.0
0.0,0.0,0.0,0.0,0.5575442407445877,-0.2479229119615538,-0.25286943036756665,0.0,1.4716692374643643,-1.4217780508908584,-0.5073549779950683,0.0,1.323686896697156,-1.7544946364522658,-0.4528638503033948,0.0,1.0445698042966371,-1.5303180731148414,-0.33483566159005274,0.0,1.1306417603519447,-2.44860578742658,-0.1928224935370435,0.0,1.3503649439585332,-2.4470060291867024,-0.7095279835256576,0.0,1.4266724113762634,-2.1626185201517383,-1.3768894442740716,0.0,0.7062294576449587,-0.9099834140468865,-1.0373300944366617,0.0,0.6246691311767651,-2.6182664323133715,-0.13940165504275412,0.0,1.1067038993156593,-3.428833341505492,-0.8943089442024934,0.0,1.2399972382931417,-3.720185351787671,-1.8923157552576928,0.0,0.2713460044387742,-0.7673127349163903,-0.6728842398154333,0.0,0.10155391063987615,-2.462912907870822,-0.1568613273962556,0.0,0.3212215462644863,-3.4001529428290107,-0.9143461592428895,0.0,0.082566109950481,-2.4473389830066687,-0.9663929139838505,0.0,-0.03789429855058885,-0.7272347098789953,-0.3388424668578818,0.0,-0.3386591941502517,-1.9684274946234857,-0.17835570257275202,0.0,-0.28798787273082377,-2.2884029922174425,-0.5057195463406061,0.0,-0.36909858176118077,-1.9654298974167268,-0.5263221572086076,0.0,-0.32446659950767365,-1.2491530307321865,-0.28625152599477466,0.0
0.0,0.0,0.0,0.0,0.5605136897414432,-0.25037966280572876,-0.25568556370628925,0.0,1.4962357481315192,-1.4772409827897095,-0.5077936846664272,0.0,1.2964356454037713,-1.7461301445575153,-0.43300171131228343,0.0,1.0271529868173457,-1.5152189198257644,-0.3171076893349759,0.0,1.1127553117813125,-2.443695945168194,-0.1855222595281664,0.0,1.3400043078353703,-2.4560129918318006,-0.6936203617148637,0.0,1.4537979211106782,-2.1799409208353437,-1.3538789641226812,0.0,0.733214420661607,-0.9310551987838288,-1.0233466539912417,0.0,0.6146074219835364,-2.613946414355736,-0.13337524353025676,0.0,1.1083973673036063,-3.4789072439684627,-0.8979806980403767,0.0,1.239318713444026,-3.5377402796341655,-1.8072691910262255,0.0,0.2962425403512698,-0.7558812741177784,-0.6636997441808011,0.0,0.09014713872130241,-2.45080883197876,-0.15084566352928644,0.0,0.3070552676632174,-3.418397074967485,-0.9318918525424897,0.0,0.08799503683504419,-2.2650794681567423,-0.9350900300341481,0.0,-0.03225956927995603,-0.6526795018502328,-0.3290602252874232,0.0,-0.3486912405251906,-1.9398222266515692,-0.17009352262963656,0.0,-0.2943044350161336,-2.273147077347677,-0.5031766456887873,0.0,-0.36998475589700824,-1.9146584272563731,-0.519423970408006,0.0,-0.3269890118238402,-1.1674198911555025,-0.271627118258707,0.0
0.0,0.0,0.0,0.0,0.5683235879034925,-0.25215797855194383,-0.2722496933995249,0.0,1.484587515744001,-1.4416685196265588,-0.537317766987424,0.0,1.296266706684824,-1.7293948212190404,-0.4634978068314782,0.0,1.0251261283947564,-1.505025764589833,-0.3398913579610184,0.0,1.0796835323679301,-2.3917518843787358,-0.20823343465749405,0.0,1.3461894594984902,-2.43726286055073,-0.7419275375860979,0.0,1.4056598508869464,-2.0920122315539524,-1.3947045331477481,0.0,0.7099849003798848,-0.89839547199748,-1.0634485193745364,0.0,0.5846579325438238,-2.5344776367876127,-0.1466965862863963,0.0,1.1154784308096974,-3.561176344219123,-0.9787449129437967,0.0,1.0977526565823705,-3.2414518018171097,-1.7850512023923435,0.0,0.2732167653544607,-0.696392747759751,-0.6849011135630619,0.0,0.08426812046316576,-2.3986637909955175,-0.15618730438822778,0.0,0.27898932063015414,-3.3889131263751837,-0.9587745348836475,0.0,0.06285405668445884,-2.212791978594146,-0.9584187169727193,0.0,-0.031640538065532645,-0.6462371855601248,-0.3515702692459615,0.0,-0.34320509051255815,-1.9368749920717383,-0.1725049516411115,0.0,-0.29419763534001586,-2.275394120044015,-0.5201021952473323,0.0,-0.36994916656050525,-1.9004358165653557,-0.5421233372926152,0.0,-0.3217463852240159,-1.1494110484226696,-0.29005078520991934,0.0
0.0,0.0,0.0,0.0,0.5692178903997445,-0.23963874347310538,-0.28253587727783136,0.0,1.4921883172622783,-1.4076811411545593,-0.5606415287650532,0.0,1.3182920768310196,-1.7238299985936316,-0.4871036529990799,0.0,1.0379056914105385,-1.5034454597146212,-0.35616812806780884,0.0,1.0886073726911727,-2.3907667111027138,-0.21271380743175766,0.0,1.3525216544119352,-2.4061975662508535,-0.742681436983963,0.0,1.4261244051208593,-2.051684765818537,-1.394013541262171,0.0,0.7289447201740601,-0.9048166396093487,-1.08426767951294,0.0,0.5945394389901335,-2.5199559467944077,-0.14518512127389094,0.0,1.1042642629327315,-3.4399393641628087,-0.944731221135452,0.0,1.1941532774018886,-3.3394535851556926,-1.8554525615147572,0.0,0.29411953863710705,-0.7317630403557359,-0.709775193212629,0.0,0.09555933750658308,-2.379259854907896,-0.1506271020051825,0.0,0.3069871592246078,-3.3342081445676555,-0.9567711071849739,0.0,0.11668400196656463,-2.217580513337117,-0.9942597646393606,0.0,-0.012903202246126452,-0.6346485208186515,-0.357805251188338,0.0,-0.3356822599471911,-1.9125877866162355,-0.16342444387741892,0.0,-0.2762234466133652,-2.263095633931088,-0.5260208158470541,0.0,-0.3369985496415702,-1.896508230412452,-0.5603401983699746,0.0,-0.2896008692947013,-1.1037829585231416,-0.28901584151154847,0.0
0.0,0.0,0.0,0.0,0.5648313031861663,-0.23998687852151634,-0.2833665508881871,0.0,1.4929608387822353,-1.4396308248962304,-0.5697588680115088,0.0,1.2967995335577132,-1.720672112187363,-0.48654437234986775,0.0,1.0282900162702613,-1.4906930872602997,-0.3571182631039131,0.0,1.0874864909848008,-2.3679442728370432,-0.24302298663055438,0.0,1.3493128475788265,-2.387335820608418,-0.7948267083506844,0.0,1.387079680074455,-1.982892335434791,-1.425482571071844,0.0,0.7131865366397846,-0.8490920358415373,-1.0991020658911825,0.0,0.5874848358469861,-2.507463586536548,-0.17710298420608778,0.0,1.1240641863947767,-3.5022063527917733,-1.0621882256625796,0.0,1.0637919898639476,-3.0209546325448744,-1.8457722864481532,0.0,0.25588902948534836,-0.6385094506426247,-0.7245438342706193,0.0,0.08722150697064984,-2.3660201145402056,-0.18229274424295314,0.0,0.29851583685448096,-3.392618451317005,-1.0521975302061597,0.0,0.06538430338216222,-2.139953490085173,-1.0376555326841477,0.0,-0.0496766619416496,-0.6112492002381478,-0.3912753257852055,0.0,-0.3386554395387193,-1.909900653904868,-0.19231571909633835,0.0,-0.2864953393999524,-2.264032606783396,-0.5610431520249627,0.0,-0.36822804108667184,-1.8823330917612364,-0.5917127187214186,0.0,-0.3350336440895749,-1.129127963442141,-0.3265260983280593,0.0
0.0,0.0,0.0,0.0,0.5630290744756948,-0.2412875734427731,-0.2772050271378997,0.0,1.4868219515088434,-1.4348211006803497,-0.5558107345602852,0.0,1.2960871511941887,-1.7216698744838246,-0.47671660527460935,0.0,1.0285070697596879,-1.4918397564104098,-0.35063589280204416,0.0,1.076746651583474,-2.374198316315963,-0.23009543202619226,0.0,1.3363128203149799,-2.3814429106946187,-0.7642746227215514,0.0,1.3929465209934437,-2.0024244313205766,-1.4030366120457192,0.0,0.7128771549599936,-0.8608442972196403,-1.0863020429121832,0.0,0.5779945560099117,-2.5100318987507166,-0.16647621839125953,0.0,1.106851949894946,-3.502624644672575,-1.0193325660352714,0.0,1.0891508591437378,-3.0985405607204783,-1.8248026310699943,0.0,0.26277238052058954,-0.6529179530712228,-0.7092752187865105,0.0,0.078122266734023,-2.364883556446775,-0.17268183545695986,0.0,0.2846785494170829,-3.3684968047581147,-1.0085744023043155,0.0,0.07188302301029333,-2.170057352343411,-1.0150544449248868,0.0,-0.0454223707968328,-0.613562991535176,-0.37624332855471876,0.0,-0.3466210636291579,-1.9063870728096872,-0.18424342511527286,0.0,-0.295366609261537,-2.2552355296740036,-0.5461976959311587,0.0,-0.3696226779573866,-1.874489554639717,-0.576984166769924,0.0,-0.33187276221310896,-1.1061206978915692,-0.31226836130207314,0.0
0.0,0.0,0.0,0.0,0.5710849245424335,-0.24008718408396934,-0.27282417214134286,0.0,1.4832427643320705,-1.4227846507285393,-0.5436594192435509,0.0,1.29574153868804,-1.7030830716422511,-0.4691135198435065,0.0,1.0290168811575515,-1.4835146238267902,-0.34728411554486205,0.0,1.0503270128534188,-2.3467826028414946,-0.20963638076806032,0.0,1.33200978647254,-2.3883490483919134,-0.7554216123911124,0.0,1.3831869404954344,-1.9737110157636022,-1.3851509021111432,0.0,0.7152518907964122,-0.83515705206285,-1.0722105682220442,0.0,0.5560930785526872,-2.4706037342698406,-0.15177520050525645,0.0,1.0925389350819992,-3.487718849364696,-0.9943506983717091,0.0,1.1128400360120532,-3.1357790210820196,-1.8211586276017135,0.0,0.27890519790479656,-0.6651171370694754,-0.7075595546040521,0.0,0.06367116493165553,-2.3332257826217178,-0.16478675789727343,0.0,0.27217657589548294,-3.3768891365935123,-1.0075547710365453,0.0,0.06775638932648137,-2.0854953212071328,-0.9770541997834207,0.0,-0.03715887918647796,-0.5960874362328848,-0.36292638608936884,0.0,-0.3563387861283813,-1.888235074002826,-0.1836611143596352,0.0,-0.30830676133375223,-2.2352877885174904,-0.5415053170558938,0.0,-0.38179598255958547,-1.8043719269061564,-0.5523087068904926,0.0,-0.3418242091889791,-1.0682256640017116,-0.2930691051306653,0.0
0.0,0.0,0.0,0.0,0.5707014640145289,-0.2602663978532631,-0.2683347785782755,0.0,1.4827112956808948,-1.4628854771349888,-0.5333262884329922,0.0,1.2898635036089232,-1.7292875688166824,-0.46085460223101443,0.0,1.024579936997686,-1.5025234872209081,-0.3413434512610794,0.0,1.0477229635789265,-2.402292141322042,-0.20951888906421406,0.0,1.3175509792506725,-2.4064890696995076,-0.738316835677905,0.0,1.394571880425583,-2.0585445138804883,-1.387434553817581,0.0,0.7199711502303676,-0.8879644518485118,-1.0753394842912962,0.0,0.5471949530328122,-2.518719675139912,-0.1524248539412185,0.0,1.0858177552335428,-3.51275421605142,-0.9878817902930619,0.0,1.1102606430297193,-3.2487543361905553,-1.8371024949551544,0.0,0.2732013309525011,-0.6896827610385237,-0.7054819189017074,0.0,0.05414727954571591,-2.3670532001572493,-0.16582328823107959,0.0,0.2769532157846321,-3.4628680064039816,-1.016155024964161,0.0,0.06385174982461476,-2.148162623444039,-0.976464695322881,0.0,-0.038806923554208936,-0.6242141563567349,-0.3626309940321315,0.0,-0.360260667300251,-1.9137212668302654,-0.18509381454673382,0.0,-0.30979423608311574,-2.276034150670514,-0.5396291614720391,0.0,-0.3825338988587363,-1.8585027578922926,-0.5500575684721141,0.0,-0.34245828668673217,-1.1130645919780522,-0.29228456210861026,0.0
0.0,0.0,0.0,0.0,0.5471670760265908,-0.2499626715489581,-0.2761336727115334,0.0,1.400001401867364,-1.4416648802427923,-0.5255196793481248,0.0,1.2067080143569464,-1.7477482707072924,-0.4526200648428699,0.0,0.9490429247693885,-1.533175907165907,-0.3280515044289587,0.0,0.9833706799897829,-2.4434470972663234,-0.2004196596930477,0.0,1.236803435871826,-2.4486709814351824,-0.7144969144423624,0.0,1.2830713010660018,-2.0270298950619825,-1.3109556089682548,0.0,0.6440916023201164,-0.828324340813716,-0.9799117908275886,0.0,0.48575856464549677,-2.6173567933221182,-0.13436311795937406,0.0,0.9356710453477887,-3.524906340934587,-0.9001516455058955,0.0,1.00901498915348,-3.5231500838872183,-1.7878062229970069,0.0,0.23014724430850966,-0.7446182054803482,-0.6559988321316189,0.0,-0.03450328195959022,-2.4392202369135885,-0.1382775177370881,0.0,0.1347247543974296,-3.4510400977982827,-0.9213391708567424,0.0,-0.050635467646879005,-2.18470110792548,-0.8742602407457251,0.0,-0.09183102415900093,-0.6570415187777594,-0.30555074738297505,0.0,-0.4477459084344013,-1.9031345654663363,-0.14981900925680572,0.0,-0.38981283731517996,-2.2625653621880564,-0.4610394939627162,0.0,-0.4718993979307854,-1.909246411075068,-0.4483768148697011,0.0,-0.43141676846841315,-1.1929459401582505,-0.2083846253921054,0.0
0.0,0.0,0.0,0.0,0.5548672705903276,-0.2514589790217267,-0.2658072676003458,0.0,1.4326131903811785,-1.4622331882072597,-0.5145371095606323,0.0,1.2411823232098254,-1.7794666404370156,-0.44620174258510276,0.0,0.9743395992727752,-1.5483259690702758,-0.3222719103008957,0.0,1.0419140788127401,-2.5188150265401563,-0.2093818731365626,0.0,1.2499583598224582,-2.4051964118881846,-0.6742491995454978,0.0,1.3732727336770785,-2.137198210163361,-1.2946204299474713,0.0,0.7039411863294739,-0.9020009963718436,-0.9783184516685136,0.0,0.5244581719684048,-2.6906133802285574,-0.1421772677569854,0.0,0.9740896625855269,-3.415690522430458,-0.85137023619235,0.0,1.13786043815146,-3.720560108937757,-1.8071639303332487,0.0,0.2598207715356814,-0.7686673135590328,-0.6332410400587146,0.0,-0.012329712842087056,-2.475366427594755,-0.1431511151919202,0.0,0.22572317408685705,-3.482705838954492,-0.9083047789653391,0.0,0.014355765496793793,-2.309152061720348,-0.8859468283599493,0.0,-0.0667931984824547,-0.6972459794270066,-0.30006776054588463,0.0,-0.4299108183313179,-1.9115125117487195,-0.15028031143499357,0.0,-0.3428602825094293,-2.309222901069116,-0.4578855830618917,0.0,-0.42858783350940616,-1.9473667807350588,-0.43703216501538616,0.0,-0.3984515065754715,-1.184323912353447,-0.19027440390519995,0.0
0.0,0.0,0.0,0.0,0.5519166958498732,-0.32286859495534287,-0.2558229360273025,0.0,1.3562194767080118,-1.5970707574126413,-0.4738562607314379,0.0,1.1085768424435636,-1.8457548951736327,-0.39958005973812855,0.0,0.8591490604342875,-1.606381366676775,-0.289365826331843,0.0,0.9321415159663982,-2.7161771472247365,-0.15909936092314655,0.0,1.0802450289720527,-2.530012666060477,-0.59369474452695,0.0,1.3337269686466118,-2.5730422943583493,-1.2870201196604116,0.0,0.6927845404420019,-1.1682650510209203,-0.9820050928911711,0.0,0.3893429090500804,-2.9205605029572466,-0.10235635257073016,0.0,0.7460763234302584,-3.385605956971594,-0.7269352443716773,0.0,1.103578036244784,-4.5041936169684,-1.8707233090143829,0.0,0.2325384901029773,-0.9248261529810655,-0.6097890924389161,0.0,-0.1795205049542232,-2.5928527300134685,-0.11808956925314919,0.0,0.04057426352699509,-3.416007598497226,-0.8170231535981602,0.0,-0.08585667333289045,-2.4363703967361845,-0.8407263644486587,0.0,-0.10196758293598378,-0.6933093703584057,-0.2510700463604649,0.0,-0.5672960196215939,-1.882462919010255,-0.13383715203221222,0.0,-0.47646907031426583,-2.3175673658947775,-0.4538779822148055,0.0,-0.5188822137604727,-1.9002907070578476,-0.4286622986403274,0.0,-0.4219725423315859,-1.092292006947112,-0.17303628171144958,0.0
0.0,0.0,0.0,0.0,0.55782928609711,-0.3212904582891139,-0.2752465130215575,0.0,1.3800780517887612,-1.6188469960431335,-0.534037285486889,0.0,1.1217106268650276,-1.8649813450762054,-0.4501681048041913,0.0,0.8704140595619131,-1.602881941408704,-0.324481470841145,0.0,0.9487710778249646,-2.6919668892715554,-0.20165273702261888,0.0,1.1065730532258014,-2.499003930476935,-0.644911855421328,0.0,1.3123558715913333,-2.360927449620645,-1.3017258657583568,0.0,0.6893625257439031,-1.0427465337939545,-0.9876841243922857,0.0,0.40630921220328287,-2.882992659505844,-0.1342051177197461,0.0,0.7601337237180623,-3.3403205439226813,-0.7832963166963954,0.0,1.150125999877612,-4.413041441698031,-1.9787256386743541,0.0,0.2742781347850706,-0.9366299911942518,-0.6637464092661175,0.0,-0.15591795714311044,-2.559560861181703,-0.13679230138010048,0.0,0.07266259192735282,-3.4779363432999664,-0.8841144388193364,0.0,-0.048527811907770974,-2.4343424173533514,-0.9008748488783382,0.0,-0.07810974694925212,-0.7258499048125199,-0.2864029948729607,0.0,-0.5444131681315086,-1.8798724206402708,-0.1437174591367609,0.0,-0.4612472774318162,-2.315517480316687,-0.4619054543114799,0.0,-0.5007232408521062,-1.8978779136012411,-0.43324315877351327,0.0,-0.4189812257632508,-1.1252019931716861,-0.1811466747401606,0.0
0.0,0.0,0.0,0.0,0.5472516916279772,-0.3602954193833823,-0.2540021290988349,0.0,1.3111325770040003,-1.7457462504549017,-0.4762850983167109,0.0,1.0085533298249012,-1.9082303975189405,-0.3866045810352837,0.0,0.7653633841556856,-1.6520771040705498,-0.28125352818455973,0.0,0.8732414529022937,-2.855280077712144,-0.16649563337944864,0.0,0.946573656682029,-2.510799173744241,-0.5763318538570066,0.0,1.2352986623820104,-2.6084443402393025,-1.2890164058174458,0.0,0.6580850777249833,-1.1892383503574462,-1.0004780518920973,0.0,0.30769529120948386,-3.1187186359780767,-0.11519700137782606,0.0,0.5890283274496576,-3.1912946866941008,-0.693839741389008,0.0,1.0327687040281428,-4.7379930773068955,-2.003241967041497,0.0,0.21496529318070026,-0.9424791273913545,-0.6398463609787137,0.0,-0.2916782828515388,-2.6901539042915608,-0.13656791565394427,0.0,-0.07548238438860555,-3.3724097255311163,-0.8346778874872192,0.0,-0.176218362070277,-2.477118680997035,-0.8925474688905766,0.0,-0.14367959908485756,-0.6972962932868855,-0.2666427072209961,0.0,-0.6548596919045935,-1.846973716278392,-0.1480093389194273,0.0,-0.5749394680200072,-2.3000683732097142,-0.4774983069196449,0.0,-0.5892007331494036,-1.823282750475436,-0.44080512052622906,0.0,-0.4732706651175099,-1.0419084696117313,-0.1846134148131215,0.0
0.0,0.0,0.0,0.0,0.5503430467321355,-0.35561133539051415,-0.271269402123007,0.0,1.34163345990754,-1.7271270363992857,-0.5195127093251857,0.0,1.0469309286933328,-1.9283166832770895,-0.429045480540913,0.0,0.7883859489672368,-1.6615631445989334,-0.3087734164410847,0.0,0.8753983282157556,-2.7965372026502746,-0.16586737092270698,0.0,0.9797992421954992,-2.525286962976622,-0.5802639122206098,0.0,1.2799655293038272,-2.5401691985553057,-1.2563185607482703,0.0,0.7039981656152898,-1.1188349342050554,-0.9540780313991575,0.0,0.33562264876884534,-3.0289287824136424,-0.09868083550111331,0.0,0.6139834613466023,-3.2621195490975916,-0.6941608081559286,0.0,1.0877493419106654,-4.6292063960808525,-1.9304732956592348,0.0,0.2673269251322623,-0.9328281233322244,-0.6208412027930725,0.0,-0.24336964062962174,-2.6565983165118565,-0.10772522054197292,0.0,-0.02664552933400093,-3.415977368811675,-0.8067822882906764,0.0,-0.09623489912867923,-2.568716505468798,-0.8804362073314707,0.0,-0.08840694813198395,-0.7344330316838262,-0.25738201673097344,0.0,-0.618976842415127,-1.854596221246866,-0.11860671204989195,0.0,-0.5338319658281186,-2.317444487633727,-0.43457368936273727,0.0,-0.5442312954636768,-1.8902741582053368,-0.3970065035385578,0.0,-0.43207498839324243,-1.0987890011056027,-0.1453095726542131,0.0
0.0,0.0,0.0,0.0,0.545322980681093,-0.35955869396878054,-0.26286192833069333,0.0,1.30848775947841,-1.75588771739214,-0.5108414253066984,0.0,1.0143398618783557,-1.92197491986417,-0.42044053857615443,0.0,0.7883864791735997,-1.637367436034338,-0.3046598587741459,0.0,0.777952680366178,-2.783906805783364,-0.2010731615837865,0.0,0.9480987866612646,-2.5364497498180287,-0.6115515327747101,0.0,1.2143625537426623,-2.48940557373514,-1.2665486828614327,0.0,0.6600546818558697,-1.0738772546773863,-0.9493409984044863,0.0,0.22557359690274636,-2.9288415399363172,-0.13664541937273567,0.0,0.6134020998069621,-3.388187314598857,-0.7290250676738553,0.0,1.0600305452799463,-4.7783660051502235,-1.9251313080293997,0.0,0.24686950619632836,-0.9610547812988699,-0.6079743955405392,0.0,-0.31872641857496564,-2.5663951700267176,-0.14163900160467252,0.0,-0.09318809146107948,-3.4490187183337864,-0.8336054861329327,0.0,-0.16467116300786871,-2.4982155511483355,-0.8648351701990225,0.0,-0.12078413073356484,-0.7060027621344731,-0.26421450430202154,0.0,-0.662058287485554,-1.8264872543029553,-0.147069983698008,0.0,-0.5779756061008063,-2.3149220615144213,-0.46784082102196384,0.0,-0.5893973865988967,-1.881066072708428,-0.4369398487741992,0.0,-0.4796243568390861,-1.0746817227808796,-0.18707499553947804,0.0
0.0,0.0,0.0,0.0,0.5432269411003712,-0.36669756593339287,-0.2730954042024227,0.0,1.321856382937443,-1.7586865062137291,-0.5227669050842919,0.0,1.0283468687310975,-1.921473756758879,-0.4282426871661205,0.0,0.7981608152423598,-1.6418576908898161,-0.3075248300241154,0.0,0.7910452975621837,-2.786986528185476,-0.21891815706615328,0.0,0.9499373908356414,-2.5315198595329766,-0.6175173018296046,0.0,1.2416686782307957,-2.547189516856127,-1.2897551180805111,0.0,0.6734472728136128,-1.1063274460486534,-0.9649667330286649,0.0,0.2467551105195387,-2.9288965960566515,-0.1474080895462486,0.0,0.6004602395833863,-3.3724242434327154,-0.7573354657300186,0.0,0.9646345802817151,-4.475675678488895,-1.900822665942156,0.0,0.23469765942054913,-0.890195912180527,-0.6080490318255227,0.0,-0.28873723337662954,-2.5872252404923173,-0.1439807285616206,0.0,-0.07331595241729705,-3.48342396388589,-0.8553346203836965,0.0,-0.13877662078293249,-2.471517598045147,-0.877789884257022,0.0,-0.09504786492392503,-0.6969180025657656,-0.2700438218081524,0.0,-0.6390753343562114,-1.8606507631148523,-0.14372919565845851,0.0,-0.5540078242928771,-2.3603250114911773,-0.4688120974136285,0.0,-0.5688277460542827,-1.912342345105754,-0.4317177059197306,0.0,-0.4580539040698691,-1.087526346863527,-0.1753932274144068,0.0
0.0,0.0,0.0,0.0,0.5408943284517683,-0.2936284846979361,-0.2586370729319364,0.0,1.4348240774358738,-1.5962608364827322,-0.5351039803488857,0.0,1.213620184841519,-1.8635102153790049,-0.46287336655516254,0.0,0.9672150389161586,-1.554404059400504,-0.33176219205122337,0.0,0.918278787238315,-2.5746845090592085,-0.2092957386324984,0.0,1.1851105586940336,-2.4762105753814443,-0.6510854241916086,0.0,1.3865499608100815,-2.321643276247935,-1.2911565607589166,0.0,0.7400170983451974,-0.9925980086859268,-0.985588909231979,0.0,0.40428089674440215,-2.635801303899098,-0.13992255398886252,0.0,0.9637948619604793,-3.597995141016636,-0.8370063775081252,0.0,1.283971170139066,-4.1517763278318816,-1.81725058665963,0.0,0.32555217582202933,-0.840089860652,-0.6137954605806563,0.0,-0.07623156192787513,-2.440225552271041,-0.14097881300325235,0.0,0.21470621186655786,-3.779282735706947,-0.9302380597561786,0.0,0.03146911684436449,-2.295332768980716,-0.8178143548603153,0.0,-0.04619864502280638,-0.6654035401541034,-0.27552482814595713,0.0,-0.4609350047135779,-1.9329188432421616,-0.15471065560368455,0.0,-0.37285483949960724,-2.4064525448813865,-0.4643739273353951,0.0,-0.43390605382457986,-1.9885683517283321,-0.43073430593516515,0.0,-0.4089543252795797,-1.2008813686919344,-0.19484828650025285,0.0
0.0,0.0,0.0,0.0,0.5449856856387592,-0.3168420613113852,-0.26525422481166383,0.0,1.436848458480386,-1.6635204421630219,-0.5276153771727257,0.0,1.183003907101091,-1.8303158158257067,-0.4362605241739695,0.0,0.950053352193527,-1.5537686843242862,-0.31757810657064467,0.0,0.9192406682800783,-2.616631918273534,-0.21517987507017614,0.0,1.109216996819204,-2.412995806256823,-0.6304796133374387,0.0,1.382018839114435,-2.362569150578494,-1.300587982509018,0.0,0.7686169339534689,-1.0524638570129592,-1.0155985900361906,0.0,0.3871047057901436,-2.6900155174831455,-0.14785821735364998,0.0,0.8622686154158018,-3.420224287590175,-0.8250815249551571,0.0,1.208278564575427,-4.069058957559265,-1.875808963322498,0.0,0.2963457072895732,-0.7889632483255117,-0.6159812595539254,0.0,-0.1237641304986739,-2.4333432414620972,-0.15104542281934086,0.0,0.12517946350390716,-3.557950113208773,-0.9394075937279183,0.0,-0.009687223916144528,-2.172982079733267,-0.8682138553083306,0.0,-0.04737819906420584,-0.5935938546647208,-0.29181626076675454,0.0,-0.5039530551599029,-1.8629251664101603,-0.15954331189836807,0.0,-0.4174968028248383,-2.317296013737627,-0.4936734101832877,0.0,-0.4529264405671931,-1.8967765431866555,-0.484080746346404,0.0,-0.37660186303373866,-1.0746759863866149,-0.22491448142026088,0.0
0.0,0.0,0.0,0.0,0.5503030184293729,-0.24840932203085417,-0.2466489453813615,0.0,1.525991690694827,-1.4541590994699167,-0.5340797012995134,0.0,1.3787371145431107,-1.7950309807037423,-0.48976945132790867,0.0,1.0996573008898687,-1.4920077232986495,-0.3594871764690697,0.0,1.0587601414906773,-2.5910181004609716,-0.21678488476863383,0.0,1.3130919087652784,-2.359393965450332,-0.6455927811297109,0.0,1.5320250171091423,-2.165987233779025,-1.2820513962117634,0.0,0.8510843628750483,-0.9047052926109164,-1.0075063955693788,0.0,0.51608534803834,-2.5765630733018954,-0.14516232129751844,0.0,1.2437045512214329,-3.4885810013299725,-0.8463055696624715,0.0,1.569279256569303,-3.7893276776814324,-1.7855913257722325,0.0,0.3695857677703637,-0.7244007606777456,-0.6125768932274556,0.0,0.040927133963038057,-2.3557959305234455,-0.14718672798868587,0.0,0.5426169350024806,-3.796706248410689,-0.9589026675434542,0.0,0.26445332046221426,-2.549959371461188,-0.9433400662463701,0.0,0.008205018828806325,-0.7094774087118042,-0.3194527019474892,0.0,-0.349884545206192,-1.8939900310177458,-0.16181594480676584,0.0,-0.18010932803171126,-2.450660863541769,-0.4875386291020696,0.0,-0.25679017977142127,-2.142635846044974,-0.4900992580837233,0.0,-0.2924105125582537,-1.2269797309829285,-0.2273301295619592,0.0
0.0,0.0,0.0,0.0,0.5476157217110286,-0.2254873302910499,-0.2637677578425412,0.0,1.5229752529094835,-1.3939547317831227,-0.5551680212018474,0.0,1.376919910589231,-1.7158663430302246,-0.4968264506703643,0.0,1.111643616263082,-1.443726652467813,-0.3646810196532923,0.0,1.0682781809754225,-2.51137241271865,-0.24029056525376885,0.0,1.3052594543459883,-2.272143997064995,-0.6651955434238027,0.0,1.536155646793722,-2.109212559904937,-1.3155357081314845,0.0,0.8562045411048596,-0.8959207385968151,-1.0358993823741705,0.0,0.5301719314147765,-2.523047378313271,-0.16382428127154217,0.0,1.191200600544209,-3.3069484761740693,-0.8685709710013284,0.0,1.5814512205288414,-3.8284480162083354,-1.9255058107016945,0.0,0.37044456312687335,-0.7341890016783444,-0.6442894320383231,0.0,0.046059992018059014,-2.307044031076355,-0.16123845060076256,0.0,0.5063177010160912,-3.6706012734670956,-1.0200801645486453,0.0,0.22029162010313272,-2.288232381032266,-0.9474383466457663,0.0,0.00977200799338245,-0.6525657971975732,-0.3284689280759741,0.0,-0.34459893341484626,-1.8569367738099447,-0.17060964991561592,0.0,-0.21308837967937347,-2.348501929957117,-0.5150279766941634,0.0,-0.2843195921711212,-1.9238021147395983,-0.5034692049924886,0.0,-0.2885421240968958,-1.1226753317504714,-0.24390990595645864,0.0
0.0,0.0,0.0,0.0,0.5520752289778565,-0.2192149972114794,-0.26794768797790686,0.0,1.5417854864416125,-1.3532349590917485,-0.5659261026784628,0.0,1.432023695351526,-1.7010443146314642,-0.5191946082270641,0.0,1.1579646778352297,-1.4289253248197273,-0.3768970757653522,0.0,1.1574709893046053,-2.4933170457398117,-0.22972478892882622,0.0,1.406198665091668,-2.3250371347168928,-0.7091899272264371,0.0,1.5553196651753507,-2.0212369888265393,-1.3319268418523837,0.0,0.8334564676598958,-0.8083481098492706,-1.0049232879659582,0.0,0.6185712639264255,-2.525014926874265,-0.1561832176313821,0.0,1.2817226688140213,-3.359195794497176,-0.9269578515769461,0.0,1.4931497148024342,-3.449425599924317,-1.8546079772617667,0.0,0.3707024866205498,-0.6761032899387147,-0.6549537285617312,0.0,0.12935342645290857,-2.3299215872816617,-0.1609705746550945,0.0,0.6046165243693221,-3.6651486018261523,-1.046877687369893,0.0,0.258516348809804,-2.2845523735325406,-0.9745229009890146,0.0,0.01189300006500921,-0.6373869765534762,-0.3335141625944713,0.0,-0.27541660716825783,-1.900146095114616,-0.1777540699773362,0.0,-0.11947386029680503,-2.4036947697913558,-0.5202549082211168,0.0,-0.24174706952072367,-2.1119205329266406,-0.5232009618461606,0.0,-0.3081668898531068,-1.3272496369022146,-0.2616180959837169,0.0
0.0,0.0,0.0,0.0,0.5703113356956885,-0.2406712092520178,-0.27037717858615334,0.0,1.5690690238371212,-1.4017326194386772,-0.5625370336113061,0.0,1.4214391029224989,-1.695855661848689,-0.5043915360677684,0.0,1.1580742353701263,-1.4142576247292367,-0.36737792113890666,0.0,1.2005923259424485,-2.5409951059102664,-0.22371725812284401,0.0,1.4208294396885406,-2.3187812441165425,-0.7007947790676458,0.0,1.559499482752127,-2.0062161886529712,-1.3137150512178126,0.0,0.8439826052047643,-0.8217275805385282,-0.9982946077097907,0.0,0.6429144597965623,-2.574562661709953,-0.14887188265915105,0.0,1.3142770110788224,-3.363292693649984,-0.92435279106368,0.0,1.4906381342334045,-3.4467867487075354,-1.831282359273677,0.0,0.3669088392769706,-0.7033951526724413,-0.6499259429242421,0.0,0.13463559445276313,-2.354145523321867,-0.1554520313086763,0.0,0.5878114947357543,-3.615749313819367,-1.0265151361642657,0.0,0.24283380241169197,-2.2742954399603312,-0.9580258724495078,0.0,0.013627905405933493,-0.6501571587609329,-0.3265188363115765,0.0,-0.2762337472803738,-1.898977803209722,-0.1724794063697982,0.0,-0.14052467989849718,-2.3479944660448164,-0.5011946622429398,0.0,-0.24751506208074192,-2.089621827126873,-0.5112788180127694,0.0,-0.29015570954480496,-1.3645076531512301,-0.26299768812349156,0.0
0.0,0.0,0.0,0.0,0.5503533187330356,-0.2288808973208968,-0.25826541003192005,0.0,1.534278638994652,-1.4110751784874846,-0.5425391173933345,0.0,1.3807411246440093,-1.7205935441024818,-0.48640863865072687,0.0,1.1125358260060088,-1.4447636993529192,-0.35726818998388543,0.0,1.1322031869066687,-2.568749870865737,-0.1935957947631052,0.0,1.3538506056636521,-2.316785625747095,-0.6441161100784693,0.0,1.553045884766834,-2.1204768538762395,-1.2980188537461115,0.0,0.831779983118982,-0.8645150806349979,-0.9895019597978922,0.0,0.5776316104824477,-2.5980363000909543,-0.12530603009699745,0.0,1.1953974861840122,-3.2851241093136396,-0.8266406012280464,0.0,1.5943064808864702,-3.9322896646623224,-1.934204727068381,0.0,0.3606134733958904,-0.7215305733199978,-0.6304977570568595,0.0,0.058799023278583086,-2.3384728867727005,-0.13300581180106552,0.0,0.5081469315271491,-3.5430158870981665,-0.9531288842273452,0.0,0.2452159923929579,-2.3881328078777257,-0.9709780825173439,0.0,0.016159651382803376,-0.6356664995019938,-0.3143040479004869,0.0,-0.34121667227827096,-1.8494445736740828,-0.1489055248977574,0.0,-0.18097152539495576,-2.34753632813045,-0.4872952102859522,0.0,-0.2607112597036638,-2.0917295626526964,-0.5102949504664415,0.0,-0.2760999770386546,-1.2094939170302028,-0.23280301126296465,0.0
0.0,0.0,0.0,0.0,0.5493897105238229,-0.2551926563015897,-0.23545220348724533,0.0,1.5492479256970042,-1.4740013981395323,-0.5011283159825398,0.0,1.4011452346048083,-1.760016018702717,-0.45245699558968705,0.0,1.1302835635957136,-1.465913988794299,-0.33120065362516854,0.0,1.110805610127718,-2.6338387765885187,-0.16863583502260696,0.0,1.34471204009546,-2.3301882457018146,-0.5751225546253209,0.0,1.6213908924838136,-2.2418325402350323,-1.1938743218263788,0.0,0.9102161928769803,-0.9762337970062581,-0.9371038099411918,0.0,0.5559615000735706,-2.6117729541168893,-0.10424650771774377,0.0,1.2593181155885866,-3.403161776663589,-0.7720035369786514,0.0,1.6401753204750613,-3.919106828835303,-1.7111233013422587,0.0,0.3759140373602874,-0.7523351667008265,-0.5567226630671361,0.0,0.059897259527731915,-2.3545153263526997,-0.11348180705961726,0.0,0.5503882269037541,-3.718560783148645,-0.8970354060414981,0.0,0.2633407072121246,-2.442985540346824,-0.8622571467756499,0.0,0.017173890266114825,-0.6783242454437362,-0.27045776862833876,0.0,-0.3280313395295687,-1.8915770226010493,-0.13360367259983152,0.0,-0.1692258631672849,-2.417461642855001,-0.44816256191347176,0.0,-0.25005445073314647,-2.135962787617524,-0.4514898849940063,0.0,-0.2847424756127031,-1.254558936526205,-0.19490719900225234,0.0
0.0,0.0,0.0,0.0,0.5531263154791632,-0.29210167320958585,-0.2512396661778253,0.0,1.457075001563317,-1.6130017448467997,-0.5086069227741239,0.0,1.2092056221266607,-1.844299128068113,-0.4317137631925149,0.0,0.9593940536708471,-1.5555700717732415,-0.31457355310501645,0.0,0.9328523181046079,-2.626185053096255,-0.16905655599704356,0.0,1.1883508569910066,-2.4405970294733184,-0.6046340573220627,0.0,1.428007468682249,-2.311256703374971,-1.2470221933318522,0.0,0.7730761125079073,-0.9826555464616286,-0.9577884805568652,0.0,0.3955930563476855,-2.671462984005025,-0.10988487257623823,0.0,0.9382813258148813,-3.4039370800599302,-0.7543130752233612,0.0,1.424784013127109,-4.42115330189899,-1.8916449158372353,0.0,0.32789171309686455,-0.8208940110668415,-0.5960589907958821,0.0,-0.11480329097430397,-2.395191988717159,-0.1228689002550967,0.0,0.23517649316728842,-3.5675325363678803,-0.8865690033599215,0.0,0.08746961132134473,-2.429620544224821,-0.892060695034263,0.0,-0.021742418048081188,-0.64521539898664,-0.27719205081684456,0.0,-0.4937608372761614,-1.827916171394072,-0.1410566443550588,0.0,-0.3593986290164178,-2.3676187238893807,-0.48969766301772355,0.0,-0.3977181199607448,-1.9658614652836242,-0.48457797912756173,0.0,-0.3356337176531808,-1.0623118509407532,-0.20966903659677388,0.0
0.0,0.0,0.0,0.0,0.5499514597983187,-0.302341119573115,-0.2521199513199935,0.0,1.4587808665354245,-1.5985048371808086,-0.503828005538956,0.0,1.2386615539122254,-1.842960460910216,-0.4368522320414555,0.0,0.990341576152781,-1.5542705292506955,-0.31825447890440267,0.0,0.9699449221869968,-2.730605828892759,-0.18527938543439498,0.0,1.1478508304775923,-2.4209634688587833,-0.5676518684658508,0.0,1.486976022629231,-2.46310286148533,-1.2261695639756125,0.0,0.8361522411293837,-1.0823723811577652,-0.9526071129720889,0.0,0.4171062029317237,-2.765763588071356,-0.11196747414114452,0.0,0.9431531107798118,-3.3525289974064014,-0.7271284284724655,0.0,1.4767387143698225,-4.457213067819109,-1.8539838371048303,0.0,0.334056170045242,-0.818396365065968,-0.5724791796900764,0.0,-0.09592919982459512,-2.452646938797481,-0.11097753869369698,0.0,0.25132329689676647,-3.5565442323286818,-0.8299821423373165,0.0,0.08630380658547773,-2.520457338255802,-0.8689910344923203,0.0,-0.03731938285178408,-0.6768898475821213,-0.26811603080129537,0.0,-0.4709640474372562,-1.8778612721713337,-0.12116550363478334,0.0,-0.3425143680029232,-2.3991500890799946,-0.4476150922249331,0.0,-0.39205259788856384,-2.0086582180686134,-0.44226538078794136,0.0,-0.35157764824247095,-1.1073499630795487,-0.18672457655649755,0.0
0.0,0.0,0.0,0.0,0.5560063335821441,-0.3412436959701393,-0.27149874967252924,0.0,1.4226052103065583,-1.8031174755522588,-0.5502696974915254,0.0,1.090000047286199,-1.905010588720015,-0.4349107736739852,0.0,0.8678919398788694,-1.5936410151455045,-0.3103144261003074,0.0,0.8704548924602493,-2.6698934677963115,-0.21454976085060892,0.0,1.0843251480692098,-2.501160482394482,-0.6567334637378957,0.0,1.3321536557932532,-2.4503426965178337,-1.3469973569600233,0.0,0.7214792305263054,-1.1093333108770875,-1.030142113422182,0.0,0.3302784728735542,-2.7749593765198344,-0.15181096035744365,0.0,0.7922236347511304,-3.4304169606582717,-0.836437292799169,0.0,1.1314896733244257,-4.0410268029129695,-1.8600028958914165,0.0,0.307901572604994,-0.8754612228927963,-0.6406371706721268,0.0,-0.19711148584164506,-2.4723087566092157,-0.15888656957895472,0.0,0.08385530342154061,-3.5839337884634563,-0.9741042996703432,0.0,0.008360408030065443,-2.2757991446668155,-0.9138534018258201,0.0,-0.022704177823218243,-0.6598281779717596,-0.2994302777999401,0.0,-0.5659449841449536,-1.8312397436337864,-0.16685302004478997,0.0,-0.4658888623833517,-2.348339705781447,-0.531172998929125,0.0,-0.4677501124775754,-1.8789275392350273,-0.5139968625828042,0.0,-0.3704685896574879,-1.0971303714671745,-0.24678839588013746,0.0
0.0,0.0,0.0,0.0,0.5511974446076754,-0.3524829839169851,-0.2707359085319752,0.0,1.4173051604244833,-1.7903833699749252,-0.5534670307658137,0.0,1.1080208739714,-1.9345984552307056,-0.45023619027134276,0.0,0.8726944853207943,-1.6209717363299063,-0.3229404970705854,0.0,0.9030840753279443,-2.756175977600864,-0.24672848454933324,0.0,1.0569379055377643,-2.5022375803958687,-0.6573610340731818,0.0,1.35159483312287,-2.550673687787632,-1.372735717854453,0.0,0.7413388466178727,-1.1525028692268005,-1.0486629035117276,0.0,0.34483288454886507,-2.869149746972963,-0.17806613156205808,0.0,0.779538313605152,-3.401764989442647,-0.8358417875344465,0.0,1.232525368176975,-4.565096231985014,-2.0686520487063804,0.0,0.3177025000190891,-0.9341598834246778,-0.675745113608375,0.0,-0.19372130559293865,-2.5327581853887793,-0.17605727368211796,0.0,0.08648763910302226,-3.622405155414607,-0.9780304624982833,0.0,0.0019324728640422021,-2.434886400267968,-0.9690273388438493,0.0,-0.022305097274476045,-0.6953901126241931,-0.3284854252582979,0.0,-0.5626065745670099,-1.8630775154222405,-0.17555176508907885,0.0,-0.45709679690156424,-2.390771603412466,-0.5388088583004065,0.0,-0.4694120142486144,-1.9710994907848098,-0.5423392337335506,0.0,-0.3738559997993067,-1.1538665285866043,-0.27822689852623156,0.0
0.0,0.0,0.0,0.0,0.54303288355931,-0.34409403783207543,-0.2383985269818709,0.0,1.369283833455894,-1.7888689793071983,-0.48328925502271847,0.0,1.0737773607215875,-1.952733254901343,-0.40360239063232256,0.0,0.8559030490670622,-1.6223292338951616,-0.2917025050458213,0.0,0.8145194633287145,-2.829928048321505,-0.1778009469619297,0.0,1.00654216906914,-2.492804801807113,-0.5529242507506199,0.0,1.331399237121115,-2.64342081348056,-1.2254857412438644,0.0,0.7402488289761474,-1.174740268994823,-0.9432420415410783,0.0,0.2620421063793769,-2.903068747200239,-0.1176605910547556,0.0,0.7653585504744098,-3.447583143055751,-0.7113760724722519,0.0,1.208572959399758,-4.724151576354931,-1.8129973948757505,0.0,0.2698824111648462,-0.9027215283956711,-0.5559775472617229,0.0,-0.2627538122835796,-2.5461628532519187,-0.12782738710204383,0.0,0.05445612099416639,-3.7294264565035338,-0.8492689364685756,0.0,-0.07819363203498976,-2.522425354684847,-0.805152908694477,0.0,-0.09936468382495646,-0.721652212062199,-0.2420149850258639,0.0,-0.6097529726832019,-1.862294349930393,-0.1417121580260894,0.0,-0.5023252524650049,-2.4077790813925004,-0.44903195539311425,0.0,-0.5236989427650333,-1.9872113108647789,-0.4131099459043841,0.0,-0.44072954621845223,-1.1623499922435923,-0.17211406649949845,0.0
0.0,0.0,0.0,0.0,0.5290141871126557,-0.34180120809521586,-0.23641261287955875,0.0,1.3748699897302696,-1.7808523086468122,-0.4611292825983742,0.0,1.086801487774837,-1.9402156189474917,-0.381528373993329,0.0,0.8621845035964789,-1.6279117327745924,-0.27288488040129927,0.0,0.8184082525340888,-2.867668414229251,-0.15359656223610577,0.0,1.0036999485504199,-2.4928331222470477,-0.5108803339261223,0.0,1.3634072428239834,-2.6594327993497506,-1.1498110772793495,0.0,0.7778985089570943,-1.1926620186003343,-0.889580466044646,0.0,0.2616745745835423,-2.9202086912768856,-0.08465673711132442,0.0,0.7663940466531375,-3.461522635734553,-0.6573251560598649,0.0,1.2426591593484255,-4.674802586141345,-1.6828724277583607,0.0,0.2966676802877307,-0.8910596354429643,-0.5103049220163406,0.0,-0.2565007007346658,-2.541691012719208,-0.08849571314801837,0.0,0.054826564671986926,-3.661882796341529,-0.7687675596926326,0.0,-0.06660378223157097,-2.518348246208532,-0.7605901675274773,0.0,-0.08625375997200868,-0.7054392469686206,-0.22117102031157315,0.0,-0.5961873293678414,-1.8729239739727483,-0.10175627079780736,0.0,-0.4796991360819622,-2.4423780768782932,-0.403454109854027,0.0,-0.5150156890071038,-2.001387278556625,-0.36788203018288607,0.0,-0.4410375821149177,-1.1160690165265785,-0.13187179895746168,0.0
0.0,0.0,0.0,0.0,0.5267488301924897,-0.2794678129857543,-0.17381723713315206,0.0,1.5230516463316706,-1.5727189559767263,-0.3906176461011431,0.0,1.3670269246471862,-1.8630084460996936,-0.3701112083617502,0.0,1.0910835554549685,-1.5513762142438865,-0.28180485628374974,0.0,1.0226477002336172,-2.7759453903860853,-0.10833661522986258,0.0,1.2742257327016397,-2.4749905070970484,-0.48315395373996717,0.0,1.6428569983171013,-2.507521819724003,-1.109857497319119,0.0,0.8930900903045355,-1.0157332635397471,-0.8466102347053697,0.0,0.4674149731050165,-2.740525142834823,-0.08539273883117807,0.0,1.1370857335566427,-3.460305097255794,-0.6146360005999727,0.0,1.9681537217978469,-4.989818888597175,-1.6783503475758532,0.0,0.4427148983684558,-0.8379827242128645,-0.48239261236595093,0.0,-0.02050251066477815,-2.4375686097206914,-0.12286612216966906,0.0,0.5256624507094343,-3.8777082969338257,-0.7925871805388626,0.0,0.28544513582882247,-2.894158956883738,-0.8242530842095984,0.0,0.0023133688475574553,-0.8147680513735369,-0.2615092694632923,0.0,-0.38955405610086336,-1.9331703976269587,-0.16200396349794627,0.0,-0.15468833323585612,-2.629779801560943,-0.4504363542756328,0.0,-0.24137042831987082,-2.3479432575690407,-0.4391758025673876,0.0,-0.3017053102818608,-1.286072777074846,-0.1854440126103501,0.0
0.0,0.0,0.0,0.0,0.5343387534540949,-0.255182568781131,-0.2035204790400973,0.0,1.561940753047474,-1.5564371056765993,-0.43978829384731644,0.0,1.3766121700259135,-1.8121533036263642,-0.38953728325236586,0.0,1.094144540754936,-1.5203416403114434,-0.28509282087092996,0.0,1.018716087180031,-2.713157324184692,-0.15399319010591775,0.0,1.3039040349615652,-2.38158533028512,-0.5136020426192318,0.0,1.6304732507508908,-2.285864106043557,-1.0869368148346907,0.0,0.9089154652823735,-0.9277945777091386,-0.8305770551171948,0.0,0.4690076149572796,-2.6456092894999537,-0.10109778443176363,0.0,1.2207735956714523,-3.461933300494214,-0.6564527855088226,0.0,1.791270957874382,-4.065705354108489,-1.4726762780008047,0.0,0.4391691111071783,-0.7419962120497747,-0.464829314662685,0.0,-0.014592759739227454,-2.3525242401756024,-0.11182941297905993,0.0,0.5019164746926628,-3.6452530574930697,-0.7427468222573504,0.0,0.371068622735895,-2.8358080830122554,-0.7841058952811212,0.0,0.06106519653205627,-0.7654247691238575,-0.21743741477347353,0.0,-0.3846008778131882,-1.8580452655355342,-0.1311962362319351,0.0,-0.1647403560152165,-2.4895420983963437,-0.418867091121801,0.0,-0.21559359200713654,-2.2142348037931927,-0.4020944458991166,0.0,-0.2553851178947592,-1.185917826765446,-0.14332064027882582,0.0
0.0,0.0,0.0,0.0,0.5823512336906747,-0.2668865922389163,-0.24537195338677678,0.0,1.5924143867151153,-1.4837901969768377,-0.5203682347748683,0.0,1.412700557755577,-1.7794991117498966,-0.4690243014936674,0.0,1.127523058798674,-1.481483867639281,-0.3402534241353846,0.0,1.1335196313672011,-2.6598468524186614,-0.21133559109328048,0.0,1.3920830313284605,-2.3606356409357803,-0.6255312899749718,0.0,1.651359180550206,-2.204314645261691,-1.2357145387661226,0.0,0.9048692767071937,-0.9147673232095789,-0.9388956726522854,0.0,0.5686087112640577,-2.611569414388052,-0.13867231590994988,0.0,1.3615063120426016,-3.4878273776654547,-0.8577287158890204,0.0,1.5721824930522414,-3.4455523816515172,-1.6280970226299465,0.0,0.4009083809523406,-0.7029579471877696,-0.576937905417728,0.0,0.08466761882789335,-2.3593086884815784,-0.14117917348032516,0.0,0.7084012018832441,-3.91576341860713,-0.9983924827691859,0.0,0.3574579457025458,-2.449491149936812,-0.8992239223795503,0.0,0.04385616166293118,-0.6904796221583542,-0.28889144989324284,0.0,-0.3056236738066386,-1.8944316029238049,-0.15532344851250707,0.0,-0.07783371732321462,-2.5363224962300883,-0.48782460383875237,0.0,-0.18432895352787834,-2.2351131439026295,-0.47586676591391397,0.0,-0.2742873685035612,-1.324231462751299,-0.2082543920510629,0.0
0.0,0.0,0.0,0.0,0.582644494570231,-0.26586663810896477,-0.2375309468470321,0.0,1.6044758705098925,-1.5013427909640287,-0.49848367662151877,0.0,1.417809388616756,-1.7528675174876858,-0.4401620742716328,0.0,1.14079917686979,-1.4712773509729877,-0.32022859359166495,0.0,1.1643582544493398,-2.6407762055306643,-0.1896082077911265,0.0,1.3997576576125312,-2.3374326285577456,-0.6013351654390039,0.0,1.6594613718571336,-2.19157766227051,-1.2100262815690153,0.0,0.8958996527474076,-0.9073284464492342,-0.9078472208116363,0.0,0.600340304954484,-2.6352730931639625,-0.1274714879051145,0.0,1.3572470393324974,-3.4345099972935627,-0.8261940421595192,0.0,1.5742862212119795,-3.4718386010327116,-1.5826444446609396,0.0,0.40521378488016013,-0.7458471735403647,-0.5584378536836277,0.0,0.09732961303005556,-2.3805688189838268,-0.13961792721657562,0.0,0.6958795261634801,-3.824040231989015,-0.966075068657259,0.0,0.3500295111741556,-2.440053145430357,-0.8605339622731232,0.0,0.04174284265582135,-0.7119078379294578,-0.26386896730265946,0.0,-0.30319957615667953,-1.8979626875956306,-0.15994868881312882,0.0,-0.08130510821308701,-2.5173666527956917,-0.48917776639888305,0.0,-0.19543648564229021,-2.196604971940181,-0.46316988821711585,0.0,-0.28464849942496384,-1.3565845553323583,-0.20096020571333414,0.0
0.0,0.0,0.0,0.0,0.5416620843534267,-0.3331932459512743,-0.18403110822829238,0.0,1.5941130675522783,-1.896050443276694,-0.4269309348100915,0.0,1.248601474904745,-1.8504953016332302,-0.3411884734937334,0.0,1.0171050229955978,-1.5289468548314988,-0.26190067660581035,0.0,0.9043769128655063,-2.9258139461608392,-0.16811569672754836,0.0,1.1844105228990163,-2.4429196820939585,-0.526552657894547,0.0,1.5663377202948388,-2.446946375276023,-1.1986423508325947,0.0,0.8103048145105143,-1.012937426937281,-0.9036200325750314,0.0,0.34043369172645993,-2.8272556099192268,-0.14220251577487586,0.0,1.0675037651708201,-3.2815117448429962,-0.6823974291237344,0.0,1.7938790816081576,-4.388149113088867,-1.6877582118069767,0.0,0.42811644008864524,-0.9301238342641002,-0.5695254398953021,0.0,-0.1628450078457923,-2.388758923317646,-0.17158022162671263,0.0,0.521140538804724,-3.680020611098429,-0.871760529536986,0.0,0.4935089383403517,-3.289050251981944,-1.0265845833582303,0.0,0.05634584169784995,-0.8506523396216904,-0.2685251649370845,0.0,-0.5046175359612438,-1.7619648438365898,-0.19035875697564475,0.0,-0.1717601417891036,-2.7015850525306186,-0.5887693050476389,0.0,-0.20950886003806732,-2.2498027910976965,-0.5661184486630723,0.0,-0.24883729072829233,-1.0915237755572913,-0.2305699877502211,0.0
0.0,0.0,0.0,0.0,0.5460256764962016,-0.3390996624335805,-0.1764955825376368,0.0,1.5514694940343132,-1.8672497422789642,-0.3937773019443427,0.0,1.2248898356055513,-1.8445360445745393,-0.3222734540261991,0.0,1.0114844641035392,-1.5210550983923725,-0.2518159684017832,0.0,0.9270251781346704,-3.0181758362050264,-0.10882945950598569,0.0,1.1560352703451295,-2.534600247686513,-0.4737678195248839,0.0,1.5761823298382405,-2.59721254718856,-1.11807276394981,0.0,0.8607539319118962,-1.0849042425322222,-0.8517427240110499,0.0,0.32867473183823265,-2.9559569475028713,-0.087866767671266,0.0,0.9699057096545599,-3.347739425575749,-0.6035514254621807,0.0,1.8577653111953618,-4.7758322988867326,-1.6338256492156806,0.0,0.46383679938230044,-0.9296186125422055,-0.5153548926116106,0.0,-0.1991808963324637,-2.4370289897210173,-0.12487677539710988,0.0,0.3551911234670853,-3.5694604066076128,-0.7404886622018036,0.0,0.39198805116871455,-3.3067386522418594,-0.9116662549245372,0.0,0.05271524764442706,-0.8550932790456472,-0.2304981647211975,0.0,-0.5348505374856953,-1.7562446046935316,-0.15216528508290228,0.0,-0.26796976641482945,-2.517035629117265,-0.4577040423744612,0.0,-0.2822796501723222,-2.307689433387947,-0.45384321936185684,0.0,-0.2798363808716681,-1.184542353879855,-0.1633134344511504,0.0
0.0,0.0,0.0,0.0,0.5347675363871235,-0.4324792207091754,-0.2483639079994726,0.0,1.2725031663688586,-1.9198143486521748,-0.47788638974931236,0.0,0.9516766646444306,-1.9202171786783842,-0.3770835995314543,0.0,0.7746185461101591,-1.6169123103044363,-0.2772997190093345,0.0,0.6380718785825548,-2.8447986528700087,-0.18338828990908643,0.0,0.8796943742569289,-2.545641164000971,-0.5758819994480547,0.0,1.1539341957869806,-2.590823477838713,-1.2407062319016824,0.0,0.6295899995439024,-1.121206025063604,-0.9394275384756965,0.0,0.07807643040474128,-2.942095259818565,-0.13300403805459043,0.0,0.5397290495012605,-3.517288138318854,-0.7265255583458411,0.0,0.8878916726642969,-4.747619060577507,-1.8185287342380116,0.0,0.20242879049410006,-0.9666579073872782,-0.5800462449005483,0.0,-0.43579622489425596,-2.522129440649712,-0.14683440823543759,0.0,-0.19056070485263268,-3.690657014902769,-0.8680056730021571,0.0,-0.21550719698645554,-2.521727395722921,-0.8168158323856337,0.0,-0.1416065020043821,-0.7915966463494609,-0.25896229187652764,0.0,-0.7310407173310746,-1.7789672732593882,-0.1585113016185446,0.0,-0.6377795880191569,-2.395869231226971,-0.47387706815574243,0.0,-0.6191211669746752,-1.911327923439225,-0.41468647862832647,0.0,-0.5040734216317755,-1.0962834852951642,-0.16693824629479592,0.0
0.0,0.0,0.0,0.0,0.5389593940488974,-0.4553704218135771,-0.2244053814948663,0.0,1.2542780276933159,-1.9203272704634422,-0.42557255360787505,0.0,0.9385373490748509,-1.944158085000835,-0.34695301062878786,0.0,0.7604755950623414,-1.634386166275738,-0.25850616176055824,0.0,0.5917272909916207,-2.8917785879631714,-0.12427074504556172,0.0,0.8533346717852448,-2.597641232098679,-0.4862185707149842,0.0,1.1729542046114816,-2.7712957025286107,-1.1520858637663463,0.0,0.6199387250581672,-1.1270455216119903,-0.8418142810899981,0.0,0.04161274712764664,-2.9459258842585574,-0.07248254510830916,0.0,0.518109823169032,-3.5490454134590363,-0.6381194251731466,0.0,0.8079205589981793,-4.733081205305398,-1.6441789264101354,0.0,0.18844682014419595,-0.86982952238213,-0.5024692489282637,0.0,-0.4497573106551395,-2.5256883993765182,-0.08514344551355203,0.0,-0.17802536015219664,-3.858284558548929,-0.7586674339021439,0.0,-0.24511061789959113,-2.6982556201970063,-0.7237386171380011,0.0,-0.1479567345325356,-0.7908770724607602,-0.2073496693640527,0.0,-0.7357116115877607,-1.8138420216318758,-0.1046627376196948,0.0,-0.6469312151070884,-2.463781286375166,-0.37880415443089993,0.0,-0.6370757322237287,-1.9750189501644326,-0.3114078028023086,0.0,-0.5039689772913136,-1.1249841652971213,-0.09419444799408998,0.0
0.0,0.0,0.0,0.0,0.5268169641234941,-0.433771560361078,-0.2726449653212298,0.0,1.2710320483658328,-1.9413870229299126,-0.5381230324789585,0.0,0.9418766780941698,-1.9692034616463616,-0.4248045695473284,0.0,0.7507445756845176,-1.6482964989163256,-0.3049248060656037,0.0,0.6308093042166798,-2.7540292601951415,-0.16780146343964802,0.0,0.8959676945120852,-2.5670697507107554,-0.5837216634630968,0.0,1.130445901215035,-2.552141456833483,-1.2560112833830246,0.0,0.6055189700950071,-1.1807009686533105,-0.9761067083032581,0.0,0.11107891741469875,-2.811606709440681,-0.09991720118926566,0.0,0.5206863141285298,-3.5075988243301137,-0.7331306231001653,0.0,0.7722942811492773,-4.291200730623206,-1.7107301275018174,0.0,0.22681903113162782,-1.0027655130950819,-0.5989581076979225,0.0,-0.3761809534567543,-2.5086822429004587,-0.10566596571599818,0.0,-0.17638781486837937,-3.661777270680155,-0.8485813675637289,0.0,-0.2077357870455317,-2.410475403061307,-0.7898996202683823,0.0,-0.11563193868481222,-0.7597568054731928,-0.24153132610837943,0.0,-0.6999697659280627,-1.844362282950989,-0.12102184713488347,0.0,-0.6596921249487097,-2.3591751832846226,-0.4468343838078185,0.0,-0.606468343112579,-1.7364780473441377,-0.3788443793222058,0.0,-0.4660660846391175,-1.0249957009458976,-0.15138852114729598,0.0
0.0,0.0,0.0,0.0,0.5193166232655836,-0.39458091268101436,-0.27439462766636963,0.0,1.27136846255879,-1.843713532850161,-0.5344047417789999,0.0,0.9651699210489573,-1.947230869420278,-0.43096723999731457,0.0,0.763807306733077,-1.6417122151670775,-0.3096068077162213,0.0,0.6700138657701638,-2.734762084487203,-0.20419833934816384,0.0,0.8969727064000527,-2.5284325620813495,-0.6095633584450578,0.0,1.1457257554190714,-2.5313549759461176,-1.2857486213855378,0.0,0.6290455696163602,-1.1482116394655892,-0.9849225183458766,0.0,0.13923187496866002,-2.8158361120548987,-0.13080483387530664,0.0,0.5465052462798674,-3.469101330269693,-0.7759633301675138,0.0,0.7516567080161681,-4.10915246843164,-1.7525469288460849,0.0,0.2015912399123275,-0.902391500929071,-0.6024903360329984,0.0,-0.3611139599124417,-2.5042241841585366,-0.12611397495610913,0.0,-0.16193211166633775,-3.5771425810229167,-0.8707532817055188,0.0,-0.2277840252972812,-2.3817026711254985,-0.8409602047616506,0.0,-0.13075089547297986,-0.7190983766511233,-0.26729070284217726,0.0,-0.6909748389753819,-1.8292352092474558,-0.1286611586368546,0.0,-0.6396287133281199,-2.3316249599701897,-0.4612343870086093,0.0,-0.619539746592363,-1.779994518722781,-0.4136199119874992,0.0,-0.47742884043548667,-1.0187325764734638,-0.17246842044528227,0.0
0.0,0.0,0.0,0.0,0.5463366331390266,-0.42113985379102903,-0.2485045708141381,0.0,1.3318394784521945,-1.8880788600153082,-0.4741364291551275,0.0,1.0207836015306655,-1.9302935240923376,-0.37842397086551227,0.0,0.819603154245257,-1.6329468956687243,-0.2758980442477976,0.0,0.7530637660689009,-2.7801081461076853,-0.16863821271470128,0.0,0.9568482384067577,-2.593238951392595,-0.5684605230030519,0.0,1.2430282977999154,-2.6651009723974792,-1.2496789189789033,0.0,0.6669414536699491,-1.1690933923969309,-0.9367722186999252,0.0,0.21337787480422735,-2.892653337672015,-0.10925077355846659,0.0,0.6653655690283791,-3.5404646744155985,-0.7246554268011043,0.0,0.9506514786598688,-4.266295650857085,-1.6622272370559652,0.0,0.2370924423132245,-0.9039346052949008,-0.5571654590326712,0.0,-0.30089750562440204,-2.5681666625180477,-0.11531684398598452,0.0,-0.061176119853903616,-3.57676849055976,-0.7838355677133851,0.0,-0.14762675836869793,-2.5956099891361744,-0.7923938098322797,0.0,-0.10559811957057083,-0.7356640132112989,-0.22892671017499144,0.0,-0.6431889054274602,-1.8832493216569108,-0.1278035719345944,0.0,-0.5697657808376239,-2.386943013296063,-0.43995650110041634,0.0,-0.57074855820012,-1.8707221957655602,-0.39210142551644567,0.0,-0.45544030831622007,-1.0533086265214429,-0.15435993597224223,0.0
0.0,0.0,0.0,0.0,0.5462734028721585,-0.41883870051350924,-0.2579515811150442,0.0,1.3170484392135173,-1.8304980682277356,-0.48888549066092374,0.0,1.0253049569405013,-1.9247693526945076,-0.3990725904491923,0.0,0.8218732840806221,-1.6301704261154855,-0.2902337546330255,0.0,0.7511560991213053,-2.7516187971398502,-0.17058613281558402,0.0,0.9639332700348887,-2.5517423435152753,-0.5739521598157222,0.0,1.2202287333038988,-2.5324765252757646,-1.2318809211554604,0.0,0.6461737610054827,-1.1124403810789043,-0.9284067814966384,0.0,0.21305115326540996,-2.8655887968857843,-0.11144900217890436,0.0,0.620717514529676,-3.4695771747693795,-0.7271881567288329,0.0,0.8747134999844651,-4.234119815371357,-1.7035609037835622,0.0,0.2136968242848746,-0.9090012472532815,-0.5736536134447826,0.0,-0.30480557543628,-2.5524161802360052,-0.11961050735380982,0.0,-0.07256208775880209,-3.5621604276048555,-0.8176514112570594,0.0,-0.16887611782656628,-2.500304275771793,-0.8124038697653387,0.0,-0.12034485281078604,-0.7389846522603379,-0.24317269897134866,0.0,-0.6511803320014893,-1.8647301912658367,-0.1318874262390017,0.0,-0.5741891385275394,-2.37309921804004,-0.4433381283145995,0.0,-0.5853028417308456,-1.8946108026195632,-0.3912345435864839,0.0,-0.4739940642264871,-1.106649126241945,-0.14807784675878274,0.0
0.0,0.0,0.0,0.0,0.49134229149041,-0.42929117878165113,-0.22790451330250897,0.0,1.1953310665795729,-2.0414688539111423,-0.45911680164081764,0.0,0.8629275975651711,-1.9760904877979928,-0.3586489044175595,0.0,0.7114645315260321,-1.6456122801894257,-0.2668865582603748,0.0,0.4453672664422094,-2.941124596968728,-0.16222181493813168,0.0,0.6928727192628531,-2.511362074761251,-0.5124360228015535,0.0,1.0790666737503192,-2.860857719134416,-1.2297194831010794,0.0,0.6369732701132653,-1.3406786685731438,-0.9823919552498636,0.0,-0.11268353386618501,-2.9555828659265933,-0.12499226009873793,0.0,0.36462316496248653,-3.284383808783468,-0.6505401594102952,0.0,0.8829109977111094,-5.670830931712896,-2.06191455583657,0.0,0.18609310724357261,-1.0533681372029258,-0.5930636235685545,0.0,-0.5890667421416546,-2.455951792769424,-0.1528507382604537,0.0,-0.2787779863289141,-3.6972061849486653,-0.8975077538303489,0.0,-0.26992438706723126,-2.550884092775902,-0.8752543037091925,0.0,-0.1659236055075386,-0.7213195157070863,-0.26613283118833886,0.0,-0.8251468350804753,-1.6727557324144773,-0.16939594449631742,0.0,-0.7322162270237514,-2.4685228821078167,-0.5480834199739686,0.0,-0.6506582479342403,-1.8000789215713104,-0.47833685495111805,0.0,-0.4829967056021022,-0.9184396523213222,-0.2060632358051009,0.0
0.0,0.0,0.0,0.0,0.5201525407427886,-0.5082284587119307,-0.20594456154761934,0.0,1.2056807425138862,-2.1301448671572625,-0.3981843597154947,0.0,0.8584507510232705,-1.9972416591630986,-0.31321831045126713,0.0,0.7065599689351927,-1.664555821820142,-0.23809437722498006,0.0,0.4804802352088746,-3.042967655605758,-0.08373497754681009,0.0,0.7100296220147766,-2.6087131765685965,-0.4264777099428678,0.0,1.1229497880034902,-3.078788342338886,-1.1125574292570446,0.0,0.6719384289735635,-1.4216511995237002,-0.8838121930674704,0.0,-0.09026596949134973,-3.0902442750700856,-0.04884453624231453,0.0,0.39355302510626605,-3.457146436321926,-0.5608082163655688,0.0,0.9136406728744104,-5.715168298386764,-1.7740465193896333,0.0,0.2155903629317499,-1.0454542425037965,-0.5101504323795693,0.0,-0.5796049615536466,-2.5459276620270415,-0.08212928877781907,0.0,-0.28268431099843433,-3.7413715452966896,-0.7113486467757736,0.0,-0.2785529102605742,-2.8998069129588915,-0.7547714495276964,0.0,-0.15144806994537263,-0.8084202589164906,-0.20660560454016755,0.0,-0.8169467217150015,-1.7170726420175366,-0.11229388540438567,0.0,-0.732284897965398,-2.4769896262985958,-0.41162647578604983,0.0,-0.6457687314054913,-1.8712629672996333,-0.3394363486554177,0.0,-0.47300146325233633,-0.9530024175204757,-0.11153591825293648,0.0
0.0,0.0,0.0,0.0,0.4741646944352547,-0.4974907244336979,-0.22403145575307792,0.0,1.0248700408401954,-2.1175544813675558,-0.42232590180243956,0.0,0.6800724552621856,-2.0186877405281676,-0.3247530197331389,0.0,0.5371399304950576,-1.6982176345216562,-0.23897516800583937,0.0,0.269757638587147,-2.9298793708958883,-0.07398821722289402,0.0,0.46171714297036426,-2.62206012775519,-0.44492052233731894,0.0,0.8203660532480406,-3.2627457832085858,-1.1963748953700701,0.0,0.5346702428231802,-1.6095115072423203,-0.9713507543322261,0.0,-0.2937103615685161,-3.082314611917055,-0.031613405604601345,0.0,0.07056987464514944,-3.4782697668375175,-0.5805289309597549,0.0,0.31755791830253466,-5.978482268780469,-1.9128101239374111,0.0,0.08013621084216974,-1.2153406880062563,-0.5695930646540227,0.0,-0.7776069887653148,-2.5639360888589224,-0.06895085477894969,0.0,-0.6416276494084778,-3.6291004385411565,-0.7509975213889072,0.0,-0.4894285855047979,-2.5644390468329594,-0.7471338235789643,0.0,-0.1999879914377783,-0.8084140642852895,-0.2208201771577575,0.0,-0.9529926699200312,-1.6492044269601875,-0.10208272250317264,0.0,-0.9538438972758035,-2.243821968783878,-0.4218614094995164,0.0,-0.7575968232533177,-1.5767969472308707,-0.34715630692152827,0.0,-0.5116640021690971,-0.8612523425028591,-0.1280076645768524,0.0
0.0,0.0,0.0,0.0,0.46791103714059656,-0.53527317030649,-0.2510205406644758,0.0,0.9864994577046379,-2.1445027130274705,-0.4587554273332364,0.0,0.6513551753513755,-2.009941418019602,-0.3451047237810394,0.0,0.5150603373542921,-1.7058557387594615,-0.2551366265952596,0.0,0.2918159313118321,-3.1522886344813745,-0.15563906819655368,0.0,0.46036700793404595,-2.6478619299086024,-0.49763478923939203,0.0,0.782395692565772,-3.272444023239138,-1.2542351688442814,0.0,0.4785941148170479,-1.5842242360870717,-0.9958264127918565,0.0,-0.3376949449094985,-3.3580761346461414,-0.09419522536515823,0.0,-0.004732532055467791,-3.383586954707028,-0.6443018237062944,0.0,0.12798203324239574,-6.106901121704513,-2.16084490329079,0.0,0.0566796914649177,-1.1477242892083632,-0.6201855151834593,0.0,-0.8282988307685742,-2.6292265801999517,-0.09963326401826468,0.0,-0.6823386275881343,-3.6666704063913214,-0.8091232580926865,0.0,-0.6026721444548242,-2.6577340893761683,-0.840182184906161,0.0,-0.27536679443991563,-0.8082436569706097,-0.26679076299004995,0.0,-0.97376834882435,-1.6485948491028124,-0.10689086323350731,0.0,-0.9764993399879401,-2.3823624202613285,-0.44023180813942253,0.0,-0.8419407844876512,-1.778712647875949,-0.38247494825377604,0.0,-0.5988683971620155,-0.9551249378667137,-0.1526035102887944,0.0
0.0,0.0,0.0,0.0,0.4669469156671247,-0.5111861318157426,-0.29043075852320854,0.0,0.9380907168188927,-2.030822435147344,-0.5445626000555407,0.0,0.5882447746892877,-2.052725205522477,-0.42700761304065205,0.0,0.4490183295156537,-1.7248403322780215,-0.30662320039634144,0.0,0.3623235043485019,-3.088528196118295,-0.18965019440013695,0.0,0.3754091094175561,-2.6845559253190543,-0.5729919294842734,0.0,0.6348194824233439,-3.3106629800852385,-1.4283852666073695,0.0,0.367846225684581,-1.5855573675965164,-1.083451576634916,0.0,-0.30173356534641527,-3.566347698581426,-0.11640723154357259,0.0,-0.13047653580606755,-3.0970782321784482,-0.6293657261554766,0.0,-0.2016185737544204,-6.311597662963881,-2.377092039643155,0.0,-0.021123668572186716,-1.2939821655667085,-0.6871419334209329,0.0,-0.8682799735047005,-2.8316750822510106,-0.11167374987059882,0.0,-0.7434337557526871,-3.17307206109462,-0.7522775608498403,0.0,-0.719141547603024,-2.6615016356127965,-0.8825803032125499,0.0,-0.2801899531559031,-0.86178713073472,-0.2552933450781351,0.0,-1.0064077814211665,-1.653524683482617,-0.10746479314221233,0.0,-1.030920649954792,-2.1458781898984784,-0.43435467357487284,0.0,-0.8952689457053657,-1.6737416713336961,-0.39008589335292454,0.0,-0.6075597953926944,-1.0201216673912967,-0.1534076269822294,0.0
0.0,0.0,0.0,0.0,0.447517382579187,-0.5100330506991023,-0.30195623985084313,0.0,0.9138614707369471,-2.024851476685087,-0.5572511028598826,0.0,0.5735739887970729,-2.037164793871942,-0.4310479069769494,0.0,0.43421449159231723,-1.7299200897502691,-0.3098801988150732,0.0,0.2888014427691811,-3.1831473417562504,-0.26382582776938734,0.0,0.3509233201610256,-2.6256863127585217,-0.6019510119812596,0.0,0.6184197310482299,-3.23288451730319,-1.4377610016848115,0.0,0.3779610862993777,-1.637413265548559,-1.1333650561463653,0.0,-0.3961093145900091,-3.561370295773748,-0.18501302169040162,0.0,-0.15924182232371273,-3.076361356466098,-0.690274396643497,0.0,-0.20743634425463328,-6.302551970947503,-2.557946188747088,0.0,-0.021148296344605248,-1.3208016867651207,-0.7644250937902917,0.0,-0.9122763009958241,-2.7216742968588328,-0.1509321344579848,0.0,-0.8030079153569788,-3.182349610195943,-0.8223588991998694,0.0,-0.7354778362396889,-2.595705389886972,-0.9680562378700032,0.0,-0.2819812105355053,-0.8061505975244837,-0.30476203704171245,0.0,-1.0251772564796688,-1.602945782704073,-0.12349305031896513,0.0,-1.0629095209408255,-2.087180683870825,-0.4702846103732494,0.0,-0.9166559570526603,-1.6365822801968735,-0.45474095855853813,0.0,-0.6181011481835317,-0.9873954387796446,-0.21890586868045595,0.0
0.0,0.0,0.0,0.0,0.4425774559359248,-0.48736210054095264,-0.2780912470440747,0.0,0.9321078444637865,-2.009847007099181,-0.5137556367512809,0.0,0.5949303984086166,-2.0272669559791727,-0.40029103933478427,0.0,0.4752969253556555,-1.7054115854924927,-0.28597236126153835,0.0,0.3060479717076829,-3.255419044698238,-0.2511431091246121,0.0,0.35593300532598576,-2.654034961802509,-0.5640786272731796,0.0,0.6577158943842648,-3.3886115997684616,-1.3873622741226335,0.0,0.40470836377474123,-1.673578712386207,-1.0526348913664083,0.0,-0.3963156891377161,-3.652417821578315,-0.17378233935007473,0.0,-0.1159358737111521,-3.12156331335313,-0.6486761048970309,0.0,-0.10414037171600805,-6.172248263589039,-2.2896431747164177,0.0,-0.00600863351011426,-1.279222506265705,-0.6528171650429688,0.0,-0.9104368387846685,-2.743854491970804,-0.13779765056319626,0.0,-0.7536907932333345,-3.225259541672302,-0.7675136415262406,0.0,-0.7175049518361942,-2.643248636598118,-0.8720709380580207,0.0,-0.29747884348180287,-0.8457336246960258,-0.25568196826738965,0.0,-1.0168360369256049,-1.6114283182022178,-0.11125559926169497,0.0,-1.0319635394314246,-2.186666671661968,-0.42920825149452124,0.0,-0.9173136425326421,-1.7232588639239896,-0.39023983716606425,0.0,-0.6390290937832684,-1.0113645701816016,-0.15673520353578754,0.0
0.0,0.0,0.0,0.0,0.4421513150284632,-0.464230716313069,-0.2903743027486376,0.0,0.9470145424023945,-2.019715253576345,-0.544540612439489,0.0,0.6100293003452568,-2.024843563375245,-0.41700221459742104,0.0,0.48242603758200103,-1.7070373113474653,-0.2959421964169427,0.0,0.354569254944525,-3.1943071209109952,-0.24245983875833296,0.0,0.37888976546773706,-2.587018525563274,-0.5553594312408824,0.0,0.6827358517500041,-3.370588410744478,-1.3848390521906353,0.0,0.4256942821799346,-1.7138742345256586,-1.0882100811325373,0.0,-0.3322979523295536,-3.652272411591286,-0.16514317825452082,0.0,-0.10415704899590532,-3.00599864329706,-0.6353810442764045,0.0,-0.11461224830320187,-6.588748754472072,-2.503144368483393,0.0,0.004501065172187254,-1.2977909378055854,-0.6847696922121946,0.0,-0.8800422562101805,-2.7727694414214388,-0.1362823311820504,0.0,-0.7489165770749456,-3.2140130677433123,-0.8034450846243594,0.0,-0.6681166533682916,-2.456050715883291,-0.8827501093726308,0.0,-0.2760848659409965,-0.7886017002077874,-0.2687103964007317,0.0,-1.0007924012988871,-1.6157836616859185,-0.11304254243248629,0.0,-1.0224701700646992,-2.1257922345561577,-0.4354595230216499,0.0,-0.8938947425959828,-1.6634534857662553,-0.3943242919462918,0.0,-0.6245526153067706,-1.0178868373324588,-0.16040094287703754,0.0
0.0,0.0,0.0,0.0,0.45296440008047667,-0.4468664279435579,-0.29439771912373314,0.0,0.9636551439896675,-1.949349897281103,-0.5562374163742517,0.0,0.6383955187486946,-1.989743515886104,-0.43849390546584055,0.0,0.5208479878625274,-1.6743543848282945,-0.31672956916172684,0.0,0.33160383514968134,-3.121162636945012,-0.2882419983579538,0.0,0.4045179789246101,-2.589312828467178,-0.6118915025598894,0.0,0.7074991660657335,-3.108494948150673,-1.4173747655951916,0.0,0.43773715493647825,-1.5419271758716595,-1.1007053933713589,0.0,-0.344940643661546,-3.446416940676488,-0.21425544373602806,0.0,-0.062128104348191555,-3.0589570549907865,-0.700085395289854,0.0,0.016024044513885526,-5.7999099938666205,-2.39582502340877,0.0,-0.00529512731879239,-1.229958366365179,-0.7216110723862592,0.0,-0.8608263437780322,-2.6313370522294126,-0.17328938856341486,0.0,-0.6970344033023798,-3.2348052607789812,-0.8433013607548675,0.0,-0.658084048794905,-2.5145405783434693,-0.9323864940046038,0.0,-0.29973173860040886,-0.7820746904349732,-0.28454993883266444,0.0,-0.9916226353909562,-1.5763814789758068,-0.1385457778391927,0.0,-0.9942597441611782,-2.1927197531214886,-0.46774969363633134,0.0,-0.8836477556881417,-1.6508850827954524,-0.40842531156177087,0.0,-0.6209811974915491,-0.8868341850846374,-0.15672707891127702,0.0
0.0,0.0,0.0,0.0,0.4752330453756494,-0.4698235303055894,-0.32062678316071785,0.0,0.9776241799939162,-1.9437404527885875,-0.5898981468878074,0.0,0.6394633714615058,-1.98251156791655,-0.46051419254454035,0.0,0.5235903486315024,-1.6662779277772255,-0.3297292233417614,0.0,0.38472612569086073,-3.0638406043705486,-0.27999306619107744,0.0,0.4316508056808873,-2.546194438553173,-0.6264035692644845,0.0,0.71995005941716,-2.959308185693443,-1.4192386187460615,0.0,0.44769690156367103,-1.5307765378703326,-1.144877810983033,0.0,-0.28358817228164396,-3.419741420841833,-0.19382707587485848,0.0,-0.06700881757626719,-3.003450613950524,-0.6972031497510144,0.0,0.009806804304600071,-5.797081938762253,-2.454348431219716,0.0,0.009706583453234118,-1.3054146143572334,-0.7607754949157608,0.0,-0.8201462711777916,-2.6522582439902895,-0.15628760883418139,0.0,-0.7013368637743738,-3.2381774011860434,-0.8793086695542838,0.0,-0.6027231167270094,-2.2653016589702033,-0.8980099592983178,0.0,-0.2916760072305152,-0.7767575355784758,-0.2898000108268117,0.0,-0.9703074315018905,-1.5823936261104707,-0.12621053334900045,0.0,-0.9890982522522933,-2.1240293011781524,-0.45498299180953417,0.0,-0.8400015127973255,-1.5229507621660323,-0.3779824678097788,0.0,-0.6106011262714568,-0.90253528860251,-0.14335557573325314,0.0
0.0,0.0,0.0,0.0,0.46944261676713633,-0.4368655460396517,-0.2735950927984692,0.0,1.0254311511996437,-1.9394454349264278,-0.5209221817352057,0.0,0.695013571687001,-1.9367975541236433,-0.40445233505208467,0.0,0.5762315317543396,-1.6338434204217906,-0.3007233854456221,0.0,0.4317723795867446,-3.1812831712718994,-0.20948782628739296,0.0,0.4700237366885118,-2.6395178469849796,-0.5932596916389344,0.0,0.7605870071523524,-3.0072934248235956,-1.377238359030267,0.0,0.4743176857471973,-1.3604615746545263,-1.0363377616930316,0.0,-0.25436108445750927,-3.555089823717811,-0.13215839623245826,0.0,0.032902195793515485,-3.2212698582502806,-0.6863202594530785,0.0,0.2054721517856876,-5.039187305742635,-2.0080384458416645,0.0,0.05435181359505192,-1.0122748770496286,-0.6073055384123447,0.0,-0.7887203027528195,-2.6538048953785296,-0.1213960393479097,0.0,-0.5974777466126148,-3.30273599043531,-0.7828004090315543,0.0,-0.5883362585820116,-2.6558550235556084,-0.8625765448245927,0.0,-0.26285675856254,-0.7867820482358678,-0.23339221350878833,0.0,-0.944087062737007,-1.5982606366000929,-0.1174843068593176,0.0,-0.9006796267383017,-2.2204134631962003,-0.39847434438222895,0.0,-0.8810861465041393,-1.8765438728723782,-0.3526638313661447,0.0,-0.6452838506796469,-1.060655527006193,-0.11073118221367931,0.0
0.0,0.0,0.0,0.0,0.4806802077486485,-0.44636648691602654,-0.28741115338634976,0.0,1.0406098987781647,-1.9774408225965332,-0.552820219489134,0.0,0.6866123935515188,-1.9595239140979015,-0.4235594082554903,0.0,0.5760633003457485,-1.6337040935416502,-0.3104015376116491,0.0,0.48665505517454727,-3.17580798445984,-0.2425244894820241,0.0,0.5255403964664028,-2.5877882596707242,-0.6153581405214648,0.0,0.7996764064883394,-2.8249987440232185,-1.381366125593309,0.0,0.4718080815827722,-1.2287512351718088,-1.0192883998709699,0.0,-0.21486204184275812,-3.6244760068173942,-0.16956437426016338,0.0,0.05376486351694393,-3.1231262323242968,-0.694834358373457,0.0,0.19327616004754877,-5.616907794867468,-2.2903994757958257,0.0,0.04681089651547469,-1.0819779878206652,-0.6583559472660488,0.0,-0.7713787514927782,-2.660999187640231,-0.1472524782302027,0.0,-0.552091523015134,-3.3603466518095746,-0.8451276618374567,0.0,-0.582473013997087,-2.6769693247681747,-0.9402894027706088,0.0,-0.28504464747293295,-0.838831458457471,-0.28116973113344923,0.0,-0.9294790750456192,-1.5927118864785794,-0.13197183695329773,0.0,-0.883826859863121,-2.2780396266613443,-0.4344510915722902,0.0,-0.858996501594131,-1.8408043130861402,-0.3842940378317358,0.0,-0.647860323032781,-1.040531726086493,-0.14184906104329043,0.0
0.0,0.0,0.0,0.0,0.4923220218482928,-0.41323039795657013,-0.2882911757102885,0.0,1.0979807647896866,-1.8587009976270876,-0.5512746080177117,0.0,0.7798321036878418,-1.919056760896187,-0.43669413562330256,0.0,0.6490315132719676,-1.6150713138769373,-0.3264661753202483,0.0,0.616871881832898,-3.2297494752768707,-0.26925933447299677,0.0,0.5623568370743824,-2.6153786083835304,-0.618724631103772,0.0,0.8513912313507099,-3.0886239048530775,-1.462984024637734,0.0,0.496665150142768,-1.368174580486564,-1.0889799791100623,0.0,-0.07338185852329925,-3.736592118570663,-0.17963000980249003,0.0,0.1593201926767756,-3.173083603103009,-0.7084106182290353,0.0,0.30920672771819546,-5.083766294812121,-2.1456223033287145,0.0,0.052374611076590985,-0.9627624400574749,-0.6452276485711904,0.0,-0.6703829757257371,-2.7641812434088644,-0.13553079368158027,0.0,-0.4616721769438232,-3.293905604152861,-0.7797125362552555,0.0,-0.5334836574783518,-2.7529762863281673,-0.9218474244191395,0.0,-0.2480511308079914,-0.7843029458583196,-0.2686694367936584,0.0,-0.8688826793848033,-1.6805088328923556,-0.11258101386497624,0.0,-0.79648348295752,-2.251015404283655,-0.39049241684243235,0.0,-0.8288370453414751,-2.0285068175709022,-0.37944322994149304,0.0,-0.6131293375287624,-1.1667053591192298,-0.14006077723589244,0.0
0.0,0.0,0.0,0.0,0.4974100996679303,-0.41621321302654496,-0.2963874199526687,0.0,1.1180549444865937,-1.8845985326913588,-0.5649371915479208,0.0,0.7789045683886735,-1.926520586226772,-0.43736406277079887,0.0,0.6588729879679331,-1.6019796821927215,-0.3200985137530445,0.0,0.6394069312495789,-3.1280550836406915,-0.26751385869222183,0.0,0.6111399873833584,-2.591283788853717,-0.63616047653221,0.0,0.8918667707632788,-2.9009168158328653,-1.4601682706703851,0.0,0.49541677083618546,-1.2307490875932712,-1.056986115393164,0.0,-0.02923818935222005,-3.6338616756732787,-0.1860882833243934,0.0,0.1432348524580645,-3.0770264953259514,-0.6999887388410456,0.0,0.33095587844222607,-5.583982654921831,-2.3632880276540047,0.0,0.07814497199905214,-1.0335342866071147,-0.6798194608408963,0.0,-0.6375650484936136,-2.7485305303994187,-0.14785887910457923,0.0,-0.4404567512060387,-3.211036047806822,-0.8056954526683626,0.0,-0.5028357412294733,-2.7159666498439123,-0.9775848704490052,0.0,-0.22970910260129032,-0.7931418984053553,-0.29497448139655885,0.0,-0.8519961550157225,-1.679343539319723,-0.1225755465825636,0.0,-0.7899702673104846,-2.26339815747734,-0.43363042792646755,0.0,-0.7956802115992367,-1.930898327137373,-0.4219256781207468,0.0,-0.589189663331269,-1.096990873914257,-0.17389480902229837,0.0
0.0,0.0,0.0,0.0,0.47959289284583106,-0.2972446165249436,-0.33571358065976936,0.0,1.1514982786074752,-1.62042972351202,-0.6533153729442226,0.0,0.8761755276604476,-1.8404687777842703,-0.5350882167415897,0.0,0.7191862353776659,-1.559427052152762,-0.389832091727927,0.0,0.6841366023224448,-2.8916073476026374,-0.3748936741472575,0.0,0.7043675822453322,-2.5553955753078887,-0.7794751834551495,0.0,0.9433892414008278,-2.563890436009812,-1.5465993597890093,0.0,0.5190885314570242,-1.0887490223459633,-1.1148203260169829,0.0,0.06208896703921688,-3.1831588799705948,-0.26154419701621173,0.0,0.2664502833728946,-3.09521856648466,-0.8490782016134228,0.0,0.4720646501553882,-4.27631011809839,-2.2264162919367108,0.0,0.09376112531625036,-0.9131651454669482,-0.7504081354722327,0.0,-0.5073877995308458,-2.5655857263186923,-0.18661930012982383,0.0,-0.3442534563341248,-3.1375339027835887,-0.8984635167718347,0.0,-0.42789667098876705,-2.4591624356441666,-1.0575255704879636,0.0,-0.24801855156979127,-0.7407357610787381,-0.35146653860881866,0.0,-0.7813814290186104,-1.69289060782356,-0.13534458366183144,0.0,-0.7031519935142649,-2.238453327407689,-0.47205628565146773,0.0,-0.7379130260877877,-1.8581391707362775,-0.47375959970617953,0.0,-0.5733848010882688,-1.0136174762243784,-0.20411330324572616,0.0
0.0,0.0,0.0,0.0,0.5000133381477323,-0.34664358356445807,-0.32999864713630095,0.0,1.1630404550688809,-1.6947213121429754,-0.6501294805385328,0.0,0.8663156411748894,-1.8712556022193378,-0.5274175499809836,0.0,0.7164151057909951,-1.560130091052815,-0.3843550822201882,0.0,0.6966720076216647,-2.768833439100219,-0.3010875351615141,0.0,0.7232174488947981,-2.5429168859749756,-0.7558448870885374,0.0,0.9003240866959255,-2.439173196284906,-1.5262558299367683,0.0,0.47044095713026784,-0.9774279132713922,-1.10153315260406,0.0,0.10511080849211737,-3.1255487339507324,-0.21401040067477095,0.0,0.24585286096983378,-3.088718651891509,-0.80452209213993,0.0,0.41797606903078605,-4.609948019359956,-2.3120005352073116,0.0,0.09004224542063974,-0.913824493283781,-0.7495560389898407,0.0,-0.47874031010674295,-2.631995031288595,-0.17884548018013116,0.0,-0.360710008074122,-3.1816133357596352,-0.8841490839818672,0.0,-0.437948566969256,-2.4844238836845074,-1.0185107421881228,0.0,-0.2329993468115483,-0.7807225575740865,-0.3450418882496437,0.0,-0.7751848459479528,-1.7598517503563955,-0.15228285018474036,0.0,-0.7330889489821021,-2.19628751605607,-0.46716684618444165,0.0,-0.7322955374686758,-1.754834932485526,-0.4379780939474598,0.0,-0.5681181283020131,-1.0545144854519415,-0.19428678818807543,0.0
0.0,0.0,0.0,0.0,0.4686512757572891,-0.25388599467751355,-0.32531906787780207,0.0,1.1723331711131164,-1.5426029497470755,-0.6391009875817953,0.0,0.9232786515376692,-1.7901501896756915,-0.5247859363555788,0.0,0.7658005494369517,-1.5192991240038736,-0.38320714277828793,0.0,0.7407796651059992,-2.7580633836703603,-0.3093670042130872,0.0,0.7526757062494197,-2.6142584651821115,-0.7782461710375179,0.0,0.9675011911750749,-2.5756936043412453,-1.5738594297170516,0.0,0.5113846690499497,-1.0338361495501058,-1.0845714422047832,0.0,0.16219172459686512,-3.0852676254162907,-0.20897003070489914,0.0,0.28912052395715576,-3.0411669960328322,-0.8001262144635582,0.0,0.4967868426465706,-4.529925286123989,-2.2912152210426466,0.0,0.10783413185811247,-0.9428550505787784,-0.7443467845944084,0.0,-0.4234321965752974,-2.604257317447555,-0.16336568460791978,0.0,-0.31429743863429227,-3.010105366310262,-0.8473816135700691,0.0,-0.4164201477160126,-2.3635788769526793,-1.0243755061916848,0.0,-0.23098029504850404,-0.7363101307471948,-0.35025325624895143,0.0,-0.7362215816343454,-1.7671804713535237,-0.13082239278116586,0.0,-0.6792116735126974,-2.164310183848521,-0.45678122551570705,0.0,-0.7154805441651724,-1.8208901738741374,-0.4740607681095776,0.0,-0.5412522576517498,-1.0546843532887171,-0.2147032126225194,0.0
0.0,0.0,0.0,0.0,0.48583384268968244,-0.29656500986684814,-0.33055950433880804,0.0,1.1899243676577194,-1.5914390280334503,-0.6596296401104823,0.0,0.9299083908320946,-1.848460603328695,-0.5498013797695481,0.0,0.7704687891494045,-1.5361360800071926,-0.39675177148739216,0.0,0.7626052350799752,-2.703287529188407,-0.26706811953562354,0.0,0.7768916677938663,-2.58645202793799,-0.7583646531933921,0.0,0.9640378818238792,-2.4751719160397343,-1.5420879104519938,0.0,0.5016787877100461,-0.9652183020492999,-1.0741410599197658,0.0,0.1949128376263469,-2.9985660508325847,-0.1636001662851159,0.0,0.3106137842978544,-3.062560017541576,-0.7769841645108089,0.0,0.5454796731790216,-4.613347384846091,-2.285368909880613,0.0,0.12687122787709587,-0.926178606726233,-0.732480682180339,0.0,-0.37981737924713505,-2.58859786308533,-0.13188098011545676,0.0,-0.28754172597036326,-3.024901927058617,-0.8203476127307575,0.0,-0.38815706349664447,-2.4634878365445783,-1.023334384126009,0.0,-0.20362684897279348,-0.7590456975383365,-0.3422888391903327,0.0,-0.7129463105904338,-1.7933823703586036,-0.11479982855259395,0.0,-0.6772280002502584,-2.1668592168714182,-0.4523720313125347,0.0,-0.6895567038816847,-1.7919134639670344,-0.4706076688276181,0.0,-0.514977421795925,-1.0786751884161987,-0.22188173311827974,0.0
0.0,0.0,0.0,0.0,0.48195015056489626,-0.2632310650984943,-0.3268794259658482,0.0,1.204315635518894,-1.514710308066277,-0.6569084501096341,0.0,0.9744824583702736,-1.8311121711508882,-0.558972503249635,0.0,0.7977464537712211,-1.5325311819280845,-0.405159931157951,0.0,0.763981587051551,-2.5878162451430766,-0.2464831190388003,0.0,0.8367498116925165,-2.662747625600873,-0.7955009152626772,0.0,0.9927520060381447,-2.4579721662046685,-1.56287487091173,0.0,0.5021845044780222,-0.954887328721338,-1.0914066952638488,0.0,0.23863116667620524,-2.796114700837715,-0.1445966058411739,0.0,0.3677237607705624,-3.189211479504703,-0.8159151084619134,0.0,0.5790994425444622,-4.3206830089083725,-2.2100538765963047,0.0,0.13064903232330347,-0.8867557024736367,-0.7481765645437567,0.0,-0.2890557742425913,-2.5315648040418,-0.12142521117995198,0.0,-0.2434905921090325,-3.1209293534938203,-0.8488410611445525,0.0,-0.3320455151166259,-2.357181728599929,-1.019620926395781,0.0,-0.1846560854688809,-0.6934272823771239,-0.35570154075094923,0.0,-0.6523187375060726,-1.8639230705617866,-0.11365963197588273,0.0,-0.6486900948093199,-2.161000306144029,-0.45297399099585656,0.0,-0.6589634772332923,-1.7908756105637813,-0.48550966451086636,0.0,-0.4887248146703592,-1.077421502805426,-0.23951460345695916,0.0
0.0,0.0,0.0,0.0,0.4802648213054258,-0.2520774356496703,-0.331703189532839,0.0,1.192140734357588,-1.4784738372535426,-0.6620839193669505,0.0,0.9801787601619714,-1.8256968186282794,-0.5682916452350353,0.0,0.8136153024831229,-1.520871681860858,-0.4056711805445476,0.0,0.7596055075775109,-2.5594573781224383,-0.24673212862498448,0.0,0.840777197859748,-2.6469376047108018,-0.7972060786049185,0.0,0.9626816667000111,-2.4165008955102,-1.5528973790013334,0.0,0.46676487134329137,-0.9403642125469439,-1.082938591851596,0.0,0.23929109432875167,-2.7619831414266205,-0.13999746350473993,0.0,0.3636486916440574,-3.221282935758249,-0.8139365333258696,0.0,0.5016175325567467,-4.021839462347936,-2.0343629699579355,0.0,0.1054807116406506,-0.8705429692670268,-0.7095968162112826,0.0,-0.2821794252373551,-2.532900876749601,-0.1150606483674919,0.0,-0.25120942792429785,-3.1083024490168443,-0.8209869695689039,0.0,-0.3419039775185313,-2.3591541462870533,-0.9547167063206874,0.0,-0.19295810261735313,-0.7482621049127223,-0.3233738506194383,0.0,-0.6522952202402406,-1.8801992507379004,-0.10855655930610562,0.0,-0.6489299751252285,-2.157290897670988,-0.4325604536694055,0.0,-0.6623188410523482,-1.8277216177750695,-0.4505026241644341,0.0,-0.49900035905433876,-1.177427071330953,-0.2107096141142933,0.0
0.0,0.0,0.0,0.0,0.4775250243083153,-0.20569576673169115,-0.3273150446751818,0.0,1.235308019296445,-1.3927995162297855,-0.6671610737678405,0.0,1.0551899518575973,-1.8036903711722818,-0.5876151461719971,0.0,0.8579836080882101,-1.509596277409079,-0.4153640302032504,0.0,0.8262214037363967,-2.4120026268397283,-0.23637003325234945,0.0,0.9777714668579356,-2.67253830337439,-0.8405351405484842,0.0,1.0197658067008692,-2.235423948389714,-1.5223775467970004,0.0,0.5013405421114406,-0.8797610265185931,-1.0748715972744822,0.0,0.34502743196032615,-2.6194021140655086,-0.1359351996860722,0.0,0.5025277357841997,-3.336129198144237,-0.8522733446890164,0.0,0.6463853815998797,-3.8343481300685407,-1.9620996584190398,0.0,0.15978687924714388,-0.887570797759522,-0.7215700687758264,0.0,-0.15393341411157138,-2.486945316302592,-0.11304529220509361,0.0,-0.16431301878016963,-3.1362167920512003,-0.8170913203515707,0.0,-0.25337948560005674,-2.316960488515903,-0.9124432304670208,0.0,-0.15131137674443687,-0.7857159453774121,-0.3222048580115724,0.0,-0.5584276277147794,-1.9324522976111855,-0.11052224199221512,0.0,-0.5854534119488513,-2.1326274188109458,-0.4219544190559893,0.0,-0.5945605044147216,-1.7656386102926722,-0.4313662430163563,0.0,-0.4505376380869996,-1.1773103648336183,-0.20766627183991337,0.0
0.0,0.0,0.0,0.0,0.48153908014108765,-0.21356323729903476,-0.31034110696110506,0.0,1.262781968227617,-1.4533959736853785,-0.6377236130846975,0.0,1.0522354206062667,-1.8147385013416095,-0.5443466944193462,0.0,0.864436134794055,-1.5067277185920296,-0.3834519867172712,0.0,0.8219739610897664,-2.435778391125362,-0.25197191521179346,0.0,0.9313700539307525,-2.6197207800332145,-0.8040041710927425,0.0,1.079976533124244,-2.385291220577365,-1.5605601557917903,0.0,0.554100866303413,-0.9499224843218373,-1.0947719058651808,0.0,0.3285611311458235,-2.640580283960777,-0.1652186410946339,0.0,0.45877243022094727,-3.2264020300254477,-0.84845177488645,0.0,0.7070643052923806,-4.116891084321588,-2.1096793240973977,0.0,0.20109738141176095,-0.9014177246576981,-0.7374049243750305,0.0,-0.17408360030076184,-2.487606307358878,-0.1495972116044206,0.0,-0.2112265402766014,-3.039554508660868,-0.837528372362259,0.0,-0.24213861196445474,-2.168996479582376,-0.9107177852499774,0.0,-0.10847142736613459,-0.7090673878573543,-0.32997096079832955,0.0,-0.5637303865759331,-1.9366387170836032,-0.14781816330298206,0.0,-0.594260177740584,-2.131398864105422,-0.47742956921540863,0.0,-0.574268638722718,-1.6813477135204478,-0.4912715204147822,0.0,-0.4061661582033843,-1.0787165085552157,-0.2646901283814676,0.0
0.0,0.0,0.0,0.0,0.48432381288622156,-0.14373693339796217,-0.30901596790238195,0.0,1.2596314139275895,-1.2609276397143112,-0.6232942292288184,0.0,1.112007310583355,-1.7537267853672254,-0.5629181236856006,0.0,0.9047500423566245,-1.4765033654129671,-0.39638935525529745,0.0,0.8830336244247757,-2.3292061916234865,-0.2519506004507292,0.0,1.0375505961428242,-2.6183628198948594,-0.868043308751772,0.0,1.0650836008979196,-2.152554873030004,-1.54087320215465,0.0,0.5222459821790382,-0.7956301282104018,-1.064796532501222,0.0,0.39758101295005216,-2.5186460037919534,-0.15368772875988798,0.0,0.5634143731904878,-3.272038557600592,-0.874429532378247,0.0,0.7364785571210206,-3.8033000018244976,-2.014205307492655,0.0,0.18308829754661038,-0.8018098870736118,-0.7079116058535633,0.0,-0.08669281865790444,-2.3993838849450104,-0.12967497101302117,0.0,-0.12105499131584223,-3.054460426677873,-0.8281250750620684,0.0,-0.21016780794906548,-2.1689909147021544,-0.9058512571259657,0.0,-0.12467357506737295,-0.7113564305375037,-0.3325916904867817,0.0,-0.4893796415827036,-1.9334386607887397,-0.12585074260152995,0.0,-0.5353181299277637,-2.113871044393167,-0.44105837070724635,0.0,-0.5505318748369068,-1.6783265314976294,-0.45401631035644535,0.0,-0.41463550399511445,-1.095725283858057,-0.23765000269945233,0.0
0.0,0.0,0.0,0.0,0.4785019172008523,-0.14366064322878908,-0.3205692966081854,0.0,1.262866278138293,-1.2518695866352396,-0.6468682335470168,0.0,1.1179961730144847,-1.7391854653944163,-0.5790935853892029,0.0,0.9091511615449116,-1.4696543446870127,-0.40752199893491603,0.0,0.8837313460503118,-2.303547326738142,-0.2925838737571834,0.0,1.0261495597644181,-2.575154472693799,-0.9109196073607021,0.0,1.0626922452630605,-2.1293841673711085,-1.5985596855387056,0.0,0.5319140458823767,-0.8088865509227751,-1.1133882493246845,0.0,0.4035578868082017,-2.4886704681248446,-0.19066614506025337,0.0,0.563969714588887,-3.2938766773997394,-0.9721557210100152,0.0,0.6564269671407968,-3.449430673645026,-2.0090985801520294,0.0,0.1727990505865324,-0.7168508577383595,-0.7283940110975136,0.0,-0.07180325453223918,-2.378970917893757,-0.1598318566094436,0.0,-0.14265902745164596,-3.0487533762116703,-0.9006981721615864,0.0,-0.21732619708277498,-2.0582240226053026,-0.9487424143827995,0.0,-0.11259296397562026,-0.6634901266839275,-0.3657514174245813,0.0,-0.46963642053592886,-1.9428329537302722,-0.14837749329574088,0.0,-0.5284326038905954,-2.1036570978839446,-0.47886423104971076,0.0,-0.5550261207777105,-1.6948272508984692,-0.515280227911473,0.0,-0.41168975058409635,-1.0899842065834269,-0.29371903733589483,0.0
0.0,0.0,0.0,0.0,0.47513881566450494,-0.17086060242073972,-0.3238480925357169,0.0,1.2245216521305837,-1.2739853733871833,-0.6583457283565127,0.0,1.0976269791854454,-1.7437728235768433,-0.5966750914555515,0.0,0.9083480873125731,-1.4608512651552747,-0.4231231454370112,0.0,0.8508852098061356,-2.316911076104316,-0.2742034647077897,0.0,1.0202393787038526,-2.686401764628389,-0.9346575767920796,0.0,0.9844844142554693,-2.128641692665376,-1.5891512593448829,0.0,0.47104095269188884,-0.8144196976575345,-1.1055664366606945,0.0,0.37404955722576394,-2.4855535110322813,-0.17005143788107652,0.0,0.5220985092300903,-3.483362160134425,-1.0099243203789814,0.0,0.49309823891001986,-3.3023754931333817,-1.9085681034984647,0.0,0.12022179431741153,-0.7581609207202197,-0.7461661065527561,0.0,-0.09540205993810395,-2.391085834558289,-0.14089365098119097,0.0,-0.1944886845730348,-3.1234965471728007,-0.8880835998179295,0.0,-0.28793786402364085,-2.134936161464701,-0.9362827955690983,0.0,-0.15834331798456247,-0.73523296732932,-0.37424176349150867,0.0,-0.489762732749906,-1.9690613087260438,-0.13367069661026973,0.0,-0.5619165490670991,-2.114836413985923,-0.44787438450979067,0.0,-0.6026426103585695,-1.8125313127743627,-0.49570814001300517,0.0,-0.46356250000285737,-1.2689625169025205,-0.2940633157640175,0.0
0.0,0.0,0.0,0.0,0.47072523551888124,-0.16361284149599858,-0.33323756814396766,0.0,1.2227676206355031,-1.2228836577756823,-0.6791076700348948,0.0,1.1233611779700599,-1.7518696969517666,-0.6370754878395076,0.0,0.914753239000843,-1.4720710985637047,-0.4517214084897984,0.0,0.8892985924051537,-2.30095296782756,-0.2922152766590583,0.0,1.0605705599422401,-2.637420084040221,-0.9474176555812328,0.0,0.9945147589720519,-2.0970795829777553,-1.6015129427003305,0.0,0.4733486253726147,-0.8185823539607393,-1.13343211426768,0.0,0.40718434630020217,-2.4664573993585974,-0.1752956810654126,0.0,0.5730555385422582,-3.4943906730202334,-1.0073768842577067,0.0,0.5498958600479659,-3.529168610376177,-2.0071786327865544,0.0,0.13206687942462464,-0.7864498437121406,-0.7641557628026222,0.0,-0.056170447835246794,-2.369821465906568,-0.1331963515209271,0.0,-0.14287110865611466,-3.166557506183817,-0.8761410963444086,0.0,-0.2631423224358261,-2.2246638382652417,-0.9560613191977869,0.0,-0.14101132419403511,-0.760437639586639,-0.38981606544250674,0.0,-0.4496937352383436,-1.9765919985388107,-0.11714601299888629,0.0,-0.5387799592795613,-2.118626749588167,-0.43331921651557787,0.0,-0.5817166883062518,-1.7692154984202497,-0.48429112555058756,0.0,-0.44078483398560186,-1.1940214854483204,-0.2912310893246678,0.0
0.0,0.0,0.0,0.0,0.48845887964698487,-0.16662246291731592,-0.33461538979435446,0.0,1.2725598705180636,-1.2147735968727136,-0.6814200863545105,0.0,1.1848356962618425,-1.7320120150809237,-0.6362054608876091,0.0,0.9708091950839537,-1.4422057874778742,-0.44884071298573,0.0,0.945134702365991,-2.2257739664080103,-0.26300333050957286,0.0,1.1682896620715113,-2.633237807838873,-0.9589787694933016,0.0,1.0434363142628913,-1.9483643162553852,-1.5606682790203628,0.0,0.508769495298052,-0.7958555750445397,-1.1463001986179313,0.0,0.4733902756564063,-2.378141178089342,-0.15212607048802396,0.0,0.7151355426261802,-3.6227252796253357,-1.0499883971737838,0.0,0.6646573285586229,-3.3279068761448065,-1.9453091322180378,0.0,0.16643755598601415,-0.8365760822619471,-0.8073342158423156,0.0,0.023017093911023637,-2.3110062077449367,-0.11922542453435463,0.0,-0.06983433754368149,-3.124033244330724,-0.8681818226656356,0.0,-0.18000494533731717,-2.1616228453844193,-0.9498059075605811,0.0,-0.10806361248543825,-0.7555609100534794,-0.39679406043422805,0.0,-0.37885064120981304,-1.9698735182315976,-0.11370821614526973,0.0,-0.4947962089620094,-2.0821389917282813,-0.44103719378259293,0.0,-0.5201790365704521,-1.735193929128952,-0.5036538633825522,0.0,-0.38245324878991555,-1.1834137164031553,-0.31244759945585376,0.0
0.0,0.0,0.0,0.0,0.4869751996835241,-0.1913108154934965,-0.33765268579814806,0.0,1.2498014048563617,-1.2396289358451766,-0.6963490431089328,0.0,1.1472624369703837,-1.7473739243937327,-0.6593753928184435,0.0,0.9420738334135965,-1.444953392366168,-0.47158722016983856,0.0,0.885171345705386,-2.229158375810734,-0.27029568630835465,0.0,1.1084051828850294,-2.66906812396854,-0.9731503102031802,0.0,1.0175460745856733,-2.043835914530097,-1.6186201725376443,0.0,0.5006114297559282,-0.8425280634754084,-1.1789465587953611,0.0,0.41238708185866524,-2.365932482643052,-0.1653681366084445,0.0,0.6196356509994743,-3.5529438927666304,-1.037739479015614,0.0,0.6351409474309656,-3.5665731330845216,-2.076577300585301,0.0,0.1648477008611423,-0.8437031331326799,-0.820591311449967,0.0,-0.03399209770779171,-2.2883405633959266,-0.1352929456304817,0.0,-0.137270182693233,-3.112534115778225,-0.8901412456829371,0.0,-0.22256705399833804,-2.1679651505142608,-0.989394255266453,0.0,-0.11396378181792198,-0.7638523855014021,-0.42902143746184873,0.0,-0.43260685538639737,-1.9324865632760808,-0.12978652216161415,0.0,-0.549487056831226,-2.0622737201917487,-0.4774078109712435,0.0,-0.5387988741337756,-1.6569426980418411,-0.5545547300481883,0.0,-0.36876277791839346,-1.101822967486775,-0.36710755142304685,0.0
0.0,0.0,0.0,0.0,0.4918820670845949,-0.19235980362612565,-0.32976624190229853,0.0,1.235230365768574,-1.1885562427559322,-0.6703744219589313,0.0,1.181041118639347,-1.729939584162481,-0.6595258772370438,0.0,0.9722980414968238,-1.4376036426855967,-0.47290302645498644,0.0,0.9015105266568257,-2.2810795431233606,-0.2500965886089295,0.0,1.1982036210163525,-2.716303326213671,-0.9472248048572625,0.0,1.0246337248875963,-1.9253966757839753,-1.4873228593351575,0.0,0.49062836836882023,-0.7808382521543645,-1.0872109058348842,0.0,0.41738681329942096,-2.403059643247721,-0.14064758817706935,0.0,0.7344813237428841,-3.7329914496482717,-0.9881059795338576,0.0,0.6597832491481797,-3.4519926853104934,-1.8470335679084822,0.0,0.14383078259551957,-0.8485564184394513,-0.7464251243660197,0.0,-0.03057627924135748,-2.311985620231057,-0.10729523246695026,0.0,-0.04423326564434788,-3.2553473375432254,-0.8291384373852512,0.0,-0.20040186780312494,-2.3729427072802913,-0.9342106571573469,0.0,-0.14599170393708272,-0.8579959448475551,-0.3876502768441515,0.0,-0.4235240514022247,-1.9491610737527796,-0.10034424219499208,0.0,-0.480916461778998,-2.1581987872500434,-0.4051652432672767,0.0,-0.5327283655751442,-1.9168836607322535,-0.4677624327068156,0.0,-0.42148154840018454,-1.3159604001518117,-0.2734768865289746,0.0
0.0,0.0,0.0,0.0,0.49657051126211016,-0.17309666258485437,-0.33590373452321565,0.0,1.2709380338751817,-1.1837120569384088,-0.6823711059908694,0.0,1.2027805032294463,-1.727916087224267,-0.6592810880924751,0.0,0.9847113146424642,-1.4319286364809107,-0.46793523827036176,0.0,0.95186916082482,-2.211586524003198,-0.260029606154602,0.0,1.2512444556303968,-2.647960044400223,-0.9746978346625919,0.0,1.0540931551908002,-1.8641377482024208,-1.5096696799790295,0.0,0.5130291670168675,-0.7928824814866673,-1.128015831791912,0.0,0.47854831414801197,-2.3714490086549778,-0.15228298201817878,0.0,0.7905438673656122,-3.687589342523758,-1.0415427494230163,0.0,0.6863798181570181,-3.2256558356614207,-1.8552083636783538,0.0,0.16321013877128604,-0.8139082510890878,-0.7746784152522429,0.0,0.023274518285020585,-2.2956780588125403,-0.11704477724989806,0.0,-0.009340010965501726,-3.145647508372639,-0.8508701773103903,0.0,-0.161911545469623,-2.281617520355039,-0.9770420553929388,0.0,-0.12376723248898637,-0.812481548406027,-0.41134101466755396,0.0,-0.385609592420869,-1.9356107958653728,-0.10679586885607283,0.0,-0.4618063961526863,-2.1154869191847254,-0.4300746691811725,0.0,-0.50380151604041,-1.809625230949133,-0.4978688922297316,0.0,-0.38855457807849847,-1.2198300169351444,-0.3001519609495791,0.0
0.0,0.0,0.0,0.0,0.48067547724489357,-0.15816260888353684,-0.32585331077242113,0.0,1.2716157524874239,-1.1933283328283055,-0.6758180654687787,0.0,1.19647091532359,-1.7318177149611784,-0.6509398023474142,0.0,0.9837771001255841,-1.4327303081981717,-0.4652559324468375,0.0,0.9275463021651134,-2.2825236256932127,-0.24700960056068694,0.0,1.1843917820659633,-2.6233873212361662,-0.9072573538384868,0.0,1.0975589226446434,-1.9637196569120798,-1.5096679926011087,0.0,0.5391604549234643,-0.7691304832575353,-1.0850431063252117,0.0,0.439837681018403,-2.418627732561505,-0.14503532581878267,0.0,0.7563824546612723,-3.4412523744826937,-0.9219926406040232,0.0,0.8236475755136738,-3.6139906704664364,-1.9457741407420455,0.0,0.1918720107248603,-0.8667379692298907,-0.74514413154429,0.0,-0.020965219103436697,-2.313742156365925,-0.12063729325418668,0.0,0.03827325413690675,-3.2017747773311407,-0.8767643945121666,0.0,-0.1262499597860254,-2.2388147315943328,-0.955513621635943,0.0,-0.11542904962921545,-0.7829557439520617,-0.3706267233980043,0.0,-0.42256399369942016,-1.9155886840771035,-0.1178136374963519,0.0,-0.4315569695904525,-2.1902308687324155,-0.45460376662980473,0.0,-0.4875653919903498,-1.8473428169021353,-0.4970148020301954,0.0,-0.38529598119435743,-1.1797266029935167,-0.26025590281655697,0.0
0.0,0.0,0.0,0.0,0.48471881370870773,-0.15864033938891547,-0.3151794657499139,0.0,1.2888660085147072,-1.20696845138575,-0.6477180182551149,0.0,1.2133479143750283,-1.7328065114264273,-0.6135569079248786,0.0,0.9911569698010151,-1.4437317704268724,-0.4360393693255817,0.0,0.9413386287694083,-2.259451201922425,-0.25419305574013046,0.0,1.2079268720291145,-2.5687981789741547,-0.8948799511464913,0.0,1.1260464086252577,-1.9649937337722392,-1.4989127698647813,0.0,0.5631211760749103,-0.8042463650761933,-1.1003080974785897,0.0,0.460380824630036,-2.4065789820256893,-0.15680393184337546,0.0,0.7810673083820301,-3.4919843935568013,-0.9641893269423374,0.0,0.7958908398432584,-3.5150679431766747,-1.9346895604886245,0.0,0.1909858647955017,-0.8435016907469005,-0.7547452242855003,0.0,-0.00457608397223937,-2.308898176789233,-0.1315452895191554,0.0,0.019987151996686398,-3.207993707426393,-0.8965177777065929,0.0,-0.12891014483775165,-2.185937831675181,-0.9558899872934115,0.0,-0.1070805300688018,-0.7808879257729447,-0.3904022868964214,0.0,-0.41035826027350286,-1.9163909706542135,-0.12598796256153816,0.0,-0.4454116186483566,-2.1555721465660977,-0.4543495188822096,0.0,-0.4843331375983899,-1.797252996893599,-0.49511708312013547,0.0,-0.37652584097022085,-1.1774511477874552,-0.2739211215356676,0.0
0.0,0.0,0.0,0.0,0.4622951818986463,-0.17184321218884757,-0.3097999683822371,0.0,1.2666153986074786,-1.310352522334174,-0.6447282527646888,0.0,1.146804867900636,-1.750990634648534,-0.5831779322070365,0.0,0.9425320886987641,-1.4594516732837683,-0.413628988097121,0.0,0.8932687809337848,-2.419011643587539,-0.2459631006013879,0.0,1.1006125055307365,-2.5391427720738515,-0.810566173955387,0.0,1.1236028411887689,-2.022300187683664,-1.403032634679133,0.0,0.5699974997259597,-0.7828610911083224,-1.0102794127460006,0.0,0.38659379559993345,-2.587632320937914,-0.14856063576439113,0.0,0.695084006770091,-3.3742731301269533,-0.8436958516805497,0.0,0.8607157750884435,-3.8673960185277636,-1.899371324336254,0.0,0.18395779436751372,-0.8656625227968262,-0.6738706909431139,0.0,-0.12107231556755498,-2.412531688996621,-0.12793205446526343,0.0,-0.013699641814738298,-3.2500712621099557,-0.8478150963113372,0.0,-0.18295593165244575,-2.3757274903039867,-0.907459779749671,0.0,-0.16975215095361149,-0.8417609136051207,-0.32441580725335795,0.0,-0.5212202524488427,-1.8815004314693315,-0.12436235657431322,0.0,-0.4730290261682675,-2.2232458673734032,-0.4319597215212178,0.0,-0.5470477618875548,-1.8945500407218843,-0.4291050750810046,0.0,-0.4856155606483802,-1.2144963532843605,-0.19232837061655567,0.0
0.0,0.0,0.0,0.0,0.4748494234100765,-0.20692390648072512,-0.2755737033632614,0.0,1.2905859669358788,-1.4085510487699593,-0.5758596440968193,0.0,1.1459245994406464,-1.8059634180537143,-0.5173857488215345,0.0,0.9320801654875875,-1.5100409725048334,-0.36969779658884405,0.0,0.8769723461818211,-2.602594197363977,-0.2256306210034868,0.0,1.0397563817073752,-2.51888802459493,-0.6786987116022263,0.0,1.2371188158825337,-2.3262259370103124,-1.3430124278205595,0.0,0.631713976447934,-0.8966360593335504,-0.9491309492313805,0.0,0.346559508609457,-2.733496358435187,-0.13657991200535477,0.0,0.6952096371449124,-3.348473697065332,-0.7569268261017957,0.0,0.9637394189917827,-4.374360938127677,-1.898223830930095,0.0,0.18544060920209732,-0.9042747557190354,-0.617358723306519,0.0,-0.17292834435850382,-2.469472007396595,-0.12143837030745666,0.0,0.051245833343022934,-3.4571124892160476,-0.8332694109504026,0.0,-0.13750697426935116,-2.5527320116913494,-0.8874003886759426,0.0,-0.1601421126471739,-0.8457401502460284,-0.30040170736551486,0.0,-0.5487706670165916,-1.8843662831965213,-0.12056561722971801,0.0,-0.43084291978182726,-2.4123365985012537,-0.4287736380661104,0.0,-0.5198899226914108,-2.031299900761557,-0.41018845391617925,0.0,-0.4798111692188179,-1.1827042068740614,-0.1646016586733023,0.0
0.0,0.0,0.0,0.0,0.48656204473903464,-0.28646870331012386,-0.28883766060347177,0.0,1.3001804495292835,-1.736386999121128,-0.6399610189449082,0.0,1.0152152218114134,-1.88886961427561,-0.5153943148011012,0.0,0.8132784080593618,-1.5706983007456137,-0.373612338380336,0.0,0.6800227659418022,-2.7255998731796502,-0.2366908398584485,0.0,0.886248578606663,-2.662718251086982,-0.7522433386204904,0.0,1.1193187413065644,-2.357279897232597,-1.4630813630203015,0.0,0.5890908818330738,-0.9200923033678186,-1.0421839339309718,0.0,0.14580640461736755,-2.743522209765041,-0.15924115043786777,0.0,0.6150155326265326,-3.4271978778073904,-0.872139231547862,0.0,0.9159135555762068,-3.868151416318711,-1.9392594346177237,0.0,0.19145998407373405,-0.8440547836945749,-0.7017590885332046,0.0,-0.3381236948919008,-2.3991206231409956,-0.1628484849001041,0.0,-0.016223879554570563,-3.51610491837942,-0.9933230282045319,0.0,-0.09831748803803418,-2.7518063443962,-1.1635935181286705,0.0,-0.1408467151120446,-0.7864144851406804,-0.3810165683701972,0.0,-0.6611610509753181,-1.7688613787050091,-0.17141830768551813,0.0,-0.49460754932918827,-2.526140110020111,-0.6056876377875662,0.0,-0.5430542365277867,-2.1500436578910183,-0.6610584693132935,0.0,-0.4445296038774371,-1.0587357571802811,-0.3081945030133773,0.0
0.0,0.0,0.0,0.0,0.4854033892001909,-0.302696105641103,-0.2791758308314372,0.0,1.2587160581588064,-1.704656212216404,-0.590160032256258,0.0,0.9990865134948262,-1.9141890075074355,-0.49615444484013205,0.0,0.8083081163778756,-1.5857772092950224,-0.35778303821446067,0.0,0.7421543170344113,-2.9868062575363656,-0.261590864279355,0.0,0.8558276465424316,-2.5337304674196024,-0.6635302025069737,0.0,1.147799490269659,-2.499815960791595,-1.3637569709424755,0.0,0.6263288299599781,-1.024749792438353,-0.9938867138566692,0.0,0.1268164340474175,-3.095175562965326,-0.17855319835892358,0.0,0.4744193782260483,-3.1564135648432825,-0.7563368279229663,0.0,0.9269000840474196,-4.991302308054406,-2.2552892215025384,0.0,0.18304544461159902,-1.0153838143364557,-0.7121151102190332,0.0,-0.41714985420394035,-2.525435630216394,-0.1639133016401397,0.0,-0.10783658548447829,-3.359718535884616,-0.8985394594345998,0.0,-0.20207016847842496,-2.822911992343641,-1.1040045826449392,0.0,-0.17460213219456516,-0.8483877732407568,-0.3535215409400546,0.0,-0.7134631505203295,-1.7300127414562452,-0.1530979485383332,0.0,-0.5546798908645618,-2.4204481794062787,-0.4992978250282626,0.0,-0.6105029417625255,-2.164324299969576,-0.5127445466379326,0.0,-0.5027074723117291,-1.1641545366875437,-0.20994323123400702,0.0
0.0,0.0,0.0,0.0,0.4835646094088461,-0.35607133657079854,-0.2979033372774483,0.0,1.1404067591511082,-1.7656107486366304,-0.6060441556112993,0.0,0.8499078935985359,-1.9268807027949661,-0.4960292128335306,0.0,0.6765023760859341,-1.6103263633635037,-0.35775053574699983,0.0,0.5597858675811305,-2.8205358461431103,-0.25275125788134384,0.0,0.6894671127035754,-2.620173099822669,-0.7022728473500607,0.0,0.9188806292327486,-2.5704583986926477,-1.4426659772497055,0.0,0.4879088025054198,-0.9998148205232069,-1.0202154398953496,0.0,-0.019164585934904995,-2.989671812193332,-0.16796158206478012,0.0,0.29078000748627025,-3.3317794385538377,-0.7923470176093648,0.0,0.5395314804369252,-5.137457265915533,-2.2990698875763482,0.0,0.098439926573938,-0.9424252765757999,-0.6950049869256641,0.0,-0.5434468101188865,-2.5106893093839164,-0.14921782458468688,0.0,-0.37425027723282306,-3.5589986985656137,-0.9300750056278365,0.0,-0.4309370353598637,-2.6301456248600346,-1.0076647500833833,0.0,-0.23639291358319536,-0.7954689485847655,-0.3413685126374599,0.0,-0.8132564177002544,-1.7219211159677856,-0.1393837679444522,0.0,-0.7501334657393434,-2.349574898961321,-0.4852224694728732,0.0,-0.7551490391839887,-1.8860410369003238,-0.4674087897795559,0.0,-0.5841696894072377,-1.0345498839279637,-0.20946831626492968,0.0
0.0,0.0,0.0,0.0,0.48673256839399376,-0.3675224379073243,-0.29164176909092443,0.0,1.1805766774448563,-1.8337547730475332,-0.597821240283215,0.0,0.8697010164416571,-1.9733883934196867,-0.48759789047884583,0.0,0.6889607834811549,-1.6372347379949093,-0.34971922782349957,0.0,0.5780551573184488,-2.9009907000619655,-0.24074122187865568,0.0,0.7506943466236105,-2.604193568558859,-0.6611242100244067,0.0,1.0013089877686892,-2.5822785036350697,-1.3690976632704177,0.0,0.5365032179574948,-1.0987232806352267,-1.016629721100867,0.0,0.0030327397771179074,-3.0045687766227873,-0.15077557613953896,0.0,0.3525017586730373,-3.383145678810187,-0.7716220264262137,0.0,0.6435624424755223,-4.958547115129725,-2.1446618635406187,0.0,0.12866620056810393,-1.0382280860570785,-0.7033869874251825,0.0,-0.5058429590967968,-2.5420131482181736,-0.1320618096377861,0.0,-0.29421147412964366,-3.5662890311308604,-0.8851597506606178,0.0,-0.3466021074267555,-2.6728426235488327,-0.9726287599718838,0.0,-0.21093390814230942,-0.8168399867325521,-0.3209462230870061,0.0,-0.7828562227524624,-1.7569318522001727,-0.1239536002764316,0.0,-0.697447058610965,-2.4514305884085266,-0.4706825950095159,0.0,-0.6919375933187575,-1.9902023807125158,-0.44383700314478064,0.0,-0.5315514288247832,-1.0518910096624363,-0.17484455483846847,0.0
0.0,0.0,0.0,0.0,0.470480406093668,-0.38473566249487823,-0.3142172010268164,0.0,1.057996293069161,-1.8346021699299397,-0.6105002791788486,0.0,0.7414120461417654,-1.9600880025989706,-0.48339818333902745,0.0,0.5985445898913401,-1.6397005903620634,-0.34206182458042467,0.0,0.4957650051795067,-2.766644709982188,-0.2676772799855565,0.0,0.5811329315908452,-2.560753457450612,-0.6997476806977424,0.0,0.7979071420851187,-2.534718513388769,-1.4277084581085657,0.0,0.44420379474428207,-1.1412504728948027,-1.0822552047634744,0.0,-0.0784337097268484,-3.0069823832316827,-0.18064987057520543,0.0,0.08987147787903008,-3.2042922127465983,-0.785062311969238,0.0,0.18430556458891414,-4.738594503138872,-2.197421277439237,0.0,0.029354747627450117,-1.0198175401897378,-0.7220494337166689,0.0,-0.6188196866758076,-2.600138479631892,-0.1564653785454018,0.0,-0.5959267029823858,-3.2012912635357833,-0.8587010793598991,0.0,-0.5641133005305192,-2.2525279324917626,-0.8940412215294159,0.0,-0.2661985536025356,-0.7341103706394323,-0.30375522949186057,0.0,-0.882540991655363,-1.7476391419545512,-0.13791310731204118,0.0,-0.8993183924604876,-2.093518731878121,-0.4598159672738761,0.0,-0.8141808196215012,-1.5896794352467247,-0.42496623621595053,0.0,-0.5943950384071107,-0.9619146892235938,-0.19418828906329935,0.0
0.0,0.0,0.0,0.0,0.4687629300435334,-0.4023708989468333,-0.3165618938761265,0.0,1.050307038757004,-1.8571935476913406,-0.6204264258773382,0.0,0.7422071769901509,-1.9839050433683076,-0.5019591810719387,0.0,0.5910564121789464,-1.6627289055589114,-0.3594356702082362,0.0,0.4493724051635684,-2.8705872482991444,-0.30902283543055953,0.0,0.5536823836975752,-2.5423625367354097,-0.6969510137079982,0.0,0.8067835131254693,-2.6906712511989337,-1.4721623340120409,0.0,0.451477902823889,-1.2570483270996529,-1.1335607651652453,0.0,-0.14420900937648878,-3.0760176142675455,-0.22551953087544443,0.0,0.0913859430838706,-3.1480474186292735,-0.7968460752827508,0.0,0.2369019686111261,-5.166783212755999,-2.42030014348,0.0,0.03401222405035026,-1.1010918634287183,-0.780204837428953,0.0,-0.6736866622957538,-2.573556978003874,-0.1922772295245525,0.0,-0.5618065436284098,-3.197593276279878,-0.895824765316187,0.0,-0.5558595133856414,-2.4552166008940803,-1.0156594775419008,0.0,-0.25401907130441437,-0.7270794973581077,-0.33042162233269023,0.0,-0.9049551371037741,-1.673740836016278,-0.1597419186479894,0.0,-0.9015523092420811,-2.1569986166708426,-0.5185586176603366,0.0,-0.813729652254869,-1.654648565889467,-0.4902678734586107,0.0,-0.5702708646757894,-0.9070669666074601,-0.22136730473922683,0.0
0.0,0.0,0.0,0.0,0.47177864558470206,-0.46584526624210276,-0.30538112598277856,0.0,1.013582098552229,-1.9976488754436734,-0.592406278389609,0.0,0.6548925748122553,-2.03359995612091,-0.4611468478465016,0.0,0.5155451001633413,-1.6957506024676516,-0.32811541638759295,0.0,0.3821458331681009,-2.896046561811519,-0.2658616060969154,0.0,0.48937212507347677,-2.591739117719425,-0.6631669287511184,0.0,0.7653613331876273,-2.808869401755282,-1.4405885774340135,0.0,0.4587782072764034,-1.310993512903371,-1.1001624987866967,0.0,-0.2229600322807395,-3.108612583827199,-0.1940115139520633,0.0,0.004607205433599407,-3.11670546338372,-0.7545779463364689,0.0,0.15522925337501328,-5.650088143842492,-2.5000439360553806,0.0,0.06533140245882735,-1.1529363827043906,-0.7616517245010426,0.0,-0.7381097130726899,-2.5716602107608844,-0.17589187073208953,0.0,-0.6692503750935704,-3.270446406978021,-0.9041935422699392,0.0,-0.5484595747224229,-2.3106486254227097,-0.950942003401685,0.0,-0.20043267416535246,-0.6920798490691124,-0.31200444350766104,0.0,-0.9443631825176004,-1.6595108227312012,-0.15809478203824837,0.0,-0.968295018269296,-2.0791573346542847,-0.5108700355070864,0.0,-0.810656010558291,-1.547434529451983,-0.4807182519509496,0.0,-0.5470409149258902,-0.9348287670261204,-0.24332064257270444,0.0
0.0,0.0,0.0,0.0,0.452367255122709,-0.4371721207023623,-0.31018995824951445,0.0,0.9885303289845597,-1.9396080050683593,-0.6003166500606952,0.0,0.652506949782864,-2.03197761021804,-0.4786655527291055,0.0,0.5087897315139484,-1.7048141321021677,-0.3399659171552966,0.0,0.3499112309428299,-3.032262876604687,-0.30941178979209694,0.0,0.45065071126257705,-2.568539954002453,-0.6585216523787817,0.0,0.7378596404098159,-2.92104076689324,-1.459193416443782,0.0,0.44279138267404977,-1.4638792204448932,-1.1445684105486942,0.0,-0.2847712465291757,-3.2764382655870974,-0.23048133932144538,0.0,-0.019250183463662824,-3.0545215463993713,-0.7483117591003197,0.0,0.10446187989594789,-5.626827123684333,-2.499166026021066,0.0,0.02723024346911737,-1.2718152289635392,-0.799272967699691,0.0,-0.7984064610592205,-2.6042813361385626,-0.19126835931513955,0.0,-0.6630025526860418,-3.209110194597811,-0.8946009773650411,0.0,-0.5924277459422673,-2.474353200937577,-1.0097450013088543,0.0,-0.245557511696124,-0.7670320992841024,-0.32160274256032634,0.0,-0.9672715183393761,-1.6094260327175278,-0.15395655551755483,0.0,-0.9816608875599505,-2.1218061912842408,-0.5102713215047306,0.0,-0.8463806543410599,-1.6185657181349646,-0.4761257876041943,0.0,-0.5764192233218782,-0.9370146550258192,-0.21637447207642002,0.0
0.0,0.0,0.0,0.0,0.45545331443328363,-0.46575298183853536,-0.3182920114154362,0.0,0.971774228007989,-1.9772332363939529,-0.6046186859334545,0.0,0.6198374464725662,-2.0578416796416494,-0.47800921370633254,0.0,0.4773450384833746,-1.7209650917147388,-0.3362292111325241,0.0,0.3435572689075372,-2.9820036309738573,-0.28930818271159575,0.0,0.44269824599942825,-2.6310981668580937,-0.6531759161033873,0.0,0.7161788038336376,-3.0250549085920757,-1.453109224071111,0.0,0.4276118185361581,-1.4615928828032545,-1.1057005614596023,0.0,-0.28139315389064584,-3.2166306697768863,-0.19668318356760836,0.0,-0.04575833333760149,-3.1772846015459053,-0.7445853393433274,0.0,0.03537097933992952,-5.84647510279125,-2.472378890951544,0.0,0.043936163699284464,-1.1998811247282384,-0.7376389531031504,0.0,-0.7912699311648584,-2.587324879607853,-0.1508616184300218,0.0,-0.7134181814342884,-3.3068863201611896,-0.8693749773618339,0.0,-0.6172132286598356,-2.476656450410809,-0.962932103511424,0.0,-0.22355579076659834,-0.7336446885541804,-0.3086021902772616,0.0,-0.9707841305742732,-1.635636580912064,-0.119279483215619,0.0,-0.9986118064336458,-2.14227648166706,-0.481083856812878,0.0,-0.8575214060393287,-1.6295297248998455,-0.46601116955386285,0.0,-0.5688108727886083,-0.9185595958268732,-0.22029125130590207,0.0
0.0,0.0,0.0,0.0,0.4598622728532096,-0.4703933336945466,-0.3063872744996508,0.0,0.9775834496522461,-1.9833245680161369,-0.5840168827824883,0.0,0.63004065254559,-2.0613726259588754,-0.46329323988952686,0.0,0.47785103118595573,-1.7278786230458516,-0.32820006708104094,0.0,0.34275288155271794,-2.9354533244177086,-0.2655518280191176,0.0,0.45015604175713875,-2.6330046870937283,-0.635006203282453,0.0,0.722628762156787,-3.027402759197141,-1.422276177572439,0.0,0.4368027392348456,-1.4853805922077312,-1.1072656883731444,0.0,-0.2682236363185563,-3.150319422352307,-0.17942534333025145,0.0,-0.02604140105967649,-3.2549694455903433,-0.7371138749828421,0.0,0.0608484228558389,-5.724556494523605,-2.3621655080312585,0.0,0.03626468332469591,-1.1791969410774277,-0.7150830273022296,0.0,-0.7804360649098664,-2.582889429303426,-0.14419166996543897,0.0,-0.7084527908320927,-3.3669887112133265,-0.8567019187445851,0.0,-0.6144156096064224,-2.4852599889619134,-0.9295990056280666,0.0,-0.2317915126119907,-0.7482217752639811,-0.30170630398087367,0.0,-0.9697536379973734,-1.6407582117913078,-0.11866184912022254,0.0,-0.9965076360506079,-2.1485271181430323,-0.47391042256983784,0.0,-0.8431747719767706,-1.6035238772309042,-0.4469254519881491,0.0,-0.5555288973338526,-0.8901650468579704,-0.20594962371346814,0.0
0.0,0.0,0.0,0.0,0.46323980849573093,-0.48482465019805854,-0.28020100355798144,0.0,0.9962526046248261,-2.0537805361333192,-0.5438587181190147,0.0,0.6365065848764933,-2.0810561817304767,-0.42410695802541654,0.0,0.47988692641478575,-1.7380405147578277,-0.3016339537227964,0.0,0.3192718347533656,-3.062836158732861,-0.2556865804551667,0.0,0.4265553671341049,-2.6244282115703106,-0.5866936750096974,0.0,0.7596231151658618,-3.1415823067318107,-1.3566378627163367,0.0,0.5128450217321258,-1.5389969104646333,-1.062395033476304,0.0,-0.30229134327562956,-3.20588017156514,-0.1748665600172597,0.0,0.005803187283526305,-3.2598394150049192,-0.6858185478865741,0.0,0.2431163563148013,-6.480134787032128,-2.4262681345732977,0.0,0.09874987250902442,-1.1538365624291165,-0.6463062378235654,0.0,-0.7938907528086198,-2.569225371545468,-0.147709409222002,0.0,-0.6839254092649748,-3.4347538581311876,-0.8313054611022442,0.0,-0.5724191802826076,-2.578095355640938,-0.906608181289663,0.0,-0.19676084688378023,-0.7192835231173026,-0.2848726118232163,0.0,-0.9660885339348914,-1.6364231394407276,-0.12868510387413407,0.0,-0.9808743608900393,-2.2156998126357976,-0.4845695635270582,0.0,-0.8187472630000471,-1.6597135090688189,-0.4636466794124645,0.0,-0.5269979693915737,-0.8756258890528807,-0.22177418271416305,0.0
0.0,0.0,0.0,0.0,0.45857469089367875,-0.48246968636230014,-0.2848436274502334,0.0,1.000979384210622,-2.0546372518382956,-0.5528569257391499,0.0,0.6483873295640327,-2.0776437638316274,-0.4317897694076701,0.0,0.4945969047653067,-1.7352155271043792,-0.30619837271597056,0.0,0.33380890033278854,-2.9731727016857397,-0.22812936924415878,0.0,0.457460316200516,-2.61725952459096,-0.5789896597424667,0.0,0.7735674627479188,-3.118978473232429,-1.3431151840497761,0.0,0.5077439648752186,-1.5596224991182845,-1.0681262508980702,0.0,-0.26812619746796207,-3.149392024347277,-0.15080367887423396,0.0,0.002585282125155307,-3.2543507020596962,-0.6942749564610701,0.0,0.20483097593500302,-5.891746582129886,-2.2879961291905047,0.0,0.10398238196875369,-1.1199054340409704,-0.6497197891359358,0.0,-0.7710038527126839,-2.5714730220941906,-0.1300788051624693,0.0,-0.700453955863241,-3.4740087067864964,-0.859711495403565,0.0,-0.5313592175334994,-2.3780198882648285,-0.8679445993425474,0.0,-0.17954444381200174,-0.702710891681162,-0.27636854290685653,0.0,-0.958322596294957,-1.6430391874976589,-0.11577858411379577,0.0,-0.9734516582181438,-2.1652113147254686,-0.4529554792341205,0.0,-0.8274576044192425,-1.6600842550019672,-0.4234804459264144,0.0,-0.5420698912326327,-0.9350385755180071,-0.18480644877435373,0.0
0.0,0.0,0.0,0.0,0.48130001172082926,-0.5061086585291475,-0.2918448314829416,0.0,1.0298155909152125,-2.083369488153694,-0.5813240533403072,0.0,0.6709214517325486,-2.106220031837369,-0.457332987895712,0.0,0.5275931983900909,-1.7334781779610458,-0.32334311964526286,0.0,0.36398360227329984,-2.9205774597154006,-0.23400037796553022,0.0,0.5027776059880505,-2.6709170065202072,-0.6194375208252341,0.0,0.7928008673995003,-3.0333851394629328,-1.4112506981850046,0.0,0.4709756663453972,-1.4595935576167447,-1.0932013707635446,0.0,-0.20198315886108323,-3.039356749226233,-0.15471297035027962,0.0,0.06887303804455026,-3.4267019690988447,-0.7453229477628063,0.0,0.23783532045874323,-5.393326590228558,-2.1403838274825358,0.0,0.08084774149932242,-1.1471195283229816,-0.6708653023867626,0.0,-0.6989844898993116,-2.606206654495399,-0.14211317226610143,0.0,-0.6203340289807598,-3.545260262733935,-0.8727043019792987,0.0,-0.5223256691654519,-2.544794268800796,-0.9006186493127354,0.0,-0.19198613297137812,-0.7612502501876564,-0.28973947668810646,0.0,-0.9280214677830524,-1.743506921499372,-0.13462884012947704,0.0,-0.9429325338072736,-2.2407222078190046,-0.4927241317245866,0.0,-0.8041329763272369,-1.695721402541233,-0.4692803344334156,0.0,-0.5351293357900843,-0.9649222955352107,-0.2314343239029903,0.0
0.0,0.0,0.0,0.0,0.46927522240853764,-0.49362412151594043,-0.2856001798174197,0.0,1.0242808996614385,-2.0690266149234042,-0.5617816438996778,0.0,0.6773230203173669,-2.0832675725992353,-0.4402137927137388,0.0,0.5228157214330269,-1.7325079592022874,-0.3108234999191092,0.0,0.34639070950146406,-2.861021701153961,-0.22763697244956113,0.0,0.5158420816418521,-2.6560000086968265,-0.6010555265545504,0.0,0.8152155048430881,-3.0109113221260237,-1.3513853400600333,0.0,0.49139134961202297,-1.4453194314197393,-1.039947089564231,0.0,-0.2105381952927754,-2.9769869648161387,-0.1535794971389697,0.0,0.06770020051994008,-3.4758532763656933,-0.7480318566045481,0.0,0.22099180966355003,-5.1362336470158905,-2.018577640922474,0.0,0.08223909940072803,-1.1038557238555875,-0.6421196040719908,0.0,-0.7073648989988082,-2.561381852534838,-0.14031415056953114,0.0,-0.6559988854646048,-3.5689666753131624,-0.8673241884646576,0.0,-0.5194238541853892,-2.44041250435445,-0.8465521739207161,0.0,-0.18605299890616847,-0.7553452770706979,-0.274570285131105,0.0,-0.9354973771513744,-1.710982689664566,-0.13069110584016655,0.0,-0.9493351243764545,-2.2072913307069655,-0.4700794587944142,0.0,-0.8106497662323091,-1.673187859812353,-0.43431784761719255,0.0,-0.542765217253171,-0.9571981881309122,-0.19994383915391445,0.0
0.0,0.0,0.0,0.0,0.4780431908768561,-0.46060049425751226,-0.2970121869620854,0.0,1.038923654000386,-1.9887946856261403,-0.5809785842139827,0.0,0.7031405790430376,-2.013914667403853,-0.4610046383507402,0.0,0.5498928931107677,-1.6813740870301217,-0.331132763673763,0.0,0.3430921099629404,-2.8504476515412542,-0.24230893970983391,0.0,0.5652244286900889,-2.530701153722739,-0.6290576384234909,0.0,0.8173520497177862,-2.5823838460555493,-1.32702592837548,0.0,0.462179677815381,-1.1834110632871795,-1.0422237146092548,0.0,-0.20471619782062542,-2.9420156729390095,-0.1661393673910338,0.0,0.1648318342058363,-3.503275223559654,-0.8249777441956411,0.0,0.18826493235287162,-3.9286574939839096,-1.7930306928942903,0.0,-0.025316119099900093,-0.9355195755822463,-0.6695571922360188,0.0,-0.6877288057816268,-2.542124255799035,-0.15855724383630773,0.0,-0.5563443075845194,-3.8002654896840524,-0.9780212821489933,0.0,-0.5241042912312144,-2.331257509694615,-0.8725530648810231,0.0,-0.31137902720914257,-0.7751497462222379,-0.30120082788896685,0.0,-0.9212340249911521,-1.7122094697381642,-0.15256297815362044,0.0,-0.9110649998885793,-2.363888592445598,-0.4858269072294881,0.0,-0.8236044537031185,-1.729710517500787,-0.39524793302248684,0.0,-0.6367056321298401,-0.9734839707894943,-0.15130731165789027,0.0
0.0,0.0,0.0,0.0,0.4792778422049981,-0.4541281954584798,-0.29685867203340716,0.0,1.0489402758979944,-2.0033257709714416,-0.5836276174610555,0.0,0.7032853721135147,-2.016257327297222,-0.46002327259185966,0.0,0.5527552293402656,-1.6818205759783715,-0.32984299515099785,0.0,0.348073432906027,-2.86328413760997,-0.2588397087031916,0.0,0.5692057915579907,-2.513320114120392,-0.6378948185616614,0.0,0.8299402535937312,-2.5945133705424697,-1.3527577343575778,0.0,0.4710352294080396,-1.1974651360852113,-1.0596386790871184,0.0,-0.21162898992151505,-2.9458432054712227,-0.18565572592912832,0.0,0.1714793086124048,-3.420760327784,-0.8275376420640512,0.0,0.23510311995878902,-4.09699247222925,-1.8848554950206864,0.0,0.00070330406524425,-0.9891708472160572,-0.6942695145721595,0.0,-0.6938015534134494,-2.5165718270426236,-0.1783204824590252,0.0,-0.539766605703521,-3.779372727240281,-1.02386486532487,0.0,-0.4934516446181976,-2.2793200671512936,-0.8995454158955802,0.0,-0.2946867158568981,-0.7787920929508803,-0.3188017113210969,0.0,-0.9170340798867851,-1.6902928502443042,-0.1684258425080597,0.0,-0.8994151821260152,-2.3818949075292357,-0.5226504978489513,0.0,-0.7955648739306419,-1.6974294315581406,-0.42411202708542434,0.0,-0.602204826902061,-0.9359022651218785,-0.1683385692848058,0.0
0.0,0.0,0.0,0.0,0.45806190811882,-0.3789371894765122,-0.3014507974241018,0.0,1.1179022519739115,-2.235321197609616,-0.6895681435820388,0.0,0.7169963103765203,-1.9714345912748585,-0.4548097438449163,0.0,0.5904692870553093,-1.6487479544828387,-0.32563643185394986,0.0,0.16774096557803772,-3.4334053960834523,-0.5216492424570908,0.0,0.6052596250462254,-2.5432449861181596,-0.7798165983807095,0.0,0.9207570949005554,-2.5737361315855547,-1.4874625910809625,0.0,0.5645598764065631,-1.5792141120281984,-1.342405927644434,0.0,-0.4339282447176,-3.150119384647366,-0.40952800152850033,0.0,0.31877045003338716,-3.355288671663675,-1.0551313983223358,0.0,0.5961512100926584,-3.5149392000635515,-1.9656197371854809,0.0,0.12162789245254317,-1.2812271446738397,-0.9636083180770281,0.0,-0.7769275328813139,-2.331754460912262,-0.3375047684697868,0.0,-0.24112233853213053,-3.8648493438286544,-1.267770930616643,0.0,-0.20064265227308098,-3.239263293046765,-1.4241470359786177,0.0,-0.2502866068398149,-1.0665963281956148,-0.4622943961157588,0.0,-0.8958964943653676,-1.503204635315743,-0.28034135053040427,0.0,-0.7838630878034539,-2.718782599633702,-0.7811000110483465,0.0,-0.7172099041172687,-2.0617427344284582,-0.713532746510389,0.0,-0.5784253462994486,-1.071275498643202,-0.3476219611366656,0.0
0.0,0.0,0.0,0.0,0.4957784185948965,-0.475738791481157,-0.27226638126650754,0.0,1.12310910699143,-2.287512008454129,-0.5842400173124671,0.0,0.7242518698903228,-2.034513555347489,-0.4026387193386012,0.0,0.5869077181059678,-1.7014786220443392,-0.2906807439935905,0.0,0.08637299766524974,-3.6042460685432354,-0.295247929627392,0.0,0.648865321057877,-2.7706250563871033,-0.6305595659046616,0.0,0.9776058245141501,-2.7712125389424327,-1.2657373922463069,0.0,0.5657631318218813,-1.6825920632655897,-1.1401237358363876,0.0,-0.46404005983659646,-3.1445056014520265,-0.18320003475957689,0.0,0.392447099837436,-3.7783120601743874,-0.8821295136706168,0.0,0.639556047303767,-3.7265592992005603,-1.5894725931108507,0.0,0.10919099419367154,-1.3553021955478577,-0.7755509462266944,0.0,-0.7670979749387181,-2.360714911982386,-0.1594957673177193,0.0,-0.15333165458127768,-4.259279306740077,-1.0492582044489325,0.0,-0.14388808892441712,-4.028887875017219,-1.3244125740952326,0.0,-0.25943543064587854,-1.245521082533019,-0.3908478961736104,0.0,-0.8853816108571172,-1.6002559151644697,-0.15355968390651967,0.0,-0.733238449555147,-2.930553521892234,-0.5813223049735636,0.0,-0.7467415777978242,-2.6320073316668173,-0.5966644179927489,0.0,-0.6058200047997377,-1.3597963937035265,-0.26094024249912234,0.0
0.0,0.0,0.0,0.0,0.4691487165207447,-0.2796267098341717,-0.2731805192943356,0.0,1.269010762635192,-1.9193744338169125,-0.6041649997487507,0.0,0.9286332208999983,-1.9199051313009527,-0.42307152304389334,0.0,0.7522966050023844,-1.623640967395052,-0.29582768354971084,0.0,0.7788212428393158,-3.1156660488167254,-0.2372263304717687,0.0,0.737059932124393,-2.99743988460644,-0.66575920611191,0.0,1.1357686606222506,-3.3469101414477005,-1.440068771081891,0.0,0.8366614425047413,-2.35499409531806,-1.3175182240011394,0.0,0.28451839722180217,-3.4470871933310585,-0.14146441110929187,0.0,0.2869257981255975,-4.276927145055039,-0.7756867045719276,0.0,0.7865450904215481,-5.617117226801299,-1.701012621793153,0.0,0.4711561286262022,-3.1658080135369624,-1.010463531885342,0.0,-0.24691845703105622,-3.2800669061264887,-0.13429800602031897,0.0,-0.360452865205056,-3.7047907731184115,-0.7034099303650708,0.0,-0.16821191959333268,-2.872913650927494,-0.5751574908644944,0.0,-0.08490969500092124,-1.947133716529228,-0.2209399942492302,0.0,-0.6265973904526138,-2.352189533863601,-0.1460471312857717,0.0,-0.6686345716633246,-2.32519048102814,-0.3342796044522187,0.0,-0.503330775886744,-1.6800795736746834,-0.20296851346973996,0.0,-0.3746747081956076,-1.3353069269981566,-0.036709940914237155,0.0
0.0,0.0,0.0,0.0,0.3967259629371222,-0.2445293261756345,-0.24341377895334426,0.0,1.1663964677100553,-1.6051458052949978,-0.49880040091625183,0.0,1.000986781203212,-2.0140598616467504,-0.43449144404731593,0.0,0.75933524036475,-1.8374152609073937,-0.3269229529959548,0.0,0.732819748932416,-3.3232972046342653,-0.2325797572857597,0.0,0.5815005164663222,-2.810945417308984,-0.6021527841808167,0.0,1.0085000838899836,-3.448609658158135,-1.421140105900813,0.0,0.8334102379499604,-2.3925876139670557,-1.3479395491512476,0.0,0.16477590234824058,-3.7396987641767834,-0.1573508584706574,0.0,0.23865235351192374,-3.573561029801111,-0.685699011926862,0.0,1.0779172628019724,-7.654380986813892,-2.572896142330737,0.0,0.4151762407599951,-2.691618369743988,-1.0936244740838206,0.0,-0.40608016413222126,-3.273144317863649,-0.16133969891051692,0.0,-0.33369616118341305,-3.5575515367378325,-0.7052213014317094,0.0,-0.24799438282658956,-4.064117979383934,-0.9425986421666398,0.0,-0.14085503546144204,-1.8781235702117445,-0.3288466954175757,0.0,-0.7166289103806612,-2.1866834881517145,-0.1693457158797677,0.0,-0.6897985710480703,-2.563933863682536,-0.4165722334567003,0.0,-0.6065627661598068,-2.1111601124674313,-0.3354811691877063,0.0,-0.4717598517353253,-1.501471072802978,-0.13205287046106232,0.0
