0,1,2,3,4,5,6,7,8,9,10,11,12,13,14,15,16,17,18,19,20,21,22,23,24,25,26,27,28,29,30,31,32,33,34,35,36,37,38,39,40,41,42,43,44,45,46,47,48,49,50,51,52,53,54,55,56,57,58,59,60,61,62,63,64,65,66,67,68,69,70,71,72,73,74,75,76,77,78,79,80,81,82,83
0.0,0.0,0.0,0.0,0.5602856051716748,-0.3740870506753154,-0.16229005414399444,0.0,1.3375909703904045,-1.537729397510364,-0.2771097365827884,0.0,1.1583251627592737,-1.9060313114836889,-0.2648971501904442,0.0,0.8996218956888444,-1.6696055883960346,-0.20268473164529327,0.0,1.1318756875293636,-3.407331342393134,0.09645008240832188,0.0,0.9760228824402288,-2.852542178374158,-0.32276776038172195,0.0,1.5960388492040187,-3.5979662512190616,-1.0261633933430538,0.0,0.9752139364038067,-1.72453057958395,-0.8202353414802677,0.0,0.502667879305229,-3.864576842924707,0.12541908073120067,0.0,0.6496136809414051,-3.495335053486747,-0.40436406590392965,0.0,1.7827227623868744,-7.762772013590865,-1.9126988651887582,0.0,0.3996422008065506,-1.4633881746580883,-0.5397095536260152,0.0,-0.20341739185330115,-3.0227228159655817,0.017078154645423078,0.0,0.06364891575924932,-3.3564328423273815,-0.5222384728160544,0.0,0.025051360055956658,-3.8376068947305435,-0.7960394302339147,0.0,-0.04724556608066749,-1.302523702307531,-0.23221805017873454,0.0,-0.5864588227167644,-1.9688559278821363,-0.059189012820129915,0.0,-0.41985669318350105,-2.4730646319811918,-0.32728097487349356,0.0,-0.47540176625267194,-2.275874047417517,-0.32390855088974135,0.0,-0.3887570787630494,-1.357860408704549,-0.11850098700999022,0.0
0.0,0.0,0.0,0.0,0.4517100467279442,-0.18825068165870357,-0.22476215348409087,0.0,1.2538576608125889,-1.3166452360819099,-0.4149142984170787,0.0,1.1554999939211703,-1.7526339512889013,-0.3671938242230662,0.0,0.8985297262945097,-1.6386094787770054,-0.27306852185206265,0.0,1.2391526267472748,-3.7395290032469144,-0.25598749074758603,0.0,0.8685037474567929,-2.6619638507330636,-0.593141436220709,0.0,1.3092896846245048,-2.7229653979637622,-1.234260869938735,0.0,0.9081874423851126,-1.4385635155409482,-1.0005397680725943,0.0,0.5068439347382943,-4.242236786449664,-0.16712048793065495,0.0,0.5373822183256143,-3.19487970236327,-0.6151210520456144,0.0,1.6973436489436844,-6.6987233382873566,-2.306311378385245,0.0,0.4514296454574725,-1.7053048298324789,-0.7494863527791744,0.0,-0.28792334919709384,-2.98212407047217,-0.15310476541623871,0.0,-0.0666947584166821,-2.9521853532989066,-0.6160504353351225,0.0,-0.03827537812316322,-4.137805834182195,-1.05511909404354,0.0,-0.10148057738852015,-1.5325401730841561,-0.29526739667136886,0.0,-0.6432161183163919,-1.800477578106666,-0.13983557316769363,0.0,-0.4708052826165653,-2.2668793388697726,-0.3685853555733902,0.0,-0.5398906236665983,-2.245280446922152,-0.35394211785319396,0.0,-0.47245516422204714,-1.408812475402934,-0.1154943463305104,0.0
0.0,0.0,0.0,0.0,0.5349917597307486,-0.3387431489050938,-0.18628157187615416,0.0,1.3543954680825911,-1.5913015297657267,-0.36324860759687433,0.0,1.1674383461652265,-1.8238013415103649,-0.33465907810767687,0.0,0.9004594398657481,-1.6323254466575658,-0.2688052381970186,0.0,1.0516188275858658,-3.42613238658289,-0.06467925256335784,0.0,0.9979956867918307,-2.760677547392952,-0.4655562189453015,0.0,1.4268252136716417,-2.734913618538465,-1.0751984433180666,0.0,0.8481900719043215,-1.113440372201007,-0.7898656722016215,0.0,0.34217619296158674,-3.6222665791819817,-0.030354005663365765,0.0,0.6231774418614463,-3.3051103808998064,-0.4970258445316969,0.0,1.8457200933035247,-6.461589992316648,-1.9301689234082517,0.0,0.43510366789702076,-1.1183056881888023,-0.5351569037741913,0.0,-0.33538446884628254,-2.649293336008078,-0.07703919999146744,0.0,-0.023200467780845613,-2.958918442324894,-0.5075741468556637,0.0,0.15512456721130324,-4.583808874813981,-1.008880190131816,0.0,0.030419884167047957,-1.1086140433920684,-0.22140146297670996,0.0,-0.6572893812884424,-1.6628235794471775,-0.10512079999329378,0.0,-0.4617477767496727,-2.2146152457885098,-0.3449678099270428,0.0,-0.458921080247996,-2.5441171819876898,-0.41154713578851104,0.0,-0.33698837276755983,-1.4541704935398179,-0.1551000900051105,0.0
0.0,0.0,0.0,0.0,0.5325140313171859,-0.3480931790104624,-0.19469350539433472,0.0,1.3042021015238565,-1.4777208658154002,-0.3734392993529299,0.0,1.1787688044225155,-1.8292586383238902,-0.3688547957563284,0.0,0.9011070145301471,-1.6529284126271693,-0.29596678529086773,0.0,1.101322348413629,-3.5268798387031404,-0.07780350523614196,0.0,0.9608325831943954,-2.768802339422434,-0.4788444120168085,0.0,1.4109023884941458,-2.7909794753211377,-1.0962470984788473,0.0,0.8510394803885228,-1.1271588266231802,-0.7953412953003988,0.0,0.36769402722474887,-3.8247137663146367,-0.038468609913498854,0.0,0.5374388024913503,-3.163140490319734,-0.4994998117097324,0.0,1.943064493452682,-7.474698815987584,-2.30233646573072,0.0,0.44459008610369566,-1.1956634759046323,-0.5843864892457145,0.0,-0.3439731514321761,-2.7232419517508344,-0.08288713814716901,0.0,-0.04907614163951924,-2.914087296142282,-0.524612031026917,0.0,0.10788617670694411,-4.741071862342682,-1.143669663810473,0.0,0.03173148606665447,-1.1757329950777675,-0.27162715833750467,0.0,-0.6641807339551105,-1.689101383043903,-0.10663617885220461,0.0,-0.48422462068321764,-2.1799034492645784,-0.33553713646842975,0.0,-0.509497821308623,-2.471336614490439,-0.3958444161311048,0.0,-0.3975877942176376,-1.5094608001287253,-0.1588136830711874,0.0
0.0,0.0,0.0,0.0,0.5706554963698139,-0.35475343538443077,-0.19247948175882337,0.0,1.3634492759014634,-1.4968274468213738,-0.3711385642531046,0.0,1.213453201569498,-1.7880077181334475,-0.3624534089484992,0.0,0.9382871017538288,-1.6115649186137246,-0.29042301429724,0.0,0.9029548227985039,-2.929288358192115,-0.10037612469212737,0.0,1.0313574420504332,-2.6214691096171365,-0.490882237215614,0.0,1.4420164082165587,-2.580497939269729,-1.1041839802005347,0.0,0.8336660606865333,-0.9622780418450427,-0.7857007822242676,0.0,0.2931908591650209,-2.9366210304665854,-0.068384552826973,0.0,0.7667603639816812,-3.4451036742023424,-0.6107036396321528,0.0,1.4133525524062032,-4.601855963878454,-1.6373883804613525,0.0,0.35832708897977755,-0.7471669324710513,-0.48567151911747486,0.0,-0.25102352276219453,-2.448088127642741,-0.09859586729768566,0.0,0.07442103447659966,-3.2509601352993807,-0.6456678182985335,0.0,0.07929136847614454,-3.1564182851811213,-0.8826001493743401,0.0,0.0010767588539319134,-0.7582313031467515,-0.23225062456787726,0.0,-0.5902935225046612,-1.7549162360300186,-0.12410326987722999,0.0,-0.4102625072908953,-2.2886390509410193,-0.38318335240474216,0.0,-0.4662396837143361,-2.247110322184304,-0.40607356268628564,0.0,-0.3934505684361023,-1.2160816077153986,-0.14924175373627568,0.0
0.0,0.0,0.0,0.0,0.5423256232801459,-0.3342609192967986,-0.23138778701104715,0.0,1.3239162166060876,-1.43786707984191,-0.4466769761715664,0.0,1.196698472297592,-1.7886719641040447,-0.43628676873939976,0.0,0.9181921654678077,-1.6271764473811945,-0.34648179181347133,0.0,0.9732958193378576,-3.0492049503883787,-0.15757173649424477,0.0,1.0429386434674857,-2.6232330476142844,-0.5768404774399561,0.0,1.3505248066710585,-2.412883270266721,-1.1853210476241416,0.0,0.7722489313568722,-0.8973863877754079,-0.8395912749877106,0.0,0.3200773978778213,-3.1289887051365985,-0.09922654501895999,0.0,0.6598074467611181,-3.238898606401513,-0.6400070307448879,0.0,1.475881139300893,-5.294445015858352,-2.05718109244811,0.0,0.34746322627432663,-0.8285743973043526,-0.5737772258248057,0.0,-0.2693829241361728,-2.514178880486976,-0.1115009157351176,0.0,0.023732657933317417,-3.1309911487444397,-0.6690848894287057,0.0,0.030632499713832227,-3.3920410015957656,-1.0358598746722587,0.0,-0.0188391043345967,-0.8290503219356025,-0.279824920809868,0.0,-0.6036419225277261,-1.7634125968216072,-0.12544361581360503,0.0,-0.42450691519345657,-2.2607566866696662,-0.3778156488500944,0.0,-0.4968453872059859,-2.327442950818525,-0.4133241771049817,0.0,-0.433074340407279,-1.371452221222556,-0.16385704463237055,0.0
0.0,0.0,0.0,0.0,0.5483523855781492,-0.3157158699994054,-0.27205975637173757,0.0,1.3276904051807075,-1.3955577486335848,-0.5397963074072663,0.0,1.2165412051461961,-1.761940761373781,-0.5268080266523393,0.0,0.9384378175254203,-1.59636985357803,-0.40781740760583257,0.0,0.8146719363319912,-2.6716061505497857,-0.26477908782063686,0.0,1.0363780373412688,-2.563430477556405,-0.7302244723650096,0.0,1.2976100350332804,-2.2340387983710466,-1.3601558425751452,0.0,0.7424489870984718,-0.8028939117318254,-0.9496740918821015,0.0,0.2502530562897337,-2.644477847045472,-0.1877172639580083,0.0,0.7575514936212105,-3.3827700024722174,-0.8906652167111616,0.0,1.1367266060487031,-3.7253372377775062,-1.9355051290499046,0.0,0.32262380198706614,-0.6652430854948691,-0.6637433023341792,0.0,-0.23265350949400893,-2.306972185052921,-0.174543378863125,0.0,0.04175875507997584,-3.219863450960118,-0.867603572532095,0.0,0.007955952519898345,-2.779505648290662,-1.1142044302005587,0.0,-0.018729757973011022,-0.6760204799963588,-0.35010718222628373,0.0,-0.5666508789852184,-1.7546099213967168,-0.17169392313903964,0.0,-0.4295220919125145,-2.245129722561021,-0.4980742808044218,0.0,-0.48779443652668014,-2.136870101167474,-0.574474447037323,0.0,-0.39027751872671806,-1.1715615962513386,-0.28336003914791796,0.0
0.0,0.0,0.0,0.0,0.552938264371205,-0.31896221964712557,-0.2833839032113562,0.0,1.3684178561046452,-1.4015769140582732,-0.5801728780089209,0.0,1.264778405212635,-1.7696470907897563,-0.5679440750491858,0.0,0.9685146273082004,-1.6053164238069682,-0.4442791518247954,0.0,0.8702330326471087,-2.6825684420456732,-0.26883061119897256,0.0,1.1156352945282586,-2.5551190066372307,-0.7686226708769632,0.0,1.3152874746429113,-2.1406891754747335,-1.3964117230352973,0.0,0.7701616431320554,-0.8254886977876236,-1.03098400523192,0.0,0.3033632171211823,-2.631791683289464,-0.18819894026829886,0.0,0.8387650633594559,-3.3873105552450626,-0.9259297988833535,0.0,1.3000216672904712,-3.8990509123443973,-2.1103338559002722,0.0,0.3683309294420165,-0.7143449027966857,-0.7359446904808162,0.0,-0.17643360417918033,-2.307579416703753,-0.17929613335917316,0.0,0.1498233652781224,-3.373461673669027,-0.9487144968856257,0.0,0.12194965035243514,-2.8440823195281624,-1.20741119765199,0.0,0.017219300216092335,-0.7285168110114586,-0.39726917328287814,0.0,-0.5189192860198061,-1.7797117986641298,-0.18284358956613614,0.0,-0.381949420221713,-2.2904933336906868,-0.5257170512348415,0.0,-0.41764334095537553,-2.201396252388754,-0.6107476834705375,0.0,-0.3442985472765655,-1.2824290213281573,-0.31976086733095854,0.0
0.0,0.0,0.0,0.0,0.5955943213949882,-0.3288394897326253,-0.34577276205653884,0.0,1.3946735834908746,-1.356843945764305,-0.6968312739820389,0.0,1.2929897997064068,-1.750720856561972,-0.6927269691765561,0.0,0.9862943533030583,-1.5878418739640947,-0.5375221217356226,0.0,0.901654287704184,-2.59017943461671,-0.3812924507740466,0.0,1.1264625495514085,-2.493040931912821,-0.9537891116395552,0.0,1.279723206992002,-1.9971579330161482,-1.612234373075893,0.0,0.7546671283899027,-0.7674752914551017,-1.1935132705473683,0.0,0.3453549843672003,-2.551210946915552,-0.27531341419007316,0.0,0.8357232494777448,-3.2766628888836666,-1.1828331085003718,0.0,1.1512793476913252,-3.2828040512536414,-2.366261879928551,0.0,0.374265405196285,-0.650746714281582,-0.9346876336111803,0.0,-0.1244231851501412,-2.2546700301794598,-0.24726799266200603,0.0,0.18420871621343027,-3.3094522871343575,-1.2053801795687935,0.0,0.1554033680553279,-2.6282763360462162,-1.5309391856519359,0.0,0.03157065702814804,-0.6639971773784908,-0.5578996370848338,0.0,-0.4698463520955035,-1.7656217978232807,-0.2334065932638783,0.0,-0.345399430275126,-2.284295129035391,-0.6828095922760372,0.0,-0.3854307453707339,-2.113671135522998,-0.8437363266569979,0.0,-0.32525764438388494,-1.1972860235641527,-0.5047065906317838,0.0
0.0,0.0,0.0,0.0,0.5912477503504106,-0.31386710082498187,-0.34263865882681666,0.0,1.3937191795865806,-1.3645060974246763,-0.695548903985194,0.0,1.282715392509279,-1.75950280844757,-0.6813984639751308,0.0,0.978935909934368,-1.5779560662313339,-0.5210278192206419,0.0,0.8743514154385418,-2.529236706064599,-0.3430038635018235,0.0,1.1490961683544243,-2.4949678898180006,-0.939070591628403,0.0,1.2653995124657422,-1.9213989885887828,-1.5576969051156806,0.0,0.7427946799159263,-0.7270545229781048,-1.1527724141153086,0.0,0.33522662802492104,-2.490506342657702,-0.2434616924731135,0.0,0.8322516962412825,-3.2797031489285713,-1.1397100987979842,0.0,1.1580001829695783,-3.296219133444295,-2.3125327581924955,0.0,0.3775699122780015,-0.649338316562961,-0.9054105020948006,0.0,-0.1251222882186837,-2.2302323579772607,-0.22569299492947498,0.0,0.1716189840861342,-3.3097895953598386,-1.1722660226402906,0.0,0.13668586886292317,-2.5312004611860517,-1.4354927088036977,0.0,0.025256556277392685,-0.6532787893109265,-0.5226770109824744,0.0,-0.4747732490703542,-1.7585471539800643,-0.22181049347748444,0.0,-0.3622739704560144,-2.2636572043974077,-0.6634543669600251,0.0,-0.3981645958459107,-2.038726313163939,-0.794947916517517,0.0,-0.3349164508170945,-1.1763223344734783,-0.47093687707520565,0.0
0.0,0.0,0.0,0.0,0.5621412153884315,-0.3133178459408546,-0.3131579285983674,0.0,1.3568860034872015,-1.389635336043085,-0.6291219466958612,0.0,1.2359442748588265,-1.792025296630126,-0.6130778955484039,0.0,0.938086514858178,-1.6051432770488239,-0.46916442010364456,0.0,0.9020543943928999,-2.6474129401217983,-0.3198234997655116,0.0,1.0950086293751327,-2.527012175870721,-0.8320684664134075,0.0,1.2836418106801728,-2.1329474914722537,-1.4901484655234316,0.0,0.7346890467750348,-0.8207135638985725,-1.0830219202844407,0.0,0.33618450025591873,-2.6667865197128755,-0.22779203076788984,0.0,0.7801208678982962,-3.328941187904974,-1.0095684170515962,0.0,1.1435277401200241,-3.6668565284889074,-2.2047726367639684,0.0,0.3258588828626415,-0.6706660908009118,-0.7855886866584454,0.0,-0.1653417680418682,-2.3353781990249876,-0.2040536595496592,0.0,0.11327354868249123,-3.2530343223886207,-1.0023803325129812,0.0,0.06837041556597917,-2.7605700889799927,-1.3159284543578238,0.0,-0.015009423090650079,-0.6716554238986356,-0.435794449978818,0.0,-0.5186353585325248,-1.780373156705046,-0.1920491441548443,0.0,-0.38994572856392545,-2.2621939951070607,-0.5696581168318141,0.0,-0.4412778833884979,-2.1707169575925307,-0.6982022022361106,0.0,-0.35764190470241625,-1.1951330911469489,-0.3784122823549588,0.0
0.0,0.0,0.0,0.0,0.5494407498265264,-0.2862179445006883,-0.305080613042255,0.0,1.3458122028522397,-1.3410783461457967,-0.6053317871555078,0.0,1.2508356269547931,-1.7693587595472433,-0.5897281117322003,0.0,0.9483258468255373,-1.6101106932046028,-0.45090827119069693,0.0,0.9156675945811175,-2.6457522176073103,-0.3118706023687899,0.0,1.1072764624705949,-2.51574210460704,-0.8065582113028918,0.0,1.2965378379803665,-2.13399241291752,-1.442567522616204,0.0,0.7423254970104782,-0.8191842998781792,-1.0499145703902681,0.0,0.35326646992663524,-2.654440440427251,-0.2112003656318707,0.0,0.7865970979853375,-3.3385919300995597,-0.966868340462183,0.0,1.1674346581724242,-3.743875721133492,-2.1438715889511224,0.0,0.32863619537961686,-0.6753854586902494,-0.7472998114116324,0.0,-0.14718399911317964,-2.3355421033769943,-0.18160742177816522,0.0,0.10996226299377464,-3.2144735141351184,-0.9324533518314415,0.0,0.06277353814226129,-2.758482030738486,-1.2297061721748566,0.0,-0.015951515670901653,-0.6741938624062129,-0.3993557712198854,0.0,-0.5062032691750619,-1.7881889042507568,-0.16682329638554474,0.0,-0.3844938721558737,-2.2553524183078526,-0.5264711581614294,0.0,-0.4380552342188742,-2.144412836118732,-0.6329686720293333,0.0,-0.35966034793136054,-1.185575862478866,-0.3285768008609655,0.0
0.0,0.0,0.0,0.0,0.5293840402738587,-0.2766997436447107,-0.28644962555642334,0.0,1.3280671127458032,-1.405619811643798,-0.573834442133007,0.0,1.2062373153885746,-1.815230883487249,-0.5426416312074398,0.0,0.9060889834055259,-1.6385331607563483,-0.41122356035474844,0.0,0.9529547654728593,-2.714642050156982,-0.27980749230332336,0.0,1.0881955658243347,-2.5519432873347583,-0.759488232676909,0.0,1.2650355194647962,-2.1837602988459697,-1.3841577154376081,0.0,0.7108335009468595,-0.8512508623867933,-1.0091463846405357,0.0,0.37192587307872743,-2.8163584306732186,-0.19028703964657098,0.0,0.6743561766355073,-3.2420973729876175,-0.840465027439407,0.0,1.17663272922887,-4.409419685504379,-2.239763164247326,0.0,0.3028256589972496,-0.7710303741403215,-0.7195903583546736,0.0,-0.17156963321045904,-2.439239268547607,-0.1655743689547863,0.0,0.04427202525935807,-3.1370098513769076,-0.8342653133809474,0.0,0.003756667777105074,-2.8768016553244307,-1.1594701109903318,0.0,-0.03832848697068838,-0.7046085897757177,-0.360515341819794,0.0,-0.5375111464778243,-1.8189176204846313,-0.15411675266939526,0.0,-0.4284853118397881,-2.2357913192557985,-0.48120546168481354,0.0,-0.4814423523524689,-2.159427628199021,-0.5729339350835296,0.0,-0.3817512520432547,-1.2237609454681158,-0.2891345998694206,0.0
0.0,0.0,0.0,0.0,0.5151312767914522,-0.246839247483689,-0.29928273819463547,0.0,1.3248603967915078,-1.3507297272370091,-0.6046295780104852,0.0,1.235515120652927,-1.7653805675659309,-0.5744770537982694,0.0,0.9340714314595551,-1.6240693778043978,-0.4385301307193175,0.0,0.9701559781231427,-2.6890790494786767,-0.3143905674676199,0.0,1.0765100849557117,-2.5065971406879317,-0.7781464394079929,0.0,1.2909231504399727,-2.224477278885856,-1.440185577887238,0.0,0.7309760530509574,-0.8780266810194344,-1.0521255255870923,0.0,0.3968195782394569,-2.799597600275465,-0.2179811228545301,0.0,0.7031689844739929,-3.1881431961458087,-0.8747168985018524,0.0,1.2062867380152733,-4.219013823551093,-2.2659357257884616,0.0,0.31161816654039215,-0.7439683852099248,-0.739832428273184,0.0,-0.1543457272114753,-2.4354549921340016,-0.18522932845588475,0.0,0.05578895850355601,-3.0620053261374953,-0.852608612853399,0.0,0.012051838495450197,-2.8603850374564854,-1.207262488376091,0.0,-0.03958588421334895,-0.6931328396160322,-0.37531405318874517,0.0,-0.5276476106280554,-1.8047758517938959,-0.1647033313610253,0.0,-0.408166353730418,-2.215677422724417,-0.5034899439471863,0.0,-0.46671796546108174,-2.1770020621954282,-0.6128437202981161,0.0,-0.3769526874035661,-1.2241093268239145,-0.3126985085870009,0.0
0.0,0.0,0.0,0.0,0.5164540448996021,-0.25702314164454865,-0.27715087548024336,0.0,1.3093849747577844,-1.3200202794149154,-0.5401430137204917,0.0,1.2364215956555522,-1.7421830444048776,-0.5217674943307802,0.0,0.9413792785775554,-1.6297320109816233,-0.4048044020215924,0.0,1.011143075096979,-2.765169087552758,-0.24357042367081436,0.0,1.0684056644756599,-2.5556325804024116,-0.692288683055185,0.0,1.335559598795658,-2.3729968855228014,-1.3651004993595441,0.0,0.7510940828799815,-0.9259989209903015,-0.980342166540172,0.0,0.4224914579785471,-2.957637728764131,-0.16408205487780192,0.0,0.6651168052372676,-3.106422034686375,-0.7395666251604933,0.0,1.3983629404209048,-4.96626933160627,-2.316391976291159,0.0,0.33566888337696527,-0.8332656590323039,-0.6926746885848809,0.0,-0.171014347489453,-2.520661365674821,-0.14818944622075117,0.0,0.02749009222609006,-2.966703129337548,-0.7346098491850978,0.0,0.014456115600313955,-3.148312985330342,-1.1448706511871904,0.0,-0.03325437426822712,-0.7686437032776702,-0.32995322477157113,0.0,-0.5495184215877367,-1.808209384987441,-0.1414230718829184,0.0,-0.41957183101318285,-2.185113536945646,-0.44786956958937274,0.0,-0.48525476195431033,-2.1853589650145517,-0.536593497668547,0.0,-0.3976282168047051,-1.2553943041291755,-0.2604336975780334,0.0
0.0,0.0,0.0,0.0,0.532691449259062,-0.258309824408975,-0.2997804093237459,0.0,1.317710732424924,-1.3062337640153816,-0.5851890348354898,0.0,1.2310862280973258,-1.7244352260179143,-0.559243215903325,0.0,0.9343070767260025,-1.6067309412539228,-0.43414204436705783,0.0,0.9950503075650207,-2.6924991114505104,-0.28584005249113975,0.0,1.0924600650175724,-2.519332845200655,-0.7695688064661222,0.0,1.2793056233754416,-2.1666850466436554,-1.4110904407046723,0.0,0.7303816863661918,-0.8467499017548649,-1.038096610845516,0.0,0.41190986543588753,-2.8419569329748735,-0.19326553854261194,0.0,0.6596719006226943,-3.123222971588163,-0.8221042247166531,0.0,1.323369315597697,-4.7098942320900195,-2.4359941289952665,0.0,0.3387756829528748,-0.7895616052257309,-0.7591250531153775,0.0,-0.1584800297093095,-2.442259549702693,-0.16548697846865335,0.0,0.03300704219538008,-3.0214913117913738,-0.8132795312465468,0.0,0.01569777468024928,-2.9477644287482208,-1.208290134139416,0.0,-0.028790368462409954,-0.7167850807180082,-0.37718532787904285,0.0,-0.532543571574613,-1.7901285231704258,-0.1516958340375916,0.0,-0.4303205788802735,-2.1585223321789946,-0.47154417965746637,0.0,-0.4869790271781052,-2.0759254062262325,-0.5642720027913896,0.0,-0.3928340557106023,-1.1896413243576938,-0.2949043456246968,0.0
0.0,0.0,0.0,0.0,0.5741432456606189,-0.2841811968673371,-0.2542293510858953,0.0,1.330707474014264,-1.221666841771882,-0.4592742390123754,0.0,1.2781000275221583,-1.626347665648722,-0.46168279689235714,0.0,0.9975961449628908,-1.568372757496117,-0.37743759792823317,0.0,1.1556295849252207,-2.8164964388153617,-0.20278311542890023,0.0,1.1160070256394747,-2.553262636622568,-0.6337852232664317,0.0,1.4462707741417598,-2.4737640325004357,-1.339932294883217,0.0,0.7647829695500834,-0.9007738914593247,-0.9183464235208698,0.0,0.5589831638443304,-3.1984503802535564,-0.1463674486231375,0.0,0.7197026797097646,-2.9808050794004206,-0.6831268164036163,0.0,1.4667704976062428,-4.977204082876549,-2.282530626253328,0.0,0.2900950329560506,-0.7629222062701008,-0.6519549622027314,0.0,-0.12428734222667992,-2.609110636783803,-0.1401263279223476,0.0,0.07975112821531012,-2.83064389512661,-0.6792710951212597,0.0,0.03320065772804126,-3.2375080604256303,-1.1515323458036506,0.0,-0.048855316446402,-0.7754819995915978,-0.3317020195820605,0.0,-0.5250912396026098,-1.7942956129166117,-0.13393654022732915,0.0,-0.3418812586269695,-2.1576817597013265,-0.4145804151085177,0.0,-0.4424431693548361,-2.2442452028743105,-0.506198895015295,0.0,-0.39680161935813973,-1.2310603616244595,-0.22933322586482605,0.0
0.0,0.0,0.0,0.0,0.5590623515336471,-0.24582629523294194,-0.27749876357665626,0.0,1.2963511922566855,-1.1738054545406789,-0.5022020956179173,0.0,1.244633498583229,-1.6157933834572793,-0.4977138306807696,0.0,0.9765180057057381,-1.5353273259556974,-0.39911378955394927,0.0,1.1410666592503078,-2.7961246221708405,-0.24833161214434685,0.0,1.1322928709910343,-2.560489800981972,-0.7166232309365659,0.0,1.2974404427795192,-2.163720106431482,-1.359264128268196,0.0,0.6677105840971764,-0.7400545960278252,-0.9229121804335612,0.0,0.5290750830389717,-3.1663309795678996,-0.17380762065317937,0.0,0.6510204028576297,-2.9731598269081694,-0.7091666072535648,0.0,1.3444199695640793,-5.103822596703078,-2.433003254360167,0.0,0.2674909545189455,-0.7996304001694973,-0.7029256483389926,0.0,-0.14725592519301003,-2.577269257724336,-0.15034997227994432,0.0,0.046779127819784924,-2.794835068169939,-0.6903257528692146,0.0,-0.031340787076041654,-3.1938657747742045,-1.1851962117178998,0.0,-0.08642248952984431,-0.7778396910176305,-0.35106762022069576,0.0,-0.5375366754368014,-1.782863141347589,-0.1346244987691202,0.0,-0.36710730930034774,-2.1273390245510884,-0.40444148895776155,0.0,-0.47527678662155726,-2.2192610078345973,-0.4824828285762487,0.0,-0.43246614043504195,-1.2880058423841485,-0.21804208358624935,0.0
0.0,0.0,0.0,0.0,0.5645493041960622,-0.23358451686793522,-0.22178960731961633,0.0,1.3604067824441803,-1.109689570833756,-0.41352639767492755,0.0,1.3586382317847934,-1.557468313825822,-0.44041581459804124,0.0,1.0988559995448752,-1.472082546308365,-0.366950298739768,0.0,1.2700022756903195,-2.8172491428081434,-0.1322932950836834,0.0,1.2410833849127272,-2.6165916316194604,-0.6017612107837208,0.0,1.522062988794999,-2.3534754009280863,-1.2810935848675373,0.0,0.7747606006732317,-0.7761934771898407,-0.8680455269950472,0.0,0.6615857921721124,-3.173143747737816,-0.08557420490425681,0.0,0.802438931048774,-2.9355959267219256,-0.5854919980463625,0.0,2.085079208892571,-6.036668799424369,-2.4676005524383497,0.0,0.38921870962099114,-0.8352162856540869,-0.6426454571473157,0.0,-0.0382357985963753,-2.5694508581121487,-0.10242195323293231,0.0,0.18141707775778704,-2.7504925305864187,-0.5725116857667989,0.0,0.2717765304341698,-3.817703743356904,-1.1472912521345404,0.0,0.022725099986561605,-0.8996222766736637,-0.3091418194234035,0.0,-0.4615681132167354,-1.7839584941255582,-0.11578905326487031,0.0,-0.2775467548278104,-2.1354553464816908,-0.37322820917588795,0.0,-0.3351035221265459,-2.283528359433684,-0.46208639222841486,0.0,-0.31471066368864004,-1.2994692592095072,-0.20646704097715224,0.0
0.0,0.0,0.0,0.0,0.5631007332956449,-0.24261354741776975,-0.2451646294461254,0.0,1.3545445026677079,-1.1582429297241925,-0.4490992133954492,0.0,1.326087122808734,-1.582500175429761,-0.45696835546108344,0.0,1.059735001329027,-1.4979723928552084,-0.3741715602343853,0.0,1.20183089983142,-2.90300581067566,-0.1463015651375019,0.0,1.2197397805064705,-2.5921118594850383,-0.6128752081464587,0.0,1.4516630848922853,-2.2924700620089724,-1.2917419772907828,0.0,0.7278329993552052,-0.7646674026728306,-0.8886445795220138,0.0,0.5604038405984859,-3.1045725966479836,-0.07741516340059341,0.0,0.7908673895302865,-3.014590099685449,-0.6097150952742727,0.0,1.88729877200219,-5.7575014339177475,-2.420797726558786,0.0,0.366433933456424,-0.8475589352725633,-0.6724820305996916,0.0,-0.0855833917457777,-2.5251677317612704,-0.08665585018242136,0.0,0.18337560293118682,-2.8629158858445494,-0.6028726120579043,0.0,0.23509557715863044,-3.7649111373705964,-1.1812231926798586,0.0,-0.0026000524923218958,-0.8866859572472362,-0.3306087947465205,0.0,-0.4743941450114961,-1.7944632735308708,-0.10078834097057593,0.0,-0.27737964516359026,-2.200917195455108,-0.36873991702831993,0.0,-0.35082021438437405,-2.3355238608224727,-0.448292704341823,0.0,-0.3404002210740008,-1.3120084974469977,-0.19303445518396856,0.0
0.0,0.0,0.0,0.0,0.5661597374707285,-0.18020539847422054,-0.23020403751866156,0.0,1.3660307094714268,-0.9725848164864079,-0.4230143796734849,0.0,1.4186147953009087,-1.4328279663798167,-0.45438955381887536,0.0,1.1649107892441795,-1.413134860757845,-0.3863717178042138,0.0,1.5212102476788045,-2.8539327727348627,-0.20543240956403785,0.0,1.3950726295105529,-2.4646822480203032,-0.6457492005259519,0.0,1.596333414089069,-2.148205440720652,-1.2541247013537122,0.0,0.84783170798471,-0.7837710576214175,-0.9035956027633467,0.0,0.9025132054250259,-3.3972504004925534,-0.15622727621878613,0.0,0.9308754365821967,-2.909320275372182,-0.653528434607986,0.0,2.0892056211931935,-5.536478801467768,-2.4915397655465648,0.0,0.36846011437921783,-0.7970164816481635,-0.6752676497965321,0.0,0.07604963291368236,-2.636288039301241,-0.14697381010670682,0.0,0.27368164275729245,-2.690992487162197,-0.622042501967288,0.0,0.28957205896739546,-3.4223618156880904,-1.1696407502945638,0.0,-0.007429707789199085,-0.8444822703804743,-0.34911275112615936,0.0,-0.38602726591246245,-1.8073307994908077,-0.13772298749667047,0.0,-0.18814819420887108,-2.0514274439153883,-0.3569634635206302,0.0,-0.26248517398616555,-2.278725328648996,-0.43092295765255173,0.0,-0.31441499866649747,-1.4648414682919746,-0.20476567042025673,0.0
0.0,0.0,0.0,0.0,0.5526016626044892,-0.14305226594546383,-0.25274869538757144,0.0,1.3529928208719164,-0.9445898510268229,-0.4580798763661484,0.0,1.413272061483926,-1.457778621522019,-0.4839337920327405,0.0,1.1641095055728083,-1.3934532352362439,-0.39302152874912766,0.0,1.5203672129739392,-2.7824205988234443,-0.19808104984998592,0.0,1.4296992182980381,-2.464759494797841,-0.6952742707399234,0.0,1.481691048601136,-1.9833898955964424,-1.2937026002428942,0.0,0.7750622843682894,-0.6976210869862203,-0.9199658461200454,0.0,0.8755471752570018,-3.28707415972861,-0.12285851472745218,0.0,0.9245611871727656,-2.862178344577149,-0.6477267144684088,0.0,2.1064040077637025,-5.6930514878041585,-2.572721281080788,0.0,0.40690920336443603,-0.8953095377301156,-0.7155132941444701,0.0,0.07066808909549474,-2.5748176061497503,-0.11492043335827172,0.0,0.29267083071441585,-2.6961240105077833,-0.6153936450449515,0.0,0.2902965719359862,-3.5155183281319187,-1.1597424816788409,0.0,-0.0015842931204570337,-0.9620425853795058,-0.34417876513012924,0.0,-0.37766503398403245,-1.8040060859395948,-0.11572216160940921,0.0,-0.18534204237930646,-2.086232145406632,-0.3501919739483743,0.0,-0.28567161929685553,-2.2036242609552654,-0.3962169245457195,0.0,-0.3421147548296609,-1.445148282326117,-0.17126599179244778,0.0
0.0,0.0,0.0,0.0,0.5559406144619774,-0.10658518942678098,-0.231881928983372,0.0,1.358096309238605,-0.740987570384789,-0.4323609660838377,0.0,1.5290365619965676,-1.2157322118409688,-0.4975157378467134,0.0,1.3234128806983514,-1.2140439225888946,-0.43221166977436465,0.0,1.7341036750091923,-2.6931579719824654,-0.1923760050839449,0.0,1.5825566319110402,-2.3549630437497986,-0.6740251579171838,0.0,1.756428630495171,-2.101662492146974,-1.341930588959654,0.0,0.9203630619997776,-0.7905837852055068,-0.9830852086727917,0.0,1.1432381869022512,-3.2720734350391187,-0.1466130742150955,0.0,1.112567111641849,-2.6957919949287876,-0.6455477455987063,0.0,2.7165472597220677,-5.860202048560168,-2.7478879583939673,0.0,0.4805675826627747,-0.9068858332262295,-0.7504864713632282,0.0,0.2519513529303809,-2.565123866611127,-0.14773981518513826,0.0,0.47967445465357805,-2.6115163098009546,-0.6373270383487657,0.0,0.593627642426739,-3.5754992006712505,-1.2578349034405516,0.0,0.0701834571292792,-0.922205513333624,-0.36464213843999205,0.0,-0.2616117570280149,-1.794811639387642,-0.14449108376617867,0.0,-0.035813397744210905,-2.0407900399077286,-0.36585768037176963,0.0,-0.09388088675385356,-2.2699471289317477,-0.4298316815847832,0.0,-0.21846141784733825,-1.5494535474744178,-0.20111088759583837,0.0
0.0,0.0,0.0,0.0,0.5612181478165138,-0.08369280188546664,-0.2503081411376205,0.0,1.322064845184567,-0.5686838647633722,-0.4771976084801099,0.0,1.4063706016574915,-0.636885717927568,-0.4993740975403445,0.0,1.3097322082971823,-0.5153383197585324,-0.4589174088421036,0.0,1.625439602838855,-2.3806548185563905,-0.202513790245815,0.0,1.528652429664308,-2.2079984561518864,-0.7047754810651442,0.0,1.8246774305555837,-2.1214458416047877,-1.5620971733527622,0.0,0.9356508473263588,-0.7436462804309523,-1.138925017217658,0.0,1.0095283546749123,-2.7632734601497595,-0.18053007323434256,0.0,1.0127826911875835,-2.4450764145114885,-0.6589407396291531,0.0,2.7640928641221696,-5.944921376030424,-3.1593559343957414,0.0,0.546624317689192,-0.9638979692109846,-0.9307511879844794,0.0,0.2429369118744451,-2.2894203847533627,-0.20072714675780892,0.0,0.4610268050335385,-2.35965651604835,-0.6537580596403644,0.0,0.5364161618392206,-3.2114578882387876,-1.331075246763127,0.0,0.06175280047803378,-0.9020478159111858,-0.4607081517773419,0.0,-0.2289234527538289,-1.7035535689508767,-0.20846171733037136,0.0,-0.020333674130648058,-1.9210643461677952,-0.4220308566786796,0.0,-0.11234358569622223,-2.0405247002466997,-0.502688931202923,0.0,-0.23279131032848077,-1.4095409198215674,-0.2863106917318068,0.0
0.0,0.0,0.0,0.0,0.5885715194657914,-0.1632949919932194,-0.20521321651087496,0.0,1.3610932522842838,-0.7327696284211022,-0.38349667360710604,0.0,1.5293193338693643,-1.0782209868002728,-0.4637832581337671,0.0,1.383901346434913,-1.023630983829432,-0.4295391720661297,0.0,1.6801297610064452,-2.4980532159587914,-0.0402003899258126,0.0,1.5970783211271882,-2.3056157063355642,-0.5512905283567405,0.0,1.8475090282524238,-2.214172416580937,-1.295763647533703,0.0,0.9354467602332011,-0.8340227755756165,-0.965636001380953,0.0,1.1093378531655806,-3.0795087718656493,-0.036908802344540505,0.0,1.1401063839688652,-2.7541939908465807,-0.5884593368620002,0.0,2.7613654647289705,-6.0899613565768265,-2.6487605666857865,0.0,0.508733261405864,-0.9542332407540608,-0.7305878144989476,0.0,0.27632185732345627,-2.51532165970561,-0.10891907029754738,0.0,0.5099366524117892,-2.5849817650063125,-0.5937439143965662,0.0,0.6092210866124866,-3.545534355305484,-1.1602325193603085,0.0,0.08364144042492898,-0.9440038195378406,-0.33226244987806003,0.0,-0.235489098040877,-1.8081887614066425,-0.14950426211492346,0.0,-0.0035933848569995033,-2.041753434222213,-0.3564837687581675,0.0,-0.07157911450519094,-2.2653941878863053,-0.3982271591995368,0.0,-0.200838371989416,-1.6366435058673328,-0.1763451026673837,0.0
0.0,0.0,0.0,0.0,0.5659101436743648,-0.07834749973805412,-0.2383179507905412,0.0,1.2904557333767464,-0.46968593587543545,-0.4528393319937524,0.0,1.3961454652168517,-0.5265708231557886,-0.49790395965975576,0.0,1.3047387561757169,-0.4091367507800354,-0.4697811964731634,0.0,1.684476920324254,-2.229314555346299,-0.1344916973858421,0.0,1.5879287461310578,-2.132323652983683,-0.6557603028720248,0.0,1.926488465520873,-2.1601566889183816,-1.5418157703160804,0.0,1.0190139841501977,-0.8228866368357092,-1.1915150636472653,0.0,1.110434147255077,-2.6808473077286563,-0.12429277367609748,0.0,1.0924036032628177,-2.4203271789445777,-0.6440671832220273,0.0,2.8244309499285323,-5.6610018322503075,-3.0109771175951807,0.0,0.6054525624446653,-0.9748848851834446,-0.9501987470951414,0.0,0.32290430828254807,-2.2542840914533127,-0.1659758557352698,0.0,0.5446936049430171,-2.3425926399620405,-0.6476495885392863,0.0,0.6287597973917408,-3.1633264299226105,-1.339845950565065,0.0,0.08970651229241425,-0.8795714285006601,-0.4726952616651221,0.0,-0.17272669664316997,-1.6937159384677727,-0.18600042014699916,0.0,0.04754176490781574,-1.9118425861042068,-0.40601032500310785,0.0,-0.04753223988354768,-2.0424662717428443,-0.49410225228532073,0.0,-0.19278477449391868,-1.4025330382809504,-0.2812276882345361,0.0
0.0,0.0,0.0,0.0,0.5701787245353664,-0.13784566268465756,-0.20129070231381596,0.0,1.3616143571562613,-0.7232201314415462,-0.37288638404232366,0.0,1.5610834813458128,-1.1347422037300212,-0.45272701939454074,0.0,1.4040129921764732,-1.089634289032936,-0.4106476052448463,0.0,1.766784003801805,-2.5509717114673247,-0.0889517785972266,0.0,1.5921689306589053,-2.215395601411937,-0.5653547470227641,0.0,1.8533407474879195,-2.157363352040505,-1.2834440384797525,0.0,0.9469949440329092,-0.8235789570138352,-0.9551935615917427,0.0,1.1853963277304524,-3.189238405451617,-0.08776689463677169,0.0,1.1576325154875216,-2.705100619633678,-0.6163565679214438,0.0,2.7675332618900144,-6.0110529457839075,-2.6629795068091973,0.0,0.5009939978381824,-0.9341614298201275,-0.7070858245411591,0.0,0.31488772348952,-2.5628371016653664,-0.14600266794634603,0.0,0.5513956212023345,-2.599410060629245,-0.6350613585074475,0.0,0.5981613133207195,-3.402197611712416,-1.1620396508940387,0.0,0.07139973962486128,-0.8874952158870996,-0.3192041564285692,0.0,-0.2025353761172921,-1.8469342683155556,-0.17446579278393137,0.0,0.01796025275687612,-2.0444477850423257,-0.37493536707887937,0.0,-0.05939461585647857,-2.2590240604827043,-0.41555140616548714,0.0,-0.1862933305708486,-1.695855318564849,-0.19841215033137724,0.0
0.0,0.0,0.0,0.0,0.5381747137606187,-0.04517668292557835,-0.2509285616441004,0.0,1.2793136387212352,-0.42751242909641685,-0.48885892178134427,0.0,1.4219222442697732,-0.5124638185659887,-0.5363247522093191,0.0,1.3203291343501877,-0.3804032424528007,-0.49266801121050074,0.0,1.7690506499950331,-2.1604510849659873,-0.24911541126089096,0.0,1.655802703754843,-1.9885701704391092,-0.7544361773273438,0.0,1.8420393862719542,-1.812759988320315,-1.5525145429076859,0.0,0.9880465856929761,-0.6845941262453636,-1.217157696921633,0.0,1.1809503543145976,-2.650740138197935,-0.23232032888032597,0.0,1.1255191180236164,-2.344413685044334,-0.7246132393750642,0.0,2.875503927012318,-5.369000312213699,-3.226760022502683,0.0,0.6230118971921663,-0.9071019360883358,-1.0143924858367184,0.0,0.36377512578209203,-2.2183781439666594,-0.23565998055155657,0.0,0.5628441411677437,-2.2645923536504946,-0.6990088289167087,0.0,0.6984549664996788,-3.150305685638895,-1.4779818144350483,0.0,0.12408899183747521,-0.8675889385590567,-0.5335965968625024,0.0,-0.1348578454168506,-1.6856682845187105,-0.23036401410826698,0.0,0.0646437602784301,-1.8630591943717747,-0.45014410364036417,0.0,-0.02199942280183261,-2.002613819123741,-0.5633981875442531,0.0,-0.1635504015049614,-1.437929430901864,-0.36429175321414403,0.0
0.0,0.0,0.0,0.0,0.5914962869845719,-0.12641284151094795,-0.20661759896381612,0.0,1.396184831556649,-0.6418312329565451,-0.38864685944334204,0.0,1.576890951672783,-0.9314675909879175,-0.45881083863719613,0.0,1.4460619130795938,-0.8574119945944793,-0.4243289642850777,0.0,1.8485514184854783,-2.4627940617961,-0.1427387962689067,0.0,1.663422276943575,-2.1209201352293934,-0.6287323367829537,0.0,1.9196851671843898,-1.9928404070306693,-1.3799827767864896,0.0,0.9708163083116297,-0.6989405199629799,-1.0007789945882815,0.0,1.218748669709869,-2.9928311950105977,-0.1459843475585885,0.0,1.1920625502185205,-2.535547892371906,-0.6693624949111703,0.0,2.892459841112354,-5.5269537720009465,-2.8156911095833457,0.0,0.5971221442970672,-0.8827986282454614,-0.8068387096716669,0.0,0.363958903569553,-2.4030697915751147,-0.18564044661974116,0.0,0.632232960918865,-2.489144169259838,-0.6961882439369314,0.0,0.7525066130725517,-3.263478970881022,-1.334843181173204,0.0,0.13043546508372983,-0.8021855690303079,-0.3914449811298642,0.0,-0.13525842152110493,-1.7864688349995455,-0.2017370422411584,0.0,0.10072180529118928,-1.9948792103876893,-0.4247209661125365,0.0,0.03985851363999811,-2.224458817702426,-0.517644307783449,0.0,-0.10464286475875181,-1.6326607293995128,-0.29926470843779956,0.0
0.0,0.0,0.0,0.0,0.5613946178271894,-0.08832649935435742,-0.23395695391201612,0.0,1.3407887395040063,-0.509167723964228,-0.47283607031351627,0.0,1.4709869666289845,-0.5835976986293945,-0.5244973940402324,0.0,1.3505853705156132,-0.4257384925117105,-0.47951418700778514,0.0,1.7706548607827632,-2.2297190858769094,-0.18840593861269994,0.0,1.6773165478371113,-2.0774367189292193,-0.7152627972138111,0.0,1.9319994404247933,-1.9448209694460317,-1.5542481487227495,0.0,1.0109734216101767,-0.700719146327268,-1.1666125553504256,0.0,1.1713956981726508,-2.6473624079153004,-0.18227751392994584,0.0,1.1636042119993708,-2.3807423922920607,-0.7009646774070694,0.0,2.9053173870422206,-5.364161571313604,-3.053317020459207,0.0,0.6885612035787586,-0.9958707639462414,-1.0039802871288146,0.0,0.3988544983124734,-2.2462473935685647,-0.2125645970702324,0.0,0.6353944373567998,-2.3510789744058664,-0.713156562476929,0.0,0.8059395365555212,-3.2153430041753315,-1.4700696421539732,0.0,0.17571078298705697,-0.8669061582500027,-0.49279241481307745,0.0,-0.09381168485439541,-1.7339977417727015,-0.22594191465309585,0.0,0.12433472482737927,-1.9345719916281199,-0.4580290150113568,0.0,0.054609370283512426,-2.1149402447267525,-0.5752859734120448,0.0,-0.08576425510664097,-1.5082801845986027,-0.3493742014040293,0.0
0.0,0.0,0.0,0.0,0.589511948237272,-0.10980496825806008,-0.2241459037572304,0.0,1.3743603156516553,-0.5838761265759501,-0.41798764033865493,0.0,1.5350589974479982,-0.8041332906598211,-0.4790489969264642,0.0,1.4226657964558267,-0.7272018048802602,-0.4462266684090203,0.0,1.8439394671233407,-2.440869364610894,-0.19354614173194792,0.0,1.6231278664599726,-2.0459553212032464,-0.6526829615867337,0.0,1.8994162261499106,-1.958822034635488,-1.4292796998652297,0.0,1.0111892142722645,-0.7491053075388281,-1.0980308542698685,0.0,1.1642335393357117,-2.8749197026505957,-0.17588023891160126,0.0,1.217486347256729,-2.5531918370731215,-0.7169561456998393,0.0,2.8605805073572808,-5.373812994727745,-2.9233852238819256,0.0,0.5847638274330229,-0.8559401424686791,-0.8419556074114476,0.0,0.34196939675666044,-2.316059031278212,-0.19539686401397877,0.0,0.6227481855230704,-2.418297926328898,-0.6889182979372356,0.0,0.7527629705141897,-3.2998451091038854,-1.365480661937051,0.0,0.1219431652298436,-0.8370022801228455,-0.41682671829767554,0.0,-0.14087487131175339,-1.7443963099333168,-0.20418528696933105,0.0,0.09916091615893556,-1.9740555118169332,-0.44406077522750104,0.0,0.015371695364617223,-2.1526779207773186,-0.5530699754536711,0.0,-0.1403277465702755,-1.476281106620808,-0.32500364156863043,0.0
0.0,0.0,0.0,0.0,0.5894534222268176,-0.09666039019414903,-0.21801933485536973,0.0,1.3257369156584897,-0.48486929712174304,-0.4155616164565698,0.0,1.477480557063185,-0.6178931950441081,-0.48054508597174916,0.0,1.3788120004988575,-0.5189980390544977,-0.4529420093674174,0.0,1.8257255650956237,-2.3808303971835363,-0.15837014419405865,0.0,1.6307998181371488,-2.057973444661051,-0.6279510420936727,0.0,2.00722446924923,-2.068147616607999,-1.4799404198139607,0.0,1.0427187803410993,-0.7594688526887856,-1.1084565243973634,0.0,1.1767130139005015,-2.7813933328493987,-0.1546184886448731,0.0,1.1795167716567714,-2.4351756637452358,-0.6608980814930384,0.0,3.027722151912072,-5.619997272005993,-2.9974046536209067,0.0,0.6326780699026594,-0.9225463010839898,-0.8818033997118635,0.0,0.3756122348838255,-2.2902460942823253,-0.1913310538034036,0.0,0.6351313077463047,-2.3487911865155744,-0.6612233490669318,0.0,0.823884096888616,-3.3220590832755854,-1.3813632958792572,0.0,0.15383500041851755,-0.8538145889086728,-0.42928923621945275,0.0,-0.11616432820919935,-1.7358970815935746,-0.20733206026247913,0.0,0.12342810400988892,-1.9424171423963508,-0.4283350725976737,0.0,0.05793489001927573,-2.1493118286347492,-0.53037867198972,0.0,-0.09866832565694747,-1.5241567411829517,-0.3085322741085459,0.0
0.0,0.0,0.0,0.0,0.6071647806967437,-0.12479783375567283,-0.21231433181591775,0.0,1.3905306382323095,-0.616256876589336,-0.3837675066414939,0.0,1.5484913200292378,-0.891862693728787,-0.44380507395553787,0.0,1.4250040651012963,-0.8649771520477485,-0.41480325056737194,0.0,1.8588693406977121,-2.4710787681763855,-0.11127559260110813,0.0,1.6674422367686808,-2.0869216927913676,-0.604482353721441,0.0,1.8802015991505485,-1.9132683264897345,-1.3334987833554106,0.0,0.95283834491805,-0.6707895538852485,-0.9837505132758748,0.0,1.208748736161609,-3.0100700982432853,-0.10822040293401147,0.0,1.2403278676367713,-2.5711871771806103,-0.656067972651474,0.0,2.9328229165185022,-5.51664558744896,-2.777336113387341,0.0,0.5660765397569459,-0.8340742867289086,-0.7694934558731454,0.0,0.32342580922461195,-2.3614789767435065,-0.15532511130116006,0.0,0.6132696933937423,-2.4468062489459537,-0.6530322382883608,0.0,0.7057870812532179,-3.261394915078607,-1.2729126309853442,0.0,0.1063684794526171,-0.8218380967240095,-0.3806492471894734,0.0,-0.1683802373856117,-1.7357501644424482,-0.17647088945832543,0.0,0.08250046134608818,-1.9637620691688493,-0.399163876052094,0.0,0.000873832835425144,-2.156988885977915,-0.480351050225682,0.0,-0.15770056317377146,-1.4911610118166185,-0.2588383146156022,0.0
0.0,0.0,0.0,0.0,0.6007778521457474,-0.07614864985668658,-0.2242556696402021,0.0,1.2892510024434238,-0.4047220465941394,-0.41001746659982463,0.0,1.418331075127721,-0.5002911106414593,-0.4658777100972062,0.0,1.3395720706084007,-0.42847650603193793,-0.4498085374768032,0.0,1.8071446165927278,-2.254152678316777,-0.13583484362114143,0.0,1.6252907359539548,-2.0326916100310335,-0.6222750845929562,0.0,2.018414386091421,-2.10466195869457,-1.5170453589157182,0.0,1.0446405185378926,-0.7698686071330019,-1.150558345410131,0.0,1.1875643817741752,-2.7478615458315874,-0.14346555395465696,0.0,1.1423776720351442,-2.3757882200987153,-0.6479720443031386,0.0,2.816116129145224,-5.391788691626351,-2.9301224214875967,0.0,0.601525670427331,-0.9090397792904431,-0.9204880510369838,0.0,0.3527420014426745,-2.2493392994861447,-0.18855344264833462,0.0,0.5932696676339436,-2.288088465650113,-0.6506437567240682,0.0,0.7094509886653781,-3.122440921694804,-1.3336992542064139,0.0,0.11615781736725016,-0.8203641120019645,-0.4412537590627287,0.0,-0.1416642588184589,-1.6897570074640111,-0.2079952346294921,0.0,0.08835252188154902,-1.8829526178774676,-0.419570906512077,0.0,0.006087410380826281,-2.0428192835968253,-0.5073253126585409,0.0,-0.1442988836738375,-1.4404220927930975,-0.2939140099869991,0.0
0.0,0.0,0.0,0.0,0.60858315560538,-0.06861357048589442,-0.20525960607457186,0.0,1.2937178329188463,-0.34057046658759577,-0.38216397148040127,0.0,1.4221807151852832,-0.4116426600317662,-0.4506451359901864,0.0,1.3320620134228285,-0.31334624286633866,-0.4399317178858951,0.0,1.87605450736389,-2.0832849282230317,-0.09946128540750598,0.0,1.7431809005427896,-1.9653362520011572,-0.6262256318711672,0.0,2.078134645127379,-1.9871555986172649,-1.504551894823129,0.0,1.0697669064032287,-0.7197236088438621,-1.1568688401193938,0.0,1.3402987491091929,-2.7097941262982834,-0.1327252814671671,0.0,1.2363611803707766,-2.293433293600748,-0.6371525261745012,0.0,3.0688764423050903,-5.247884631143755,-2.8667907383744016,0.0,0.7105174781551022,-0.9547217730222424,-0.968425742521905,0.0,0.454986090595754,-2.2546316054989624,-0.1968430030529868,0.0,0.6262869735294917,-2.198805293218607,-0.6284053828935529,0.0,0.7793361956848609,-3.0527040535338408,-1.3040154499272192,0.0,0.17888823726751346,-0.9017368460513531,-0.4904219002954667,0.0,-0.08347430294307381,-1.6874318966806052,-0.22036686459725585,0.0,0.11937567312505383,-1.8300938874079435,-0.41563229819667413,0.0,0.05535108450591523,-1.9875877451704538,-0.5073107954828379,0.0,-0.08770948669656725,-1.439445778295582,-0.3127088970217932,0.0
0.0,0.0,0.0,0.0,0.6085117518995941,-0.07183863856719477,-0.2045737766101661,0.0,1.28664487671626,-0.33748322869816677,-0.38198025692821774,0.0,1.4081137137790976,-0.38418104799697533,-0.4510010741772575,0.0,1.31160324897705,-0.26292721300115174,-0.443078940467748,0.0,1.8300985887205123,-2.0339198678572754,-0.07720962181836727,0.0,1.7324659300555165,-1.963556851467213,-0.627528806535402,0.0,2.113263451595358,-2.081431590137676,-1.5419712737913946,0.0,1.1603731703965952,-0.8436007339039802,-1.2573561391497727,0.0,1.3274463605522233,-2.6817756216535575,-0.1295970221253429,0.0,1.2335220359728516,-2.2377257658838534,-0.6519657485729489,0.0,2.962614009304738,-4.940450336572286,-2.8574028495182056,0.0,0.686231777343344,-0.9103658449775723,-0.9899727737622118,0.0,0.4502671609140275,-2.261203177718777,-0.2164325386247431,0.0,0.6279719142309438,-2.1565535456421663,-0.6548578098643826,0.0,0.7870555722594594,-3.0538102370305307,-1.3812452377451079,0.0,0.15255124328968145,-0.9199603891331563,-0.5217440183866033,0.0,-0.10048573506066572,-1.674307009714651,-0.24636729788188894,0.0,0.12002676126657567,-1.8246662355275358,-0.4572329270760551,0.0,0.06746009245486687,-2.0046038129884347,-0.5750736319810752,0.0,-0.09015549764333725,-1.4566927272019632,-0.36975627766758057,0.0
0.0,0.0,0.0,0.0,0.6239356203862926,-0.11096144989773513,-0.22533722048177313,0.0,1.4424599602640298,-0.7016817243022951,-0.3862657920868632,0.0,1.63703994199479,-1.2326718104273635,-0.4425665517963406,0.0,1.376729488526377,-1.2870354657696181,-0.37487846031452016,0.0,1.9165597123863263,-2.522230098825729,-0.01293163676179333,0.0,1.7209070239623083,-2.2186160931066663,-0.5204594962693424,0.0,1.9782722946750022,-2.1382375061609125,-1.2423260313439148,0.0,1.0250004811113405,-0.8270011900008626,-0.9391771428199968,0.0,1.3619703691585219,-3.149690173867965,0.04038278980430778,0.0,1.3495197645341497,-2.7508606519233667,-0.5507803835889583,0.0,3.176439076805103,-5.940663673758944,-2.4905862284316336,0.0,0.6129320587257276,-0.938117953913382,-0.6909356587669678,0.0,0.44930474312901963,-2.560222054837835,-0.02768399418282379,0.0,0.6860114693166907,-2.653021894844443,-0.5639789867529685,0.0,0.8344159457590663,-3.532423027629882,-1.0764735954306588,0.0,0.19751440750773383,-0.9721812294972498,-0.30423577781827604,0.0,-0.11541500525875725,-1.8455557706458539,-0.07806223226531604,0.0,0.11247742892120766,-2.107925812711946,-0.33709417661898256,0.0,0.058991450635083056,-2.277346183137869,-0.40071511506344376,0.0,-0.07488339721273067,-1.4798085878241516,-0.17047272351720152,0.0
0.0,0.0,0.0,0.0,0.5750788265146092,-0.09952753602686044,-0.21337914091246374,0.0,1.4581073853176212,-0.7667659584928772,-0.3833677655467149,0.0,1.6106403897756751,-1.2465816446181586,-0.417658937007544,0.0,1.3711294874313324,-1.2124432156953444,-0.3496223042014141,0.0,1.9024006817450407,-2.6236726242280386,-0.05422808652542388,0.0,1.705514006033881,-2.2813101089358883,-0.5605119260983931,0.0,1.9710467358657733,-2.2460333917437434,-1.2820244909212515,0.0,1.0630383114928839,-0.9221172404744162,-0.9844956509792744,0.0,1.3313545532512163,-3.2007035176705068,-0.011450517286550978,0.0,1.3176727496440752,-2.7540726072116404,-0.5909223401766984,0.0,2.797314499956888,-5.541046377286092,-2.415441696766882,0.0,0.5615072393014402,-0.972984661752304,-0.7085217546607311,0.0,0.4266686432338618,-2.5962442657390943,-0.06730764731926053,0.0,0.676914976591011,-2.6698212163771,-0.60718907028775,0.0,0.7237006189274087,-3.3287801983048504,-1.083057831182172,0.0,0.14127323541279083,-0.933997151878916,-0.3009634635475853,0.0,-0.13599084630578265,-1.8566160229162016,-0.10153371927271371,0.0,0.09821691998693957,-2.1272454871885302,-0.35837688078866425,0.0,0.012576111267578337,-2.2480214752420906,-0.39835613369405065,0.0,-0.11359307575479338,-1.4747644493970569,-0.14887774350522576,0.0
0.0,0.0,0.0,0.0,0.5504558571106186,-0.1073108791326625,-0.21021335083211573,0.0,1.5029649135049472,-0.950868220071568,-0.3868711563441129,0.0,1.5905448361960948,-1.5280059702996376,-0.40568730165527733,0.0,1.2603940481456992,-1.4192243345621223,-0.30995460246036804,0.0,1.853424228308886,-2.735540204867258,-0.027953350496543156,0.0,1.5875236434110942,-2.2586925466789247,-0.4806493954213074,0.0,1.9125930085897955,-2.240916201820875,-1.129857497892862,0.0,1.0468471082206132,-0.8992578694469352,-0.8667050783493571,0.0,1.2766652418329965,-3.349371321628434,0.031089408476314473,0.0,1.2920226690147079,-2.830664909164702,-0.5212329285379628,0.0,3.016442653173549,-6.134165147013623,-2.3113558850760714,0.0,0.5297968187424141,-0.93812314165534,-0.5848619694789166,0.0,0.36041663338844443,-2.6766988283803195,-0.030211787611818714,0.0,0.6217085013100168,-2.7690162343093014,-0.5566977431271941,0.0,0.6710429658399045,-3.4204390547895605,-0.9857582386946895,0.0,0.1271083069573673,-0.8946780896823687,-0.24894619062214346,0.0,-0.18333793983905938,-1.8935283132201013,-0.07418839164883641,0.0,0.04322501214549316,-2.188720361046879,-0.33494339178659027,0.0,-0.04286072875334849,-2.280678253581731,-0.37580862850722596,0.0,-0.15204341973028496,-1.4155195340179787,-0.13278933577068847,0.0
0.0,0.0,0.0,0.0,0.5579903643410402,-0.10470272630099227,-0.24124743810157082,0.0,1.4993041003240972,-0.9893800212539497,-0.4309451826483612,0.0,1.5118403344231643,-1.5152774381772476,-0.42117587176786025,0.0,1.1993831694069523,-1.426748402483197,-0.31872045209768396,0.0,1.7794809318009992,-2.725685163636619,-0.11761874807290891,0.0,1.5832302998210428,-2.305838073675171,-0.5793594538250358,0.0,1.8044358275666377,-2.1770918103625405,-1.2353413543932024,0.0,0.9162523412671089,-0.8291108672752188,-0.8917941094300175,0.0,1.2086787482154269,-3.3164866949605334,-0.04168070783867754,0.0,1.2348832313717972,-2.8567552162331613,-0.6175482725822511,0.0,2.3650622902260228,-5.140565875948458,-2.2330059337389927,0.0,0.43694497397908505,-0.8348708091478452,-0.6199759699088624,0.0,0.32015004454774054,-2.670430068355983,-0.06965369262466746,0.0,0.5729810870818955,-2.7959010891590292,-0.6357049970585715,0.0,0.5198049420126213,-3.1593589221230403,-1.0520699158358622,0.0,0.05834785254098453,-0.8094026907468482,-0.2831690641776655,0.0,-0.21609177027955748,-1.879084174116365,-0.0911819650531885,0.0,0.008447724435407767,-2.1836566864824976,-0.3623433799134737,0.0,-0.10160811401761834,-2.2588013600755663,-0.40900214710235056,0.0,-0.2045080347646024,-1.421317927407061,-0.15942209470245625,0.0
0.0,0.0,0.0,0.0,0.525272550625976,-0.11434057286579961,-0.2524896347538388,0.0,1.443198961219764,-1.0410184661274007,-0.4751109466189598,0.0,1.4615630381907616,-1.580195451393486,-0.46403225844847873,0.0,1.1357543784757047,-1.4865982896123284,-0.34823589958698437,0.0,1.6147451534123698,-2.7910895906825353,-0.21067887161043994,0.0,1.4442457204660821,-2.310308700942276,-0.6417565128380823,0.0,1.6636358099997233,-2.1644090945094465,-1.3175945250950196,0.0,0.8617939273842228,-0.8399766979733185,-0.9615993747302134,0.0,1.0043197467373859,-3.2364778029720025,-0.13418413330253115,0.0,1.0796863211942933,-2.8289261233606258,-0.670328433910505,0.0,2.1980478704332156,-5.321031957980634,-2.4647331489495334,0.0,0.40192956316916195,-0.8649859355898535,-0.6810361930587588,0.0,0.200686658923865,-2.636545004524455,-0.1345340481450818,0.0,0.46366427911008745,-2.813919583203205,-0.7010929700608542,0.0,0.4181781457459111,-3.1893677537484315,-1.180942758904725,0.0,0.02991705762332991,-0.790425405961111,-0.33139448012560957,0.0,-0.29144240027799034,-1.8734520884025243,-0.1349803081826882,0.0,-0.0891692827672981,-2.200237302171812,-0.42806632925444427,0.0,-0.18248049448877643,-2.273014142843561,-0.5133795414200611,0.0,-0.24199550232845557,-1.3981723822025998,-0.2439033739509523,0.0
0.0,0.0,0.0,0.0,0.5327928467842709,-0.11451890173568612,-0.2657928359711897,0.0,1.4402366713563852,-1.0118971330120325,-0.4831144375033684,0.0,1.4387334337142597,-1.550156546046502,-0.4662498930928624,0.0,1.1208820633059204,-1.4823128569073851,-0.35551820835731057,0.0,1.655389889033309,-2.770184129018472,-0.2288413339859282,0.0,1.4603868051306617,-2.3412177694767133,-0.674270022520564,0.0,1.6665897186383238,-2.2184300516587836,-1.3695429944565443,0.0,0.8676085476172511,-0.9044709365782135,-1.0147365696427721,0.0,1.0618068380629067,-3.327935926701558,-0.1445214813881178,0.0,1.0764746913318655,-2.8430566466253535,-0.7004942014500292,0.0,2.0960520752590335,-5.100753008002315,-2.4624028498845316,0.0,0.42144095953109983,-0.8955460455241614,-0.7329329149891288,0.0,0.21256780304634235,-2.665090623814141,-0.13132541476955123,0.0,0.4592710649513234,-2.7994453242368733,-0.7165455093586547,0.0,0.3908686270569314,-3.1048181561244106,-1.1920642242857538,0.0,0.02379300390615284,-0.7915681201395964,-0.34392069201586306,0.0,-0.2918292320934687,-1.8605210848574187,-0.12300123723940042,0.0,-0.08143356158376738,-2.2000348228086537,-0.41946962302310575,0.0,-0.19951796247439701,-2.205102902992495,-0.48009748270532604,0.0,-0.2563188450840135,-1.3290180724213891,-0.20581164512812494,0.0
0.0,0.0,0.0,0.0,0.5265760125842439,-0.14073643394767027,-0.25684320938906713,0.0,1.4394924936184463,-1.1235130698625695,-0.4895354705518228,0.0,1.4125625670814574,-1.66801737043347,-0.4739244886875635,0.0,1.0735877016553683,-1.542004972807889,-0.35141353538358916,0.0,1.5115477102028376,-2.732601882475838,-0.23118861137973898,0.0,1.3460067547923915,-2.3720610322107647,-0.6683477649981714,0.0,1.6400448327034909,-2.31604216993685,-1.3899977420310587,0.0,0.9074833358526563,-0.9515001355484999,-1.0264452924361513,0.0,0.9169885479621025,-3.200460613547991,-0.1661521333505806,0.0,0.9936159940370319,-2.869677539712169,-0.7152070109770662,0.0,2.0904690568828257,-5.270226900710473,-2.543063615013816,0.0,0.45139014419420737,-0.9036999381158846,-0.7381144003156805,0.0,0.14586821692945057,-2.64911592272393,-0.16546930149792544,0.0,0.35762620485367813,-2.807537747479183,-0.7401819278021626,0.0,0.33050512874604493,-3.0693254218502117,-1.2237856275607901,0.0,0.04860679199588779,-0.7502701248513532,-0.36157285361775915,0.0,-0.33645754354048385,-1.8756231921922804,-0.16141652745185617,0.0,-0.17736668250952445,-2.184084373288754,-0.4801458517091453,0.0,-0.263429395178981,-2.1305397659924745,-0.5842185780405705,0.0,-0.25687244557585537,-1.259833486659634,-0.30978137329189953,0.0
0.0,0.0,0.0,0.0,0.5083840878868563,-0.11943592599002928,-0.2600141541812753,0.0,1.4054143778591965,-1.0851799025685034,-0.4905433638516531,0.0,1.3771894443154213,-1.6358718339721818,-0.47117038717738663,0.0,1.0581376706310983,-1.5229511406540959,-0.3529772595228332,0.0,1.500043035335819,-2.7273540762768054,-0.26555561645707654,0.0,1.3148699997042779,-2.370602069166797,-0.6863625303537104,0.0,1.6176846429068412,-2.424060787459531,-1.4391012167903006,0.0,0.8982733496845791,-1.0612046828789512,-1.098167332042601,0.0,0.9165424661572219,-3.2689396840911202,-0.19686976499348907,0.0,0.9553857137899314,-2.8801487421023046,-0.7342540702658608,0.0,1.864584624524931,-4.976508835681661,-2.4759098431044118,0.0,0.3821443664254973,-0.8389482104866056,-0.7271370329332518,0.0,0.1200269928572417,-2.676569081821958,-0.17712770940115533,0.0,0.3126217966993839,-2.7605645748134897,-0.7346450931037655,0.0,0.27557652168556135,-3.085762722255672,-1.2483046707018695,0.0,0.017333039902243746,-0.7519279673139347,-0.3735201717948867,0.0,-0.3689124688974,-1.8486575497452937,-0.15603558105522722,0.0,-0.21251431993218425,-2.15048265224184,-0.4703465802459477,0.0,-0.3024158605328546,-2.0978146609101413,-0.571341805771667,0.0,-0.2851251347557533,-1.2371166349941398,-0.2974750505633181,0.0
0.0,0.0,0.0,0.0,0.17312400476757114,0.2934429031614619,-0.5210806826920626,0.0,0.4951924928115553,0.6708044813360127,-1.5266182719382266,0.0,0.5025795494225005,1.00709729793946,-2.225561641507489,0.0,0.4241310387207124,0.9182313520890956,-2.1987508456774876,0.0,0.7915539832971513,-0.678070211700281,-1.1921697798664903,0.0,1.1541208375025371,-0.5218337908656313,-2.3793877976590174,0.0,0.8057951459371164,0.5233837562331243,-2.544877066920042,0.0,0.3981890069153214,0.7489123348910119,-1.8635403365565553,0.0,0.45021931910104324,-0.8548287233181399,-1.0807812911677785,0.0,0.6849745578336592,-0.862419788639862,-2.2233634510216116,0.0,0.60433387558371,0.48532279059926775,-3.273808322609254,0.0,0.26117611259510465,0.783453201433866,-2.0343680663977737,0.0,0.14198000715744274,-0.8901925255513132,-1.0992045933304877,0.0,0.2424176739976476,-0.9527595712346175,-2.0453060108972205,0.0,0.39641060337239375,0.1666616888292479,-5.248728288430314,0.0,0.12041006952294407,0.8567294664611146,-2.674770632822896,0.0,-0.17333497784885396,-0.8073403960713977,-1.2027362718278136,0.0,-0.29973481855640977,-0.7485645424760239,-2.1240072346804126,0.0,-0.43781378638990376,0.08470140603850555,-3.3317695900519846,0.0,-0.32118417455570164,0.6479977954817846,-2.6439323995567285,0.0
0.0,0.0,0.0,0.0,0.5385459157039717,-0.18930192434977478,-0.2697310723641502,0.0,1.4085809496968347,-1.238182498184195,-0.5078822962695863,0.0,1.3033508655531907,-1.742183718248222,-0.4744073701630122,0.0,0.9845117304673243,-1.5698400357772848,-0.34704622803717483,0.0,1.433066040015298,-2.9128261428103976,-0.2886873041618128,0.0,1.2386744536296026,-2.4241273839879662,-0.6823644383030832,0.0,1.556931017380117,-2.462495406365734,-1.4157265673225807,0.0,0.8547431537895551,-1.042982099041011,-1.0434383404556342,0.0,0.8020955107689195,-3.4091035726502135,-0.2154627178169017,0.0,0.8473067442192631,-2.8890138059526076,-0.7224544548315308,0.0,1.8295308564549504,-5.473788113798819,-2.609720873803963,0.0,0.39150310142322914,-0.9510278585582526,-0.7561297965835739,0.0,0.011575274521066626,-2.7040125605023033,-0.18760196785031696,0.0,0.23675053537444105,-2.8106404901588573,-0.744430837358122,0.0,0.199103875791336,-3.1401998074513715,-1.2546532527242813,0.0,0.01346228751040638,-0.7543051521205512,-0.36883329442661983,0.0,-0.4392308304687289,-1.8343179325102699,-0.1625709076515921,0.0,-0.2758184027045022,-2.1989123196200513,-0.48945971494404156,0.0,-0.3581313698744681,-2.1074520706869473,-0.5871171113780217,0.0,-0.3068919349277222,-1.2280540618061426,-0.31079122368853607,0.0
0.0,0.0,0.0,0.0,0.5200144774748807,-0.18866627795780522,-0.2770325214959583,0.0,1.390666466524484,-1.2535052828991884,-0.526488665664677,0.0,1.2793345524085415,-1.7418674000296535,-0.48645619842073756,0.0,0.9686391594982804,-1.5736284003987406,-0.3570307861804832,0.0,1.3770095498408939,-2.92481389777994,-0.2979282836275435,0.0,1.203908964377857,-2.426534709968116,-0.6967041951901839,0.0,1.5135054312506793,-2.525775755380637,-1.464881071994448,0.0,0.8270333545272923,-1.1150478007176547,-1.1010953415290128,0.0,0.74198407818496,-3.3829013129876144,-0.21795369083868035,0.0,0.8306709129666308,-2.9232286143544606,-0.7516186088798482,0.0,1.6532460784151644,-5.1302244278549045,-2.519127761791811,0.0,0.3604312239336059,-0.9171611225860198,-0.7507988441895431,0.0,-0.020469420365848433,-2.6917506329353813,-0.18723127674247345,0.0,0.22484361382498677,-2.8783145577934355,-0.7837172072755066,0.0,0.16866895150044556,-3.0810565306341338,-1.2686274988610413,0.0,-0.004017952020268738,-0.7580798604789226,-0.37597663247534924,0.0,-0.45769314488181206,-1.8325805167808804,-0.16138937604780265,0.0,-0.2929054010886782,-2.2185593819505507,-0.4939901702575418,0.0,-0.3742226235850527,-2.148573113365281,-0.5927454225938465,0.0,-0.3240651482219566,-1.273153250673593,-0.30828032114937814,0.0
0.0,0.0,0.0,0.0,0.540142102267682,-0.23374735579443898,-0.2812170954869161,0.0,1.4249654579452191,-1.4496169992384527,-0.5590179955754698,0.0,1.2087788546808844,-1.8375207400738403,-0.4911145098035211,0.0,0.9178236481760932,-1.58156525758575,-0.3538015985103517,0.0,1.2654251091407183,-2.906660275788048,-0.2615828528765197,0.0,1.1642779349731713,-2.503581888718537,-0.7094662877219736,0.0,1.4478011438206149,-2.4800818309171673,-1.4522858533053946,0.0,0.8219251068365622,-1.0803770438118274,-1.098092824851678,0.0,0.6346767921964901,-3.268478907600837,-0.18413856594471378,0.0,0.768430476129442,-3.024157854791978,-0.7731969753907617,0.0,1.5648565177222753,-5.108687917757887,-2.52677215660235,0.0,0.37960799107305376,-0.9272760157298973,-0.7797249648050719,0.0,-0.06546268168343714,-2.6664189817918924,-0.17388226197466536,0.0,0.15806836342251268,-2.9520031577253723,-0.8064814727270702,0.0,0.11979309689536993,-2.9791016393217715,-1.2518312853377234,0.0,0.006784053025005346,-0.731452378303041,-0.3847359228943733,0.0,-0.48124645686558115,-1.8477583016104586,-0.16416932763671657,0.0,-0.3473580565716967,-2.2458269209319996,-0.5218616989573241,0.0,-0.4018128182892085,-2.0667751637001244,-0.6178947322523713,0.0,-0.3123394325353968,-1.1778511028972511,-0.3301764289854365,0.0
0.0,0.0,0.0,0.0,0.5630061396633526,-0.2518838015200386,-0.2882974032812628,0.0,1.4388855398820053,-1.4259488598224417,-0.5714795746510151,0.0,1.2368499599392422,-1.8498321558126152,-0.5221486563056524,0.0,0.9392426265883304,-1.5847819781151966,-0.37844053054965476,0.0,1.2634205447689713,-2.916380346678454,-0.2599218469931759,0.0,1.1816734427981357,-2.5140867796746367,-0.7271966002232519,0.0,1.4801168072674282,-2.48089107446339,-1.4858315955404715,0.0,0.8371819588193666,-1.056221080015898,-1.1038702753938558,0.0,0.6291515862841206,-3.242397335987696,-0.1862361155035776,0.0,0.791249681317249,-2.976747580624157,-0.7869014155531091,0.0,1.638689152953808,-5.00151535721259,-2.558630661191806,0.0,0.4153413343371464,-0.9132512791262679,-0.79806558927402,0.0,-0.0595111710303275,-2.636183387875837,-0.18168799455154538,0.0,0.20193613659078213,-2.957353745463073,-0.8496200651529354,0.0,0.20099569916307336,-3.0630441033610634,-1.3588918478637413,0.0,0.03936873426736027,-0.7443151181335915,-0.4153405123833572,0.0,-0.4722423756096937,-1.8265884967000625,-0.17435488176735153,0.0,-0.3132149592235564,-2.247809230506006,-0.5397523812390838,0.0,-0.3672644718367151,-2.1522838229481667,-0.6631722807818181,0.0,-0.29221373245569293,-1.2181469805205474,-0.3560463740149697,0.0
0.0,0.0,0.0,0.0,0.5539865698401939,-0.2504754963422638,-0.27882702074814675,0.0,1.4389972157509594,-1.4944809464255706,-0.5412546318843099,0.0,1.1790730713136628,-1.819902217137965,-0.46006750304791294,0.0,0.9071931664000817,-1.5603327076698918,-0.33166032185981326,0.0,1.2481751624131694,-2.9404832270020367,-0.2578814575562655,0.0,1.146274486773784,-2.4759584660209017,-0.6750160256837608,0.0,1.4514174238182704,-2.4505329583835618,-1.3981077873951466,0.0,0.8030129330443582,-1.0092632160527266,-1.0224036427501344,0.0,0.6144606429932221,-3.297252597408526,-0.1779622616043769,0.0,0.7558929079348704,-3.033558443217391,-0.7390756788820746,0.0,1.5250963363154306,-5.03097401608353,-2.3679991825377216,0.0,0.3649176186096971,-0.8774773093103608,-0.6995221046868669,0.0,-0.0866413693178997,-2.669775367409652,-0.16488814320806508,0.0,0.13480082743995347,-2.9136517517356606,-0.7583139424487397,0.0,0.11124029423748338,-2.963190381100973,-1.1556829163601423,0.0,0.019679815410377267,-0.7291759810016315,-0.3395893470506205,0.0,-0.49705850466247126,-1.825733388553284,-0.15389096803171845,0.0,-0.364591312856963,-2.22208365469937,-0.49419402221522873,0.0,-0.4037316760201242,-2.020176024672876,-0.5677156278717203,0.0,-0.30230921552551177,-1.1556207005663237,-0.2921059491773125,0.0
0.0,0.0,0.0,0.0,0.5606215298282018,-0.2688530348091621,-0.28790387085472385,0.0,1.4511025399583455,-1.5195871433985686,-0.572135432226972,0.0,1.1980501463824322,-1.8355138972708644,-0.49146577830026167,0.0,0.9248140476671494,-1.5657690200478522,-0.35594854913014623,0.0,1.2159298397092313,-2.9558247902681787,-0.2718976030026132,0.0,1.1462603515548098,-2.5041685204482724,-0.7030628693129881,0.0,1.4546292207401306,-2.4655945866152016,-1.4419629896220514,0.0,0.8084806788639577,-1.034723455427778,-1.0604453662489772,0.0,0.5787582990103821,-3.218399576778861,-0.18672065406620428,0.0,0.7724520729491892,-3.0701718672476503,-0.7792304945856173,0.0,1.4955936613367076,-4.688559633972928,-2.3135427392108308,0.0,0.37538473269580197,-0.8601590081688932,-0.7200383961364774,0.0,-0.08215781343335776,-2.638149403993968,-0.17285026472439616,0.0,0.15456771625439256,-2.9759169784347814,-0.8056115618534919,0.0,0.16250762103549624,-2.998873920036904,-1.2246713627923747,0.0,0.03477103998138521,-0.7509725248183046,-0.36687147705542444,0.0,-0.4848047127132546,-1.8401007587512919,-0.1630202242068704,0.0,-0.34362550447381257,-2.2555189853101782,-0.515464061738004,0.0,-0.3730429776147604,-2.140554972584512,-0.61936160538968,0.0,-0.28164884102786447,-1.2310713925063002,-0.3255296958793185,0.0
0.0,0.0,0.0,0.0,0.5755548194819567,-0.28691674928914523,-0.28134082379484454,0.0,1.4226475596289136,-1.556585336114679,-0.5422037003527725,0.0,1.1232941508311416,-1.8047739589681078,-0.44823115901971106,0.0,0.8833793874472302,-1.532226941606598,-0.32499805588745717,0.0,1.2606887939251932,-3.041925665794545,-0.2941347131559521,0.0,1.1118860445798104,-2.5186519868460766,-0.6944675373661136,0.0,1.4154754930393512,-2.4913812280682155,-1.4130009576958822,0.0,0.7670870775659848,-0.9856454126275016,-0.9967732387563106,0.0,0.6097276056242185,-3.503297570357866,-0.2192186008339299,0.0,0.6848553463675361,-3.0467925505535955,-0.7605996193354633,0.0,1.3507649761396956,-5.087859196214911,-2.4060739807142477,0.0,0.31631638397574374,-0.8866585094778897,-0.710081498989734,0.0,-0.13396363127145264,-2.733527306888298,-0.1906548740742709,0.0,0.08112149397127007,-2.925534352542565,-0.7688931824688402,0.0,0.03420250887015722,-2.9528475240199747,-1.1409465016751008,0.0,-0.012511121123864289,-0.7348110771031038,-0.3363425884558719,0.0,-0.5327738063088662,-1.8179985059394803,-0.1671618735489775,0.0,-0.40099490910163477,-2.2109206235722643,-0.48423427257375107,0.0,-0.4468005221214004,-2.0279227948585166,-0.5459336374845546,0.0,-0.33985813676526294,-1.1551132593554807,-0.2765323836454767,0.0
0.0,0.0,0.0,0.0,0.595047205249759,-0.32303991109205676,-0.2820602200199365,0.0,1.4508061836219488,-1.6135501468120825,-0.5540335433893746,0.0,1.1535726086054434,-1.8319992726478314,-0.4647590867679159,0.0,0.9023729658999442,-1.559509880702847,-0.34300123996979803,0.0,1.2080226960869,-3.041521495096411,-0.326807982930061,0.0,1.1170763873395622,-2.559532336401081,-0.7438132624719733,0.0,1.4180717720646554,-2.52345096615123,-1.5004648922968018,0.0,0.7714298602336518,-1.0078432625643547,-1.077578010202757,0.0,0.557728977341966,-3.3303408541258586,-0.25275400448460594,0.0,0.7379964767609092,-3.1638565942491246,-0.8469276706641264,0.0,1.36405725864231,-4.72808171531376,-2.415362526580072,0.0,0.33853698905932894,-0.8279524315650196,-0.75754608618211,0.0,-0.11175973732037238,-2.689095226454268,-0.2255522696390065,0.0,0.11269479494620652,-3.0044972353353643,-0.831532194221764,0.0,0.10841343363366418,-3.1628445723971232,-1.2988863012307719,0.0,0.01733858291115555,-0.7854666003698265,-0.41190535259496636,0.0,-0.5040273131491342,-1.865561001094491,-0.20176580143708112,0.0,-0.38230708664661733,-2.266697024592941,-0.5589427684954426,0.0,-0.4079761848773643,-2.0597717691537154,-0.6605938151408446,0.0,-0.30494194584452067,-1.1471084515168581,-0.37354162902640387,0.0
0.0,0.0,0.0,0.0,0.5762149816649937,-0.2939584440661758,-0.2861115152947629,0.0,1.3767671785684916,-1.4968010912943257,-0.537182026919649,0.0,1.106493442856994,-1.7749812577991662,-0.4544202710104677,0.0,0.8660751095619984,-1.532716331494942,-0.3365896941221811,0.0,1.1296843816644948,-3.025853986480085,-0.3469185123757737,0.0,1.0051628279579354,-2.473590632678,-0.7150680267244968,0.0,1.3382164757348989,-2.4967037962563072,-1.4884598645358613,0.0,0.7305549720924202,-0.9852052096786759,-1.0688705840703554,0.0,0.45913489579296807,-3.3020124597264613,-0.259887049621162,0.0,0.66626886054356,-3.1128244416347464,-0.8478106742455537,0.0,1.1203666572839732,-4.380784082346127,-2.304508700998885,0.0,0.2549034981954338,-0.8224908158085797,-0.7601927286141071,0.0,-0.1958676136443865,-2.624452280212828,-0.21637067835763366,0.0,0.042127098026673596,-3.0367011734600404,-0.8507926225222197,0.0,-0.017036130756412672,-2.810485145621011,-1.1872344796204413,0.0,-0.04800451022119832,-0.7108429271571828,-0.37956189203725244,0.0,-0.5634531015457859,-1.7898443766898455,-0.18348773498343224,0.0,-0.4439389717128438,-2.2358868829601986,-0.5281575269360037,0.0,-0.47366276344057007,-1.9807815323436195,-0.5920369050904303,0.0,-0.3648040206468016,-1.1024652289244603,-0.3134555548810337,0.0
0.0,0.0,0.0,0.0,0.5658192828236236,-0.2681596886685935,-0.30007064691941804,0.0,1.3723114209273217,-1.5029678937125708,-0.5775118903596385,0.0,1.0988172341536464,-1.7535916992358362,-0.47830099136754994,0.0,0.8478862111762256,-1.5383276607164007,-0.3586916092184058,0.0,1.1591273108040696,-3.0186350699675755,-0.3988990858131452,0.0,1.0551001777129378,-2.516683032574064,-0.8014409102085023,0.0,1.2858567404293706,-2.4100824853401863,-1.552765674303437,0.0,0.7085046935177024,-0.9828337577087669,-1.1400298148148995,0.0,0.4827879515463155,-3.338993115820475,-0.3041043692458569,0.0,0.6268928196383324,-3.0752727034281215,-0.8820385843221554,0.0,1.1241027885582455,-4.709520400803172,-2.5639194492883584,0.0,0.27378581779391464,-0.8232566073709007,-0.8127880003468211,0.0,-0.19757107870519264,-2.618844861090543,-0.24001491246771042,0.0,0.010934195988683207,-2.9723454440530097,-0.8735574435581592,0.0,-0.05272108357528797,-2.922264092770805,-1.2963042692358941,0.0,-0.0437838606559113,-0.7432084663806029,-0.4330723774386746,0.0,-0.5610401801942421,-1.7918457943403066,-0.19536854089246308,0.0,-0.45810646427709,-2.1947784106066375,-0.549895837163929,0.0,-0.4945516127475273,-1.9303334933192435,-0.6312790228556513,0.0,-0.36576734000023403,-1.059150158965492,-0.3539557477251298,0.0
0.0,0.0,0.0,0.0,0.5283801146602493,-0.2545130290044099,-0.31267111249743845,0.0,1.3213307498256577,-1.517781401912733,-0.6211895981059571,0.0,1.0522579591727015,-1.7825594439268038,-0.5098038559889524,0.0,0.8087890845558373,-1.546236632483016,-0.37451887198052786,0.0,1.0333877093486648,-2.915304522591261,-0.41339127679686366,0.0,0.9444499793751893,-2.4405750143404865,-0.7992277719286526,0.0,1.1723964105101494,-2.32418067490941,-1.5557325972018703,0.0,0.6434229056712308,-0.9436724104562815,-1.1492178117234553,0.0,0.3862062810883541,-3.180740796753134,-0.3062627491517289,0.0,0.6125924390674286,-3.207014205529818,-0.9575929927190698,0.0,0.8754809237186107,-4.031926757695574,-2.313664323499652,0.0,0.18633177212268784,-0.7932329310072013,-0.8015213993906257,0.0,-0.24587898628611418,-2.576045527514044,-0.24136816131613323,0.0,-0.03577680648699859,-3.129689870140663,-0.9439757720884304,0.0,-0.14643441898848492,-2.6571372326233234,-1.2194661622319596,0.0,-0.11644248511385227,-0.7111491272621023,-0.4181851861540418,0.0,-0.6001108525138634,-1.789430156839384,-0.1958838563307205,0.0,-0.4964882411524749,-2.257450636497384,-0.5595653333798473,0.0,-0.5504243709662786,-1.9210490328623384,-0.6120934703682579,0.0,-0.43625147736410586,-1.0372932545852638,-0.3250831657785772,0.0
0.0,0.0,0.0,0.0,0.5168270621322683,-0.21512968168312746,-0.32249980034712594,0.0,1.3251322531252796,-1.45014289495576,-0.6609594062799838,0.0,1.0900367883475655,-1.7662455683918086,-0.5539668189154064,0.0,0.8305643341628871,-1.5517232122788585,-0.4096020578058829,0.0,1.0809922245669052,-2.843766739304155,-0.469825823466247,0.0,0.9965379018020983,-2.4062395258140787,-0.8740315611348404,0.0,1.169058066323693,-2.1994963801108725,-1.609168791389099,0.0,0.6428950840165979,-0.9140702004948801,-1.2052762915775008,0.0,0.44740134586526864,-3.190582593185563,-0.3772589177987488,0.0,0.5591345915532009,-2.978251021606941,-0.9571794681509842,0.0,0.9717948317253992,-4.475982417011614,-2.6942283526095734,0.0,0.2388375086585714,-0.8648441173996847,-0.9012939055375422,0.0,-0.2156521633820253,-2.5928060672972317,-0.3022148810451192,0.0,-0.03892676904165175,-3.0158589032551864,-1.0003920781875622,0.0,-0.12286333029395131,-2.6902673650725406,-1.3428481822196452,0.0,-0.082068789713822,-0.7551258768570996,-0.4731310545088651,0.0,-0.5833952326349601,-1.7893452417789526,-0.24160186564566166,0.0,-0.4941053992772262,-2.1909136496227255,-0.600518898853283,0.0,-0.5395671914333406,-1.8775306140828045,-0.6524511049228627,0.0,-0.42335252334707835,-1.092583171815431,-0.365762137076502,0.0
0.0,0.0,0.0,0.0,0.5337301553629795,-0.23752999733603683,-0.31360998256150285,0.0,1.2978323220827175,-1.4579177945562614,-0.6184627545591151,0.0,1.035721227944252,-1.8316019539536674,-0.5288404480308504,0.0,0.7830182978229184,-1.5701170068496044,-0.38152479490569313,0.0,0.9592070376379578,-2.6860524161044403,-0.35371039886037314,0.0,0.9459207284933892,-2.5032298610360613,-0.8310136340131715,0.0,1.1211659778612395,-2.2672912385725894,-1.569881798266166,0.0,0.6055604056601814,-0.8971660420438086,-1.151947928488846,0.0,0.3754815845449791,-2.9590309797841026,-0.25580859813329876,0.0,0.5885551373524069,-3.3612179605374792,-0.994321695418406,0.0,0.7768514341826741,-3.6586064304946264,-2.153564647313061,0.0,0.19747941897612384,-0.6951112875094744,-0.7729140592589506,0.0,-0.20684053053380863,-2.552500135041041,-0.21213035778091505,0.0,-0.08740910838663514,-3.1177996584645666,-0.9307680253550501,0.0,-0.1758370118012121,-2.519631798003183,-1.1729472821608713,0.0,-0.10635473962177289,-0.6401164626073335,-0.4091670138335976,0.0,-0.5813660815933637,-1.8415755478991847,-0.18188667547919182,0.0,-0.5135352022014538,-2.2132180855434425,-0.5436508875150525,0.0,-0.5726974102083746,-1.893955675114637,-0.6133683496913092,0.0,-0.43838292614742286,-1.012973459194618,-0.33303448072079095,0.0
0.0,0.0,0.0,0.0,0.528805839819214,-0.21570190847176443,-0.3149274980220384,0.0,1.3038159033727668,-1.4484977620081083,-0.6309762279041642,0.0,1.0494038773065153,-1.8101482046337638,-0.531429232657394,0.0,0.7978736977740746,-1.5709227752402124,-0.38763536714440194,0.0,1.0261459500816106,-2.7463488397703095,-0.428905953093196,0.0,0.9748318456384779,-2.475594223210366,-0.8886836271745999,0.0,1.1135021217625545,-2.1815177636637095,-1.5803579617817383,0.0,0.6109104031668601,-0.867281946971479,-1.169703974553174,0.0,0.4219746396323007,-3.0743359876806955,-0.3248390589255131,0.0,0.545233704980604,-3.2206275254698644,-1.0081021851916718,0.0,0.7886286583871602,-3.995615223217465,-2.398587948401601,0.0,0.19846040358945455,-0.7426087538105026,-0.8272875126715729,0.0,-0.19434875467522514,-2.5986079945130367,-0.25497084104484374,0.0,-0.10135427381659244,-3.0417207083108506,-0.9501861055705995,0.0,-0.19120578968589064,-2.601008082853443,-1.2395359992314308,0.0,-0.10369334521208003,-0.7028651578218829,-0.4474907442449651,0.0,-0.5656361613521675,-1.8639626794258202,-0.20286024231640495,0.0,-0.5162815756249635,-2.1702576423890565,-0.5487312972602626,0.0,-0.5728992144600872,-1.852262485729751,-0.6134174670911782,0.0,-0.43288771162638484,-1.0397445014899764,-0.3464189484204522,0.0
0.0,0.0,0.0,0.0,0.5224401882271896,-0.2385265404257593,-0.3074657621072696,0.0,1.2428265449601255,-1.4454582621606582,-0.599581022501667,0.0,0.9793176667541269,-1.8951446093291484,-0.5218636033681621,0.0,0.7070066538018418,-1.625667171013144,-0.36595738704425357,0.0,0.8596110599060136,-2.680342465844687,-0.3397023784269803,0.0,0.893869644985912,-2.582843884335649,-0.8380446381642839,0.0,1.0425747087506518,-2.295519058995691,-1.5483598892661625,0.0,0.5500482114830555,-0.8711564765562869,-1.0940681758636879,0.0,0.28534913881520574,-2.8781161169542604,-0.2283576958764425,0.0,0.5087026909469629,-3.4398356507019496,-0.9668698167166447,0.0,0.6900374714712584,-3.860692234295111,-2.1255753977823013,0.0,0.18119635760637565,-0.7115505589031684,-0.733116733700004,0.0,-0.25689034208683764,-2.520715358014621,-0.17996905698833734,0.0,-0.18168938919037006,-3.2398707102302735,-0.9190379402583325,0.0,-0.23976117452961948,-2.5126530460338956,-1.104604017505643,0.0,-0.11356455464150311,-0.653660357124616,-0.38849891978898216,0.0,-0.6144848173153326,-1.862107756471338,-0.1508271048016554,0.0,-0.5661282703070104,-2.250531653053859,-0.5121694049701812,0.0,-0.61473982510811,-1.9242803470550496,-0.5846583087128792,0.0,-0.4478223242517529,-1.002068031369899,-0.30838681878255725,0.0
0.0,0.0,0.0,0.0,0.5192494667946087,-0.229667593713047,-0.30903125871801607,0.0,1.230671700843192,-1.4442169946517047,-0.5898423815142368,0.0,0.9670656505271652,-1.8321980717129196,-0.5017374917319926,0.0,0.7034634861478687,-1.6094544816575287,-0.36302104414677194,0.0,0.8750141544519596,-2.6874259386374226,-0.38222018513849254,0.0,0.8783106759805669,-2.51720824868139,-0.8537664731025373,0.0,1.0281927201974312,-2.2233090133513453,-1.5391758681535042,0.0,0.5685982678848823,-0.8593749003749287,-1.1061139509748819,0.0,0.28823118286572447,-2.98857695583739,-0.2811767320327115,0.0,0.44242842069611743,-3.317308784703461,-0.9826006952560614,0.0,0.5950776619984234,-3.7773171544279447,-2.181408515290349,0.0,0.15107551675100556,-0.6791299323130223,-0.7483384647271583,0.0,-0.29258510729955467,-2.568411967063865,-0.22037086399499226,0.0,-0.23559263298984298,-3.0410637173075927,-0.9118638118632152,0.0,-0.31385365857315395,-2.4332693333570483,-1.1389842234032277,0.0,-0.14835481547093055,-0.6289967362579196,-0.40923282508792447,0.0,-0.641250093646626,-1.8404807136946637,-0.17297899679207432,0.0,-0.6036959697064144,-2.139412610804059,-0.512014634423006,0.0,-0.6608911427803741,-1.8082096871147104,-0.5708292018243754,0.0,-0.48931146914552054,-0.9585000096641619,-0.30595035463543613,0.0
0.0,0.0,0.0,0.0,0.5138341291558501,-0.22562080101129625,-0.315171662476709,0.0,1.2291482717182356,-1.432990908059359,-0.6175425621433925,0.0,0.9706798033994114,-1.8200278144910618,-0.5259771760723011,0.0,0.7116633792980847,-1.5924295957775418,-0.37844994769520024,0.0,0.7294881442394876,-2.461434892933575,-0.36001843132358424,0.0,0.8555043795245687,-2.572988760613684,-0.9107311043015057,0.0,0.992445622137332,-2.183993555279205,-1.605103104189202,0.0,0.5431337026471093,-0.8063454594877368,-1.11562310260826,0.0,0.2169440259148205,-2.6113799500249026,-0.2639701809898665,0.0,0.45531576591054845,-3.516667956587757,-1.096137433180041,0.0,0.6063651760499825,-3.429064149014277,-2.085123786811042,0.0,0.20095804659015215,-0.650441792633035,-0.7594564219028237,0.0,-0.2752038401280742,-2.391792885138905,-0.2236287034826389,0.0,-0.27482547099609606,-3.2328852671633825,-1.0275362911155828,0.0,-0.269060934900302,-2.156552307692123,-1.085033994698882,0.0,-0.12310062370118983,-0.5821987938789782,-0.4195139623373744,0.0,-0.6282320916196232,-1.8325903301974524,-0.19226880291816828,0.0,-0.6286999878611834,-2.144784635146857,-0.5645205104388872,0.0,-0.6341670713849363,-1.6699116097031226,-0.6159615091155699,0.0,-0.45324982532541525,-0.8358370505127048,-0.3424244208897331,0.0
0.0,0.0,0.0,0.0,0.5100282080271241,-0.2332216477550172,-0.3354425447756318,0.0,1.1960047741751572,-1.3938039478342972,-0.6371745697031407,0.0,0.9623865322581621,-1.78658924855309,-0.5472280087221986,0.0,0.702643159910562,-1.5959756743325257,-0.39922464813520353,0.0,0.747542561826056,-2.473559978851096,-0.3891686024236547,0.0,0.8321246670590893,-2.5549811785081338,-0.9480281836451412,0.0,0.9316365403091861,-2.108143530224631,-1.6070883955328754,0.0,0.5060369925361208,-0.7667752569233077,-1.1180953541314091,0.0,0.2197885129210555,-2.633965367865158,-0.27655259076677985,0.0,0.3774470284456658,-3.484690099621855,-1.1244570892618837,0.0,0.4533216455248857,-3.3131185798387004,-2.0858855781938748,0.0,0.14666225179966344,-0.6374977292701292,-0.7691748105753795,0.0,-0.2828623393449846,-2.406134239604683,-0.2241326529389575,0.0,-0.3256208822358929,-3.1383999092169987,-1.00121775464298,0.0,-0.3552599439035607,-2.189129823063207,-1.087277247435357,0.0,-0.16914054803250494,-0.6235831700895809,-0.4205738338601434,0.0,-0.6360644666267851,-1.8499497191724255,-0.1864706673924279,0.0,-0.6651690246171085,-2.1062618994844207,-0.547703132152444,0.0,-0.6782747526622426,-1.6212214441746324,-0.5798783782277586,0.0,-0.5039002295358088,-0.8842059938281401,-0.3273798739834186,0.0
0.0,0.0,0.0,0.0,0.501142791617593,-0.21742046973721718,-0.3313577663986904,0.0,1.1989559317149179,-1.3787470392885885,-0.6260544357865806,0.0,0.9849901807953134,-1.7289402949954444,-0.5317179198818761,0.0,0.7559553389129429,-1.5406170217090824,-0.3928784273724306,0.0,0.6984146355251928,-2.338129991753751,-0.3464757828654176,0.0,0.8303027769844655,-2.605659670490172,-0.9434259834937794,0.0,0.9341135059760313,-2.1285902119970492,-1.6224355496268363,0.0,0.5111258576917405,-0.7695355578798304,-1.12663389338495,0.0,0.20586462386464505,-2.4639001723059755,-0.24163925813877185,0.0,0.3829239069269886,-3.679332038306798,-1.1522322357733745,0.0,0.45202473449348257,-3.1454410770754397,-1.9807104195387175,0.0,0.15511047186430083,-0.581291961596841,-0.752218063172653,0.0,-0.26381195561309384,-2.30484337134537,-0.19860740535601748,0.0,-0.3700946104319592,-3.0415640948331,-0.9437075826725233,0.0,-0.3706557023989535,-2.0651464605142307,-1.0396827944710387,0.0,-0.16986890839835342,-0.5400963730250918,-0.4234962732024567,0.0,-0.6218892144847045,-1.8304504370354542,-0.17194199704897767,0.0,-0.6754851402539821,-2.037331690482863,-0.5405254553748435,0.0,-0.678302940840456,-1.5520691154908477,-0.6015568485252415,0.0,-0.482701114410938,-0.7671785734952646,-0.35330919209895484,0.0
0.0,0.0,0.0,0.0,0.4881933722085192,-0.23127440151737955,-0.34403393588034026,0.0,1.1477273502295506,-1.3733513876356316,-0.6575098719103774,0.0,0.9526855800722809,-1.7454500234856738,-0.567779417056856,0.0,0.7241675507120213,-1.5565106857291873,-0.41932562643378785,0.0,0.6452121738373049,-2.3317146216679703,-0.3408602238738484,0.0,0.7842705496506486,-2.6403387761641137,-0.9750980735728043,0.0,0.8451487815267666,-2.0883663177912797,-1.6311122043651065,0.0,0.4596903767783943,-0.7749992755894373,-1.148803745071282,0.0,0.16108007977977704,-2.4359318122320004,-0.22949607907267763,0.0,0.2690100975491072,-3.6784648651387646,-1.1627011964155833,0.0,0.2968935814923047,-3.2241216751118604,-2.0514080074937926,0.0,0.10815743112401296,-0.6283301673678012,-0.7945556826950482,0.0,-0.2931131139296421,-2.298507635862659,-0.18710847959881016,0.0,-0.45810523154801785,-3.1209459498509124,-0.9873423144372754,0.0,-0.4439485956044772,-1.979337576510829,-1.0286026287400958,0.0,-0.20684117426366985,-0.5633281912238073,-0.44130873058564196,0.0,-0.6446201232205565,-1.8581957522671875,-0.16419365394244834,0.0,-0.73077608884034,-2.0301226877548593,-0.5275968505398905,0.0,-0.7333468685957222,-1.5485119863247219,-0.5813109587429665,0.0,-0.531255080716484,-0.8296654827103305,-0.35306840814379153,0.0
0.0,0.0,0.0,0.0,0.5086086349388526,-0.2150772695681916,-0.3686332500695397,0.0,1.1877491248729313,-1.3745056227068027,-0.7133531978902286,0.0,0.9617650987334975,-1.843844571134959,-0.635092899482581,0.0,0.6714174678274348,-1.6361445645272592,-0.4559369558410754,0.0,0.7504443954896551,-2.3484198668964367,-0.4081235678505892,0.0,0.817717149855112,-2.6132098556361973,-1.0763502722687948,0.0,0.8735437445239239,-2.024428757222321,-1.7369077657911252,0.0,0.47976150752266816,-0.738049209848488,-1.2218938824679628,0.0,0.25973770508008476,-2.559362858990963,-0.30380201271477786,0.0,0.36151284059270966,-3.5226225066485037,-1.270015688990278,0.0,0.4625956392046071,-3.1246846753037216,-2.25962488823754,0.0,0.175700371757928,-0.6046822863652299,-0.8873375836244936,0.0,-0.23182252701519865,-2.4148256536089105,-0.25987809724747774,0.0,-0.35619525798639085,-3.0083909994292726,-1.0919073255382126,0.0,-0.3567534763670871,-2.1647720905264007,-1.2845641143632125,0.0,-0.13814939670128495,-0.5523123274818627,-0.515595559574417,0.0,-0.616688620838846,-1.8801177128707163,-0.22530350616592168,0.0,-0.6622372404634516,-2.044812097271153,-0.624295450614243,0.0,-0.7100377449325108,-1.6815567481572806,-0.7323432136771546,0.0,-0.5125361365064663,-0.9021435321005212,-0.4594693293600673,0.0
0.0,0.0,0.0,0.0,0.48711332831543486,-0.19919713397641528,-0.3356097349825409,0.0,1.164847217751913,-1.3476620007004465,-0.6343173547778814,0.0,0.9653349774206706,-1.7697909914050243,-0.5539799031838389,0.0,0.7069616815426433,-1.603388066196219,-0.4087971368942891,0.0,0.7200399003490116,-2.335127444480569,-0.3344771363484513,0.0,0.793029922342117,-2.6578228040153924,-0.9715332994611712,0.0,0.8886341347727941,-2.140854026717005,-1.6587467464366061,0.0,0.49207864466444795,-0.7670352142375944,-1.1297826154142279,0.0,0.22962024311488,-2.5576776397285568,-0.2439077600073193,0.0,0.29234149482114435,-3.499256665866764,-1.1247113072671076,0.0,0.40535672113548793,-3.276734154317936,-2.117016406819892,0.0,0.1473287868299554,-0.6371955461176558,-0.8023527249668446,0.0,-0.2711335709731766,-2.4135235496478367,-0.21201598458885715,0.0,-0.39718086440855066,-2.846477760475104,-0.9219027795627226,0.0,-0.4247402920110265,-2.15360859346363,-1.140501220757721,0.0,-0.1747704947537523,-0.5535016707468075,-0.44636257821879316,0.0,-0.6476340075860751,-1.8788971522387157,-0.189635524208486,0.0,-0.687040855586905,-2.0077079957799864,-0.5607364636641218,0.0,-0.7340984831675841,-1.6430909002416811,-0.6571948453991269,0.0,-0.5226690810629154,-0.8601093564348185,-0.39537655315101844,0.0
0.0,0.0,0.0,0.0,0.5089354343240133,-0.24904305906040014,-0.3659826974809331,0.0,1.1554081939229235,-1.4059928539307276,-0.6941944285131239,0.0,0.9002913302464934,-1.9695615952055852,-0.6440702048460891,0.0,0.5694101916488795,-1.7627039383442062,-0.4685157928867813,0.0,0.7909387848640274,-2.390625115623948,-0.4169705537296728,0.0,0.7762329954361686,-2.6029685838486483,-1.0137932665856393,0.0,0.8563374045989336,-2.214867330317989,-1.7471030987176452,0.0,0.44848646144446486,-0.8473029965129611,-1.2428123488461214,0.0,0.2916635436023536,-2.6665308672846244,-0.30822733545228925,0.0,0.32228720821925927,-3.582489977752542,-1.2402571239641123,0.0,0.3825675738357063,-3.3787305718758325,-2.307608508278685,0.0,0.11974498849142659,-0.6790705262716848,-0.907374054379816,0.0,-0.2175133467055679,-2.5333118213024495,-0.2520751949956187,0.0,-0.3834542766846349,-2.972713068532035,-0.9922734651017245,0.0,-0.44208798389407544,-2.3919994835591414,-1.289274184280784,0.0,-0.1832417964642151,-0.5937978951981776,-0.5048652073809005,0.0,-0.6254323159544354,-1.9694257562758664,-0.20729979610277746,0.0,-0.6991818224895566,-2.100530727670751,-0.6144206220893137,0.0,-0.7303254925134757,-1.685991347541197,-0.7241532427517932,0.0,-0.5024181697381985,-0.8614438344463793,-0.4483505471463713,0.0
0.0,0.0,0.0,0.0,0.4991001313142497,-0.2725873507495366,-0.34315064529927847,0.0,1.1252480716371576,-1.4162805524629782,-0.6291152958105847,0.0,0.8709451433230534,-1.9492622709680043,-0.580303032818245,0.0,0.5473561169029896,-1.7641242943050677,-0.42687780037637124,0.0,0.7143837798953757,-2.462728146249823,-0.33493708678861234,0.0,0.7227808939972222,-2.674210646798227,-0.8976931782401055,0.0,0.8573210504114327,-2.394487051473939,-1.6572269561923474,0.0,0.4539109656977054,-0.8633573010425877,-1.1194796405273444,0.0,0.20131936911170883,-2.711652350633383,-0.23149700134615459,0.0,0.2600948767122036,-3.5568133758322737,-1.0666416810451402,0.0,0.3484508572566021,-3.736578882435544,-2.2192345733025167,0.0,0.11467738891432162,-0.7030417779255999,-0.8069798997126405,0.0,-0.30301329453002984,-2.537173158840381,-0.18572789952879418,0.0,-0.43076627455694555,-3.0774377302781417,-0.9119634145580061,0.0,-0.47778225187453816,-2.398531243449731,-1.1400189197201085,0.0,-0.19282705930753383,-0.6039393940978863,-0.427702706510329,0.0,-0.6782053294929528,-1.960083563375794,-0.157808454012425,0.0,-0.727210753115257,-2.157032365526818,-0.546527974639316,0.0,-0.7631609480842945,-1.727285755544202,-0.6296221882673294,0.0,-0.5318473321425775,-0.8722116075207768,-0.3621759714702377,0.0
0.0,0.0,0.0,0.0,0.5438884134032737,-0.2903262698711992,-0.33512515552358074,0.0,1.1494518187221958,-1.4197045911157307,-0.6002709744629727,0.0,0.8641587634708355,-2.0013048175157238,-0.5725404761599479,0.0,0.4824657158805064,-1.8461111574318803,-0.43271838325770334,0.0,0.7454959876170182,-2.5342311765499104,-0.4178545549953555,0.0,0.7442692221710702,-2.5711467633061797,-0.9326476030543045,0.0,0.896403753864161,-2.307485636381491,-1.6671898409483341,0.0,0.48438005551166713,-0.8361033069170483,-1.1338531341330649,0.0,0.21353645827184578,-2.8211177590860905,-0.3211000378274468,0.0,0.31312798085636895,-3.439704737377758,-1.1382312701128874,0.0,0.4260808906502808,-3.5879696169100317,-2.2882826710989543,0.0,0.14959538973511913,-0.6794410583456002,-0.8443969663141919,0.0,-0.30660411625797496,-2.5842095511286707,-0.25885605218486935,0.0,-0.3863643092055655,-3.0506524528830314,-0.9957672598599364,0.0,-0.42462097165501916,-2.3795363471387008,-1.2419363801174337,0.0,-0.1570368842064035,-0.5680372155755258,-0.4615236448540634,0.0,-0.6745372746296673,-1.9430405508082094,-0.2045329274852803,0.0,-0.6983226109377763,-2.159369134112732,-0.5915410506228612,0.0,-0.7396521507345907,-1.769294235050253,-0.6925854512155848,0.0,-0.49659027390393323,-0.8799090578798123,-0.40390871053100136,0.0
0.0,0.0,0.0,0.0,0.5361013798688683,-0.28894031714851404,-0.3410946494711649,0.0,1.1474185533372663,-1.4135430456167717,-0.6038831137986815,0.0,0.8634831762342782,-1.9799153451678768,-0.5722729033604089,0.0,0.4791060731199363,-1.8341845700512385,-0.4336246571651087,0.0,0.7668427443135173,-2.495309656823794,-0.38399013344463107,0.0,0.7737622961988424,-2.598133557801084,-0.9329009261314567,0.0,0.8818191339411181,-2.2262927649025612,-1.6314546196239639,0.0,0.47479375566865994,-0.8019218534374162,-1.1109552582563216,0.0,0.2303215697421531,-2.821206958309908,-0.2916970403853251,0.0,0.29498004739995914,-3.373133692237065,-1.0814792590166338,0.0,0.4266401265588976,-3.804023445385069,-2.3622531533174564,0.0,0.1573612325194394,-0.7202019401307473,-0.8582042747588566,0.0,-0.3039333390917427,-2.5882758753363473,-0.23627181373721895,0.0,-0.396194840395367,-3.029504498496575,-0.9701152286092848,0.0,-0.4329832287973413,-2.3163037979722576,-1.1944254310640947,0.0,-0.1563937975589107,-0.5608353245540803,-0.4431927910606762,0.0,-0.6740842870961086,-1.9427656075981037,-0.19059809517179657,0.0,-0.6982463665155244,-2.1423172033662756,-0.5652788812899193,0.0,-0.7496447808409225,-1.7406738194553246,-0.646648399125876,0.0,-0.5183651984863391,-0.882961202037516,-0.3682277606809216,0.0
0.0,0.0,0.0,0.0,0.5425529397240251,-0.25475137735233855,-0.32768522755178403,0.0,1.15135200713122,-1.3308309491707946,-0.5705861252044179,0.0,0.8816805514317813,-1.9285312227224696,-0.5480509624039055,0.0,0.47554213846238,-1.8769129243369003,-0.4442371476810337,0.0,0.7797431481285267,-2.5080243723325553,-0.428643435819542,0.0,0.7774568626625992,-2.5086388284193,-0.9341463815351881,0.0,0.9070731740529921,-2.194492494189363,-1.6576494365937693,0.0,0.4850345475499779,-0.7865525575637066,-1.1311388743491082,0.0,0.21962490160673134,-2.826216307018991,-0.3415483304543009,0.0,0.3146494820466122,-3.208352050216185,-1.0821498322239307,0.0,0.4831593957689394,-3.7623182441712277,-2.443353957237526,0.0,0.16716483184168146,-0.6911435557773832,-0.877126924404267,0.0,-0.31698978260860566,-2.5388368064206635,-0.27618413384584195,0.0,-0.37162196785492946,-2.9837365991200846,-1.0152479488488875,0.0,-0.3986223046100156,-2.2746889913635706,-1.2661688223531833,0.0,-0.14422511135966382,-0.520854056022552,-0.47164790759017805,0.0,-0.6731078023733879,-1.8953718909155852,-0.21995278893466752,0.0,-0.6878732371472677,-2.1250410170722045,-0.5982568024599281,0.0,-0.7347010465040162,-1.7375442741294673,-0.698549719542803,0.0,-0.5047848113052867,-0.873905949064888,-0.41551577844503096,0.0
0.0,0.0,0.0,0.0,0.5391642760192418,-0.24781025745517096,-0.32296787201058225,0.0,1.1622009605837205,-1.31963073022212,-0.5657161432599042,0.0,0.9073428460699644,-1.9408713495576553,-0.5505790103116187,0.0,0.49151481719549267,-1.896601359141348,-0.44814770395380865,0.0,0.7964215299217914,-2.4658446372548912,-0.3968177615223151,0.0,0.8137674269351682,-2.515972901546487,-0.9260328965479572,0.0,0.9254300355273042,-2.1665902904318672,-1.6290963595495251,0.0,0.5023290341067166,-0.801575907863687,-1.133961680908044,0.0,0.25486681604721506,-2.778369650000221,-0.3126258809892826,0.0,0.33815549864229383,-3.2668413948434374,-1.080293728736135,0.0,0.5033975589667771,-3.7903771760202756,-2.415334934077132,0.0,0.18216999621913704,-0.7225910764394474,-0.8783658849932536,0.0,-0.2740148417321577,-2.5544457624060404,-0.26258923701678344,0.0,-0.353149126311745,-2.99365837960489,-0.995748249194261,0.0,-0.3844759493845739,-2.2977372192249197,-1.2357290118291577,0.0,-0.13477987163603908,-0.5585192924575266,-0.4663807336282279,0.0,-0.6455780817580195,-1.9443458786731673,-0.21922787550753836,0.0,-0.6726133065088844,-2.1232016969104985,-0.5868102135663857,0.0,-0.7219254408485123,-1.7170058759113258,-0.67252759397267,0.0,-0.5023981730841759,-0.890368881228574,-0.4017941415483649,0.0
0.0,0.0,0.0,0.0,0.5477616384483052,-0.24008124108080783,-0.32970537403961775,0.0,1.1919251779282782,-1.3145475093212489,-0.5896363766208305,0.0,0.9507916303892606,-1.9886688652358864,-0.582338699082113,0.0,0.5308661997294916,-1.878218654194437,-0.44544463768453096,0.0,0.8635753829128754,-2.4781793505390817,-0.3960350339552448,0.0,0.8735135312697424,-2.4763016200117858,-0.909973753543264,0.0,0.9801210177529743,-2.14486896253709,-1.5981411615903354,0.0,0.5157836838127396,-0.770779138621737,-1.0983484108887744,0.0,0.3280929454694855,-2.8275467278694637,-0.30335378616310665,0.0,0.4252171414081385,-3.2316396680985977,-1.0460193816064312,0.0,0.6026858700003368,-3.871183071757814,-2.397825842103211,0.0,0.19040654896251025,-0.7104668537755955,-0.8379191544384404,0.0,-0.2206413936146513,-2.5845973391011694,-0.24426263974294601,0.0,-0.2514841998096703,-3.0455259194708924,-0.9901641952515564,0.0,-0.32325625205600766,-2.382384520100752,-1.2348565343525435,0.0,-0.11961099854069873,-0.5707467213346755,-0.4441518495715859,0.0,-0.6056070654053446,-1.9434645705817613,-0.19384178466144814,0.0,-0.5990495648347333,-2.1758357564756046,-0.5611896638694981,0.0,-0.6843775374649986,-1.8181365385333685,-0.6461043134639063,0.0,-0.49047992174387667,-0.9413540345150176,-0.36467017210708175,0.0
0.0,0.0,0.0,0.0,0.5584102646116856,-0.25956890627765666,-0.3388229690357381,0.0,1.2111761117427053,-1.348913653149434,-0.602161018671444,0.0,0.9366506959574362,-1.9648486569543735,-0.5788333522023994,0.0,0.5148279382918504,-1.867533209334617,-0.4504293824029339,0.0,0.9183556854947518,-2.5283701819503785,-0.4492601843187992,0.0,0.8951246217268183,-2.452298842478841,-0.9468129120781561,0.0,0.9859954193449414,-2.0845802266492197,-1.6233236940082345,0.0,0.5100145370761785,-0.7312832726643341,-1.1158951431917437,0.0,0.36007036576178375,-2.9357140653870717,-0.3638539105854464,0.0,0.43911193158926193,-3.119143170181471,-1.057962578504703,0.0,0.6641764138543329,-3.9789336390473014,-2.5550418810766895,0.0,0.19502471978045602,-0.7110180695506451,-0.8862815402906035,0.0,-0.22122204659894723,-2.626359910981541,-0.2919404693093978,0.0,-0.23199396553546872,-2.9985326986562186,-1.0219863135228937,0.0,-0.30531051075149435,-2.394428962051828,-1.3002996489937328,0.0,-0.11770399172364132,-0.556064446160761,-0.465210189051426,0.0,-0.6085618367525591,-1.9223183871126548,-0.2251954617235972,0.0,-0.5897873702000663,-2.184248022982124,-0.5992046858672381,0.0,-0.6646563782381556,-1.8106005534970633,-0.6800067462097084,0.0,-0.4773684320651772,-0.9456973309015849,-0.38694932375327895,0.0
0.0,0.0,0.0,0.0,0.5521607168524524,-0.2517709179883144,-0.2983560470402851,0.0,1.230861989226072,-1.3313146980520938,-0.530062198681907,0.0,0.9971495534293195,-1.9565750968212152,-0.5144767107746849,0.0,0.5745938241161024,-1.8778714233375708,-0.4051606583456895,0.0,0.8776651998657204,-2.4168756283749087,-0.2979312338699288,0.0,0.968594033489889,-2.5212429969738666,-0.845978560519159,0.0,1.0508581404727637,-2.170475946907949,-1.5411783605430551,0.0,0.529397711474196,-0.7902007868985335,-1.0763986497348,0.0,0.3568842778482365,-2.687241301944609,-0.22290329624927224,0.0,0.5476294545512033,-3.3260903784199423,-0.9889933502389743,0.0,0.7237183875365936,-3.9311171669636273,-2.2923900369165584,0.0,0.20489750919888833,-0.720224833709757,-0.8058880180406361,0.0,-0.1609594009232205,-2.5142881996352386,-0.2028425599154153,0.0,-0.16989946837999248,-3.099554883605817,-0.9396639660197906,0.0,-0.2549484472238322,-2.4575298967719954,-1.188038847208267,0.0,-0.0982903175771148,-0.6061040528971501,-0.4329809909260888,0.0,-0.561547463159528,-1.9585835341564193,-0.18949144644448324,0.0,-0.5890105060413113,-2.183518433844683,-0.5786504831038374,0.0,-0.6198296475062843,-1.7040406618809973,-0.6475152438942935,0.0,-0.43078744312571804,-0.9052224805079495,-0.38606808862794406,0.0
0.0,0.0,0.0,0.0,0.5531513744041062,-0.25954803411045496,-0.33269264689593797,0.0,1.230844635460132,-1.3289600462041016,-0.5952817945866089,0.0,0.9851674258156063,-1.9517270302675092,-0.5791769226878698,0.0,0.5590299994628011,-1.851928172982651,-0.4495791248999701,0.0,0.9180079734612997,-2.455460980654904,-0.3840720963624105,0.0,0.956418279303677,-2.475178897048941,-0.9410742103527042,0.0,1.0188587278824166,-2.0515676872750728,-1.6070886686238068,0.0,0.5311354696464902,-0.7350261785640999,-1.1277090339302598,0.0,0.3793180548072238,-2.7871631127919314,-0.302095510842246,0.0,0.5203912037046146,-3.1983443840461723,-1.0687098787871978,0.0,0.7375662666016428,-3.951681545209627,-2.535537206281805,0.0,0.20995920981328126,-0.7093307383099916,-0.8920297635702626,0.0,-0.1718692961744021,-2.5464488943404415,-0.2595486571153552,0.0,-0.18632534463600497,-3.0620281880126803,-1.0445611152394083,0.0,-0.266292223679242,-2.3386239911603015,-1.2935610041904548,0.0,-0.10833375095691797,-0.5558970271651031,-0.4803733103786218,0.0,-0.5699216661634136,-1.9265629313908235,-0.22109659021757733,0.0,-0.5754889969075883,-2.1710193813146246,-0.6104920159215214,0.0,-0.6336003799068473,-1.7654795909051837,-0.6940634157807698,0.0,-0.451548875048058,-0.933486238391534,-0.407875740864661,0.0
0.0,0.0,0.0,0.0,0.5415265776384701,-0.2330125115647557,-0.2980839393847843,0.0,1.2453797205348338,-1.2841541927119842,-0.5220305437555396,0.0,1.02669352597576,-1.8849545589950976,-0.4993200306943681,0.0,0.6066725173034152,-1.8430424846034805,-0.3990313968080176,0.0,0.9848362427639817,-2.5216181564443234,-0.351507491343564,0.0,1.004094548842407,-2.479372459066626,-0.8561324476598674,0.0,1.0897727344289612,-2.17541884941569,-1.552962349005179,0.0,0.5496998716846068,-0.7905020049639021,-1.0759241131325497,0.0,0.432728190025517,-2.9282763539514347,-0.28264631377495875,0.0,0.5591950123633687,-3.115742209507038,-0.930118956245182,0.0,0.8793854619427035,-4.566435509954252,-2.578641428492416,0.0,0.22610918861023652,-0.7947459263991907,-0.8350081170001575,0.0,-0.16071003113215207,-2.624521749660041,-0.2426920868051882,0.0,-0.12127244362534796,-3.0010565123510675,-0.9199170424277868,0.0,-0.2324539389377634,-2.5619872814121543,-1.2329551757749482,0.0,-0.09221890561983306,-0.625387613216662,-0.4384055480822497,0.0,-0.5646152679076898,-1.930776374843545,-0.2038519206035897,0.0,-0.545958795106635,-2.1674011023812128,-0.5627004703081131,0.0,-0.6060494238791764,-1.7730169706607892,-0.6368330537714436,0.0,-0.4281878557248312,-0.9428737149629467,-0.36908484044121753,0.0
0.0,0.0,0.0,0.0,0.5492646590332467,-0.24099978191353796,-0.31271884946391304,0.0,1.25716872234472,-1.3091888153620634,-0.5540873630366966,0.0,1.0305203320265137,-1.9293969209014175,-0.5302269951577929,0.0,0.6084842798015924,-1.8470929829407845,-0.40905146462155106,0.0,0.9640207827148182,-2.4065021296696885,-0.33972203433831377,0.0,1.0220358117482675,-2.455615514986765,-0.8650160850682549,0.0,1.0780424886709317,-2.0771586901392443,-1.528523911021899,0.0,0.5336569031624337,-0.7532367401401159,-1.073006073143805,0.0,0.4444439826937298,-2.7315046127732145,-0.2553324242272716,0.0,0.6148498051165852,-3.3518701514162075,-1.0237516789784513,0.0,0.7628610337556484,-3.839998711593605,-2.268714262223572,0.0,0.20358582324896687,-0.6981605230948995,-0.7955185280454834,0.0,-0.09614397054395744,-2.555104358708207,-0.2191317438544907,0.0,-0.13578094689506945,-3.094419374865793,-0.9383581123137963,0.0,-0.2339172621104883,-2.390472457486335,-1.1380017911550016,0.0,-0.09212060759849301,-0.6012184482776582,-0.42169756331615554,0.0,-0.5157532582928537,-1.986370352302592,-0.1921523783700628,0.0,-0.5445676660274524,-2.1670624582917375,-0.5474856216752179,0.0,-0.6018471831102022,-1.7576031372795289,-0.6142498811063121,0.0,-0.43161834405911814,-0.9802542423293,-0.36987992288359217,0.0
0.0,0.0,0.0,0.0,0.5610213822041129,-0.22701536116924026,-0.29881974948573475,0.0,1.2678426960137386,-1.2408032142387986,-0.5073827281066845,0.0,1.052178671646039,-1.8416981502623373,-0.48879234196483273,0.0,0.631486912388727,-1.8165187542097858,-0.3943051646092195,0.0,1.0458455930285582,-2.533082470489804,-0.3197620205589549,0.0,1.0410897194285111,-2.4351846028648225,-0.8234979805189799,0.0,1.119823248702718,-2.1114722687153678,-1.5284403864504827,0.0,0.5454342370635272,-0.7336568062899376,-1.0538979048133892,0.0,0.4820075116136702,-2.974029048028601,-0.2507056253533428,0.0,0.615901678586034,-3.0281161175131515,-0.8833128695206499,0.0,0.979427968261368,-4.387370826716177,-2.500307444928893,0.0,0.23485651722091638,-0.7469322015164616,-0.8166775945745945,0.0,-0.13729979320904923,-2.6170739201793456,-0.2167047216066511,0.0,-0.05356869937485654,-2.944796931402759,-0.88839301974729,0.0,-0.17546576054290686,-2.5970080947372316,-1.2461525367107262,0.0,-0.0903897658304977,-0.6140944365066645,-0.4274553073961024,0.0,-0.5450723022863733,-1.8937801800866487,-0.18454617637951257,0.0,-0.49933571832541834,-2.1678673503927754,-0.5424104073061737,0.0,-0.5733911078620191,-1.7927791750585627,-0.6130552554286612,0.0,-0.42116352243721844,-0.9463180755208519,-0.33941009861733357,0.0
0.0,0.0,0.0,0.0,0.5595905560157439,-0.23098480151769946,-0.28551726661372,0.0,1.280046562007971,-1.2895859280018205,-0.49173997027957467,0.0,1.0565630484412247,-1.9311736767287215,-0.4725057863319693,0.0,0.6366839231122178,-1.848468200945921,-0.36035158447549753,0.0,1.010939607177575,-2.531080462025236,-0.2918119945296154,0.0,1.0160050875883138,-2.4286085096592673,-0.7435262400241028,0.0,1.1883793539635865,-2.2097313866852204,-1.428012654884913,0.0,0.5973288293147795,-0.776847447401399,-0.9778666137563029,0.0,0.45702080074634366,-2.867333126824512,-0.2073391547810382,0.0,0.6220150111564219,-3.1057718527491014,-0.8314709591521757,0.0,1.01290137229587,-4.344502032973836,-2.2655182767145847,0.0,0.24900997633144561,-0.7326992063605557,-0.7177102052757268,0.0,-0.11636582301745221,-2.5817213774612493,-0.17234428289378642,0.0,-0.06724203428053405,-3.0496065523702898,-0.8361870034337524,0.0,-0.14690593461895954,-2.483515853745911,-1.0716364063290684,0.0,-0.06477846677821286,-0.6008711244011697,-0.36072173406448244,0.0,-0.5245629254796628,-1.934093605310167,-0.14837953681982813,0.0,-0.5062472629922171,-2.2045156223754763,-0.49328569158810276,0.0,-0.5485953839920323,-1.7914317564693787,-0.5460234100028658,0.0,-0.3931643730291567,-0.9783137004205803,-0.29821020406568904,0.0
0.0,0.0,0.0,0.0,0.5575938633490247,-0.23964277243516918,-0.31772648235314427,0.0,1.2853911680568797,-1.2867794432294326,-0.5542594503847467,0.0,1.0667251043825787,-1.8916616102074182,-0.5309297893128518,0.0,0.6434710073434807,-1.8299785371533719,-0.41626032347457737,0.0,1.1155675413120139,-2.649353741780687,-0.4153902128405534,0.0,1.0556963770205385,-2.419142901414161,-0.8638112933784231,0.0,1.1508476161109187,-2.150916136487076,-1.5641632463294683,0.0,0.5777865451334101,-0.8125153641098725,-1.1163931514431191,0.0,0.525722685886266,-3.1165387259019037,-0.33167162434534253,0.0,0.6419512712900248,-3.0461138082444035,-0.9352477383849062,0.0,1.0392651471221837,-4.647148045652432,-2.6834679896875198,0.0,0.25076329479575493,-0.8460792527070069,-0.8960723344249432,0.0,-0.11756463934498142,-2.6750017138643223,-0.2609020097151412,0.0,-0.007462842610685054,-3.056346334783402,-0.9447676165384902,0.0,-0.1434813128368439,-2.726450157731468,-1.311120037526935,0.0,-0.08171438795710657,-0.6616235815220657,-0.457051107028535,0.0,-0.5276228478109177,-1.9164507738260932,-0.20306378015836077,0.0,-0.47756144264386496,-2.229648212202399,-0.5687508469855768,0.0,-0.5529437493668518,-1.8440966057207009,-0.6362686796222488,0.0,-0.4128752741421294,-1.003197735144351,-0.3647722723674709,0.0
0.0,0.0,0.0,0.0,0.5634999326021167,-0.2554498110667698,-0.2913450963904711,0.0,1.2886910955814106,-1.3069946092987101,-0.5079210967750252,0.0,1.0802816709228675,-1.9380830389720707,-0.4953448977693429,0.0,0.6568006180276973,-1.861281641569617,-0.38552315102181167,0.0,1.0459739817784808,-2.6056915560872755,-0.29846513618987347,0.0,1.0609512405763302,-2.4588538155488235,-0.7687191788854422,0.0,1.1747230260484516,-2.1871732333433984,-1.4492029850383263,0.0,0.586856679637231,-0.7945371880233714,-1.0142779823474084,0.0,0.47530277663922116,-2.9357861319755525,-0.21051954150258415,0.0,0.6741392037097919,-3.182910442350119,-0.8564117920740087,0.0,1.0549298129902778,-4.569114461395683,-2.370976906968621,0.0,0.25377815841415385,-0.7987281202058242,-0.7617418562781236,0.0,-0.10871359964123907,-2.605202427439177,-0.17537119660422257,0.0,-0.008851998329297084,-3.1586607507647275,-0.8614564084665091,0.0,-0.12287452614543977,-2.6805318182712154,-1.1361774210588618,0.0,-0.06533172317113083,-0.6678530029120884,-0.3858431575291108,0.0,-0.5132918406917915,-1.9442208567193904,-0.15311994579931054,0.0,-0.4817165373262214,-2.249425028041767,-0.4963144857788622,0.0,-0.537120743753612,-1.9063028622484506,-0.5605840575768977,0.0,-0.3936215050341863,-1.0801563688683686,-0.3121484562022949,0.0
0.0,0.0,0.0,0.0,0.5531855107209998,-0.235242194089991,-0.30755357460014054,0.0,1.3045236008837842,-1.3041235525276016,-0.5470109503681039,0.0,1.1044883980363094,-1.9211628083543912,-0.524355037660746,0.0,0.6760748416775184,-1.8448389400313296,-0.40568982504942075,0.0,1.1302119501944854,-2.654912876708627,-0.3192060503952474,0.0,1.0802257719355643,-2.429669661197328,-0.7821703403988637,0.0,1.197328093079043,-2.212802482416675,-1.495292306553931,0.0,0.6164074894504709,-0.8777712187981777,-1.0935514576719185,0.0,0.5565590200922197,-3.058856297069853,-0.22345648380894523,0.0,0.7391391628347662,-3.1635024494289192,-0.8814133948164989,0.0,1.1676473896002906,-4.520508339643381,-2.433607376870464,0.0,0.2928490864310398,-0.8652912370799533,-0.8283108484763002,0.0,-0.07916921617338346,-2.663813916725067,-0.18161732717265866,0.0,0.05242228883108785,-3.0764623285008694,-0.8507626835019063,0.0,-0.07864723945202763,-2.8902848547241944,-1.2326827896726187,0.0,-0.06359622735308856,-0.7018120713089572,-0.4020954630338873,0.0,-0.5037852235204989,-1.9229901790275616,-0.15424601151436623,0.0,-0.4481589080880367,-2.2445572799111106,-0.5108929987207275,0.0,-0.5280069356438474,-1.8916348206890594,-0.576213867935559,0.0,-0.4038538600488748,-1.0414699312735198,-0.3164375052047769,0.0
0.0,0.0,0.0,0.0,0.5460077240757493,-0.24501120190912495,-0.2951818885462246,0.0,1.2949655307431116,-1.3127112102058247,-0.5235352193644583,0.0,1.096151249319784,-1.9157891790753738,-0.5003154872236502,0.0,0.6717519079357291,-1.8517640899635441,-0.38949165377633416,0.0,1.101257475646424,-2.6938350821804224,-0.28434007816003887,0.0,1.0617395487934203,-2.434502065151458,-0.7362745448015883,0.0,1.2044556476871007,-2.2123394828954694,-1.4260695179039151,0.0,0.6222006880864466,-0.8399561014695963,-1.0126946653023114,0.0,0.5170653327929902,-3.047465981431107,-0.1889041416405577,0.0,0.6871757259931939,-3.1052668600279687,-0.8115260147781199,0.0,1.1361227782358923,-4.744317903376275,-2.3899060366926217,0.0,0.27431571534599064,-0.8692732657089554,-0.7622602429430935,0.0,-0.10194837587008226,-2.6491740641019548,-0.15770222019898528,0.0,0.02574104943541232,-3.0862357851386286,-0.8200675141662426,0.0,-0.10079922556288379,-2.788010125936034,-1.1405317529471515,0.0,-0.06007766347227956,-0.6963135267481522,-0.36668034249591286,0.0,-0.5123382452186966,-1.9328843078382831,-0.14077350549752257,0.0,-0.46202625603337105,-2.2516134891768043,-0.4822155081822119,0.0,-0.5316512364357957,-1.915709199455668,-0.5448300327256905,0.0,-0.39524562420400716,-1.0878840736650661,-0.29599609847365443,0.0
0.0,0.0,0.0,0.0,0.5720071010655492,-0.2472830952454221,-0.29451538372886976,0.0,1.31238107535067,-1.2893509037910036,-0.5085797748799432,0.0,1.1103790027195488,-1.8887956756076665,-0.4845574067872624,0.0,0.6904160377442287,-1.8359253766549843,-0.38026162248203244,0.0,1.0916481713012978,-2.70982279155659,-0.32974091785493204,0.0,1.0797024713669703,-2.442209016097125,-0.7608758517253519,0.0,1.2451045269314256,-2.276172171525192,-1.4787477434976475,0.0,0.6345562210749359,-0.8702414829147764,-1.0487433244104611,0.0,0.5033010592275806,-3.0110417140114403,-0.23300974392122334,0.0,0.7385140241283794,-3.182799089028802,-0.876824692651674,0.0,1.1364623111443075,-4.424181398748636,-2.3486130946200663,0.0,0.29011627066312,-0.8374208979640889,-0.7962413539172806,0.0,-0.09574187012029504,-2.622136734239882,-0.18759453300702655,0.0,0.07137149840307463,-3.1631534854050596,-0.8718300492552593,0.0,-0.04407847537757586,-2.828077796169446,-1.1990517951419712,0.0,-0.04001193130731348,-0.6977776043570579,-0.39959171006632216,0.0,-0.5024557958395532,-1.914402349796957,-0.1556131861460161,0.0,-0.4365939461385114,-2.277294263726064,-0.5149778234114322,0.0,-0.5014700467289124,-1.8968431960197072,-0.5779238759585802,0.0,-0.36892143830941376,-1.024550127688965,-0.3175190141703563,0.0
0.0,0.0,0.0,0.0,0.5665852252722845,-0.24290818938932654,-0.2941303502290431,0.0,1.3063407415700243,-1.2827822841768146,-0.5096943601673734,0.0,1.097315604819526,-1.888885357669923,-0.48666702481423607,0.0,0.6809230728896974,-1.8281962485502683,-0.3811067055965182,0.0,1.0695190477115744,-2.6288595003813406,-0.3185268869964362,0.0,1.0872467026253685,-2.427213125362201,-0.7859921439962195,0.0,1.2085775573050423,-2.1630330504083335,-1.4758000999324021,0.0,0.6152098601784746,-0.8099127522495103,-1.0447718526920704,0.0,0.4934221235622913,-2.9372194670122735,-0.23120891320449594,0.0,0.7104383372643325,-3.127381105181289,-0.884564606344633,0.0,1.103111667456888,-4.463744484146313,-2.424021366377853,0.0,0.27532412392955613,-0.8265067079498031,-0.8059826942274405,0.0,-0.09660250292955536,-2.5846328760093207,-0.19573691395386172,0.0,0.03904098518637351,-3.145178482771069,-0.9206238022180983,0.0,-0.07946261062427627,-2.5505649298626647,-1.1820018033889648,0.0,-0.05080772247291354,-0.6329939989040259,-0.40919748764012914,0.0,-0.5031497483868088,-1.9101370187308073,-0.16868765832722468,0.0,-0.44959552851983514,-2.240514283782004,-0.5295813220155388,0.0,-0.5112601047181236,-1.8752259261207254,-0.6006945168417054,0.0,-0.36812345950152736,-1.0100819683522344,-0.33038839150404825,0.0
0.0,0.0,0.0,0.0,0.5637039297199976,-0.24664937332684314,-0.2984099211660521,0.0,1.3129135240676246,-1.2791303458308239,-0.5261108603506611,0.0,1.122590006552618,-1.8996914333913157,-0.5087533075719395,0.0,0.6979304913777229,-1.8234870757778272,-0.3941207897615584,0.0,1.0936596337792635,-2.6177002548666186,-0.3198648524736008,0.0,1.1074526930130169,-2.428278334998029,-0.798461354107083,0.0,1.2200929093838686,-2.146500215075478,-1.4791063804245295,0.0,0.6244118854652774,-0.814392229330744,-1.0576371633166541,0.0,0.52495081060416,-2.939918165907498,-0.23182715203525778,0.0,0.7204616164839805,-3.10043782164559,-0.879667298434749,0.0,1.1595700747013213,-4.6088271972094415,-2.501815714369252,0.0,0.2822445653579826,-0.8314534651110002,-0.8137475265778183,0.0,-0.0756530703725194,-2.59357033860998,-0.19656365873280063,0.0,0.05281172113266227,-3.1295192936633556,-0.9212156775909495,0.0,-0.06322400484053753,-2.607905322745617,-1.2166041266923782,0.0,-0.04373358361713718,-0.6504914055267416,-0.42299422752053434,0.0,-0.494037397995985,-1.9072741034757412,-0.16834145675840254,0.0,-0.4398143421305847,-2.238597046538571,-0.5315695068217595,0.0,-0.49642064313316475,-1.9140115268473297,-0.6124151314469587,0.0,-0.3593151147181248,-1.0610182742330454,-0.3415500287875982,0.0
0.0,0.0,0.0,0.0,0.5671252306766935,-0.2594683872198495,-0.3028167888294262,0.0,1.3145913287909892,-1.2928500103346905,-0.5376142249848858,0.0,1.1230906597756984,-1.903505680132261,-0.5208627585227165,0.0,0.6987602806125693,-1.8294649814917923,-0.40730016175318084,0.0,1.0854080090186038,-2.601336432781234,-0.3222742216374229,0.0,1.1259313510037028,-2.453627723651751,-0.8248005272602074,0.0,1.1964856346276367,-2.0983761887489902,-1.4844548022919564,0.0,0.6108354099694397,-0.8039270451964772,-1.0722694914049247,0.0,0.5186924355834474,-2.9078657194154185,-0.23418433816940235,0.0,0.7374665425132325,-3.1555149552008523,-0.9037517386980414,0.0,1.144893702098312,-4.57151307440743,-2.5064853301927488,0.0,0.2703780099447504,-0.8399371594633568,-0.8305208677520021,0.0,-0.07133065497153733,-2.5844727102390337,-0.2002023426362479,0.0,0.0567731673693309,-3.1566208794126376,-0.9269285999075706,0.0,-0.06430476021177176,-2.6658584520097075,-1.230965869575247,0.0,-0.051992115831706785,-0.6688017362256891,-0.42882227044945376,0.0,-0.49094240933828104,-1.916713772986806,-0.17391664532101664,0.0,-0.4394380651948574,-2.2543758996709027,-0.5398975500489982,0.0,-0.49336245681075924,-1.9362396862317024,-0.6208871118007484,0.0,-0.359622631588961,-1.0806479654320542,-0.34779807388985123,0.0
0.0,0.0,0.0,0.0,0.5526847739144268,-0.2546188793841103,-0.29670894089327615,0.0,1.296734405212044,-1.3028609811356078,-0.5240767014775385,0.0,1.120586920206628,-1.909953216635336,-0.5018237579894269,0.0,0.7248965317847342,-1.7898471339320619,-0.3720058802958331,0.0,1.0903837329206207,-2.7763099587868814,-0.2870837466529829,0.0,1.0672801867695207,-2.4685782103977036,-0.7175361807595049,0.0,1.2587207705447563,-2.37946121689711,-1.4370070083470516,0.0,0.6522017378866085,-0.9504825288205103,-1.0297652173152467,0.0,0.5015669090166998,-3.0597438427232855,-0.18151905566868307,0.0,0.6822746834644667,-3.142664652316752,-0.8014700440819047,0.0,1.165981098148406,-5.021469706043483,-2.434542695400995,0.0,0.2858010889383453,-0.9489570325858894,-0.7765647931514449,0.0,-0.10676900053666255,-2.6564138649860642,-0.1463940542566744,0.0,0.03793582573896262,-3.192911142407417,-0.8270604599347096,0.0,-0.07694887283018466,-2.8098244460321813,-1.1029534466682729,0.0,-0.04910556881528493,-0.7375709374394447,-0.3579460101627913,0.0,-0.5148228615241224,-1.9294373945508954,-0.12877499625069833,0.0,-0.4603528991353568,-2.274821265686548,-0.46780766801988943,0.0,-0.5107324972021371,-1.9474419136113257,-0.5199188938235547,0.0,-0.3702268310359519,-1.1269471305891423,-0.276005251829013,0.0
0.0,0.0,0.0,0.0,0.548673786193342,-0.2599988557200639,-0.28926969746587905,0.0,1.3015174787431747,-1.3195591291476974,-0.5109946215876892,0.0,1.1280399019224807,-1.9220187322895361,-0.48899497978279355,0.0,0.73240414138914,-1.7959003871936188,-0.36212152367301426,0.0,1.0423804593520904,-2.677960095901642,-0.26016322993050933,0.0,1.094295401868626,-2.4964433759099136,-0.7106805793173029,0.0,1.2440113867895917,-2.335367159207775,-1.402573180733787,0.0,0.6396718288218104,-0.9380557717580228,-1.0194185729707734,0.0,0.47753864729314544,-2.908001057130737,-0.15863507300300672,0.0,0.7458821650377144,-3.3638084179762755,-0.8180484990705322,0.0,1.1557945382054164,-4.860721087141666,-2.2713488363859313,0.0,0.2889507929516276,-0.9200402074244253,-0.7376484312290553,0.0,-0.09056099046114521,-2.591917842035085,-0.127649866195125,0.0,0.04686299556070347,-3.289215952850343,-0.7992847853364158,0.0,-0.07293678256680329,-2.827342673568301,-1.0321333815621399,0.0,-0.04635119514935938,-0.7460720256933476,-0.3398841583667603,0.0,-0.49821344543238255,-1.9455620299122287,-0.11627595508839118,0.0,-0.4617351945686106,-2.289121486875175,-0.45235793842058014,0.0,-0.5100283292744715,-1.8904116982160173,-0.48985051576812233,0.0,-0.3738604204488535,-1.064392185722143,-0.2555887162453203,0.0
0.0,0.0,0.0,0.0,0.5231768763756094,-0.23294053814176865,-0.28529064092637263,0.0,1.2888716439539871,-1.2936977623366406,-0.5212418731211574,0.0,1.140849277125119,-1.9023726257914595,-0.4993263708670344,0.0,0.7902110049280681,-1.7115172793542173,-0.35561136661100096,0.0,1.0161364488948967,-2.6541344347212688,-0.22530451559415962,0.0,1.0824185557242245,-2.525063104643422,-0.6767486312679458,0.0,1.2766354006450669,-2.443413832261485,-1.3874667983641802,0.0,0.6601819627244293,-1.0001877824961491,-1.0024189877283438,0.0,0.4614354862586528,-2.871762007373685,-0.1294822544093673,0.0,0.686089240606959,-3.252164237263363,-0.7291724793815277,0.0,1.254613079439068,-5.488938026620952,-2.357327481140672,0.0,0.2973729007423782,-1.0144025683036417,-0.7064261745697291,0.0,-0.09857657170467038,-2.5892671486347525,-0.10980236120892935,0.0,0.015295172481755746,-3.2550585577710693,-0.7629272383605896,0.0,-0.08770554786902585,-2.65002389281908,-0.9306623076250866,0.0,-0.048980064840708805,-0.7537356036311675,-0.30477103997871663,0.0,-0.5054109217204659,-1.95336328932683,-0.10847852221834259,0.0,-0.4718998261729052,-2.2684943779614826,-0.42839050129340683,0.0,-0.5009729946634677,-1.8923838902464267,-0.4504010405863467,0.0,-0.35968620514973143,-1.1021879786964137,-0.21619170711661848,0.0
0.0,0.0,0.0,0.0,0.5240230462277138,-0.24551529526051447,-0.2832425949156686,0.0,1.291366728221168,-1.350520121506598,-0.5212995975964776,0.0,1.1210035131414513,-1.920917251709974,-0.491349121193167,0.0,0.7728575406852535,-1.7230730309181193,-0.3506263653097107,0.0,0.9895779973987803,-2.688611240099898,-0.2252404611871007,0.0,1.0923083910552809,-2.565112322737603,-0.6827159023759942,0.0,1.2499570974443155,-2.4439908369368557,-1.3820710876793612,0.0,0.6129550557833492,-1.002419789691184,-0.9942940105927327,0.0,0.4388936086025599,-2.8953180330534187,-0.1302269304034572,0.0,0.7060570627717148,-3.35335290799352,-0.7449725470025836,0.0,1.1685852946170598,-5.168944208814447,-2.2057179127259827,0.0,0.2700267214804428,-0.9888200428715346,-0.6859109280840402,0.0,-0.11640071644062486,-2.6093504364735414,-0.11059579108248199,0.0,0.028235559941351917,-3.264470797707033,-0.7479279463064372,0.0,-0.07698753521278912,-2.8430211061311446,-0.9591705505651609,0.0,-0.05434537258379034,-0.7686043766421626,-0.29719725376543327,0.0,-0.5212541724892993,-1.9565041740336566,-0.10831760085823339,0.0,-0.4680164308337541,-2.30377970631177,-0.432544711877845,0.0,-0.5106813167615823,-1.9700709770217175,-0.46247847721169083,0.0,-0.37108524451989405,-1.1136641210885654,-0.21664410342950008,0.0
0.0,0.0,0.0,0.0,0.5262033821170473,-0.24407011980261703,-0.29001740168802703,0.0,1.3078279927298435,-1.3814482999568964,-0.5398345936633587,0.0,1.1227896274187947,-1.9140154654952126,-0.4972861227232763,0.0,0.7897979665052632,-1.700637854761501,-0.3525018624456641,0.0,0.9953268490338405,-2.7281210597035583,-0.2693921295331202,0.0,1.0666319810693041,-2.4993777204454046,-0.7073286197181502,0.0,1.2616975706872282,-2.4793804773686112,-1.4485686103694664,0.0,0.6408284070011351,-1.0821402732955394,-1.0763463027250524,0.0,0.4384430090142972,-2.917790694578912,-0.16835712016563295,0.0,0.7167270171326343,-3.3501852769530336,-0.8279989681760401,0.0,1.0703697758942834,-4.657688278442564,-2.1952690120326768,0.0,0.26679891086188795,-0.9666308173093087,-0.7367266382377451,0.0,-0.11716494569300022,-2.608013461719527,-0.14117064818071873,0.0,0.044451991926086926,-3.3482590637402225,-0.8615406033685414,0.0,-0.06304001592763787,-2.5681585994881173,-1.0085172682013845,0.0,-0.04931738508779336,-0.697766737292723,-0.33387199526572026,0.0,-0.5151733159380762,-1.945515260358193,-0.12809272894834117,0.0,-0.4501715821315682,-2.3236116645511284,-0.4674162221201863,0.0,-0.5058128654196621,-1.9800857171076638,-0.5002585158365986,0.0,-0.37885194074825934,-1.1183098554955626,-0.24138628297975337,0.0
0.0,0.0,0.0,0.0,0.5439014888104489,-0.25845874127157265,-0.29826800939621856,0.0,1.3247551894578757,-1.3955379095015454,-0.5539625691801637,0.0,1.12677564743497,-1.9201589299972726,-0.5087182983064039,0.0,0.7912810490533322,-1.6989105215163458,-0.35986968889959076,0.0,1.0267866920033273,-2.725997414170374,-0.2873753916159981,0.0,1.081230049967523,-2.50353707588213,-0.729033945092921,0.0,1.2796587673729998,-2.483364939047687,-1.4776237939861976,0.0,0.6563031246855612,-1.077530622177137,-1.0912334661076764,0.0,0.4676741683669678,-2.938613154176313,-0.18282567543636433,0.0,0.7278182702198424,-3.3320640076727326,-0.8568071274655464,0.0,1.091548507248185,-4.615510091397436,-2.257213740498807,0.0,0.28331548880892243,-0.9522278220084922,-0.7649732545092451,0.0,-0.09988681976409881,-2.6118562379539076,-0.1485717559608291,0.0,0.05818051650347258,-3.3592342731291556,-0.8905833554400874,0.0,-0.043359783881589356,-2.5758896401204043,-1.051832914452786,0.0,-0.035882118612790094,-0.6985614110139259,-0.3577708223068884,0.0,-0.5037403365825628,-1.9365438862971895,-0.1295625638890008,0.0,-0.4449026904785471,-2.3131373996759277,-0.4770932904343979,0.0,-0.49083184955791215,-1.9708134368259735,-0.5206917299594964,0.0,-0.36322679820508863,-1.125831947546979,-0.265516029714723,0.0
0.0,0.0,0.0,0.0,0.5489578472157525,-0.26543254676108186,-0.30924242398374924,0.0,1.3290031110851632,-1.4077831096965772,-0.5761621911299072,0.0,1.1201152220679864,-1.9113120429278734,-0.5257328235496799,0.0,0.7955701719948198,-1.6789208136865572,-0.37153381602513047,0.0,1.0538763541652252,-2.739234362273134,-0.2810626953894385,0.0,1.0678304231812448,-2.4712386916754245,-0.7241029081707027,0.0,1.2647137719203914,-2.4394275179658202,-1.4846914104336348,0.0,0.6568715257936539,-1.0476118920981692,-1.099269723637516,0.0,0.4914706097719989,-2.9981008508409266,-0.17488345516033316,0.0,0.6848246942446289,-3.186085628403433,-0.8262065020922921,0.0,1.0734931875248648,-4.624065057983623,-2.3139259133251837,0.0,0.28226868750770234,-0.9543048239166552,-0.7850113776283132,0.0,-0.09795129968339214,-2.6450807263314973,-0.14211590778083247,0.0,0.048897447232874404,-3.242291636598369,-0.8621639760726444,0.0,-0.059949952502554124,-2.6437324492142302,-1.0736728936139595,0.0,-0.044674757288572314,-0.7350961917712594,-0.3562291109336322,0.0,-0.5065359507922141,-1.9312778137767963,-0.12515878745070416,0.0,-0.4607286534861157,-2.271104591920355,-0.4761430551219023,0.0,-0.497331492252464,-1.8895406312282983,-0.5100096879693192,0.0,-0.3595891708629233,-1.1059696375243337,-0.25984806866201454,0.0
0.0,0.0,0.0,0.0,0.5586162528862656,-0.2780786963433654,-0.2940375076831106,0.0,1.3341890553435343,-1.4194710391135739,-0.5401471960529141,0.0,1.1208570165663454,-1.9160668129093985,-0.49402347153264703,0.0,0.797354764870542,-1.6836861919463655,-0.35030262493477987,0.0,1.0346993474152018,-2.7565880919241246,-0.24736700843098586,0.0,1.0651209575349023,-2.48881949102173,-0.6788953983112523,0.0,1.3000540013798139,-2.514510698691529,-1.4393396597715458,0.0,0.6807385009631364,-1.0759452128179978,-1.05980598717261,0.0,0.47074559142251876,-2.985963679584248,-0.15007297260439312,0.0,0.6910119844878833,-3.1990031856772307,-0.7756676316632684,0.0,1.1281272677656373,-4.80424085559899,-2.25329360333708,0.0,0.29212643988400255,-0.9657932284564187,-0.7388882392161036,0.0,-0.10869106848589843,-2.6443000077809113,-0.128455836697785,0.0,0.05691353056993878,-3.268589380895577,-0.8255894371156777,0.0,-0.04922503204035086,-2.6567608369284894,-1.012908501477652,0.0,-0.03770364509126042,-0.7389339611982486,-0.327723379955843,0.0,-0.5149931544108765,-1.9316854855659975,-0.12021431125518167,0.0,-0.46591874284323426,-2.2753845074921073,-0.4629855030401226,0.0,-0.48891998200198034,-1.8753611238913266,-0.4870715671187844,0.0,-0.3447195280888391,-1.0917381772776462,-0.2417697502663927,0.0
0.0,0.0,0.0,0.0,0.5579399674063983,-0.2817450448410608,-0.29558852762960375,0.0,1.3364900387631595,-1.4173716886486474,-0.5384831678650812,0.0,1.1327920927901998,-1.9280432122924813,-0.4968880459835143,0.0,0.8043721864750529,-1.6916593937992734,-0.34980462590511746,0.0,1.055587063466921,-2.8178017458802898,-0.21805409867475894,0.0,1.0725653448341625,-2.484394723342492,-0.6435177227583082,0.0,1.3288697829505172,-2.5301420005227775,-1.3849178429564815,0.0,0.6992118627202211,-1.107962433923318,-1.0364288013389094,0.0,0.48681932514512805,-3.0629293545164535,-0.1139505192789762,0.0,0.6939577638866132,-3.1585389431278195,-0.7204851258509405,0.0,1.2677244575329165,-5.149589689893365,-2.280393470563453,0.0,0.3159392077864738,-1.0246396057914404,-0.7228699228926073,0.0,-0.11207878507458413,-2.6680757925908605,-0.09424196261737261,0.0,0.08044707554091832,-3.2423050084012446,-0.7801820144840894,0.0,-0.016417138653907263,-2.7950949322698966,-1.0082871834889338,0.0,-0.034032979279941686,-0.7652587807824328,-0.3062938957209714,0.0,-0.5185321054764609,-1.9120321446691637,-0.09150767063420802,0.0,-0.44430796964631064,-2.3131758471866304,-0.43725118434350607,0.0,-0.4778955048400934,-1.9312530575741922,-0.456953521332168,0.0,-0.35218489964935834,-1.119198590062013,-0.2101474879047241,0.0
0.0,0.0,0.0,0.0,0.5514391283922145,-0.2765850520164246,-0.2953519300183771,0.0,1.3319197854569012,-1.4159286844655954,-0.5409934985558718,0.0,1.1287145441866888,-1.9236119231382618,-0.4991514356329884,0.0,0.8011394270157935,-1.687524109211596,-0.35206213633778083,0.0,1.042762882512696,-2.7923004252098105,-0.20945800883724314,0.0,1.0690876062051684,-2.4868457491499623,-0.6444714041230429,0.0,1.31230143494711,-2.516017328392264,-1.3908429913422715,0.0,0.6846688435033373,-1.0873389865001093,-1.0342898986567282,0.0,0.48001193910794376,-3.0330562859436747,-0.10704063311945908,0.0,0.7009138835887551,-3.1800429650414426,-0.7239272834437315,0.0,1.2301135550147464,-5.017912769076349,-2.2308960160119606,0.0,0.30790840569017824,-0.997686647929484,-0.7107689940218159,0.0,-0.11357509872977956,-2.657583981691228,-0.09108780741518609,0.0,0.07533992351356271,-3.2343257318215555,-0.7752670670941645,0.0,-0.02906214273686038,-2.7902400146581146,-1.0017313490830304,0.0,-0.03884213838282765,-0.7620207772175602,-0.30279446675022964,0.0,-0.5205306594859287,-1.912690965055108,-0.09161779308674138,0.0,-0.44891450854358605,-2.3042731853980762,-0.4357106575555863,0.0,-0.48523252376930387,-1.9276094095914735,-0.4568449069697391,0.0,-0.35672746056165444,-1.1149139485665185,-0.2098169916163592,0.0
0.0,0.0,0.0,0.0,0.5541323173365285,-0.2845083147106851,-0.2927526404413657,0.0,1.324589495022338,-1.3930927730440978,-0.5282904823312489,0.0,1.1279201953901503,-1.9122979865818732,-0.4897513223402084,0.0,0.7946688197408909,-1.6919961966880228,-0.34775218494627363,0.0,1.0553333932242177,-2.8213648445606263,-0.20631760637935867,0.0,1.0689137585844344,-2.4903870356172346,-0.6319439377595171,0.0,1.3217331395627028,-2.5312398330229646,-1.3679400030785427,0.0,0.7016009309817085,-1.1146750021596417,-1.0274117581350282,0.0,0.4839982942996605,-3.0524279033608117,-0.1024992150182076,0.0,0.6872929072373875,-3.158345750219149,-0.7010840876501622,0.0,1.2592512661478248,-5.20917014887863,-2.2586308445999252,0.0,0.30954644204856174,-1.0323876548310533,-0.711260936952076,0.0,-0.11344469394447909,-2.663456296489074,-0.08504836068979672,0.0,0.06609214227982652,-3.2394377610470513,-0.7573361127382563,0.0,-0.031014108060993535,-2.755944591345589,-0.9666573491405082,0.0,-0.03618481631106642,-0.7553227135516428,-0.29018542192929764,0.0,-0.5223134380894072,-1.910551064491598,-0.08520524578583372,0.0,-0.46188437890465767,-2.2840096479786753,-0.41778379353973044,0.0,-0.4855122492541485,-1.8952368565485629,-0.43132693835948915,0.0,-0.35137986723555614,-1.1112178457557158,-0.1929953805874387,0.0
0.0,0.0,0.0,0.0,0.5540831081020164,-0.28146319019827265,-0.292874297594454,0.0,1.3308859926481222,-1.38712954294766,-0.5309985469197546,0.0,1.1390618433184,-1.9117445050433794,-0.49349441787034243,0.0,0.7994872479416439,-1.6963689580889783,-0.35128676013784293,0.0,1.0568374709298523,-2.8083277058188667,-0.19700465210631013,0.0,1.0744605242068117,-2.4924347637376063,-0.6287927609034804,0.0,1.331573059492348,-2.5634772948035636,-1.388584013187936,0.0,0.6950765567370332,-1.1182447433651328,-1.0372272897491475,0.0,0.4927316728052215,-3.0244624211596776,-0.09351243724564046,0.0,0.70837153220267,-3.1820136580459875,-0.7057616267650861,0.0,1.2731337253988164,-5.105107971590158,-2.2309177211780264,0.0,0.32445699896663927,-1.0210032184871611,-0.7144680199710113,0.0,-0.09520793175765091,-2.6579572858439704,-0.07884125450644408,0.0,0.08273473420824735,-3.2486521101835013,-0.7560130493624259,0.0,-0.006930280481555298,-2.769349053155492,-0.9717957631396497,0.0,-0.022145779469143624,-0.7503894223441198,-0.2911482570372129,0.0,-0.5060813544090048,-1.9274032024674785,-0.08254703199276138,0.0,-0.44374514492424705,-2.303652915212379,-0.4204080402098812,0.0,-0.4718947137706915,-1.9147083636510394,-0.4378390108541677,0.0,-0.3387527775025882,-1.1073334669592323,-0.1956145317549278,0.0
0.0,0.0,0.0,0.0,0.5564867643531727,-0.2891758859335958,-0.2917866469565552,0.0,1.332493653123723,-1.409047431191701,-0.5310900727921876,0.0,1.131085569701684,-1.9199690777487823,-0.49166265623619354,0.0,0.7941202492195297,-1.6970023161177687,-0.34983716298008505,0.0,1.0468074698731649,-2.830654856995389,-0.19481677644756598,0.0,1.070420629024546,-2.5116221263830116,-0.6318673143150048,0.0,1.327704514880757,-2.579437624657998,-1.3945024475873649,0.0,0.6963613872377449,-1.1244842256178114,-1.0401149281562605,0.0,0.47747030101649496,-3.0336250608940762,-0.09287127133425276,0.0,0.6993461250983074,-3.1788845172330524,-0.7067424524099984,0.0,1.270158650732618,-5.1263484729295525,-2.246107988365336,0.0,0.3275856417322163,-1.0237502532628815,-0.7202592664140723,0.0,-0.10815510213932872,-2.6556674250444514,-0.08055176294629342,0.0,0.07639936887349724,-3.2328331873605447,-0.753981167095919,0.0,-0.00573288001711769,-2.835274624970881,-0.9943646506201994,0.0,-0.018285536885295845,-0.7636568938983811,-0.29674810489495773,0.0,-0.5138569372307672,-1.922650289491994,-0.08561198057669879,0.0,-0.45190204256538385,-2.3059542568725657,-0.4306148948935014,0.0,-0.4736599406401482,-1.9037024494463428,-0.4517683587002431,0.0,-0.3349581146779447,-1.0963102568240657,-0.20840127264294164,0.0
0.0,0.0,0.0,0.0,0.55705466130048,-0.29052448009346293,-0.30928048959953064,0.0,1.3104776349910883,-1.400432365436669,-0.5642202392823332,0.0,1.115139348230066,-1.932474794476627,-0.5314029009677221,0.0,0.7776296650979436,-1.7057038879684787,-0.3792544747558252,0.0,1.0223986599164345,-2.8150872118490025,-0.2353039417636732,0.0,1.040340249679656,-2.5065480809554748,-0.6870300307196989,0.0,1.2668691726107142,-2.527391755151583,-1.457731074487181,0.0,0.6726526552979233,-1.106715349231012,-1.0968978928734572,0.0,0.45452651552735107,-3.0579479437128847,-0.12818844926714296,0.0,0.6555360509762511,-3.1395540750983857,-0.7619997071652498,0.0,1.1633392277334085,-4.997203658650501,-2.380759667323292,0.0,0.29372863458900983,-1.002972386458461,-0.7853462308368807,0.0,-0.14245486206418187,-2.648433673966316,-0.10436647824076445,0.0,0.04296572529010475,-3.2461974047091493,-0.8301529161008108,0.0,-0.04596680384408237,-2.8105792669340843,-1.1067289786359156,0.0,-0.04441517869669802,-0.7490270932585725,-0.34815238967907775,0.0,-0.5409543284143927,-1.8835617488820562,-0.09713948155328758,0.0,-0.46507649588118377,-2.301758189974645,-0.46140195194838474,0.0,-0.5020332654814883,-1.9675907095035456,-0.5039359032426564,0.0,-0.36490622559660185,-1.09885472133962,-0.23648100617738574,0.0
0.0,0.0,0.0,0.0,0.5447222518447884,-0.2872670356802666,-0.31170291615643886,0.0,1.3174173641728304,-1.4097308151465169,-0.5771565317249615,0.0,1.124260722349533,-1.9317828022176422,-0.5388865301234871,0.0,0.7829066050487681,-1.7160502921852985,-0.3877122294792593,0.0,1.0115438456429353,-2.750082260118904,-0.23583192451276452,0.0,1.0479589534404548,-2.5146064887722837,-0.6996837397648518,0.0,1.2730298736222316,-2.547302207420829,-1.4855294062096838,0.0,0.6759646943601187,-1.1638401252752772,-1.1406219471875565,0.0,0.4613227196412511,-2.958946360313318,-0.13104632382219647,0.0,0.6948691400328073,-3.2234844583092594,-0.806247920353762,0.0,1.1267118995936611,-4.597843355668108,-2.2729582683122445,0.0,0.3052373767334929,-0.9952022855611699,-0.8005434503434208,0.0,-0.11227533426151746,-2.6199399092603146,-0.10963014859743048,0.0,0.0537313959731757,-3.2676575211828887,-0.8464294751313943,0.0,-0.03022871435256017,-2.751208494076233,-1.104419469576487,0.0,-0.0372900189964211,-0.7428244553864563,-0.35498450198326864,0.0,-0.5221741996848646,-1.9030442362080202,-0.10436821734760988,0.0,-0.4691755368309441,-2.3019006228155057,-0.47721480040269487,0.0,-0.4870208455276068,-1.9199721341838267,-0.5205373711611472,0.0,-0.3480500041373419,-1.0917706722243636,-0.2575864730353107,0.0
0.0,0.0,0.0,0.0,0.5481885394887811,-0.28526197836496486,-0.3159703656449869,0.0,1.314936165643191,-1.3989198998462986,-0.5814654376869816,0.0,1.1200146977469414,-1.9211027946925685,-0.5405593990045867,0.0,0.7782702447402824,-1.7092672842463317,-0.38710886849245857,0.0,1.027099753430408,-2.765036827295333,-0.26214690732855933,0.0,1.0391704585676809,-2.4893795836801407,-0.717115838757803,0.0,1.2512640271667297,-2.496177303995091,-1.503242038152637,0.0,0.6563591678728492,-1.100541294915895,-1.1317732217629664,0.0,0.46886838150505933,-2.978457229254231,-0.15250480433827965,0.0,0.680922069990851,-3.1674802582754156,-0.8181320713682777,0.0,1.0886836259638961,-4.565816060036391,-2.3112252552649935,0.0,0.2923130392386136,-0.9719540808453334,-0.8069668814887426,0.0,-0.11197570408407113,-2.624847901290422,-0.12479936791026336,0.0,0.049748048617701504,-3.2421332449946396,-0.8598937223708268,0.0,-0.04621449718106061,-2.715475109139337,-1.1098254013257716,0.0,-0.041039116221250865,-0.7312860959202758,-0.35615747589376345,0.0,-0.5230644798286822,-1.8996670751849274,-0.11326247674622822,0.0,-0.47298900642511754,-2.2867416410509986,-0.4846086791933791,0.0,-0.4962001608674685,-1.8913815499061881,-0.5223214085969594,0.0,-0.3527230612448113,-1.0904485488697393,-0.26184824637000037,0.0
0.0,0.0,0.0,0.0,0.5349867939201544,-0.2619645346070929,-0.29421310327000816,0.0,1.2947597826857196,-1.3614481466378614,-0.5374826597955227,0.0,1.1161300599406188,-1.9141041692124898,-0.5046525151856607,0.0,0.7721627871979668,-1.7112832326099627,-0.3599351159313218,0.0,1.0074201184740554,-2.7351541770043357,-0.24735915295339947,0.0,1.0389946305021422,-2.481238427190159,-0.6739296187652793,0.0,1.2744268701731598,-2.542564385561215,-1.4378632125206743,0.0,0.6591730911446804,-1.1186591133982442,-1.0730442545938894,0.0,0.4528758199458221,-2.9580955601382213,-0.1469478393379926,0.0,0.6926141956040567,-3.2504561231596454,-0.7811171707666831,0.0,1.1107859477641886,-4.788468734546817,-2.227560255156632,0.0,0.2788720730322986,-0.9928808185186173,-0.7430308600409127,0.0,-0.123289818873206,-2.6335178574232962,-0.12302966006546177,0.0,0.019491967633002052,-3.2538870121700585,-0.811405450695099,0.0,-0.08540798040448978,-2.694025386609581,-1.0176321322824828,0.0,-0.05539240268173657,-0.7436749086293785,-0.3305741533147585,0.0,-0.5326174221188331,-1.9202293745671795,-0.11305029796751188,0.0,-0.4939752478346342,-2.2565735675324037,-0.45444211106883386,0.0,-0.5202986996318759,-1.8668111443740396,-0.48522114183685916,0.0,-0.37711780240545806,-1.0793913585845252,-0.2441621188828202,0.0
0.0,0.0,0.0,0.0,0.5245495035527417,-0.26140984938998113,-0.28510022566261317,0.0,1.2740189130283512,-1.351391523902125,-0.5152894772295195,0.0,1.1048530967240524,-1.9074696944809906,-0.4855033252155374,0.0,0.7700360092136964,-1.710519076890224,-0.34583934568773034,0.0,0.9449090101738745,-2.6679579883910174,-0.2191701377749703,0.0,1.024600678671357,-2.5055733644039093,-0.6562385586629349,0.0,1.2464035280622607,-2.566487937729195,-1.4104287994910916,0.0,0.6302451981458975,-1.1140226714632826,-1.039354057644012,0.0,0.4074192869503903,-2.843720500655991,-0.12280470432303425,0.0,0.6593288303922504,-3.307717349647624,-0.7601172620240717,0.0,1.011762692036624,-4.791675469917584,-2.1372768899891894,0.0,0.2506932551310171,-0.9852425146487359,-0.7035496257169948,0.0,-0.13555437142684365,-2.5764705868052293,-0.1032133416890425,0.0,-0.03271710160479023,-3.3015681190972805,-0.7885152366982365,0.0,-0.13013178609645198,-2.5033766387452334,-0.9162893752567393,0.0,-0.06483897039187082,-0.7060118524485335,-0.30231496905380784,0.0,-0.5373941356262657,-1.9348645938597036,-0.09970623803424411,0.0,-0.5296256782011416,-2.2322741413228075,-0.4234838307368383,0.0,-0.538231896192148,-1.8175789631479007,-0.4429603730377694,0.0,-0.37461654514532927,-1.0808467624015436,-0.21722154129999988,0.0
0.0,0.0,0.0,0.0,0.5271268685628271,-0.22997598420989132,-0.3056486906635358,0.0,1.309128114513679,-1.3436759024514833,-0.5757622604410769,0.0,1.136665322985714,-1.9098461975049708,-0.5402922786089077,0.0,0.7857345199132034,-1.707636679716459,-0.38604536285505925,0.0,0.9841122752568133,-2.6293041886712545,-0.27278092334918674,0.0,1.0837786619604963,-2.475331507776275,-0.7488104467879301,0.0,1.228240527753388,-2.3059513365570714,-1.4645613710217829,0.0,0.6364496506127075,-1.0345329050408771,-1.1294044907251561,0.0,0.4447802190857886,-2.775923643100091,-0.16756419884684112,0.0,0.7738916835691708,-3.3701663522652368,-0.874677801961403,0.0,1.1304705985829326,-4.414437513516233,-2.217621137502665,0.0,0.292834217604787,-0.9990681028928896,-0.8039141361472275,0.0,-0.08786657045533189,-2.528881120070509,-0.14253006452196532,0.0,0.0643683479757444,-3.30969157673213,-0.8719628077648703,0.0,-0.046917731844798444,-2.600838015518822,-1.0431669276828304,0.0,-0.05237567160561037,-0.7346115185698621,-0.35299799465613757,0.0,-0.5002075447922546,-1.9124926062903524,-0.13330074180272342,0.0,-0.4717769657158324,-2.2781921236822793,-0.4950938380806343,0.0,-0.48899894487744405,-1.794193252025614,-0.5114797633428888,0.0,-0.36121565811549605,-1.0252999743508768,-0.2631601833081064,0.0
0.0,0.0,0.0,0.0,0.521379961389743,-0.2368539275871703,-0.2876641340072275,0.0,1.2863494959054347,-1.3344436616156201,-0.5300271770573153,0.0,1.1236495468747725,-1.9157817654030995,-0.5016914868969771,0.0,0.7766381335205605,-1.7126245658733494,-0.3551785845268131,0.0,0.9701267594421766,-2.6710954757420473,-0.22090469894973788,0.0,1.0475039525061864,-2.4646031816214666,-0.6566238579356369,0.0,1.263953815882493,-2.476062714745221,-1.3905838111241957,0.0,0.6531021381240737,-1.096847318490263,-1.0554955682426843,0.0,0.4294605048751046,-2.8429365732186405,-0.12344918187132317,0.0,0.7142873251832688,-3.333951922894813,-0.7686710275637042,0.0,1.1315381199989587,-4.808777852396073,-2.1462125349870895,0.0,0.2802164079783906,-0.9995650584043183,-0.7099585176211407,0.0,-0.11907895479722055,-2.5730471899640737,-0.10705413486155986,0.0,0.029007597542026562,-3.306135831230392,-0.7941481984392086,0.0,-0.08105685622502909,-2.5960476793014053,-0.9343086491107918,0.0,-0.06045112237314921,-0.7210331430095231,-0.29367826339174813,0.0,-0.5269081083953159,-1.9228691320059899,-0.10692314102175149,0.0,-0.4891911995838559,-2.2744699933005332,-0.4402820660123572,0.0,-0.5171483033840824,-1.8236548512080677,-0.44538032000229116,0.0,-0.3826794960280687,-1.0386541250196744,-0.2049311125128688,0.0
0.0,0.0,0.0,0.0,0.5147094227437827,-0.23424624176483202,-0.30346041640474886,0.0,1.285254563660521,-1.3542060411444194,-0.5690015402729397,0.0,1.1288707901238817,-1.9443097802389564,-0.5406549734897372,0.0,0.7846190625488219,-1.7290673442300089,-0.382598599500374,0.0,0.9440576236429883,-2.657924628937185,-0.2705601338468528,0.0,1.0749258444101213,-2.5017838354767723,-0.7318618710754564,0.0,1.2091072093419726,-2.300682762360034,-1.409439044670817,0.0,0.5990285118465539,-0.9882235454986573,-1.053808706797317,0.0,0.4068759295801531,-2.7974628627167446,-0.16139081376255368,0.0,0.7725769602999749,-3.363944261517237,-0.8312692295767081,0.0,1.0611789725805516,-4.301514678763708,-2.0532754318489603,0.0,0.23384720495518876,-0.9406121397683448,-0.7211033098553565,0.0,-0.124481012882566,-2.5483086836609017,-0.13115614852951551,0.0,0.08407004950806318,-3.365159387412314,-0.8397456107199134,0.0,-0.08166365446797062,-2.818341351090735,-1.0289489835486476,0.0,-0.10425583284761081,-0.7890932693987127,-0.322720500148705,0.0,-0.5345761627542094,-1.9025709487614146,-0.11779862214924974,0.0,-0.46212066073736924,-2.3532879312904313,-0.4738165933128569,0.0,-0.5083387632700599,-2.004830677728546,-0.4994409686175046,0.0,-0.4006426644554686,-1.1397281823566947,-0.23449843904364587,0.0
0.0,0.0,0.0,0.0,0.5195747188230342,-0.2276270553214852,-0.29867871571375343,0.0,1.2922335526838356,-1.3054713208027227,-0.551050445049208,0.0,1.1393703534888986,-1.9093320535128346,-0.5287928210935467,0.0,0.785443513071902,-1.717772048798016,-0.3777539749944526,0.0,0.9482269549085645,-2.648080243829698,-0.27310707293542136,0.0,1.0727422392810955,-2.4531009215541064,-0.7209634494040612,0.0,1.2482156686917933,-2.315077931443145,-1.4100224687171796,0.0,0.645195456561517,-1.013236109469243,-1.0692130764555048,0.0,0.40481300594341024,-2.78245918672701,-0.17059555448061944,0.0,0.7435585694800978,-3.2291884477529536,-0.8089139724798221,0.0,1.1981459548096398,-4.5985599580828005,-2.2115002358228946,0.0,0.28442773692941775,-0.9810813546395095,-0.751132290265565,0.0,-0.12989600524518313,-2.5051205676871726,-0.14133147798545082,0.0,0.0783421143188197,-3.2979631965420335,-0.8571518584289681,0.0,-0.046136170715743066,-2.608108620993446,-1.0201696975525343,0.0,-0.07683564507550865,-0.7275479163395109,-0.3246495185102983,0.0,-0.5333125175313459,-1.863348363966308,-0.12589037925620938,0.0,-0.4615300725941913,-2.319882721557966,-0.4861805328511375,0.0,-0.48458555777055745,-1.8293888802431462,-0.4805392618837345,0.0,-0.37317905570139986,-0.9975048158181482,-0.21008239480097582,0.0
0.0,0.0,0.0,0.0,0.5387144482847158,-0.27395852261875187,-0.25849342553680194,0.0,1.3059015088403774,-1.4108634030416942,-0.4686054469151989,0.0,1.1104838301150668,-1.9407397692701707,-0.43837219334959077,0.0,0.7706899071810718,-1.7281013632882098,-0.31383305756674035,0.0,0.9660602016677124,-2.7290954077995093,-0.17242506914473044,0.0,1.0794034081792807,-2.572698209946291,-0.6082265837315941,0.0,1.29194366606566,-2.527472510680912,-1.294896192523371,0.0,0.6377891379362536,-1.0383198438714236,-0.9283497030692158,0.0,0.4139371932021807,-2.9355808514430293,-0.09439703606911409,0.0,0.7287002002696815,-3.2997797938316302,-0.6720089462973566,0.0,1.1967944826338754,-4.984897043256143,-1.9708173694385411,0.0,0.2605231907536614,-0.9856677127812543,-0.6166684279993411,0.0,-0.14694281684407637,-2.6232840859651145,-0.09031629398025182,0.0,0.07493847108720213,-3.340248053027636,-0.7263067720803527,0.0,-0.06320019441673362,-2.8906128364154604,-0.8923868888386542,0.0,-0.08711685223984045,-0.8157063336534467,-0.25536443495990957,0.0,-0.5481636061762912,-1.9278868099588673,-0.0980860169451752,0.0,-0.45032575924018775,-2.403862780071068,-0.4270546883558432,0.0,-0.49689693482718583,-1.9536116154198306,-0.4150687182237695,0.0,-0.3929552146060466,-1.0523010610234855,-0.16128848554295014,0.0
0.0,0.0,0.0,0.0,0.523924859140158,-0.23491810189060527,-0.29172539068679637,0.0,1.2949191539407234,-1.3191777929766861,-0.532724722342289,0.0,1.1205576070410532,-1.8818763193353891,-0.5037125919035413,0.0,0.7774463977202949,-1.7010602239481583,-0.3624535622173302,0.0,0.9514836581374252,-2.63903616563,-0.27571510425040424,0.0,1.058551740052778,-2.480348424043622,-0.7241943907806476,0.0,1.257980128721355,-2.386103302209114,-1.439720729264474,0.0,0.6385065443811027,-0.9974755895096626,-1.0425751502342864,0.0,0.4004462495276735,-2.8075685289932775,-0.18456968380417252,0.0,0.698042912660289,-3.1696942394403687,-0.8158197717156974,0.0,1.127869265238696,-4.608582260421205,-2.2519706704462905,0.0,0.27593290926843905,-0.9325797321293613,-0.7371063018598419,0.0,-0.1428510911566745,-2.51086964491938,-0.15991459996835036,0.0,0.047164251332998036,-3.3002149586716114,-0.8966414594613571,0.0,-0.07227881914005575,-2.4257714566525537,-1.0088714119917288,0.0,-0.06542899669626913,-0.6661338984643944,-0.3315940090936306,0.0,-0.5358915190946408,-1.8769318453623507,-0.14585197058252927,0.0,-0.47536491371078354,-2.2916433126479956,-0.5004446765558842,0.0,-0.5031072712721217,-1.8162612020690991,-0.5050307737137285,0.0,-0.3777004306926759,-1.0140416702471713,-0.2388039174857135,0.0
0.0,0.0,0.0,0.0,0.5265853097350078,-0.2339793645212327,-0.2972338624477661,0.0,1.2969811865601049,-1.309935151333246,-0.5417676773409615,0.0,1.122049012192193,-1.8893017978983775,-0.515138809710662,0.0,0.7780560289809333,-1.6971052810650613,-0.36729342992032216,0.0,0.9563242898221078,-2.6474892502480327,-0.2838451373196598,0.0,1.0534755067872124,-2.4788839588003397,-0.7310864754040074,0.0,1.262775886449132,-2.392266796946335,-1.4570998273201266,0.0,0.6438156936378449,-1.000941182664599,-1.0521214882236867,0.0,0.4041821350709746,-2.805077963701105,-0.18729604059369404,0.0,0.7019575527239201,-3.164671087423571,-0.8278890011653238,0.0,1.1082693617493642,-4.457014166311327,-2.224714388115068,0.0,0.27896524982205717,-0.9224313031064931,-0.7443008231380426,0.0,-0.13391920684385017,-2.508496027595604,-0.15938269807596364,0.0,0.05492719242521698,-3.2961528598201197,-0.9049124131265226,0.0,-0.05894896767557271,-2.419356251336079,-1.0213237753396402,0.0,-0.057350718131903504,-0.6665791585378498,-0.3368809433664843,0.0,-0.5268442328886908,-1.881511714945363,-0.14367184558112908,0.0,-0.47108065776160857,-2.2906895443533397,-0.5042465685759523,0.0,-0.49451653286284203,-1.8152678319768194,-0.5147172918333887,0.0,-0.3669279732851204,-1.020817720942177,-0.24865900021746118,0.0
0.0,0.0,0.0,0.0,0.5437350069057562,-0.26112680462590676,-0.275304958785031,0.0,1.3434104528807975,-1.434319855942023,-0.5157133738734307,0.0,1.124951084126708,-1.9599751708585997,-0.47451006339815677,0.0,0.7864954473240222,-1.711545012162478,-0.33195170953382075,0.0,1.0070372451972194,-2.7201012581276665,-0.21967302562169563,0.0,1.1254235222267144,-2.545171411918508,-0.6846570223879631,0.0,1.2747773746587236,-2.349078708317693,-1.3538011325421135,0.0,0.6299500673629985,-0.9657515707795322,-0.9827681901737505,0.0,0.4528115011038062,-2.8909318056369773,-0.12955821180250307,0.0,0.799222336678038,-3.3292167159521897,-0.7628330144813185,0.0,1.2543937925499193,-4.63627518152501,-2.041332447366948,0.0,0.3050364655915341,-0.9681101638530686,-0.68126562604334,0.0,-0.09612874402044161,-2.590238702848996,-0.1164957997930408,0.0,0.12729226568373003,-3.425670535821088,-0.820939584810614,0.0,-0.0019715178339311233,-2.7129350508559757,-0.94514730558442,0.0,-0.05902796315745524,-0.7681097822111784,-0.29045720937507596,0.0,-0.5017579688608265,-1.936756364741973,-0.11692992436888491,0.0,-0.4103751651961686,-2.4148043562956967,-0.4567566078628338,0.0,-0.4580040114526129,-1.97390119356597,-0.4527024488302282,0.0,-0.3736561396868648,-1.099915944189915,-0.19422813595139923,0.0
0.0,0.0,0.0,0.0,0.5531986876292716,-0.2744361927833957,-0.2746772038476839,0.0,1.3479654056557762,-1.4302062205510553,-0.5161974783721907,0.0,1.1408550913268631,-1.953596480848091,-0.48150523803533707,0.0,0.7919892402239199,-1.7153808756977078,-0.341766605114299,0.0,1.0252404095687775,-2.750222832242224,-0.2159694417600866,0.0,1.1138219167442442,-2.538256160738519,-0.6726048235134057,0.0,1.3093347856845445,-2.4339611316349763,-1.3780315625257586,0.0,0.6655092976594846,-1.011776350630766,-1.0078424373884836,0.0,0.4602762066869645,-2.9154562075963684,-0.12680202485942874,0.0,0.808360874355895,-3.3156290422200203,-0.7684755499370115,0.0,1.2535789362338488,-4.621825877899134,-2.0719841908595455,0.0,0.29866988819536927,-0.9291759753734191,-0.6824240903809783,0.0,-0.09780382571255755,-2.587075271376516,-0.11621135397872295,0.0,0.14635275733763806,-3.4354807958166247,-0.8309582401394725,0.0,0.007136352748288783,-2.804833191670747,-0.9908735194648374,0.0,-0.050275568920193296,-0.7858568159111738,-0.30924578256333635,0.0,-0.5006496375318484,-1.9257046720294746,-0.1187843853007662,0.0,-0.40588534232622825,-2.4130516811606535,-0.4707909205541098,0.0,-0.44827076751962647,-1.9858893190168363,-0.4857451294804402,0.0,-0.35220381863273154,-1.1056522072868453,-0.22632009400954486,0.0
0.0,0.0,0.0,0.0,0.5299547659002678,-0.23587674677539575,-0.3025303586902317,0.0,1.3276991678751409,-1.3257007494452822,-0.5621142213475541,0.0,1.1608529663727467,-1.8960201517689392,-0.5297751283499453,0.0,0.8078326645826613,-1.7029788192430064,-0.37677372197631065,0.0,1.036962974469957,-2.6721599120475266,-0.2754813015329163,0.0,1.1229585624525678,-2.469000978663327,-0.7342739828370008,0.0,1.3140443808738307,-2.371239759930375,-1.449296966949708,0.0,0.6856214795290427,-1.035910921147981,-1.0821100514827737,0.0,0.48333134074650785,-2.839512783118764,-0.1755999470458921,0.0,0.7931605819645006,-3.2205372735534814,-0.8545175769930775,0.0,1.2051281812930672,-4.46728939998187,-2.256376680252751,0.0,0.31002804005701273,-0.9550168289404659,-0.775591163191616,0.0,-0.0674309727283573,-2.5380548692919267,-0.1518061724503644,0.0,0.12245827332364621,-3.3394835161768923,-0.9118656070005677,0.0,-0.01639133375330282,-2.5492337461593753,-1.0536642227766353,0.0,-0.03996596707745849,-0.721614859409904,-0.3512022099604216,0.0,-0.4772646406093232,-1.916709740217704,-0.14346692556241472,0.0,-0.43925518793062557,-2.286140347300687,-0.5051950843668962,0.0,-0.47288327624559195,-1.8194017808363954,-0.5228378375233546,0.0,-0.3540460532668537,-1.0840119929720609,-0.275380487936412,0.0
0.0,0.0,0.0,0.0,0.5311565685577921,-0.22823413828379102,-0.30505330988777263,0.0,1.3408715130042521,-1.3150100605950343,-0.5791946808636154,0.0,1.1838304767875958,-1.9060731290875865,-0.5469682339581537,0.0,0.8125843158565221,-1.7071069588231707,-0.3880007508095911,0.0,1.0908397092311737,-2.716343556251506,-0.33302210182235625,0.0,1.1322505136587013,-2.445215929051401,-0.775655370193128,0.0,1.3231804344382778,-2.356657835649419,-1.513321505815373,0.0,0.6897245298462715,-1.0502502663882944,-1.1454980227202292,0.0,0.5249019451723819,-2.8705582960358105,-0.2236429546589922,0.0,0.8436066903123975,-3.239423091219173,-0.912609703195823,0.0,1.2672416743301753,-4.3635394760760615,-2.3144816438269715,0.0,0.3344787304757326,-0.9456795691309605,-0.8141500566124737,0.0,-0.04007709569206749,-2.562625277881791,-0.19041202773658034,0.0,0.1644535707290307,-3.3017465695632024,-0.9494954531175768,0.0,0.04061819227285786,-2.6919261420068654,-1.1693486424229933,0.0,-0.01682588324119147,-0.7352387038097803,-0.39637714916837197,0.0,-0.4647881616099621,-1.9095876465639068,-0.1678656582217269,0.0,-0.41552797182840445,-2.2814824865378807,-0.547162507012643,0.0,-0.4479390679350155,-1.8742794049791585,-0.5974769750106462,0.0,-0.3342764359856504,-1.1147606141251163,-0.3430385746045174,0.0
0.0,0.0,0.0,0.0,0.5214693749519828,-0.22470743661963583,-0.29116880491150837,0.0,1.3403307572863536,-1.3216208851664646,-0.5510355996061743,0.0,1.1866847451843618,-1.8992014203758467,-0.5191177348316174,0.0,0.8234132499781174,-1.6973626985996084,-0.36659991681059373,0.0,1.069192206160642,-2.6844666535598103,-0.2863081987763033,0.0,1.1225510376939274,-2.412365237457927,-0.7213046437430319,0.0,1.3471452922992053,-2.3907852634692555,-1.4658600190775823,0.0,0.7135622375865348,-1.0696033602174866,-1.1132742406062284,0.0,0.5148566282842925,-2.8591326685041607,-0.19352192358164505,0.0,0.8117682721295035,-3.139495696121049,-0.8417365254603225,0.0,1.3093820181496083,-4.619542159477547,-2.3402582559168095,0.0,0.3300759073183237,-0.963132142321766,-0.7816518070478697,0.0,-0.05288568353883805,-2.554998447111484,-0.17478981616591416,0.0,0.1436527024528331,-3.2553719125130867,-0.9190636976664783,0.0,0.020658225022257694,-2.5563028068681493,-1.1071883387551107,0.0,-0.013581022349916204,-0.7037591688509738,-0.37345813600928945,0.0,-0.47427891495874736,-1.9045073024657766,-0.16285375323000084,0.0,-0.4375579748115301,-2.235254857842093,-0.5309878717010551,0.0,-0.45877101248994256,-1.803966904338418,-0.5682495697760236,0.0,-0.32904392599906224,-1.0902151301946605,-0.32138699295539797,0.0
0.0,0.0,0.0,0.0,0.529929115302647,-0.22644068186224942,-0.2998953699498576,0.0,1.332370706418264,-1.3064881085507478,-0.5662502652495287,0.0,1.1786908091697101,-1.8964616213320384,-0.5374610535796989,0.0,0.810783127584665,-1.7091950302303842,-0.38416681557565063,0.0,1.0601647431183974,-2.6573265659580056,-0.2963257227947072,0.0,1.1409127598133244,-2.4887858239154794,-0.7907186508489852,0.0,1.2838719566712762,-2.31409993786673,-1.5125092463448093,0.0,0.6653974291430051,-1.0013946760027275,-1.1305325502519286,0.0,0.5123148822953215,-2.823873085541064,-0.19823657573146292,0.0,0.8238340549798852,-3.218928485984476,-0.9039221672904328,0.0,1.2223728373908125,-4.305789891095958,-2.3060607714295207,0.0,0.3223364292739555,-0.9090555778184081,-0.8090792589972071,0.0,-0.04158321068820898,-2.542813663826627,-0.17624139079867934,0.0,0.14874577423579877,-3.318174249192128,-0.9560052910507025,0.0,0.01474610219640041,-2.63000474502117,-1.1528491377555827,0.0,-0.029469839336007445,-0.7210414064125753,-0.3904689833734571,0.0,-0.46494122829080103,-1.9123753527800917,-0.1632906968477285,0.0,-0.423846216772747,-2.276287772985048,-0.538313770735971,0.0,-0.4642144053027745,-1.8517997450044026,-0.575664045959719,0.0,-0.3505509585863893,-1.1029100663454319,-0.3192012222411218,0.0
0.0,0.0,0.0,0.0,0.5273169714224821,-0.21882512252019676,-0.2972490832772419,0.0,1.3402188181594745,-1.287306771637089,-0.5565768619362901,0.0,1.195449475362446,-1.8892550081008859,-0.5282992107741153,0.0,0.8288649113020038,-1.6977121714882308,-0.37244245329409925,0.0,1.1121048619652871,-2.685771554877135,-0.2934755945427583,0.0,1.1673551841976453,-2.4452381055374577,-0.7474401410133967,0.0,1.343096054846216,-2.333659805091839,-1.4593555176451387,0.0,0.703061957519966,-1.0371591593726837,-1.09430178892436,0.0,0.5542932271572119,-2.891830618036455,-0.1965899178310568,0.0,0.8286726663996044,-3.1644480506120685,-0.8522073764871302,0.0,1.3070480810181127,-4.6108286369022,-2.3296471864498445,0.0,0.3355451177488502,-0.96913521385419,-0.7781699830979396,0.0,-0.024437806925698472,-2.5769682541100454,-0.17289958312362863,0.0,0.1558567915344007,-3.2377173789787608,-0.9018092635459501,0.0,0.025876576951386492,-2.608904410119844,-1.0941345062855312,0.0,-0.012491294139823115,-0.7308804599727212,-0.36287558630714123,0.0,-0.4500840103462608,-1.9313783447958808,-0.15993891032927474,0.0,-0.407393420012911,-2.2576323247679024,-0.5141565382260518,0.0,-0.45396772626884,-1.8510949698872348,-0.545576152738945,0.0,-0.3393177707360211,-1.1174409824915366,-0.29567264503722646,0.0
0.0,0.0,0.0,0.0,0.5074860467075022,-0.20512203451626307,-0.3038574330390065,0.0,1.3252153427804518,-1.2955389137591904,-0.5793421305971141,0.0,1.1792122169985568,-1.885918944272666,-0.5465103628490766,0.0,0.8129493942737013,-1.7009161265691304,-0.3867012991092761,0.0,1.049618844195678,-2.7239818850441733,-0.2998673861725388,0.0,1.1088267537566363,-2.4357252272283354,-0.7550584792711937,0.0,1.3162891233093423,-2.3787440171954284,-1.50525264378609,0.0,0.7065386943407587,-1.1113183188906226,-1.1667562572210495,0.0,0.493201796344553,-2.8881226190319302,-0.19900758746253966,0.0,0.799042000293751,-3.15489372796153,-0.8784549214807437,0.0,1.2560420581889562,-4.375207654512743,-2.3194380652685975,0.0,0.3399691935379111,-0.9875028089379667,-0.8261195530856973,0.0,-0.07382655827114865,-2.555356330940966,-0.176454228970142,0.0,0.14881364777644301,-3.2401895411224118,-0.9364212859348278,0.0,0.038682339900997044,-2.670231622009388,-1.167327563778566,0.0,-0.019827844358831708,-0.7337382836635545,-0.3788327809049175,0.0,-0.48606376320000416,-1.8871947410094392,-0.16297617058874522,0.0,-0.414095444009951,-2.3028032881912575,-0.5534060432107207,0.0,-0.452715060177535,-1.869692872520439,-0.5918236305447437,0.0,-0.3389389203475109,-1.0861464428407819,-0.31778574084386213,0.0
0.0,0.0,0.0,0.0,0.5128551731595883,-0.20461624445224985,-0.3224889161337507,0.0,1.3232461507366302,-1.2672182640991878,-0.6120421874289904,0.0,1.1789727331892448,-1.8628127435328519,-0.5804349568446502,0.0,0.808403157815863,-1.6995388078153575,-0.4191559211864357,0.0,1.0522866025896216,-2.642431525025272,-0.32300800857263773,0.0,1.1189134586645058,-2.4262773466612373,-0.8140176486158974,0.0,1.2570504239921751,-2.2497882239549796,-1.5521069426579877,0.0,0.6706125997981163,-1.0351667865112857,-1.2109875745512557,0.0,0.502477444285332,-2.7911192051025466,-0.21014453275152725,0.0,0.7999934964569916,-3.1468798669130047,-0.9246690047942726,0.0,1.2127018616555292,-4.232439111512727,-2.398707407523959,0.0,0.3392167499375997,-0.9676200584887614,-0.8890718314248418,0.0,-0.044401051037484575,-2.508863122692086,-0.17876028166001684,0.0,0.1406603244425774,-3.236664178346096,-0.9695090012772154,0.0,0.017876652226874925,-2.531397475691958,-1.179127936416341,0.0,-0.026834433796820625,-0.6915713862637335,-0.40012134491739504,0.0,-0.46100144833796397,-1.8930932204297561,-0.16110337205189512,0.0,-0.42912790389172595,-2.2575105786066856,-0.5569247103259831,0.0,-0.4588812962033982,-1.7549633472358803,-0.5837029251400464,0.0,-0.3366552492972166,-1.027978085649914,-0.3218742660450223,0.0
0.0,0.0,0.0,0.0,0.5211398256706203,-0.21202596501367604,-0.304267965927714,0.0,1.3276761628471578,-1.270357262413332,-0.5659809421897669,0.0,1.1900896748129086,-1.8772659148489508,-0.5380533772399391,0.0,0.8237699066084456,-1.7030434462389448,-0.3812709955957931,0.0,1.0719520620748195,-2.7418559009720744,-0.3138568884813118,0.0,1.1170072550014516,-2.4112667141398467,-0.7349079106727784,0.0,1.3535210024969475,-2.388217122817085,-1.469801573306364,0.0,0.7285443521523474,-1.129311958650105,-1.141064743207225,0.0,0.5016127475704403,-2.8833773580713338,-0.20585056560452472,0.0,0.8193661099019659,-3.1451478435487252,-0.8514788670519426,0.0,1.341125694342765,-4.5271150161974285,-2.311972921401308,0.0,0.3499755406934789,-1.0421115997952082,-0.8119795377364325,0.0,-0.0670000024726775,-2.5417625077234405,-0.17520464318651213,0.0,0.16194892386683382,-3.2774595355742275,-0.9341362611244132,0.0,0.05368686954940579,-2.5784750849101314,-1.1233395362802063,0.0,-0.015153592182006171,-0.7310653668492276,-0.3739993011848658,0.0,-0.4816333236270701,-1.8760932980275082,-0.1555771678172319,0.0,-0.41419801278070034,-2.279450101726169,-0.5309782168471863,0.0,-0.4441131392892713,-1.843672828311465,-0.5620126339981341,0.0,-0.3337575609621658,-1.0648486744126213,-0.2940997275575593,0.0
0.0,0.0,0.0,0.0,0.5201452329742339,-0.21458719043488336,-0.30801759294126235,0.0,1.3352266264320696,-1.2941961393048558,-0.5720939707276133,0.0,1.178212712207512,-1.887459582326286,-0.5398853839423227,0.0,0.8107898478191943,-1.7066181659919744,-0.38311213869474137,0.0,1.0746880278063042,-2.6786582824338945,-0.2986314663373788,0.0,1.1213520902546603,-2.4062730958393916,-0.7482321130222701,0.0,1.3136623192393064,-2.293102795184512,-1.464144776290472,0.0,0.7074919918540203,-1.029674039680503,-1.1155047808868401,0.0,0.5200964822946925,-2.85694071983808,-0.1909069626037483,0.0,0.806461499486303,-3.1246188212424886,-0.864004738380959,0.0,1.2271668877657145,-4.215272316360427,-2.2418445226610686,0.0,0.33130933582800465,-0.9104403131764829,-0.7862168562300021,0.0,-0.04786369734843476,-2.5407763809042434,-0.1606559790714468,0.0,0.14950398114438607,-3.234434945499033,-0.9237698741417621,0.0,0.013248927270684123,-2.4870738454859356,-1.0992770370638902,0.0,-0.031583586611249895,-0.6660061146785855,-0.35908608402399206,0.0,-0.4682207300846246,-1.8877796138835004,-0.14293301285834625,0.0,-0.4153681183365054,-2.2620455678599,-0.5122539423107865,0.0,-0.46113477861619667,-1.822827293286285,-0.5395149856108626,0.0,-0.34986548078528634,-1.061868769499958,-0.27887719882447176,0.0
0.0,0.0,0.0,0.0,0.5190371956859542,-0.22264967628931528,-0.29079593844867163,0.0,1.3293627534408907,-1.3066548043844557,-0.5422724183281703,0.0,1.1830557900136298,-1.9002785313583057,-0.5124592170010841,0.0,0.81730440977305,-1.7136752989210382,-0.36162431090349245,0.0,1.066374826606595,-2.7227020688514156,-0.2703416536696656,0.0,1.127820007083244,-2.4386762211084223,-0.7045312079472202,0.0,1.3419689709735165,-2.3986367656286913,-1.4267887299664108,0.0,0.7036089426538125,-1.0811157703745056,-1.0766142052773857,0.0,0.5088415041059828,-2.8769362159359817,-0.1706987837446042,0.0,0.8141911376973113,-3.185172068806976,-0.8168917225342794,0.0,1.27684403203225,-4.543679916062488,-2.2083706590579157,0.0,0.33065844950094897,-0.9845029924267651,-0.7465684113964167,0.0,-0.054173686942439285,-2.5653602770473154,-0.15049357854776843,0.0,0.15145012466181035,-3.2848333425796303,-0.8806100102698532,0.0,0.020806330552359423,-2.5994716318414444,-1.0495303205619915,0.0,-0.022300512612029998,-0.7207304912302839,-0.3362175173714125,0.0,-0.4718565616012139,-1.9185670611344532,-0.14168224087932152,0.0,-0.4139168301081974,-2.2969857260665414,-0.4974064114591222,0.0,-0.45986363974443184,-1.8681777509272826,-0.5191738746422822,0.0,-0.34626120818833733,-1.0892823617657408,-0.26294347363639187,0.0
0.0,0.0,0.0,0.0,0.5240173326111204,-0.21613897505022645,-0.29104498779493077,0.0,1.343954503799165,-1.3058863627859123,-0.5510016168808813,0.0,1.1890512161471327,-1.8840298339556871,-0.5160038979209881,0.0,0.8251218973985079,-1.684862774920415,-0.3641864953157877,0.0,1.0839252765833494,-2.6373507325881302,-0.27995530322555545,0.0,1.1581670737156384,-2.433438366151948,-0.7427902563359274,0.0,1.3452681785800729,-2.3463518699104626,-1.470185193930407,0.0,0.7141804668519899,-1.0800864256964555,-1.1309057113035939,0.0,0.5337957481886334,-2.8230678787702783,-0.18947843903120715,0.0,0.8437072078542955,-3.202954373266175,-0.8727178606950954,0.0,1.2985856673917104,-4.4665024590846665,-2.303442558174604,0.0,0.3458558215786629,-0.9677701319352742,-0.7968929054018423,0.0,-0.02935198075760188,-2.539711721989217,-0.17286371035189887,0.0,0.13940340334654705,-3.250203520913793,-0.9309026909372858,0.0,0.009954157950350949,-2.4695770508911012,-1.0888604481813764,0.0,-0.016052987194488572,-0.6858082056266698,-0.3747286995586103,0.0,-0.45287887540439203,-1.9193786869894263,-0.1641135266716032,0.0,-0.4318489671397258,-2.2124090070114586,-0.5306719423277104,0.0,-0.46100619511547325,-1.7783207760430524,-0.5706040003207095,0.0,-0.32925927325992066,-1.0583369388156232,-0.3246801739713764,0.0
0.0,0.0,0.0,0.0,0.5296473998016495,-0.22241905432786224,-0.29139805572656013,0.0,1.3339142808562383,-1.313177643371612,-0.5509574244411573,0.0,1.1779430374165754,-1.9018850521539137,-0.5237873118458699,0.0,0.8159841890434043,-1.6955335430011629,-0.3706095465856194,0.0,1.05442594416602,-2.6433087846262904,-0.271233496199863,0.0,1.1509173060524343,-2.502554936644659,-0.7626905081996659,0.0,1.3054209240531969,-2.324306440464356,-1.4725266130290176,0.0,0.6754712047092903,-1.0241985835657301,-1.110129957970907,0.0,0.5108555428073065,-2.8313493793103266,-0.18518649107489044,0.0,0.8326500478270433,-3.2701118616619693,-0.8792775920252464,0.0,1.2612752737586952,-4.434040001295911,-2.272488485673924,0.0,0.32125070542896583,-0.9372564361336978,-0.7864793459392362,0.0,-0.05068570006226883,-2.558586700515981,-0.17424183185559175,0.0,0.13192220663826612,-3.2890816118996047,-0.9225415421112998,0.0,0.010865832487611539,-2.6463821993796492,-1.1136842769124256,0.0,-0.029951231486444227,-0.7265422360725122,-0.37195687468959693,0.0,-0.47675952387779014,-1.9124123976255352,-0.16877418304616368,0.0,-0.4219523059769341,-2.269495149831117,-0.533938772882758,0.0,-0.4629999385220643,-1.8970451498556848,-0.5770708238381381,0.0,-0.3486424260524541,-1.1138025780164105,-0.31456850313529433,0.0
0.0,0.0,0.0,0.0,0.528218951710814,-0.21831868042578229,-0.28568401315238984,0.0,1.3359762251847902,-1.31588823455412,-0.5387157819927013,0.0,1.1768710268553721,-1.9004432509130795,-0.5083204729247968,0.0,0.8165280425044961,-1.6906269107937313,-0.35772373679482117,0.0,1.062409909224782,-2.6586265107305453,-0.2593294959020023,0.0,1.171428684289268,-2.478679493721777,-0.7384053213616425,0.0,1.3126874031867761,-2.3077297223290545,-1.4351221661798073,0.0,0.6613725605520913,-1.0141983762847315,-1.0828305233446893,0.0,0.5123089122553526,-2.8422476197231656,-0.1734159690007371,0.0,0.8358720107849456,-3.2288318293405633,-0.8382570425716172,0.0,1.2980760868551366,-4.633326997254044,-2.282337268786284,0.0,0.3133053361409508,-0.9557631360501032,-0.7619975894881097,0.0,-0.04871104561491326,-2.5565193481330466,-0.16305356831816223,0.0,0.1357675336471468,-3.262199865215748,-0.8851370832154004,0.0,0.0011069865380633136,-2.6473272304147932,-1.0734622562271936,0.0,-0.03272856009824672,-0.7363806831510867,-0.3548844903464157,0.0,-0.4718818751862028,-1.9213105281157274,-0.1607359309054802,0.0,-0.42727071665094174,-2.2585979914347982,-0.5176602247429661,0.0,-0.46202428657456995,-1.8645148397919875,-0.5522957840302926,0.0,-0.3398798924692466,-1.1119306693010071,-0.29955670611973095,0.0
0.0,0.0,0.0,0.0,0.5359858382878434,-0.2273437135100367,-0.2896631061270512,0.0,1.3412549879870588,-1.2923142709053053,-0.5451157399724998,0.0,1.1976058894055628,-1.9018473509829121,-0.5251497874085799,0.0,0.8273574115822676,-1.697197446214946,-0.37161869596809494,0.0,1.0759009690204728,-2.623239056485025,-0.289784437064769,0.0,1.1683409420112523,-2.4610680343762694,-0.7593021513462397,0.0,1.3491676711659788,-2.324706443465014,-1.4562311554934655,0.0,0.7177925228828381,-1.039959109160283,-1.1101758795139536,0.0,0.5302559747336874,-2.800278492280202,-0.20180733814125218,0.0,0.8767278926191763,-3.3155687777306317,-0.9059773924049942,0.0,1.3106260647977044,-4.479371954172972,-2.296872805779503,0.0,0.3411902173521598,-0.958826507222239,-0.7977845492079896,0.0,-0.024804532372829015,-2.539040582515372,-0.18525973931789688,0.0,0.15852445679304317,-3.329548582298444,-0.9508749543194454,0.0,0.013564051623805548,-2.55633125612871,-1.1003299645048372,0.0,-0.029152457502668545,-0.7235235566536523,-0.3859859527039811,0.0,-0.4552361042348881,-1.9186139445128338,-0.17448858671645717,0.0,-0.422466738634184,-2.238680980185843,-0.5389164721259335,0.0,-0.45820418987898265,-1.8043490263339308,-0.5720439618414961,0.0,-0.3440861735924882,-1.0643554496676975,-0.32312939021701853,0.0
0.0,0.0,0.0,0.0,0.528777007565202,-0.21272309762346575,-0.2896055845730534,0.0,1.3523406682448205,-1.30350350687169,-0.5504684605048072,0.0,1.199210924369383,-1.8992256142827044,-0.5203169858407701,0.0,0.8291163415670295,-1.6938773561561886,-0.3656862006744631,0.0,1.0858759769066149,-2.6706180208296666,-0.30125746651597174,0.0,1.163655018906854,-2.4316684168918434,-0.757540127393269,0.0,1.3465626771906107,-2.2981119373746712,-1.4611184380197566,0.0,0.7147848262056118,-1.023078728305018,-1.1177572763724692,0.0,0.5268432181415857,-2.8243980850194634,-0.20730381492844824,0.0,0.8775516347731184,-3.2471674301282745,-0.9000801839512957,0.0,1.3214173773119973,-4.3603748090198335,-2.2810995718050524,0.0,0.3443744666577568,-0.9367927153511333,-0.7990109933749026,0.0,-0.031508451307106375,-2.527257402060687,-0.18676542795119466,0.0,0.18391335916515147,-3.314959815117095,-0.9440185529918409,0.0,0.05211004575265502,-2.635197557962187,-1.1267184859363848,0.0,-0.01578616051944168,-0.733033267807565,-0.38293389221572055,0.0,-0.45313394180014666,-1.9056970737494758,-0.17516522994754136,0.0,-0.41079044477823606,-2.2639094076306083,-0.5471927986064985,0.0,-0.43876043776036405,-1.810551429437135,-0.5768357198302778,0.0,-0.32932407046023054,-1.0758815903960506,-0.3262650361606498,0.0
0.0,0.0,0.0,0.0,0.5246924788541724,-0.2371592665660742,-0.29138634186075657,0.0,1.3192816937525305,-1.340956330502162,-0.5494781026029629,0.0,1.161692130971056,-1.9120693525839636,-0.5177582114280216,0.0,0.8056815618593026,-1.7115704587755793,-0.36734540515388936,0.0,1.0279536625296284,-2.646688266460714,-0.27294347367098687,0.0,1.1355988568440143,-2.4999662990911222,-0.7369842216925248,0.0,1.3065796284182019,-2.395030149244285,-1.443604797812712,0.0,0.6639554257626957,-1.0692701662197772,-1.0881663638202264,0.0,0.4882516222246653,-2.8413234087389756,-0.1844772912533819,0.0,0.8156171672921392,-3.3570242250244866,-0.869252421028771,0.0,1.2238033693844055,-4.58770235595768,-2.2358611828879034,0.0,0.30454957009984035,-0.968078971518206,-0.7616357347061419,0.0,-0.07448661434616653,-2.573973194275746,-0.16799190084583207,0.0,0.10660467549805631,-3.352117946490194,-0.9077086385579987,0.0,-0.02090543158115493,-2.6812860220273502,-1.0746839610372563,0.0,-0.04625675444058862,-0.7476353517129508,-0.3589272602573041,0.0,-0.4982492656199009,-1.917511471747783,-0.15836107089208307,0.0,-0.4403999250443374,-2.2898052549995214,-0.5170047826151911,0.0,-0.48867938439301895,-1.912138398236909,-0.5516950522428327,0.0,-0.3808072111563664,-1.1264841532503993,-0.29684504125663413,0.0
0.0,0.0,0.0,0.0,0.530673925411345,-0.2321340350760495,-0.31418080221833045,0.0,1.345563003695894,-1.341290828080279,-0.6023742930268282,0.0,1.1738433642115482,-1.896102990357729,-0.5622836745434325,0.0,0.8088627367962875,-1.702468288886031,-0.4016876696033541,0.0,1.0682935008110301,-2.6689691170293592,-0.33910615622110485,0.0,1.1460367488538052,-2.442068012028261,-0.819832230755207,0.0,1.2878912341986712,-2.274248061475329,-1.5466320511678873,0.0,0.6742967802186047,-1.0488039615526985,-1.1951879831637704,0.0,0.5133836111120225,-2.8383176191085995,-0.23831028128540868,0.0,0.8332327948536828,-3.2234562719543725,-0.9678028523141823,0.0,1.2015112443132747,-4.20587371816751,-2.3809743849371077,0.0,0.33017303866614667,-0.9546225428253552,-0.8756282933539116,0.0,-0.04724164852244143,-2.5413013089001093,-0.2112254332861699,0.0,0.14722136086486165,-3.280022323868361,-1.010133603398027,0.0,0.021279763086646548,-2.5822085237931507,-1.216985586428486,0.0,-0.021774136238269442,-0.7015456313144054,-0.4204506022943016,0.0,-0.465525267191497,-1.9098282686097297,-0.19197314317052003,0.0,-0.4213555220979894,-2.2735859848652713,-0.5889576204505258,0.0,-0.46286683124905764,-1.8264101132731299,-0.6339570806033893,0.0,-0.3470351373694528,-1.0654882174610314,-0.3652184201111089,0.0
0.0,0.0,0.0,0.0,0.5237477218941736,-0.22666674250918437,-0.29013622361997826,0.0,1.331051326509593,-1.3101353818780614,-0.5365592191850178,0.0,1.1738181291123175,-1.878694574940376,-0.49937343761618697,0.0,0.8182614707938078,-1.6899714372457666,-0.35076068156760587,0.0,1.0456154700335671,-2.6887398601226695,-0.2608146753982658,0.0,1.1391326619416076,-2.4190108455077413,-0.6944795628349721,0.0,1.337440586146378,-2.3503013421285543,-1.395582362030636,0.0,0.6918116769817887,-1.0919635125649192,-1.0701841951664548,0.0,0.5042273740731322,-2.852775400149698,-0.16950956639142387,0.0,0.8401560698488765,-3.244359912413396,-0.8219028829060598,0.0,1.214474099374648,-4.29784783852963,-2.0651210878067534,0.0,0.31689973140346156,-1.0005242645617816,-0.7270163769799233,0.0,-0.055530513072248606,-2.5725697123948903,-0.15651755480139157,0.0,0.15877599632808567,-3.342384323428729,-0.9035378837614271,0.0,0.0005947353877606751,-2.46203570254587,-0.987737632505905,0.0,-0.04554795686706013,-0.7417821027015018,-0.32318425019421865,0.0,-0.48168383409092597,-1.9119480386788894,-0.14950751950842767,0.0,-0.41980540616905154,-2.2851608625899797,-0.4966029445277443,0.0,-0.4638337017540818,-1.8432624430441293,-0.49696506433559595,0.0,-0.3595603163262859,-1.1013033745023624,-0.23984479156918073,0.0
0.0,0.0,0.0,0.0,0.5275588889694981,-0.2336888765973368,-0.2961353742707973,0.0,1.3329570809902076,-1.323029444911299,-0.5591625538095016,0.0,1.1743936607825096,-1.893711579916575,-0.5257436115103032,0.0,0.8140422103484929,-1.6985824846992381,-0.37333366656489403,0.0,1.0479940602197726,-2.6578991816337836,-0.30054508359491233,0.0,1.1449800415626146,-2.4315113954378322,-0.7593346226029793,0.0,1.298108616467996,-2.290190950698974,-1.465762128885323,0.0,0.6650957868578218,-1.0268613620427123,-1.1108758962674496,0.0,0.5030770312502346,-2.817163719093672,-0.2064549361248311,0.0,0.851591490620809,-3.291903638566592,-0.9115630067891036,0.0,1.1796633847255829,-4.199906706860078,-2.186791519758742,0.0,0.3147341550312977,-0.9383065523379877,-0.7783822447492862,0.0,-0.04923893195872724,-2.547844279602974,-0.18734335167072633,0.0,0.14601987479199302,-3.3474432590950465,-0.9626541676291408,0.0,-0.006632550617527366,-2.5159161209872085,-1.0832113924306843,0.0,-0.037917350096506305,-0.7158018579764123,-0.368903562610987,0.0,-0.4712335166670807,-1.9204783947031194,-0.17436010361203513,0.0,-0.4250052246574627,-2.2726975782676555,-0.535447476616232,0.0,-0.4759500842698452,-1.8490327991170592,-0.5603343566782133,0.0,-0.36711713521119627,-1.1028757105172575,-0.30434062230004016,0.0
0.0,0.0,0.0,0.0,0.5298306292325912,-0.2374869374879,-0.2988463187771579,0.0,1.337771713896748,-1.3272538669311724,-0.5609740502923727,0.0,1.1785535260217292,-1.8991025574329723,-0.5275899971715413,0.0,0.8158989208363154,-1.705828022686075,-0.3727964889526297,0.0,1.0484639396674147,-2.6685673390949267,-0.29101088992986923,0.0,1.1520096700980595,-2.443471622938009,-0.7569132233541014,0.0,1.3057396139820892,-2.2929598888276255,-1.4584130982848296,0.0,0.6692736672335826,-1.0374263479242676,-1.1043367054231406,0.0,0.5054895405345209,-2.8163119721806926,-0.19568549699324242,0.0,0.854496086456115,-3.279860560698999,-0.9056375668124905,0.0,1.167960288588908,-4.09985082895823,-2.1398335777314212,0.0,0.32053220376272146,-0.9505064547468424,-0.7775710705195866,0.0,-0.04101645893490727,-2.548106282639441,-0.17850926982124618,0.0,0.15902049299307125,-3.341778827225943,-0.9567953394164836,0.0,0.007283071619517739,-2.5069146700694915,-1.0752583246775307,0.0,-0.032512040955025655,-0.7234289770406434,-0.36198833041510586,0.0,-0.4627984834372823,-1.9282838095232446,-0.16875214825637788,0.0,-0.41582662706529977,-2.2901831881788266,-0.5338412110877586,0.0,-0.4667583956293805,-1.8550096528386604,-0.5546010658800294,0.0,-0.35995899014880045,-1.1167631840773924,-0.29697383063379584,0.0
0.0,0.0,0.0,0.0,0.5086661724375843,-0.20859969179938478,-0.2866584325086277,0.0,1.3250048944119845,-1.3070033602242275,-0.5432541096737912,0.0,1.183381804818407,-1.8932885785928646,-0.5106284730327013,0.0,0.82243739858483,-1.6943069039601253,-0.35503493385248874,0.0,1.01899571684267,-2.5984614996926543,-0.2432935723501613,0.0,1.1369892709023661,-2.427898812245463,-0.6995559588028123,0.0,1.3188763708135838,-2.329839989024025,-1.3983117801914502,0.0,0.6834082086471115,-1.0485700259104056,-1.0712492578421178,0.0,0.4954384530156862,-2.767379974962717,-0.1565905908472659,0.0,0.8293313294210763,-3.268426749173185,-0.8192514546044629,0.0,1.2553996874907956,-4.464009227255616,-2.131982669124687,0.0,0.31426752743652187,-0.9606094755740734,-0.7227216218675817,0.0,-0.04590892263716655,-2.527769916687263,-0.1466121525654907,0.0,0.13048344964167793,-3.3618811337153227,-0.8890973207968265,0.0,-0.010087189372627123,-2.434304394342547,-0.9608396748053104,0.0,-0.044843750371855264,-0.7198059316111676,-0.31753298874151137,0.0,-0.46839333251775495,-1.9318153425045352,-0.14798440787921638,0.0,-0.437231211032702,-2.2677064282615014,-0.4897667916597105,0.0,-0.4693501203462679,-1.8016940726152135,-0.4872298096192245,0.0,-0.36305503591741695,-1.096593544488099,-0.24385177175767273,0.0
0.0,0.0,0.0,0.0,0.501449620384156,-0.19198205237009702,-0.29974155095966964,0.0,1.3165627312142971,-1.267019712371735,-0.5795392411880701,0.0,1.1850458845071856,-1.8647311585598239,-0.5509861925150626,0.0,0.8198825654293543,-1.680255355246811,-0.392539651860373,0.0,1.0238842429678403,-2.54047056928095,-0.28688633733855606,0.0,1.1528945241719584,-2.424432759767175,-0.7965218511620088,0.0,1.24257712345245,-2.166699895760961,-1.4933911960428106,0.0,0.634284159945222,-0.955063928330066,-1.1489410081412503,0.0,0.5005070066789384,-2.697356080848949,-0.19460537436355813,0.0,0.8569965264020794,-3.262196782248361,-0.9194581009647357,0.0,1.2132128796411021,-4.2382021240151095,-2.2948093384460395,0.0,0.3063767314999181,-0.9096834594390544,-0.817441668804643,0.0,-0.029496320529855426,-2.4792335038407582,-0.17903194192639962,0.0,0.13507134839700202,-3.3112890140850246,-0.9664629764457907,0.0,-0.032546976312467744,-2.4176849268622758,-1.0864831637349985,0.0,-0.061719732389799414,-0.6714872913520964,-0.3801926798110149,0.0,-0.45107382696020754,-1.9178967167948753,-0.17344044319651808,0.0,-0.4303530285922863,-2.25262317243942,-0.5465558299858752,0.0,-0.4828418670850617,-1.7554686784218123,-0.5625902981906018,0.0,-0.37892386314573173,-1.011913094838992,-0.3060852998098242,0.0
0.0,0.0,0.0,0.0,0.5138391225041722,-0.19914370046016225,-0.28229416651996825,0.0,1.3223767322855757,-1.3018767431992384,-0.5253721891544363,0.0,1.1632012980057238,-1.866224900205153,-0.4832056332037364,0.0,0.8119015483653802,-1.6764215287322046,-0.3340825585714626,0.0,1.0147096636074906,-2.6035024533700613,-0.2552501113799614,0.0,1.1195016839662866,-2.3919011943275943,-0.6940607215653116,0.0,1.2855756664146765,-2.244177332286713,-1.3651092782270553,0.0,0.6686991480881926,-0.9750135460690604,-1.0266782223330624,0.0,0.4814019413285825,-2.771178551010376,-0.16180138949167588,0.0,0.7816253506389192,-3.2311889871160004,-0.8061278830376116,0.0,1.2124928148127962,-4.545043471398414,-2.1281535132056066,0.0,0.319027256899124,-0.9299923200987138,-0.6926530266945938,0.0,-0.06220777021045181,-2.515286186889554,-0.144815639380022,0.0,0.08595791823785177,-3.3846512480547375,-0.873449226672038,0.0,-0.05454239898828362,-2.3278304254617184,-0.875587062932118,0.0,-0.04693631197126503,-0.6992240582013285,-0.2875687954121794,0.0,-0.4698881463109478,-1.9345629777521591,-0.14377683782157713,0.0,-0.4549222846190219,-2.255797411182476,-0.45822363725634796,0.0,-0.48884285363143243,-1.7371487343661212,-0.434466924607502,0.0,-0.3830730276860937,-1.0863273375775842,-0.2187803241123135,0.0
0.0,0.0,0.0,0.0,0.5112411671611302,-0.1924723776993674,-0.2743693553292053,0.0,1.3260117009162073,-1.3010349044443197,-0.512794197085974,0.0,1.172924796090088,-1.8883375237298186,-0.473776667863137,0.0,0.8150915862629811,-1.6861597955282568,-0.3260926355535494,0.0,1.0162629109452095,-2.587756773994539,-0.245210832853497,0.0,1.1292349083202622,-2.4057064497128047,-0.6819104563377958,0.0,1.2929784944107623,-2.241769589062215,-1.3367824294049564,0.0,0.6765867933644842,-0.9745605339918813,-1.0102672626891485,0.0,0.4870896414687718,-2.740606426904895,-0.15044837714287804,0.0,0.826320559845936,-3.355254373445396,-0.7999499868526077,0.0,1.1936814814530665,-4.368536671657432,-1.9703658704002502,0.0,0.3177688702713633,-0.9121337054380447,-0.6530779060397104,0.0,-0.051577476089165526,-2.5053555158654337,-0.1317707447196997,0.0,0.11127953933722828,-3.460355175809161,-0.8625458392428051,0.0,-0.036133509422766524,-2.31462704094964,-0.8470230534316779,0.0,-0.04597337824604667,-0.7069242072315906,-0.28114152254905306,0.0,-0.4656278811832732,-1.9271094502933268,-0.12788892628676557,0.0,-0.4312304909771446,-2.283118813722135,-0.4339541425787528,0.0,-0.47054570362124537,-1.8145262871158185,-0.41456201650866553,0.0,-0.3735869742558425,-1.0950566061691638,-0.18741299612145024,0.0
0.0,0.0,0.0,0.0,0.5078699109965359,-0.20128004801089627,-0.2736922967812218,0.0,1.326967664666616,-1.3413262092710676,-0.5250202786251498,0.0,1.161860570794481,-1.919030423954555,-0.4905870160141125,0.0,0.8052214317257254,-1.6999775878197982,-0.34244702603247723,0.0,0.973720514923824,-2.523515946605789,-0.2309987747442248,0.0,1.139569437736341,-2.458466182192242,-0.7169892406867538,0.0,1.2505192640628873,-2.2088711618150754,-1.3773004444896155,0.0,0.6481307629456429,-0.9891885107931094,-1.0661133885179084,0.0,0.4624389858756327,-2.6668972749022495,-0.14690356317244224,0.0,0.8809059349299002,-3.4838541714121893,-0.8540965891408061,0.0,1.162320430203469,-4.225101496557064,-1.9847812165039402,0.0,0.2929710705688021,-0.948370436132233,-0.7106258554123327,0.0,-0.04778975975797871,-2.4830331087404307,-0.13827640220416193,0.0,0.11711830165961405,-3.48251293306473,-0.8932442577392842,0.0,-0.04321277835293129,-2.3756840048559384,-0.9045589988256946,0.0,-0.06419124118793124,-0.7068118085995369,-0.309530559950543,0.0,-0.4621792005342613,-1.9434315934805542,-0.14181761314682095,0.0,-0.4427141916802275,-2.300044456409927,-0.48027083707851537,0.0,-0.47808968831495774,-1.7675716747246695,-0.46737527510413523,0.0,-0.372231905491381,-1.0189699029590926,-0.22970362972066272,0.0
0.0,0.0,0.0,0.0,0.5319319084727131,-0.2094858463694408,-0.27629356369070085,0.0,1.3291169612990652,-1.2727446307310855,-0.5074226991249343,0.0,1.1802792348767726,-1.8495912384019808,-0.4750439828031725,0.0,0.821905491685047,-1.6734160968317136,-0.33506565736077604,0.0,0.9805245683373243,-2.475450143539335,-0.22827413333557334,0.0,1.139008886051802,-2.4193607234198797,-0.687826188734566,0.0,1.3072212508274308,-2.2371619319781297,-1.3542583283997949,0.0,0.6966155731265723,-0.9863579433776971,-1.0325905874573225,0.0,0.47161695103373213,-2.6134353795854217,-0.1409867869220046,0.0,0.8695157378205345,-3.4911299349444733,-0.8419365525829925,0.0,1.2039237024149427,-4.240266139794141,-1.962614385272323,0.0,0.3330681136306051,-0.9092055173046012,-0.6812884756597234,0.0,-0.040366431742312754,-2.423895170154564,-0.12608266833924853,0.0,0.07997905602309939,-3.4739178019187995,-0.8819262509026917,0.0,-0.033517492182017466,-2.1990664155066795,-0.8556675707277511,0.0,-0.03198982501089059,-0.6533377241477595,-0.30880501099425767,0.0,-0.4511122696216859,-1.9076193559533476,-0.12658813254814472,0.0,-0.4621819484262234,-2.185360309630242,-0.4392520357420816,0.0,-0.4707419446398034,-1.6944156998357136,-0.4452189420866686,0.0,-0.3480498472496007,-0.9833497233455449,-0.2313786430233827,0.0
0.0,0.0,0.0,0.0,0.5244492937448796,-0.19039652633777507,-0.2860323169994324,0.0,1.3261795949845403,-1.2570960568510192,-0.5397791181846543,0.0,1.183015477285579,-1.85107844788331,-0.5095154785908889,0.0,0.8168952593479473,-1.679104747237273,-0.3629622065515499,0.0,0.980539081489469,-2.4063571112476847,-0.2480725777934839,0.0,1.190259125129675,-2.4652084711929665,-0.7912640629830809,0.0,1.2347462480919602,-2.0903805559808086,-1.431306818271169,0.0,0.6398741434852423,-0.9358307495919292,-1.1106806892500496,0.0,0.48606178603656264,-2.555476397835936,-0.1642506797527352,0.0,0.9412164195103169,-3.5917508481864067,-0.9666552265219042,0.0,1.1493935681194138,-3.894911969493527,-2.0253387195001764,0.0,0.3173118348544026,-0.9116118885767321,-0.77493670443865,0.0,-0.01185379380467503,-2.407412502112312,-0.15320676168082514,0.0,0.10126433687102834,-3.443436548977476,-0.9529554599812707,0.0,-0.03243830191163196,-2.266521690351195,-0.962309133486293,0.0,-0.0495109417063396,-0.6844587973308729,-0.36202481304552264,0.0,-0.4346765461034837,-1.916649152030955,-0.15547624405577276,0.0,-0.4576135192775098,-2.18327122645261,-0.49884011867461986,0.0,-0.4771286672512289,-1.6755241782490427,-0.511546458261816,0.0,-0.3633638617295692,-0.99525258574857,-0.28976815804298584,0.0
0.0,0.0,0.0,0.0,0.5222021386356304,-0.20842745215641284,-0.2705630765444491,0.0,1.3078325330133913,-1.2895165966464521,-0.5052671385645008,0.0,1.1663050575245375,-1.8718677484913402,-0.4770975464428707,0.0,0.8095616715724893,-1.6882568125333999,-0.337269890382675,0.0,0.9502699905534774,-2.4610733630933965,-0.20536621827321325,0.0,1.1365838515565185,-2.4586919533714204,-0.7020445815390252,0.0,1.2480989178826283,-2.209417086003047,-1.3625899282973826,0.0,0.6505717369664578,-0.9706064802975218,-1.046030588744722,0.0,0.44563255660990214,-2.5871732292176133,-0.12473654035427773,0.0,0.8606279266308959,-3.5860571762450313,-0.8647932378072406,0.0,1.0529150394521996,-3.9782424415358957,-1.8772877694287173,0.0,0.2824881212406019,-0.8902367102173685,-0.6840603850312784,0.0,-0.057520995051128,-2.422677623706732,-0.12014929771022437,0.0,0.05164337195810081,-3.4510913929622107,-0.8752999178063816,0.0,-0.07098042269370847,-2.289523807079714,-0.8809106391354813,0.0,-0.05950121084200147,-0.7015656409225455,-0.3160110582477073,0.0,-0.4730867230604796,-1.9092793679153637,-0.1287972662091762,0.0,-0.48027053567918543,-2.203641488357572,-0.4556779309665909,0.0,-0.49518238240758816,-1.741442415457323,-0.46798923326218056,0.0,-0.3683455366980353,-1.0292934811856584,-0.24418959139849977,0.0
0.0,0.0,0.0,0.0,0.5203438688246507,-0.22320310013311861,-0.27998056388319903,0.0,1.284984692797864,-1.2982624410793195,-0.5234567017575733,0.0,1.1490003814118102,-1.8962048128398985,-0.5003830637573343,0.0,0.7999787741609052,-1.6992795903598858,-0.35235828180056683,0.0,0.9371253731452739,-2.45714620302848,-0.23147637947710686,0.0,1.1341271611130592,-2.5097023097600584,-0.7473627765843347,0.0,1.1922204562109018,-2.204322880715942,-1.3927534903928358,0.0,0.5943721617445062,-0.951840611145008,-1.0534199374568973,0.0,0.4377815856479708,-2.585303907304839,-0.14165290044543363,0.0,0.8629167735325401,-3.751246711512156,-0.9402523835221722,0.0,0.89607504148309,-3.7646117460981587,-1.8347602355775545,0.0,0.22460724769033563,-0.8514206023006708,-0.6923425238677047,0.0,-0.050612831049819944,-2.438986725154873,-0.1263249808701929,0.0,0.02274611084830486,-3.4999517883649163,-0.8722413583746693,0.0,-0.12328434720869505,-2.4397266765131023,-0.9030655765099611,0.0,-0.0894089436402138,-0.7551099301329635,-0.331009020437183,0.0,-0.46444541357497526,-1.9572914032216704,-0.1289336618352722,0.0,-0.5026109158301802,-2.2219409566709922,-0.4499183378830971,0.0,-0.5322095107579264,-1.759739195795735,-0.4630255431981312,0.0,-0.40986950102033926,-1.083317326568252,-0.2556511567869063,0.0
0.0,0.0,0.0,0.0,0.513417063253929,-0.22498108655277732,-0.29018968164604403,0.0,1.2861354498270954,-1.2813148047442477,-0.53135229530611,0.0,1.147370808692076,-1.858810169519879,-0.5018917667299924,0.0,0.798859338933055,-1.6932433921008074,-0.3568020943662982,0.0,0.9197228348543482,-2.4419546939150365,-0.2478131513844726,0.0,1.1164245660560237,-2.477980561507116,-0.7455077413842685,0.0,1.220533921850217,-2.2416449496421325,-1.40874225092982,0.0,0.6200737306229627,-0.9825051042513063,-1.056546895227636,0.0,0.4302111295778846,-2.5786585906607957,-0.15842019089422987,0.0,0.8334556280520863,-3.5767008203769484,-0.9310411796738844,0.0,0.9227139577453296,-3.7376242238988917,-1.8781688841702076,0.0,0.23959024730931983,-0.8371228313978788,-0.6948377324757333,0.0,-0.06087399442553574,-2.42478143366688,-0.13906925045178534,0.0,0.02026239256316127,-3.4537014806148343,-0.9101429895904528,0.0,-0.11950661273074611,-2.2408431433206677,-0.899708429600452,0.0,-0.08348578312432443,-0.660712027601803,-0.32357126641447426,0.0,-0.470841221844958,-1.9350203704252804,-0.1358647290021863,0.0,-0.5025319625847112,-2.201454911558096,-0.4646199631018647,0.0,-0.5315694790236527,-1.7192994922033622,-0.474046417085846,0.0,-0.4039741717704217,-1.0291396805962196,-0.254363151738184,0.0
0.0,0.0,0.0,0.0,0.5178338132288778,-0.2238977481037615,-0.2943736648184254,0.0,1.2755589671201477,-1.2610305167397717,-0.5315556224058758,0.0,1.1427363376976547,-1.8481308301574748,-0.5041605908602879,0.0,0.7921704975364913,-1.6946980910348728,-0.3597759826828209,0.0,0.910601504305703,-2.4755199141267923,-0.250733579431492,0.0,1.1226151698368225,-2.4540837576134527,-0.7402344530355764,0.0,1.2083251376278386,-2.175104788004242,-1.3713897007857818,0.0,0.6208721177254021,-0.9768811999793121,-1.0454386722847533,0.0,0.4137764107945011,-2.5994782261408607,-0.15710835894697817,0.0,0.816306969179939,-3.548467859776825,-0.9051536584509623,0.0,0.9295877339912735,-3.810658416418447,-1.8709218617628836,0.0,0.24541246201890976,-0.8782308560324299,-0.6923823694329102,0.0,-0.08408328879219185,-2.43281976196926,-0.13653957880121526,0.0,0.007072946093983219,-3.4153987395846794,-0.8979024338401506,0.0,-0.12703244860177143,-2.224332356053551,-0.8867551382109423,0.0,-0.08710464366002744,-0.6769819342584766,-0.3162689951109234,0.0,-0.4952648338964632,-1.9122628298349036,-0.13089440965806814,0.0,-0.5047980957449251,-2.1916651385767003,-0.4512643367834786,0.0,-0.5390952311272015,-1.757543003036719,-0.45585203725711043,0.0,-0.41402224855170205,-1.0653433118734068,-0.23077281072767783,0.0
0.0,0.0,0.0,0.0,0.5115487939469139,-0.23378817015784337,-0.28739106642722445,0.0,1.2806722654719092,-1.297499966107409,-0.5280605493334283,0.0,1.143510074226473,-1.87178865660912,-0.5011079234181977,0.0,0.79490978121003,-1.7010736019392159,-0.3570773397451877,0.0,0.9007466563473092,-2.465511188149529,-0.23768022974619848,0.0,1.1223617712753795,-2.4840533136155476,-0.7339107605367793,0.0,1.2058614272505792,-2.214973205356923,-1.377347489321051,0.0,0.6103773010543767,-0.9724800728111891,-1.0367953300056392,0.0,0.41096334565110243,-2.581628883150698,-0.1482414458898575,0.0,0.8222676797832277,-3.5828444254390406,-0.9049440651665872,0.0,0.9061608428430293,-3.8313504171665804,-1.8643482013175927,0.0,0.23006777044028964,-0.8444191852932329,-0.6768744468073511,0.0,-0.07518990407331863,-2.4249061940972707,-0.13073953939012367,0.0,0.013299226909175229,-3.4781836219682134,-0.893648433300205,0.0,-0.13306005100427906,-2.2667090854758767,-0.8816872413984869,0.0,-0.08702345266364457,-0.6773839245044552,-0.3147103029545195,0.0,-0.4804495828376653,-1.9390174485460445,-0.13008751672094837,0.0,-0.5024776954465042,-2.227922931193779,-0.45265365401746066,0.0,-0.5363526951352623,-1.7673467573481014,-0.46006494192935404,0.0,-0.4070745034953815,-1.0587127372269596,-0.23875711208338712,0.0
0.0,0.0,0.0,0.0,0.52355312247217,-0.2234091733812782,-0.27601927974218693,0.0,1.3042922106508916,-1.3303887826450875,-0.523192807608151,0.0,1.1594035929236426,-1.916833776886095,-0.4957752499319801,0.0,0.8107875127504136,-1.6983966428550241,-0.3466439596522144,0.0,0.9453071337628274,-2.4310938873550207,-0.2160847937471759,0.0,1.1653893525156933,-2.5016746477342116,-0.726278830597109,0.0,1.227525535691193,-2.2190074607886423,-1.3637876043461792,0.0,0.61470437300285,-0.9768112921538321,-1.0405694435331718,0.0,0.4601584069053646,-2.5714494510292796,-0.13098712551208297,0.0,0.8881925702549831,-3.723986756996984,-0.9003975192321961,0.0,0.9451361684212661,-3.920043612139407,-1.8388229532412628,0.0,0.22996390019742666,-0.8788173737118022,-0.6787546827045835,0.0,-0.028077549016168105,-2.445969766958181,-0.11784459279297073,0.0,0.0437081974276897,-3.494394743009478,-0.8586273501786182,0.0,-0.11187774543028398,-2.3458617719557697,-0.8681539116852443,0.0,-0.08263677430394291,-0.724130331052387,-0.3184136186348389,0.0,-0.4481693552850332,-1.9747272210346767,-0.12168576938017303,0.0,-0.48502114225719317,-2.228729780178328,-0.43997997916432435,0.0,-0.5156006538167694,-1.756252643539097,-0.44609578173965625,0.0,-0.39084928280472725,-1.055070288495181,-0.2327149057950686,0.0
0.0,0.0,0.0,0.0,0.5232846272423356,-0.23217367600592334,-0.27932438261398385,0.0,1.3013465077965074,-1.3083997807284147,-0.5153482361755383,0.0,1.1652167538075722,-1.898238930885898,-0.4904837766627193,0.0,0.8110055029215752,-1.7109885252178807,-0.3456576825862545,0.0,0.9501796624406331,-2.5059142740152454,-0.2102120612976236,0.0,1.145915661076546,-2.4861668508566948,-0.7025398834090719,0.0,1.249558516025239,-2.254894131667757,-1.3541507804263266,0.0,0.640530662790211,-0.9978562320177267,-1.027344288361381,0.0,0.44900970071253615,-2.6322294202024112,-0.12343157802425869,0.0,0.8251561098379743,-3.503800274429038,-0.847542205186444,0.0,0.9932736782599085,-4.042822431342404,-1.8986469592713915,0.0,0.2565523232138612,-0.905745491015988,-0.6817303343592324,0.0,-0.05043404381268739,-2.464925599789173,-0.11317674460160221,0.0,0.06742194634284147,-3.471611695072005,-0.8632676269143459,0.0,-0.08579914906066004,-2.3642084555331357,-0.8810380045796671,0.0,-0.06971266721298217,-0.7362462987915888,-0.3060995792338598,0.0,-0.46432433782340354,-1.9555964325562047,-0.11934037083425351,0.0,-0.47246847192629277,-2.2623576512180885,-0.444088371768749,0.0,-0.5052988170046183,-1.7790195192390206,-0.4420652878252688,0.0,-0.3888446201880684,-1.0896509600748356,-0.22027540813514765,0.0
0.0,0.0,0.0,0.0,0.5252767906634446,-0.2280021874005416,-0.28082913399046067,0.0,1.300521136162736,-1.3211558168117066,-0.518222144047728,0.0,1.1485226982589334,-1.8850003893864988,-0.48558625067891364,0.0,0.8005250333509855,-1.7027620522729974,-0.3448888905638758,0.0,0.943113203893247,-2.484565521490374,-0.2185342044560253,0.0,1.151261220251561,-2.5219379804157573,-0.7267749342395019,0.0,1.2091723883888421,-2.209180182801175,-1.3687809848628443,0.0,0.594044571689972,-0.965394085462188,-1.0359946666689224,0.0,0.44809946852796884,-2.6224105949093657,-0.1314091495900008,0.0,0.8733086119203399,-3.679475841173389,-0.8931097719832545,0.0,0.9322034394679519,-3.79193130560908,-1.8023458648595585,0.0,0.23099408535173002,-0.8724695715980441,-0.6800007905542721,0.0,-0.04935067642102777,-2.4753317996913027,-0.11923897858722625,0.0,0.05718435885345625,-3.4947514348358477,-0.8650238130890155,0.0,-0.10310335461168477,-2.401433189588009,-0.8837385516816564,0.0,-0.08479890037149532,-0.7308159136173304,-0.3114873862996402,0.0,-0.4692960768097551,-1.9561753347646755,-0.12205919566372612,0.0,-0.4727527176937072,-2.262744664068981,-0.4435990940366588,0.0,-0.5175149800552871,-1.8286871129893303,-0.44745546849717405,0.0,-0.40053348571771613,-1.1003234049053294,-0.22355575347692785,0.0
0.0,0.0,0.0,0.0,0.5258330952199065,-0.22354173753342668,-0.27111677496485637,0.0,1.326391332164646,-1.3329443382639994,-0.5088455718722598,0.0,1.1732511379500075,-1.8995724359435866,-0.474692482125975,0.0,0.8160816546357369,-1.7021289626312754,-0.33501655289245663,0.0,0.982362549384915,-2.5162970153098003,-0.21037207002368616,0.0,1.17236821410408,-2.511031922923494,-0.6999456760505126,0.0,1.2728779715163585,-2.267548635568843,-1.3582946235146305,0.0,0.6460655952494202,-1.023503804539169,-1.0468989548805834,0.0,0.47171467898463193,-2.6504669993898435,-0.1265675017941926,0.0,0.9017759458486404,-3.598855949099234,-0.8391750403025265,0.0,1.1261834682710345,-4.149107579502751,-1.8771866341214187,0.0,0.2890974527325475,-0.9423290860127888,-0.6826851288477019,0.0,-0.038031118963065894,-2.4775606146263836,-0.11787742942434655,0.0,0.11088003011104279,-3.4872675482622775,-0.8496900196730777,0.0,-0.029606805138477833,-2.446291497642652,-0.8893396221813425,0.0,-0.04601913968504398,-0.730487637027693,-0.30761438189009516,0.0,-0.4596610938926956,-1.9402018938100007,-0.12278167129435989,0.0,-0.44689503210083625,-2.2711672953377606,-0.4499334004240265,0.0,-0.47561486976200723,-1.821483194386742,-0.4585635167564629,0.0,-0.3597610891750019,-1.0727207358030544,-0.23116904432783875,0.0
0.0,0.0,0.0,0.0,0.5200345083621735,-0.20870845313664343,-0.2809909520753368,0.0,1.3234883821991008,-1.2770157549869123,-0.5291779662526415,0.0,1.1971635112106667,-1.8794522418144237,-0.50269548272142,0.0,0.8277661729231549,-1.7037892690803929,-0.3564376394495882,0.0,1.0057503736901985,-2.509675151154926,-0.2329819063201985,0.0,1.1930321954574454,-2.4827047936816005,-0.7388664327986292,0.0,1.273926320244247,-2.1957369096250066,-1.3901795946437705,0.0,0.6551925743607581,-1.0121360465103688,-1.0812768376805273,0.0,0.4920610731283039,-2.6399867917557693,-0.14561798464553075,0.0,0.9080446949171279,-3.5001107968018856,-0.8787405183685293,0.0,1.17684009423127,-4.126611269353941,-1.9923106970995441,0.0,0.31596745096674766,-0.9673318564529058,-0.7351026332691523,0.0,-0.020422462073684793,-2.4562952556507565,-0.1350007122022743,0.0,0.13438931093523693,-3.444141892375724,-0.8959901953429655,0.0,-0.003431276864868061,-2.3980008056305357,-0.9390808054935912,0.0,-0.031528009978819625,-0.7258294546305919,-0.3289621482582563,0.0,-0.44213103289103006,-1.9287346442757922,-0.13793517488439513,0.0,-0.43334813445975134,-2.2551729293859752,-0.4738049744563733,0.0,-0.46202532592451756,-1.8068149975245391,-0.4850843592032997,0.0,-0.3509971312602303,-1.1029087615129196,-0.25524535298143525,0.0
0.0,0.0,0.0,0.0,0.5229110119272986,-0.22240394207582176,-0.2903811423742818,0.0,1.3116172911412474,-1.3081291945447762,-0.5466460568058199,0.0,1.1595183640247742,-1.8714248388919625,-0.5130179599578722,0.0,0.8029502471577079,-1.692594845535262,-0.36774424305707654,0.0,1.0007933434763703,-2.561886254997899,-0.2682862252527824,0.0,1.1343660127402255,-2.491240314538557,-0.7765396988724435,0.0,1.2064785200269872,-2.2141650460340383,-1.4739894234962532,0.0,0.583215220118395,-0.9535967662199157,-1.1077803667808719,0.0,0.47500928247588725,-2.708258833521474,-0.1778723129020585,0.0,0.8528413225102779,-3.4046892715977735,-0.9098441782383836,0.0,1.069089365472823,-3.983392324184129,-2.0581337976959126,0.0,0.2587974792133987,-0.8800635543289388,-0.7516135555543435,0.0,-0.050807846460764215,-2.5057421330869656,-0.16561159018576482,0.0,0.1116611636430575,-3.3749203509742816,-0.9200429116321491,0.0,-0.05021402520768941,-2.541674309868604,-1.031805535665614,0.0,-0.0715796552264782,-0.7202675168016502,-0.3509454635267143,0.0,-0.47515528763321396,-1.9287783846384086,-0.16262496683732677,0.0,-0.4551044349280025,-2.2642031253221244,-0.5166659117769268,0.0,-0.4945474494578059,-1.8337391968566965,-0.5390313765000974,0.0,-0.37907359950366704,-1.1010190694661675,-0.2951931081507153,0.0
0.0,0.0,0.0,0.0,0.5156425134033435,-0.22829587051535175,-0.27404987922134305,0.0,1.3137931984871845,-1.3206469497108009,-0.5146790305832486,0.0,1.1652576507602292,-1.8870883397345575,-0.48346452552277647,0.0,0.8116143034594783,-1.695050709695798,-0.34297493199859436,0.0,1.0013160220279096,-2.632296362979699,-0.2445422054494705,0.0,1.1172359260772105,-2.463695312661588,-0.6895644457301168,0.0,1.2995552812700617,-2.392307741235925,-1.4047593759598775,0.0,0.6532105651196032,-1.0521460277024275,-1.054129006204206,0.0,0.4672813115466585,-2.7797276986959725,-0.15998164095162457,0.0,0.8346086282608403,-3.3844387103516866,-0.8234638061702589,0.0,1.2013141415357753,-4.55516625455784,-2.09051068178327,0.0,0.2906409385455894,-0.9658537733824831,-0.7020061463532217,0.0,-0.07013599537705262,-2.535114611300054,-0.1498480205548344,0.0,0.10571525298738235,-3.402669390990345,-0.8708587161479115,0.0,-0.03746568274616048,-2.5186633163794334,-0.9546177573583322,0.0,-0.04713165048477356,-0.7237026671913072,-0.31929434462062695,0.0,-0.48331074916227984,-1.9387744411826267,-0.14934214170662818,0.0,-0.45223420347175053,-2.2754452565156313,-0.4842774344329548,0.0,-0.4871346367580304,-1.8415298748452846,-0.49901237523000264,0.0,-0.3657605813226246,-1.0822960124260954,-0.25914587387190857,0.0
0.0,0.0,0.0,0.0,0.532666847636266,-0.24081477695515674,-0.26727364029694617,0.0,1.3381510468831266,-1.3621819776215653,-0.4973053280834123,0.0,1.1706633630087098,-1.8956619885535568,-0.460439523311944,0.0,0.8186945853599368,-1.7036818819527968,-0.3256133762940105,0.0,1.0213724969622777,-2.6198805526494513,-0.22425063104266707,0.0,1.1619440531990426,-2.5062213523903574,-0.6638944735487603,0.0,1.331106392955742,-2.398344784384105,-1.3367761596285528,0.0,0.6674376848650257,-1.0524975370984662,-0.9977645867668462,0.0,0.4889012760457922,-2.7988071153676803,-0.14183880686666125,0.0,0.8812218475908787,-3.478135906245507,-0.79138293158842,0.0,1.2328808973635572,-4.484046441883406,-1.929186144186218,0.0,0.3078534515950237,-0.9788521629635729,-0.6629016224621292,0.0,-0.0606956348741344,-2.5607870775047514,-0.12942716395158868,0.0,0.135362450712057,-3.404954545152218,-0.79536446003834,0.0,0.004759881270736086,-2.723667396616821,-0.8998834781431652,0.0,-0.0343399124503725,-0.7959929333977623,-0.28289372979041055,0.0,-0.48267378588996446,-1.9374149484809704,-0.12815427102078936,0.0,-0.42903345088750794,-2.3108499958574082,-0.4474968514003581,0.0,-0.47527677992782547,-1.8339627304396513,-0.435606425363466,0.0,-0.37476423641100925,-1.0685421743836814,-0.20564074802472285,0.0
0.0,0.0,0.0,0.0,0.5245922482932105,-0.23579560028262475,-0.28865153257227283,0.0,1.334227235022604,-1.3482045760260042,-0.5449155939555342,0.0,1.1726892437217833,-1.8915566594448103,-0.5053453192095301,0.0,0.81414279671919,-1.7056320801906624,-0.3592834418589021,0.0,1.0271114836441262,-2.626339000065357,-0.2525084493527877,0.0,1.1554637148464777,-2.475259431730797,-0.7180157968309834,0.0,1.2903808575702387,-2.3016095403404893,-1.4094680077934296,0.0,0.643077264988762,-1.0376034437074217,-1.0735893175041151,0.0,0.4979752115004623,-2.7763280677697773,-0.16122420256163994,0.0,0.8626736453867311,-3.366206209351026,-0.8409040676745603,0.0,1.2251575756375888,-4.439742638730172,-2.1052737621297655,0.0,0.3061953253972969,-1.0071768246278046,-0.7440560986156242,0.0,-0.04307268547272374,-2.5446671632074738,-0.14797392776224397,0.0,0.13429898974442825,-3.3448408290241343,-0.8595986133783236,0.0,-0.002083716777072987,-2.6195915806941263,-0.9904301998459268,0.0,-0.037761163981690264,-0.7590766467589933,-0.3257902238802662,0.0,-0.4685191171997458,-1.9386495145424396,-0.1459321435980805,0.0,-0.43767134170416294,-2.286876516399481,-0.493633577200415,0.0,-0.4674582695511915,-1.8210474815439834,-0.5041716187393945,0.0,-0.35290688373868445,-1.0877725018840716,-0.26564145157374164,0.0
0.0,0.0,0.0,0.0,0.5249992180571197,-0.2312809227167416,-0.2860053220140853,0.0,1.3345649001496347,-1.323450497969129,-0.5359665732610847,0.0,1.1854880770286573,-1.8890085172411886,-0.502428890289913,0.0,0.8270323831193113,-1.7007826015541283,-0.35517924112896215,0.0,1.027613952567774,-2.609706081623024,-0.2395196335139226,0.0,1.1678783454920947,-2.483178912791452,-0.7001024473435576,0.0,1.3227610463744386,-2.329989916991915,-1.3858487361651426,0.0,0.6591593361462175,-1.0361416319880818,-1.0433831020890862,0.0,0.5032903154384454,-2.7640911964897144,-0.15068934926756833,0.0,0.8688717662331064,-3.3541839157292954,-0.8175384751267892,0.0,1.270519573606336,-4.522819950764642,-2.0912276711331588,0.0,0.31292705282992184,-0.9986207464141676,-0.7206833709215379,0.0,-0.03500068349927542,-2.5376435104746755,-0.13840289672139403,0.0,0.14896538486979305,-3.3671561690147582,-0.8487434623087764,0.0,0.014224659527282928,-2.6226415305072326,-0.9674012341070808,0.0,-0.03030232171610919,-0.7598536341132192,-0.3137454576729759,0.0,-0.46142031955161,-1.9396286530271856,-0.13856528880834296,0.0,-0.4256740539074509,-2.2938236752838823,-0.4808936284991922,0.0,-0.4577612807067925,-1.8421320843286388,-0.48836607914466196,0.0,-0.3497784070807698,-1.1051958801124073,-0.25082101777685184,0.0
0.0,0.0,0.0,0.0,0.5438856350555163,-0.2531432960346211,-0.25548474291130235,0.0,1.3192199041492823,-1.33763744263922,-0.4545966069230171,0.0,1.159872964392599,-1.8802603561440931,-0.42432001566548994,0.0,0.8213194053585232,-1.6980646814831988,-0.3009454889467384,0.0,1.0425522164730914,-2.6838673646157036,-0.17517006763613893,0.0,1.1478804631138233,-2.545924034227861,-0.5880400478462414,0.0,1.3651592941468238,-2.4898140065406493,-1.2246941339405848,0.0,0.6897999916794366,-1.0505597677738978,-0.8880342444622947,0.0,0.4962394265606365,-2.8986941909349064,-0.09184737084034504,0.0,0.8456918088788435,-3.499007858117241,-0.6901271798729601,0.0,1.2118225287405024,-4.6420132993944065,-1.7579856429040235,0.0,0.28460775540360705,-0.9643612058503397,-0.5730042489148419,0.0,-0.08104677377987836,-2.60896315483913,-0.08186716534749246,0.0,0.11333553118249652,-3.394656549167532,-0.6938847487812447,0.0,-0.0290389856060489,-2.8105888235977807,-0.7887979212239503,0.0,-0.0586935952104091,-0.8223459966719602,-0.22437336234281594,0.0,-0.5042649576054176,-1.9272583055849553,-0.08687463127536037,0.0,-0.4333171569238976,-2.3083874550537593,-0.37107095045777055,0.0,-0.49917502588601154,-1.8939133518674238,-0.3474242055068908,0.0,-0.4118652528705804,-1.115668335607515,-0.1325551668392952,0.0
0.0,0.0,0.0,0.0,0.5318806178086318,-0.23374064385024348,-0.2765946372240479,0.0,1.325219699596675,-1.3044171697483824,-0.5025665671506918,0.0,1.1735239414788134,-1.8724630459214755,-0.47525170316343424,0.0,0.8197709812179739,-1.6947931727728285,-0.3386875815132236,0.0,1.0373479255660165,-2.666198988470155,-0.22575013862853782,0.0,1.149267963403947,-2.4756740287872563,-0.6636912496531889,0.0,1.3247344325525077,-2.341435907740987,-1.331912661990296,0.0,0.6678951481912849,-0.9896270018610176,-0.9838628432743286,0.0,0.4898250801685695,-2.8374688296268964,-0.13629534229342335,0.0,0.8510914507031336,-3.3703590712107823,-0.7775291467181265,0.0,1.2466750266082658,-4.557969689919871,-2.011751056100651,0.0,0.30025530518111315,-0.9338816846757617,-0.6656481304187579,0.0,-0.06567383563827561,-2.5563465198525446,-0.12220555383596209,0.0,0.13927285063627168,-3.3514035559228073,-0.7908476981231729,0.0,-0.011372322681021032,-2.695516438057468,-0.9164011117608601,0.0,-0.04906909671361172,-0.7518778952536864,-0.2812598962739348,0.0,-0.48126497981352956,-1.9248567034987873,-0.12241264178846385,0.0,-0.41827232749311466,-2.3084873240906965,-0.4360186036314477,0.0,-0.4764991081381704,-1.8727517375326397,-0.42640316262993266,0.0,-0.381513811970279,-1.0821399884545508,-0.19068674084413093,0.0
0.0,0.0,0.0,0.0,0.541435126492005,-0.23729692246406978,-0.27895292742537126,0.0,1.3399469835681517,-1.3237496430182267,-0.5084372644483506,0.0,1.1768207441380272,-1.8785384011278292,-0.4751103315463247,0.0,0.8256053988368278,-1.6938620502999824,-0.3366074959388862,0.0,1.0471259211301167,-2.7087644928177146,-0.20422543087971892,0.0,1.1981650987848589,-2.5192372569384682,-0.6726710928609493,0.0,1.3179683141477911,-2.296549165783414,-1.3145572165805661,0.0,0.6748341824745538,-1.0392477477527058,-1.0018861311791483,0.0,0.4949272965856621,-2.843003260572179,-0.10972806885438811,0.0,0.8896492022212019,-3.387194870035731,-0.7731116775643089,0.0,1.2074166745892552,-4.248268821617902,-1.8888038665810594,0.0,0.3100229047366279,-0.9975947501079991,-0.6829136218984656,0.0,-0.053691943951573666,-2.5602546482911634,-0.0986335086102116,0.0,0.1845977183278256,-3.410272205798705,-0.7987899032309207,0.0,0.03237205760149863,-2.6683238744597415,-0.8916509265225119,0.0,-0.03735774580852847,-0.8022335011018931,-0.2667729293210193,0.0,-0.47178716383498526,-1.9218679208303073,-0.10322667138826092,0.0,-0.39481055002826637,-2.347837995563427,-0.41980230371158306,0.0,-0.4507088008506669,-1.909586193571909,-0.39446328023536237,0.0,-0.36658851613973886,-1.1759236144182437,-0.1600909380426374,0.0
0.0,0.0,0.0,0.0,0.5160187622032734,-0.21463523686357133,-0.2953980948850629,0.0,1.3138949225388805,-1.255359770443713,-0.5422840656022639,0.0,1.1900215273471682,-1.8547200470273462,-0.5203169491326021,0.0,0.8301010823734902,-1.6922707764672429,-0.3719101635364552,0.0,1.0492193023624716,-2.6807438587557204,-0.2515228357951539,0.0,1.1611566238385338,-2.4393014046176877,-0.7028218441280748,0.0,1.3080160941231254,-2.2904431248272785,-1.3870926991923784,0.0,0.6661999274044129,-1.039915341288273,-1.0620012391919682,0.0,0.49974469167984437,-2.816599213383666,-0.14760558745080823,0.0,0.867460122360774,-3.309854625329923,-0.8292512186161336,0.0,1.181827093473299,-4.290854584113385,-2.0653373596541638,0.0,0.2908844116649587,-0.9702813545689911,-0.7317266203116939,0.0,-0.04737455358169624,-2.5367254426433608,-0.12690824509509913,0.0,0.15790937409507283,-3.336847837649318,-0.8472873263664686,0.0,-0.00184483304912135,-2.600136706595511,-0.9718310929418202,0.0,-0.0423626886510546,-0.7425694422622912,-0.3056104876486951,0.0,-0.4638056643566435,-1.9201860454065451,-0.12292448177310884,0.0,-0.4104510481394049,-2.294871847762907,-0.45319195830680986,0.0,-0.4682362600156647,-1.8910314607721603,-0.4553604375369922,0.0,-0.3664847755388291,-1.152222684090673,-0.21496876170959808,0.0
0.0,0.0,0.0,0.0,0.5209044527647815,-0.20179479324385646,-0.29459700975592906,0.0,1.3334935612871182,-1.2453287850843922,-0.5498133406258858,0.0,1.2028292974309518,-1.8586527884247928,-0.5299224234419836,0.0,0.8381875147824877,-1.6812254538535407,-0.37766526701294656,0.0,1.05901620978196,-2.555687415133761,-0.26649521077297383,0.0,1.1648478747264095,-2.4153823672298516,-0.7415993843946088,0.0,1.3007383250399935,-2.2148272846439427,-1.4364843744978149,0.0,0.6741942696691319,-0.9554725729308656,-1.0855029775473384,0.0,0.5279479117671431,-2.7179026704512443,-0.16885682241859706,0.0,0.8732454057669764,-3.2664220137764564,-0.865946641324398,0.0,1.1949572288410355,-4.134167969602937,-2.1249250985607637,0.0,0.3019881790007094,-0.8761256339108937,-0.7458382980791816,0.0,-0.008556979088381033,-2.492360075545067,-0.14749145314165643,0.0,0.1534590784275317,-3.2585273267177457,-0.8742711394080085,0.0,-0.002033466894306948,-2.4655073557902316,-1.002952741705147,0.0,-0.038765162583746,-0.6890842461128995,-0.33539507177406513,0.0,-0.4347016766807134,-1.9201583441806356,-0.13961322384464406,0.0,-0.4132421659820231,-2.234735279212478,-0.48709754949456924,0.0,-0.4518469957488472,-1.7721950460992453,-0.5015156779571333,0.0,-0.33674099577095484,-1.0456145793051557,-0.2590950414964483,0.0
0.0,0.0,0.0,0.0,0.4916095933777226,-0.12034294180020658,-0.2800647437752562,0.0,1.4020681984068053,-1.2597493204735568,-0.5592226988751414,0.0,1.2164881135892982,-1.79056425450426,-0.4884017177667369,0.0,0.8760243903825072,-1.596834422940072,-0.34222001588637924,0.0,1.2943266553550539,-3.128021555414522,-0.47317963317092415,0.0,1.1041661458239076,-2.28130308497891,-0.7757558147310699,0.0,1.388062834595423,-2.143549722095652,-1.4672134461648438,0.0,0.7991220256451725,-1.0547140219583402,-1.18968255640418,0.0,0.6462234650758638,-3.4662097979701625,-0.3912359272856197,0.0,0.8871911916013766,-2.927431517959546,-0.8833586133111618,0.0,1.5937586260822407,-3.9554480891445776,-2.2163729198307505,0.0,0.417254130655995,-1.0935252503505093,-0.8732196884652323,0.0,-0.07797266553427394,-2.6786652549001544,-0.31785052649090717,0.0,0.3418772962267431,-3.11161576793509,-0.9841958384136464,0.0,0.3060108039246602,-3.003851146247839,-1.3214007201982028,0.0,-0.042465528777415364,-0.95837749842906,-0.39860836167012687,0.0,-0.5031127563060798,-1.7388801160422889,-0.24762083993425443,0.0,-0.20944683302287087,-2.4705443535740175,-0.6299542862491866,0.0,-0.3070895568746509,-2.099361128318222,-0.6260886868162302,0.0,-0.3501305274448452,-1.122350244784145,-0.26975668245753326,0.0
0.0,0.0,0.0,0.0,0.49924073177917866,-0.14537799178683886,-0.24797059970546645,0.0,1.4215151622107887,-1.3906096341393615,-0.5120277261493538,0.0,1.1839205404867927,-1.8414215448212974,-0.42942339696290077,0.0,0.8466583035605634,-1.6249603018710244,-0.3039105822165554,0.0,1.2284888107929675,-3.2372788100551366,-0.4490266787465168,0.0,1.110775620642625,-2.2614415774147507,-0.7114257596634929,0.0,1.3806991887690805,-2.107871632284553,-1.371027970720048,0.0,0.7679605839447988,-1.029233664922368,-1.1171698054107801,0.0,0.5464802218944722,-3.446885381026399,-0.3709310615456725,0.0,0.8958659742132878,-2.9881345340500003,-0.8328267939063974,0.0,1.5816412899862848,-3.987903032695798,-2.0400212726781004,0.0,0.43200599669295736,-1.1247948395102672,-0.8138083923785023,0.0,-0.14325146490952656,-2.645951976161266,-0.30805969465295885,0.0,0.3473544473529544,-3.2153278721434835,-0.9527525366676958,0.0,0.3584290018782188,-3.2714042242309866,-1.2802484355381578,0.0,-0.018211764284404942,-1.0231478660234576,-0.36905001278321453,0.0,-0.5340845847422037,-1.7236878858998501,-0.24389911574669437,0.0,-0.2337316172826647,-2.514408175810805,-0.6262112769255019,0.0,-0.3096003351272451,-2.1520940877600276,-0.6132917483240086,0.0,-0.3510097066049254,-1.14032957548674,-0.2645990708851107,0.0
