0,1,2,3,4,5,6,7,8,9,10,11,12,13,14,15,16,17,18,19,20,21,22,23,24,25,26,27,28,29,30,31,32,33,34,35,36,37,38,39,40,41,42,43,44,45,46,47,48,49,50,51,52,53,54,55,56,57,58,59,60,61,62,63,64,65,66,67,68,69,70,71,72,73,74,75,76,77,78,79,80,81,82,83
0.0,0.0,0.0,0.0,0.5394498485650131,-0.3101894641784518,-0.12285453944759865,0.0,1.3212752012366873,-1.4082261887197527,-0.18147153913449668,0.0,1.2325859883206691,-1.8133889652443436,-0.16856286319173816,0.0,0.9523348417628162,-1.715382738768333,-0.12451569388842157,0.0,1.275848580510413,-3.6079018476551057,0.14693446713877886,0.0,0.993354097682422,-2.781085591708125,-0.28019388916149324,0.0,1.6074974574999055,-3.24603189402845,-0.8418124836372187,0.0,0.9734153905816662,-1.5126618678374895,-0.6392553044978381,0.0,0.6855699763628743,-4.415031953538318,0.16390148391543732,0.0,0.6439834174936753,-3.3519498205649403,-0.3458303871229872,0.0,2.054752112241191,-7.644794227374458,-1.659548033108747,0.0,0.47696261650690974,-1.6180801596824221,-0.4721017522733445,0.0,-0.17546027535318937,-3.2452407844339457,0.010579438466539713,0.0,0.025204360416370766,-3.0113831651068796,-0.4249864109374584,0.0,0.13316134196818377,-4.448966038911495,-0.755140115441166,0.0,-0.02046064053232304,-1.5885689207134033,-0.16436856712883344,0.0,-0.5912923970977854,-1.92319073394478,-0.07176410146909985,0.0,-0.3969785197524466,-2.2976511959027905,-0.26764963488424354,0.0,-0.47243427283013384,-2.4212592548537737,-0.22985461314503786,0.0,-0.4394824737663119,-1.5346250519750575,-0.011339268096839678,0.0
0.0,0.0,0.0,0.0,0.5241263211006418,-0.25300750613821843,-0.16687833299898328,0.0,1.2895037763774186,-1.2534273888820262,-0.2428929193695484,0.0,1.2267571701533608,-1.6903737717576417,-0.2134320716113716,0.0,0.9639920327548367,-1.6586821721027774,-0.15062928324036898,0.0,1.3710868459067926,-3.5385496321702505,0.10739078651391935,0.0,1.0322658444391795,-2.7798982091888873,-0.3263294969898534,0.0,1.5859321211888684,-3.054660515365037,-0.8394549634895596,0.0,0.9988380977665561,-1.4741401170994506,-0.6069491981097399,0.0,0.7547424940160695,-4.395381032148676,0.1889762174214892,0.0,0.6415587974194046,-3.2854327607252056,-0.3637867828578901,0.0,1.732926057853276,-6.5875241937433,-1.466036915773708,0.0,0.4554081188733328,-1.6448344010653324,-0.4200743710469385,0.0,-0.1476987910317979,-3.198300921601139,0.06554493866059088,0.0,0.01232413150824542,-2.8824780462137953,-0.41436173035133156,0.0,-0.010835457846427478,-3.7912673836905495,-0.6511418153104294,0.0,-0.09668280448349861,-1.5601861857083557,-0.11883548984187212,0.0,-0.5801209843318125,-1.8996359022002964,-0.015219346288358542,0.0,-0.3806333322398602,-2.2453116696101523,-0.21592104935738707,0.0,-0.4978542315697355,-2.2753087289700864,-0.15029496544916968,0.0,-0.47823451665778693,-1.4896250711846313,0.05934240348450342,0.0
0.0,0.0,0.0,0.0,0.5900434919266141,-0.2753404494654136,-0.14380967342872758,0.0,1.4106046279620177,-1.3911785202502178,-0.22126363814744102,0.0,1.2782843685639969,-1.7561942616345603,-0.20333673667064045,0.0,1.0041846157299077,-1.6414117246390851,-0.15850326220808703,0.0,1.4248887496387208,-3.8636904506350853,0.08595852440733955,0.0,1.1697396972020278,-2.8059382212477066,-0.3567996963812585,0.0,1.640527724121409,-2.776189631058808,-0.8821306196079801,0.0,1.0273119725847866,-1.2795594841926332,-0.7068425461010749,0.0,0.6472965931207472,-4.0988693102648845,0.10549548253535901,0.0,0.8118222297085421,-3.344343070182513,-0.4047364903131536,0.0,2.308776164869153,-6.774374231976924,-1.7505104625364916,0.0,0.5531340791482277,-1.3351147009975917,-0.5275032961741286,0.0,-0.15711262251522212,-2.84442274177475,-0.006116602152936465,0.0,0.17567608350809588,-3.0927110034783443,-0.445201660641705,0.0,0.4045674536422895,-4.701752897259209,-0.8784373338225375,0.0,0.0597218142493575,-1.394762342711108,-0.21881401297867123,0.0,-0.5434672641326589,-1.778701325390704,-0.06892014152252683,0.0,-0.31421326094417806,-2.28157124906641,-0.26069914719049037,0.0,-0.3478852263146117,-2.4771188175606524,-0.2554791056038586,0.0,-0.33061303497743577,-1.5221170273890923,-0.056572243556737005,0.0
0.0,0.0,0.0,0.0,0.5492558870151589,-0.20402435982871867,-0.17189121059802534,0.0,1.3394260925552957,-1.2212582676537773,-0.2743885246342301,0.0,1.2798635469683297,-1.650348332908003,-0.25422899775081736,0.0,1.0154133554456624,-1.6117292453946874,-0.19994482994543608,0.0,1.3457987285263975,-3.753890386443187,0.027631452737457426,0.0,1.0942208798353237,-2.7611730923855147,-0.40121866843904813,0.0,1.598309359107443,-2.790753588551061,-0.9602290746612493,0.0,1.0016712973013386,-1.2240224911415067,-0.7344518228139687,0.0,0.5655799519379393,-3.8516528878484744,0.08801000953684857,0.0,0.7205808767273153,-3.211441790604583,-0.42982079272302365,0.0,2.244935515019368,-6.8858482648284705,-1.9003507603592218,0.0,0.5376564268927136,-1.323351960941539,-0.5415431358678546,0.0,-0.18775055244535604,-2.731271479832571,0.008866927221032909,0.0,0.11654295169521035,-2.970992090161443,-0.4656468925996709,0.0,0.3023529865364683,-4.42883013273351,-0.9400999089480642,0.0,0.03447501869204248,-1.342433757539674,-0.24673544337425815,0.0,-0.5583665246739774,-1.7435778133357074,-0.04422890085193028,0.0,-0.3409266732766108,-2.231742944188033,-0.2650874499407909,0.0,-0.3830415386406563,-2.4383635934760792,-0.28874230032777987,0.0,-0.36510309431796467,-1.5556805889874707,-0.09257046654638253,0.0
0.0,0.0,0.0,0.0,0.541378194750348,-0.31589763385500846,-0.1385255574217317,0.0,1.341151915432568,-1.3530008865178476,-0.25319724429768287,0.0,1.335163557952956,-1.8142622575568665,-0.284830807016548,0.0,1.0559112434827709,-1.707151174025726,-0.24287850323030982,0.0,1.4384464342017143,-3.821119079889468,0.06827128002981443,0.0,1.1913857307864786,-2.833167894735629,-0.3635134133146733,0.0,1.631647983363714,-2.9264288759755734,-0.9209563007289793,0.0,0.9280740186646588,-1.195059975126886,-0.6690923119912995,0.0,0.7041287847708781,-4.389404831406796,0.07312693622199656,0.0,0.7188427760253262,-3.1892705519652953,-0.37785707806163876,0.0,2.865128280734155,-9.924447060609701,-2.3296182470059317,0.0,0.5093753297070328,-1.3672471345274233,-0.48852467218378803,0.0,-0.18045867582245229,-2.9490592137425895,-0.04053742796570204,0.0,0.12550164299945932,-2.8478581199859443,-0.41047446117102715,0.0,0.3294534290634117,-5.221673772259808,-0.9559555583268587,0.0,0.055215494885518336,-1.3964851779859757,-0.21713555529911385,0.0,-0.5698649216556191,-1.8048261600870246,-0.0941277034301053,0.0,-0.2984770237833547,-2.2678238889543554,-0.2799171016589736,0.0,-0.32134319329923394,-2.8139181248950775,-0.3240573523460109,0.0,-0.32222506465121753,-1.9053440379937383,-0.11167274705051035,0.0
0.0,0.0,0.0,0.0,0.5322616069836231,-0.30431449964038926,-0.14716216278258298,0.0,1.341422265299467,-1.3107157519375026,-0.2648850175328047,0.0,1.336474581065925,-1.7519862541263116,-0.28307906696261986,0.0,1.0443881834526922,-1.6843858472287916,-0.23981897542837147,0.0,1.529686470632023,-3.8501601931913325,0.06343146566127805,0.0,1.2259221989841977,-2.8723973966098177,-0.3726944626773613,0.0,1.652529108508253,-2.9383910969540517,-0.9296838763571328,0.0,0.9600053218118568,-1.239694509681507,-0.6881606051601721,0.0,0.7555773135449542,-4.411326885510378,0.09415960722515267,0.0,0.7433151072559812,-3.213606877159202,-0.3636356875877932,0.0,3.141546058712992,-10.666774951259965,-2.4203924393266933,0.0,0.5357376899743438,-1.460169625097615,-0.49764605155648295,0.0,-0.16069026093834274,-2.920183424635425,-0.010379010045870229,0.0,0.13413564990654572,-2.857510858576102,-0.39406378522476115,0.0,0.3936611205556412,-5.25305490210235,-0.9554301785754352,0.0,0.09839289636450327,-1.4024825675287826,-0.22280103146829072,0.0,-0.5530852587456851,-1.8024250375625284,-0.06356407639084478,0.0,-0.3001695355368708,-2.2590109435877905,-0.2588291129351069,0.0,-0.3104542191174912,-2.7711425492130966,-0.30357076307405423,0.0,-0.30467366930959616,-1.946153618469759,-0.10599914561036368,0.0
0.0,0.0,0.0,0.0,0.5689851616816369,-0.2756320245061579,-0.16347817100026135,0.0,1.3657042575588347,-1.1727849320768742,-0.2964692580704777,0.0,1.424316983660589,-1.7248962863543396,-0.3429935484838154,0.0,1.1120709361242773,-1.6822868805026914,-0.29157044623489253,0.0,1.6599204419414746,-3.7692228130961714,-0.01735819713001564,0.0,1.3253475535269945,-2.811783344529546,-0.44770464705438784,0.0,1.741296850130207,-2.8240266004759573,-1.018384526257809,0.0,1.0661192203434593,-1.2464554262356313,-0.78244409640516,0.0,0.9509687911261078,-4.434660680594325,-9.119918863662847e-05,0.0,0.8538507393142903,-3.126303195303253,-0.4563477741232976,0.0,2.9578650665419963,-8.358270110381678,-2.3789384581500927,0.0,0.6545608805054841,-1.4061436101708702,-0.635598828428292,0.0,-0.04680173355002955,-2.9389497635594757,-0.07702688474418402,0.0,0.2328690059231846,-2.8389681338814357,-0.46031573302529366,0.0,0.6201543769836582,-5.312617537162368,-1.1368872735313504,0.0,0.15529194517567876,-1.4198547161260866,-0.2929900884639793,0.0,-0.4916373073761249,-1.7857908624832977,-0.11064371795502452,0.0,-0.2370410664107411,-2.2228001112888527,-0.29933793191282543,0.0,-0.22457110454002885,-2.68368437490462,-0.34762515016842904,0.0,-0.25748631066951283,-1.9279109862301802,-0.1497448263493083,0.0
0.0,0.0,0.0,0.0,0.542143346122068,-0.2760668735090811,-0.1825309382377994,0.0,1.3631561352009511,-1.2148854974583725,-0.3334837410823576,0.0,1.4174494480064275,-1.7509488280503043,-0.3697053986905254,0.0,1.106504667365623,-1.6750847861847507,-0.3044836932434765,0.0,1.5988705221838053,-3.739851404061749,0.026733724923499486,0.0,1.3411023262035717,-2.8844587234180894,-0.45619893563452435,0.0,1.7108023505079177,-2.7951529439073006,-1.0367184951659534,0.0,1.0497563689547496,-1.2186444585640575,-0.7949142500820373,0.0,0.8450154950837848,-4.194506929988116,0.06141426688684512,0.0,0.8301520556585259,-3.117295833749147,-0.4403013375640865,0.0,2.8773464847507033,-8.30055496328221,-2.362537900646341,0.0,0.7090533568625962,-1.5469285718329486,-0.6936639864444254,0.0,-0.06728221965733396,-2.870441269838683,-0.03346940367888371,0.0,0.22874130012630997,-2.8803900570367196,-0.47347788806710966,0.0,0.6192041773671851,-5.321299560460926,-1.233579980504416,0.0,0.16401589146064982,-1.3946226309058152,-0.33351543959196794,0.0,-0.488074443194648,-1.8093355865848386,-0.08610510848861198,0.0,-0.23978861178956995,-2.2488450609633768,-0.3029287888011609,0.0,-0.23048967871477352,-2.7084177770326416,-0.37136850750559136,0.0,-0.26257038701847063,-1.9874836864243415,-0.18096591683478577,0.0
0.0,0.0,0.0,0.0,0.5806385561857325,-0.27256762730478834,-0.22463525309352714,0.0,1.399185823554452,-1.1270295972093565,-0.41815771362730086,0.0,1.4740400155810232,-1.6442672430429353,-0.4723157216214712,0.0,1.147780937790371,-1.62853567160657,-0.3980647884824375,0.0,1.6055461587044155,-3.4363837832548647,-0.09005878962922419,0.0,1.3904485168829004,-2.8156057302584876,-0.6144230959355773,0.0,1.7591759751642135,-2.6625686580363306,-1.2523268813520514,0.0,1.1619691758312096,-1.235176502014677,-0.9990779363835667,0.0,0.9012735762719755,-3.8067126834919014,-0.06977855026423771,0.0,0.9138773780540611,-3.010454675657788,-0.6394577897070474,0.0,2.435205052678617,-6.128897926941916,-2.53295768218289,0.0,0.7269755356087807,-1.306289534217631,-0.9037373582632761,0.0,0.014101847577768655,-2.734445612312931,-0.13850315541502353,0.0,0.3195608013396459,-2.8152494292272245,-0.6586913987301674,0.0,0.7929116660062927,-4.9954456291738225,-1.718365059453067,0.0,0.22703726291950738,-1.2370092616723838,-0.5112721849696154,0.0,-0.4336337669098017,-1.7666758363259951,-0.1690219368863114,0.0,-0.18342197384599934,-2.188426878269573,-0.44218175959866957,0.0,-0.1785559604630369,-2.5775649141248618,-0.6041192083337846,0.0,-0.22832845209490407,-1.832427740140195,-0.40485525121299565,0.0
0.0,0.0,0.0,0.0,0.5324622698158242,-0.2447315217666667,-0.21925165734793467,0.0,1.367831746252858,-1.180420476394297,-0.40153437378044216,0.0,1.4437503717440092,-1.751944678137804,-0.4337236715051251,0.0,1.1166962728861325,-1.677564648038058,-0.34235110476188646,0.0,1.6318418970083635,-3.6532456035817233,-0.0018999612068712026,0.0,1.3568767291089494,-2.8626196367129646,-0.49328044911500335,0.0,1.7378541283949618,-2.752582190284086,-1.0724331010927393,0.0,1.1243537416244955,-1.2736722510195004,-0.8486995272585325,0.0,0.8822673876974454,-4.004186535856581,0.06471922762537245,0.0,0.864189897480925,-3.0833162008631363,-0.47136085366308084,0.0,2.833287541450437,-7.631348272743835,-2.3802743424432693,0.0,0.7426386682847319,-1.4845841133600324,-0.7378245096839587,0.0,-0.00932900247194893,-2.8374482514650556,-0.014938697425989463,0.0,0.25948949231205337,-2.841217202588023,-0.4908966615715808,0.0,0.7030399894798992,-5.311858003724957,-1.3165945202164084,0.0,0.19584066695641972,-1.3597347704580534,-0.3500957936150369,0.0,-0.44911174427211703,-1.8263898489621389,-0.07053958352399892,0.0,-0.21238740699343783,-2.2457128111652223,-0.3217471930642935,0.0,-0.21117347015421215,-2.658401122967546,-0.41266198640446466,0.0,-0.24707158660316206,-1.909623046801557,-0.21837142935478066,0.0
0.0,0.0,0.0,0.0,0.5625197986060719,-0.24487114689172826,-0.21787958203348073,0.0,1.4037119299731726,-1.1115187426354645,-0.40181903771083016,0.0,1.472856059866142,-1.6070411058143554,-0.44070996584542443,0.0,1.1557695745641838,-1.591732035642026,-0.36686885692754223,0.0,1.5752626375946504,-3.4441134983212955,-0.039966895326029823,0.0,1.3985198847962634,-2.7863312807417713,-0.5398144283567606,0.0,1.8063474509382835,-2.68446946516122,-1.1559242780806167,0.0,1.1644877437321277,-1.1991016902414666,-0.9026333715792948,0.0,0.8410654031796898,-3.6511612164531217,-0.002291730649431438,0.0,0.9358412219976836,-3.0077763382627523,-0.560091885699218,0.0,2.6829349084706835,-6.483920494586485,-2.423757483863001,0.0,0.726348023564814,-1.2129423761442635,-0.7692326674272045,0.0,0.007364082182182103,-2.65746157655518,-0.07275458661195137,0.0,0.33897097316121255,-2.834090598658113,-0.5928899295234908,0.0,0.7943702500332481,-4.787623928772795,-1.5024041399254962,0.0,0.20482131073147397,-1.0622463283849193,-0.3969725355954883,0.0,-0.42454088864467815,-1.7614521871984334,-0.11611327129133815,0.0,-0.1646180379506273,-2.2039785566894374,-0.38843884261754447,0.0,-0.16312300245916012,-2.581905383207056,-0.5211699263161346,0.0,-0.2249602572830592,-1.7602260291403782,-0.30866646230559164,0.0
0.0,0.0,0.0,0.0,0.5325086729408561,-0.22444712872267367,-0.23068496313390105,0.0,1.38163698298578,-1.1507176090697455,-0.43486088771533044,0.0,1.4520291912670373,-1.7169237591403184,-0.467279110152559,0.0,1.1293431794366526,-1.6204932895256265,-0.36723933519728785,0.0,1.6271182447331252,-3.5503043777297583,-0.04917730319435792,0.0,1.4159815186143159,-2.8474734861831252,-0.5441377248649117,0.0,1.7495754563995458,-2.6661355910339624,-1.138126551035569,0.0,1.0740072183002394,-1.1593712597570263,-0.8679812329913388,0.0,0.8618823666905839,-3.801796850037452,0.027763142741003236,0.0,0.8934564028078724,-3.0553934604767083,-0.5009591737436352,0.0,2.9368843122433863,-7.681461090840682,-2.5256649497448658,0.0,0.7584804149703775,-1.4428764248233923,-0.7660751006437698,0.0,0.009996758416768583,-2.741556984291438,-0.027719479945501346,0.0,0.30161348130222154,-2.8387611114119107,-0.5178690081309398,0.0,0.744479020946443,-5.163674270516522,-1.3658560114452465,0.0,0.20176425605521625,-1.2789322352645158,-0.364110126365745,0.0,-0.42452209926087275,-1.8155493579617556,-0.07161388661745287,0.0,-0.17412103866353737,-2.258186865686509,-0.33827588897960503,0.0,-0.1755705629276087,-2.662269925403789,-0.44566646003306015,0.0,-0.21956703845167616,-1.8145128737703071,-0.23557918267155079,0.0
0.0,0.0,0.0,0.0,0.5747463949280793,-0.25820726505624597,-0.2123810301549575,0.0,1.462691169318914,-1.1887579118073326,-0.41069247637496364,0.0,1.489085204401018,-1.6376560680369177,-0.44293734878544144,0.0,1.1744216894557469,-1.548225231308682,-0.3643514757124986,0.0,1.5912487734831897,-3.422262746502804,-0.08981631373882377,0.0,1.4555176831902739,-2.755170202466917,-0.587299452292845,0.0,1.777356525997868,-2.4223488176416135,-1.1552404083141317,0.0,1.1096458054966118,-1.007159475010967,-0.8722889815922028,0.0,0.8465499656790046,-3.5917426287868075,-0.06317981314972261,0.0,0.9974023398932523,-3.0353990258855807,-0.6118102252195862,0.0,2.7288059567368523,-6.215970082243843,-2.4721653101912486,0.0,0.6983914623498669,-1.104809779085621,-0.7618210848548148,0.0,0.024361890554190472,-2.6254229723754996,-0.11910455842233597,0.0,0.3825328466143779,-2.8418677722858168,-0.6349951078394809,0.0,0.8796863687309651,-4.8075996132896135,-1.5975719619422901,0.0,0.21295942746415383,-1.051692800905351,-0.4274121411955393,0.0,-0.4095869921787965,-1.7530020063400085,-0.14801294532817735,0.0,-0.15340304870348065,-2.1638762683569093,-0.41041976927619694,0.0,-0.13813306796304287,-2.5590765237473976,-0.5597072242167396,0.0,-0.1960119808006272,-1.7616351605147984,-0.3514561189527858,0.0
0.0,0.0,0.0,0.0,0.5409019210201536,-0.2423719425681434,-0.21634538109673973,0.0,1.4327926745403639,-1.2110683581340846,-0.41806627821187414,0.0,1.4782855751977086,-1.7130959021458039,-0.4436441270607942,0.0,1.1576504830905296,-1.5904894718627005,-0.35200415652667544,0.0,1.6109473000756003,-3.519668016628357,-0.028828128717973755,0.0,1.4372289577747102,-2.8201317519514544,-0.5289591211122183,0.0,1.7814673266053223,-2.600946596620065,-1.115054847284367,0.0,1.091528204136597,-1.100546305192201,-0.8448818030319035,0.0,0.8400129439509916,-3.671642769583307,0.022331204308093423,0.0,0.9535208643087566,-3.0765352512739867,-0.5103016662444738,0.0,3.0232833001489596,-7.369455287874467,-2.472901685213603,0.0,0.7539085110429551,-1.3023066462905422,-0.7231789458301489,0.0,0.02203711557916416,-2.6832142633430216,-0.0441452431126536,0.0,0.35500783276937675,-2.8486963514435972,-0.5351817649366469,0.0,0.8222505911236925,-5.0411556611063935,-1.3950247961918993,0.0,0.2114576699849657,-1.153256168094857,-0.36003394805377836,0.0,-0.40693099488277407,-1.8107463039404095,-0.0901073385193685,0.0,-0.14044899962989657,-2.2598680871181998,-0.3574770252494276,0.0,-0.13555180047206986,-2.677287581626006,-0.48173465772814755,0.0,-0.18442944193163488,-1.7592174271924526,-0.2603700326586864,0.0
0.0,0.0,0.0,0.0,0.5668757153843542,-0.26138837472636967,-0.21711789586827382,0.0,1.467490791474852,-1.2147600912856555,-0.41452469961032723,0.0,1.4703048283158788,-1.6401402484785539,-0.43492906055393016,0.0,1.1570160106012024,-1.5583283146021654,-0.3542853591298468,0.0,1.6428836566897205,-3.4716928792110435,-0.15025025982114132,0.0,1.4460993767614776,-2.741710088604524,-0.6245764257245444,0.0,1.7673792782822622,-2.423334288809578,-1.1829175763201287,0.0,1.0842979258721355,-0.9983094149122491,-0.8623436754964479,0.0,0.864633187173385,-3.6854152987315767,-0.11969909357350578,0.0,0.9850482807919954,-3.0039379567405136,-0.6418930453199406,0.0,2.672692272040595,-6.156682683262574,-2.509026102595578,0.0,0.6645941379308435,-1.0611102814918147,-0.7251845896958037,0.0,0.017635089344111437,-2.6417368774460863,-0.1537271194249842,0.0,0.38234976485171424,-2.821831474056844,-0.6676450855902385,0.0,0.7270984836613122,-4.392987253061234,-1.5181081234457698,0.0,0.1598389822704417,-0.9891390218214221,-0.4023235650246531,0.0,-0.4067226951997443,-1.7834666954374039,-0.1691074446291797,0.0,-0.13784213056113465,-2.169385174106812,-0.43221121342331076,0.0,-0.1580107257214823,-2.5435125141681505,-0.5865002794993943,0.0,-0.2225427458862496,-1.6677375806149761,-0.3514836794985688,0.0
0.0,0.0,0.0,0.0,0.5440585969272167,-0.224855688223871,-0.23695115061111555,0.0,1.4525049328892592,-1.1692839111421205,-0.4630042530856263,0.0,1.494475415604682,-1.6515350462799367,-0.48605721310913663,0.0,1.1708561050415627,-1.5722558578147934,-0.38896436528420614,0.0,1.6317781310053385,-3.391834930367119,-0.14044943505188726,0.0,1.4840550118001639,-2.7498749562337546,-0.6501471375327412,0.0,1.7440934143380493,-2.380223603687529,-1.227190490249711,0.0,1.0661839906153294,-1.0047172067564052,-0.9243467117364593,0.0,0.8478949052620307,-3.5211468563371553,-0.08154086824543479,0.0,1.0088792587922362,-3.019533541059415,-0.629474689992436,0.0,2.8163130425523657,-6.360540604344148,-2.5741660318247264,0.0,0.7393163029130316,-1.1872383999294966,-0.7983711437480454,0.0,0.044148583449327865,-2.5985717044080414,-0.11485683759101431,0.0,0.4056041784013968,-2.8440685793729448,-0.6514758361959838,0.0,0.8287821296905932,-4.633288735711741,-1.5715405473039472,0.0,0.19964383482395306,-1.0654048396389657,-0.42320217186482256,0.0,-0.3808786373823796,-1.7940710266078481,-0.13834644878761043,0.0,-0.10757680305162563,-2.2267600110972214,-0.4236920949056849,0.0,-0.10988052390561795,-2.6246567086505226,-0.5833693451084098,0.0,-0.17868868179043298,-1.7088450709497747,-0.33891004954105886,0.0
0.0,0.0,0.0,0.0,0.5697882010253582,-0.2560435885749159,-0.23691099244050087,0.0,1.4484846443446904,-1.1837786094121383,-0.44890445380940747,0.0,1.4577554543791962,-1.6286405597625557,-0.4636239833072404,0.0,1.13955167129487,-1.559858952839023,-0.37448846521877094,0.0,1.6385306659830743,-3.355015968661835,-0.14397024533565797,0.0,1.4192988071609438,-2.649950072800729,-0.6362397886482667,0.0,1.7152918992670343,-2.411912741772493,-1.2654825759814672,0.0,1.0190469057576481,-1.0042795553439485,-0.9457891902159895,0.0,0.8606919681494448,-3.5930277300865203,-0.0961593196298022,0.0,0.9978159988788655,-2.986046831885546,-0.6579099394563293,0.0,2.547539140638084,-6.0300569053142645,-2.568628869382966,0.0,0.6383160623677576,-1.1016932562298334,-0.7847719057390097,0.0,0.024450417045048776,-2.6122708590045183,-0.13200727982036858,0.0,0.37888669623614496,-2.7974534105026354,-0.6683670298061565,0.0,0.6492273623292824,-4.299131555969604,-1.4915708910292738,0.0,0.13953965724600773,-1.0133110321124388,-0.40319321210870657,0.0,-0.40096822779343233,-1.7832404684284142,-0.1527338474111883,0.0,-0.1218636954249774,-2.219025869858682,-0.447667727290469,0.0,-0.16044242293681912,-2.5514896141235006,-0.6071992190489018,0.0,-0.2227758426930869,-1.5564743392310212,-0.3348638998957627,0.0
0.0,0.0,0.0,0.0,0.595011674676797,-0.2635816151589629,-0.2747953602151056,0.0,1.4636437951848957,-1.1769325786231264,-0.5313251161893212,0.0,1.4670964685915555,-1.6416419329640262,-0.5548940541863205,0.0,1.1426766566440936,-1.5570444730846824,-0.4474596985901657,0.0,1.5895621012146324,-3.267942376165183,-0.26846488707510835,0.0,1.4411815508433474,-2.6585016865565905,-0.8013563852873097,0.0,1.6420561567251881,-2.272972125612396,-1.453239779805407,0.0,0.9943489048897444,-0.9654949950493841,-1.109204661953062,0.0,0.8008947967068585,-3.398766952932658,-0.20231906954846235,0.0,0.9918924324294459,-2.9824253858515504,-0.8228479982290706,0.0,2.2197800134247214,-5.206625053575331,-2.739920787639069,0.0,0.6615880029601342,-1.1004569409246083,-0.9952695576411182,0.0,0.026481378307662486,-2.5277670185465793,-0.20382921522709405,0.0,0.4005205157505821,-2.816380783809492,-0.8144985059425235,0.0,0.7219692998243966,-4.286152179610054,-1.8538097532960736,0.0,0.16971438275117195,-0.9940937457769277,-0.5430291847108093,0.0,-0.3843545775194618,-1.7707935257460186,-0.20438782667720096,0.0,-0.10368950412528306,-2.240168312463599,-0.5501782086670768,0.0,-0.13046429932503018,-2.5739313016297927,-0.7826368975691689,0.0,-0.19560789745972573,-1.5474021023372009,-0.4769177648985889,0.0
0.0,0.0,0.0,0.0,0.5777437841745915,-0.27005395141796984,-0.24945357749082553,0.0,1.4356542827107102,-1.2326004137013546,-0.4668661198288566,0.0,1.4027400775677858,-1.631162309577967,-0.46511961469582586,0.0,1.0935782648024899,-1.5683861793921308,-0.377284077845667,0.0,1.4684563964232988,-3.2884923809648314,-0.1396270634880893,0.0,1.3714405190041994,-2.6728491290928003,-0.6567206477964379,0.0,1.6215023870442875,-2.3831778432798334,-1.29408719341174,0.0,0.9781231902385361,-1.009500451582967,-0.9883299016655306,0.0,0.6864187334960944,-3.3892856636795963,-0.08410779658550893,0.0,0.9167493178563678,-3.033276297297389,-0.6780555412818831,0.0,2.2887877649017696,-5.836055640523216,-2.5687503519905057,0.0,0.6246339200618829,-1.0945530753252652,-0.8294342132485532,0.0,-0.05298953457195644,-2.5214216907489657,-0.11943244092201799,0.0,0.33034874314942936,-2.898202050174987,-0.7100744057403141,0.0,0.5163456167423983,-3.992978751620986,-1.4606952999295029,0.0,0.10678783722379276,-0.9253279805074571,-0.40677039756134376,0.0,-0.438992855529814,-1.7593998544480571,-0.14533499529603405,0.0,-0.176549975536829,-2.2407910697922504,-0.4555061207462512,0.0,-0.23070475978054583,-2.4851795243146415,-0.601832389478735,0.0,-0.2600306717677957,-1.4504361513185704,-0.31829421312529815,0.0
0.0,0.0,0.0,0.0,0.5727897237824138,-0.25371615969364386,-0.24593594835325155,0.0,1.4125900783622365,-1.1771653303751595,-0.4507274793475092,0.0,1.3930107924975232,-1.6067941339121792,-0.45455999461652447,0.0,1.0874911465370591,-1.5643804349433594,-0.3704918682628396,0.0,1.543036787446249,-3.3499914868019833,-0.17880698379511714,0.0,1.3535510387025795,-2.6290380906858437,-0.6349136830002932,0.0,1.636586531892088,-2.416572766259179,-1.260915562332828,0.0,0.971969952092691,-1.027565712995637,-0.9506262370678282,0.0,0.753040193860595,-3.5601740152163384,-0.10750933746792035,0.0,0.9238316100911073,-3.048432403608315,-0.6573568274370349,0.0,2.34042785510339,-6.062689943231606,-2.539999760070188,0.0,0.5644753372469651,-1.0580180548443787,-0.7466722483544704,0.0,-0.04594668027139456,-2.5752090627624606,-0.11865503597849066,0.0,0.30425500827960844,-2.8332997309270658,-0.6506532086858012,0.0,0.4793790687253609,-4.0538383883864,-1.3554079713019933,0.0,0.08958920189681056,-0.9450868717080952,-0.3624709531121019,0.0,-0.44374827266834954,-1.7617224037303127,-0.130985022563529,0.0,-0.1858608955186543,-2.208101549000098,-0.41253422195679257,0.0,-0.2423317018320505,-2.477706691000943,-0.5371146754276542,0.0,-0.2727306953430926,-1.4839801516553857,-0.27549801198757223,0.0
0.0,0.0,0.0,0.0,0.5714990121882456,-0.301564300772641,-0.25677225480867216,0.0,1.4345799806844002,-1.379125848456565,-0.4890791029168719,0.0,1.339871500434442,-1.7095667891311606,-0.4654777818725916,0.0,1.0428188735944959,-1.5946547950089403,-0.3701152356386044,0.0,1.3874342839232736,-3.2598176531338643,-0.16525094527262948,0.0,1.2973410404342913,-2.6905994605417307,-0.6659586194897823,0.0,1.542478208621513,-2.3897338865849074,-1.2848304431736268,0.0,0.9183572311414656,-1.0107540883320207,-0.9610450457036809,0.0,0.6534966197986107,-3.4474252153726463,-0.09948268380369107,0.0,0.8367831318180343,-3.0949347061984653,-0.6960789404579556,0.0,1.9600755241732766,-5.777009580606694,-2.5351474781595686,0.0,0.476218489856317,-1.0283633733664768,-0.7620065881970925,0.0,-0.07663914841465685,-2.6181009018189143,-0.12392958607056474,0.0,0.2583186111109424,-2.9219483673567925,-0.7120895053327665,0.0,0.35298119608372225,-3.852155753395358,-1.3965969996875658,0.0,0.04567457972683026,-0.8799572002920042,-0.3791388798877257,0.0,-0.465677704629969,-1.8173167832297834,-0.14348682835342746,0.0,-0.24552030534946137,-2.228155204865989,-0.44723657622867374,0.0,-0.3107921991850461,-2.4762325325384005,-0.5951213314061004,0.0,-0.30798722666624917,-1.4826690377979759,-0.32286248798126993,0.0
0.0,0.0,0.0,0.0,0.531951969436685,-0.23928086711358368,-0.2555357599250019,0.0,1.3766565285941497,-1.2548812770763416,-0.4827503701426685,0.0,1.3341406430558906,-1.671334450060963,-0.46805205022905855,0.0,1.0389261694398224,-1.5818235447721023,-0.36736055995998196,0.0,1.3501651887835122,-3.310473668274577,-0.18750719826655937,0.0,1.275340283437723,-2.6664628482676234,-0.6421916631139507,0.0,1.5324816172246976,-2.3922427407482596,-1.2362708728342102,0.0,0.88951580836225,-0.9697003939521223,-0.899652144232446,0.0,0.5953743271130257,-3.377467271246643,-0.09109351488378395,0.0,0.834352151279902,-3.097486730601656,-0.6488872364828538,0.0,2.0904789076280434,-6.097538615744602,-2.4783257205368856,0.0,0.47490281679935076,-1.008893350335662,-0.6886903710522331,0.0,-0.10361530945136203,-2.560212515900942,-0.09229632013829082,0.0,0.2175748588597791,-2.8938179846843575,-0.6437691262877852,0.0,0.30529817910828194,-3.8934166346639087,-1.270658524788636,0.0,0.03556819738356251,-0.9103182518802845,-0.33563586994999833,0.0,-0.478495924924058,-1.7918111660340448,-0.10389869482783863,0.0,-0.2569372793020157,-2.2150438877445726,-0.3901609989528633,0.0,-0.32206590398449675,-2.4836171039716253,-0.5108183569705896,0.0,-0.3156818529904455,-1.4771673987330258,-0.24935221635251242,0.0
0.0,0.0,0.0,0.0,0.5370611338228128,-0.26928984667143147,-0.2738302333596016,0.0,1.3725783075053606,-1.3385997304897754,-0.5282089520518165,0.0,1.2897336765567764,-1.694878970676462,-0.4988747389754795,0.0,1.0133472274521875,-1.5621193733450467,-0.38882109764283557,0.0,1.1493238878251757,-3.0941707639088785,-0.2259499846582261,0.0,1.2021317580029522,-2.651901445415579,-0.698810694287793,0.0,1.4269788540141448,-2.2871110828182903,-1.2988702824454568,0.0,0.8296149035048052,-0.9200065237371138,-0.9428922171847864,0.0,0.471678852522439,-3.100733620943365,-0.12711746632239446,0.0,0.7795250053290765,-3.205043320757767,-0.73599308557226,0.0,1.5921925391028247,-5.205959704155299,-2.338827739755522,0.0,0.38109731644283323,-0.9198457629891188,-0.7021807983500895,0.0,-0.13484577865410874,-2.504399188879006,-0.11907510615729933,0.0,0.1653638394470876,-2.9730702510441156,-0.7182022114089894,0.0,0.18712209401406255,-3.474977326867791,-1.2550107716379897,0.0,0.018316324293186505,-0.8162565984808382,-0.3493717985918053,0.0,-0.49760086056782366,-1.8089302656223318,-0.1244525594860147,0.0,-0.30915779689422423,-2.227182270242497,-0.43035856494238733,0.0,-0.3783259800958922,-2.4319490455097412,-0.562915752489319,0.0,-0.3365250145933955,-1.4413294135266705,-0.2908634078317308,0.0
0.0,0.0,0.0,0.0,0.5351973502932539,-0.26822738092523357,-0.2786110266302591,0.0,1.3494694422836648,-1.300765630119845,-0.5444032778351307,0.0,1.2936031540243587,-1.6981939498850047,-0.5339726428229165,0.0,1.016882943264175,-1.5627386040851927,-0.4198812598350856,0.0,1.1764296823169291,-3.1212305606744146,-0.23449312125172728,0.0,1.2047160094014828,-2.7045309096685557,-0.7335501728430651,0.0,1.4022907352317733,-2.298845221446824,-1.344357434640178,0.0,0.801599750483711,-0.8904560943815335,-0.9584445519762442,0.0,0.48390095000745353,-3.1808717685939096,-0.13646489142300833,0.0,0.7568575697455611,-3.1670885616288933,-0.7355471300771952,0.0,1.7451959248757865,-5.607527422268821,-2.533092266884437,0.0,0.41972726172319114,-0.9354634693170845,-0.7352993511748303,0.0,-0.14837389693068803,-2.52511361018288,-0.12630858152162466,0.0,0.1315392787604289,-2.89862814541198,-0.7032538741575153,0.0,0.19006048525726296,-3.786822890920967,-1.353290220895133,0.0,0.022702074607835767,-0.8762341033225362,-0.3729184583200918,0.0,-0.5144535996962797,-1.7859205639057145,-0.1294746375982776,0.0,-0.314340915312457,-2.1875470843755918,-0.4273980533926796,0.0,-0.38179092995821445,-2.478397924935277,-0.5727417082821116,0.0,-0.34880649154997584,-1.4992793855168158,-0.3039036257473765,0.0
0.0,0.0,0.0,0.0,0.5396519053516946,-0.26311498818816187,-0.28925653568254117,0.0,1.3600703842458355,-1.3355720081047655,-0.5858525089701,0.0,1.2767092248554088,-1.707596485643104,-0.5545030574056479,0.0,1.0118176843657107,-1.5234912497256126,-0.42455505251114595,0.0,1.0644302448726841,-2.856334241088873,-0.2668392361865416,0.0,1.2025505711675288,-2.644375449538591,-0.7743145338369674,0.0,1.351810768527099,-2.194232286965553,-1.3827825399203109,0.0,0.7633226924320266,-0.851204617407726,-0.9928733284741605,0.0,0.4349132261844049,-2.87318022902081,-0.1614795476321027,0.0,0.7718898488960686,-3.294820198269001,-0.8170694811311688,0.0,1.451791934047193,-4.982065343750905,-2.3872852851416537,0.0,0.36524800606351204,-0.8702885466294886,-0.7291976299486946,0.0,-0.12224485495877897,-2.4294370308008753,-0.13859119848908527,0.0,0.13223151957556648,-3.0242025275308912,-0.7683683588794963,0.0,0.12209567059030153,-3.1979758208342264,-1.215815112700756,0.0,0.01825315632638643,-0.7683200446725338,-0.35883411804058685,0.0,-0.4832459528830227,-1.8261441502006954,-0.1353764826858101,0.0,-0.337864222957859,-2.210453757609343,-0.4525150889098083,0.0,-0.40448493432473637,-2.3210418450907238,-0.5857724718958705,0.0,-0.33219328257845765,-1.3531506561317699,-0.3101605651307036,0.0
0.0,0.0,0.0,0.0,0.5167695930531356,-0.22639730917674644,-0.2946337546330412,0.0,1.3466899360756153,-1.2928304355202183,-0.6123552748013058,0.0,1.2797438240026335,-1.6942413680575166,-0.5863617086828182,0.0,1.0160529880274582,-1.498509131309544,-0.445318005541577,0.0,1.0465282451517695,-2.807476820996474,-0.2872268429531062,0.0,1.203274855640853,-2.643285382897682,-0.8184646208360364,0.0,1.3300464821705322,-2.1590175125752844,-1.4261467061610091,0.0,0.7483307610717765,-0.817016266912364,-1.0220574335370962,0.0,0.4175974535762689,-2.8301271738397,-0.18020854029878247,0.0,0.7755058998421845,-3.2425541930223356,-0.8388038088789082,0.0,1.5364286417013955,-5.015479552359097,-2.505476811773574,0.0,0.38295565859552966,-0.8369490650805732,-0.7550150773070538,0.0,-0.13680524263728153,-2.3917561421754394,-0.15263828555972922,0.0,0.12710216236130786,-3.034088464762092,-0.80451412941398,0.0,0.1264514055856094,-3.1921018549871447,-1.2626825664903931,0.0,0.021054559354421715,-0.7849706419989958,-0.38280258095914277,0.0,-0.497850692931606,-1.7807466613754257,-0.14443304232578855,0.0,-0.33973244228342303,-2.1949030444540694,-0.46364745138753627,0.0,-0.3983946562812146,-2.3346306970477677,-0.5960349308766336,0.0,-0.3352273813544706,-1.3993405913278045,-0.3166626614727314,0.0
0.0,0.0,0.0,0.0,0.5293483024161416,-0.2541248337417314,-0.30189519066876114,0.0,1.3803297416595761,-1.4147170751226223,-0.6348989198579585,0.0,1.2522262435497546,-1.7595754237241013,-0.5780970070257629,0.0,0.986572145995239,-1.529937947891036,-0.4293312552449433,0.0,1.0056075949393672,-2.759745343801587,-0.3109078483770052,0.0,1.197065674951016,-2.669006950797097,-0.8526183271264218,0.0,1.3030025149729547,-2.1076576508558222,-1.430679267184049,0.0,0.7231439492682613,-0.7832356882566847,-1.0069994852740571,0.0,0.4018135722857753,-2.7663734828801565,-0.2012058073176521,0.0,0.7696478597892831,-3.3533897914804798,-0.9056660120341109,0.0,1.338319686953443,-4.550064500289381,-2.348131540023165,0.0,0.3571479856217627,-0.7924359686336024,-0.7377667813156037,0.0,-0.12254746985496827,-2.395399432700244,-0.1713548148082189,0.0,0.11917347108744494,-3.1243073707939506,-0.8571032481906912,0.0,0.11374915029645993,-3.0582375661507464,-1.2517203019577852,0.0,0.027525556781601776,-0.7558700229832934,-0.3896819755189609,0.0,-0.4801444577488947,-1.8363414687955606,-0.16182878810786452,0.0,-0.34632218570253676,-2.2438224478407034,-0.4993148540482418,0.0,-0.40530396607121794,-2.3025689624322156,-0.6408142113170103,0.0,-0.3260014243611981,-1.3315010199317703,-0.34880353898359695,0.0
0.0,0.0,0.0,0.0,0.5157012257297798,-0.22411817944550982,-0.31404522035525717,0.0,1.3532455707191757,-1.3259747837936522,-0.6567788105655135,0.0,1.2615206128405954,-1.7094971333291122,-0.6099799025091318,0.0,0.997203962295802,-1.50458161287618,-0.45343865891663004,0.0,0.9422918529366412,-2.60052217140534,-0.32388537462065947,0.0,1.1842381349583158,-2.6026612632127324,-0.8765258943586353,0.0,1.2846805489815034,-2.07773165678416,-1.4738401788630076,0.0,0.7047484446101865,-0.7671757853178227,-1.0407291239711092,0.0,0.3790857929167193,-2.6139998871929917,-0.21148130371548166,0.0,0.8158094295860263,-3.4479156938980906,-0.9882544732819407,0.0,1.219654439725909,-3.992730790638141,-2.208306310776772,0.0,0.33927577542772597,-0.7086721851119286,-0.7361920941854454,0.0,-0.11757631831881715,-2.322522072560725,-0.17627219818469958,0.0,0.11388944236129207,-3.178163469106995,-0.9073500413332389,0.0,0.08212196842842705,-2.870694950688648,-1.2229897286876268,0.0,0.010776548657270638,-0.7250656595073837,-0.3970605197450881,0.0,-0.4768822496712245,-1.8107011458756963,-0.16218440385044447,0.0,-0.35781538397739016,-2.221416634704984,-0.5097802535728004,0.0,-0.41773397366953874,-2.2332048315358106,-0.6424189940055001,0.0,-0.3465248303535989,-1.3025981954536041,-0.35507044300570534,0.0
0.0,0.0,0.0,0.0,0.5402035733207937,-0.29178541549123094,-0.31248224647492184,0.0,1.3695721216590946,-1.5181486367475512,-0.659122153210259,0.0,1.1905772751241537,-1.8985277670885867,-0.6025469981635195,0.0,0.904049667352722,-1.6201076798014922,-0.43863350058894923,0.0,1.0212660041306478,-2.9210325269371173,-0.3780713032884107,0.0,1.1211803333057495,-2.640045627496021,-0.8912389954381306,0.0,1.26555457405055,-2.199222287915736,-1.5206271396915343,0.0,0.7061517624226286,-0.8459231740538261,-1.0764932981682833,0.0,0.39532347590615374,-3.0019183895656765,-0.27211207352644884,0.0,0.6988595852433999,-3.2397951310777056,-0.9694593138822667,0.0,1.2292153631482305,-4.448960191195827,-2.516107577206604,0.0,0.33826653339742907,-0.8114497734612333,-0.8287797772037744,0.0,-0.16617259441458077,-2.5182744250762594,-0.2321531639512471,0.0,0.0940342917126965,-3.171666198162704,-0.9854115334059966,0.0,0.07585459232359004,-3.061178082759868,-1.45230781579895,0.0,-0.0027675979816879316,-0.729724210604444,-0.4623533826442582,0.0,-0.5239280076686396,-1.8494377444841152,-0.20610599499374757,0.0,-0.3793645416042005,-2.2716910207187104,-0.5663684257311213,0.0,-0.44898934864330203,-2.3934734505624213,-0.7454977268206537,0.0,-0.36950780493604224,-1.4239807934241868,-0.4354800343611558,0.0
0.0,0.0,0.0,0.0,0.4915647795881144,-0.21054862168918922,-0.3202736249069165,0.0,1.3528769648731378,-1.4237503795009243,-0.6944259209780296,0.0,1.221912035704144,-1.8420044694931519,-0.6352449146279474,0.0,0.9272810194812425,-1.5956304220837174,-0.4577070624304002,0.0,0.9522744301949279,-2.6268727190778396,-0.36885904817008414,0.0,1.1636862976125097,-2.5864358319340113,-0.9222733382381065,0.0,1.2564137117477945,-2.093154314661428,-1.5164334222486577,0.0,0.6908320000185829,-0.8119942021631402,-1.0900787840168071,0.0,0.38755876407254464,-2.6923653415896776,-0.2558059649000793,0.0,0.8360585383691552,-3.48220555111598,-1.075186637702837,0.0,1.1983816589537981,-3.9195879002146605,-2.3013609717273638,0.0,0.33138471937711156,-0.7460387188898085,-0.8059587928753776,0.0,-0.13125864955918626,-2.3844546209489366,-0.2136743047989999,0.0,0.10650004623968774,-3.244093800340883,-1.009792801023343,0.0,0.05391192749914652,-2.786118669068714,-1.3349202285786719,0.0,-0.012955584154795613,-0.6667428281194893,-0.44438647835931955,0.0,-0.5008590404538136,-1.8179604148823105,-0.1868600404973553,0.0,-0.38161376641025363,-2.2271721620985345,-0.5589379521767126,0.0,-0.45256958448247875,-2.278758791025091,-0.7267895622807548,0.0,-0.38068260864511366,-1.3320608320526435,-0.42394774615588976,0.0
0.0,0.0,0.0,0.0,0.5334176751317901,-0.25263267203651224,-0.3001000463365423,0.0,1.3508126720130398,-1.4201781844232833,-0.5934030930011657,0.0,1.196014390492347,-1.9167163933699674,-0.5555603235662452,0.0,0.84882373372939,-1.700899304607776,-0.39791451039602266,0.0,1.0133951468419766,-2.7719650282379127,-0.29287394515317694,0.0,1.139410040897051,-2.572149402537675,-0.764368548463443,0.0,1.3132117090434332,-2.2450528019192117,-1.3889221649974004,0.0,0.7172390187987949,-0.891151285070546,-0.9953848445244966,0.0,0.4220149683233242,-2.8578837896595104,-0.18193596503664713,0.0,0.7871308526381477,-3.3507932361971897,-0.8694910986863545,0.0,1.2268497345915126,-4.160493433041764,-2.0987421655898277,0.0,0.3290090922460006,-0.7631364470386025,-0.6921999984407545,0.0,-0.12687625591676624,-2.4816415244308074,-0.1484982982566079,0.0,0.11999418235762777,-3.226425129064956,-0.8572029044028149,0.0,0.07023693532214727,-2.901224114834565,-1.1741409126360336,0.0,-0.005208939970399475,-0.6827362703349856,-0.3550544649007772,0.0,-0.5046379215583677,-1.855994965507203,-0.13425362735382443,0.0,-0.36863471343330684,-2.31042800512425,-0.4880401429919497,0.0,-0.4432427495487883,-2.2856072162194367,-0.6053495586521643,0.0,-0.3626168701142861,-1.277711849099608,-0.3100699240007872,0.0
0.0,0.0,0.0,0.0,0.5145120916249514,-0.22788270015243925,-0.31691503991590436,0.0,1.3428581055575577,-1.4403876966478295,-0.6570899236912316,0.0,1.1696495154068418,-1.932731866983629,-0.6079629016948322,0.0,0.8332797976623376,-1.6845035987002555,-0.43227954061604285,0.0,0.9637529521170841,-2.650874547330023,-0.354545536868046,0.0,1.1046085467220372,-2.5493489569737906,-0.8864563713198897,0.0,1.2356558847255639,-2.1220154565541756,-1.5167090311289382,0.0,0.6903789898025527,-0.8356940053759289,-1.0963329606369059,0.0,0.39360366661929336,-2.7476339034741137,-0.24888604535470207,0.0,0.7776558134421103,-3.36760462584408,-1.0451284681400608,0.0,1.0800598740053116,-3.681262765847471,-2.2252116308825576,0.0,0.30843586208913687,-0.7038282981414081,-0.799966170860563,0.0,-0.13574367339117502,-2.436647264651074,-0.2168967266040598,0.0,0.0822481001700983,-3.2299692718959463,-1.0257784167625175,0.0,0.002553518179250066,-2.6357629439336705,-1.3164703779674836,0.0,-0.03698544948006465,-0.6215758852023167,-0.4432860572952213,0.0,-0.5132437454540417,-1.843013338695999,-0.19565040051555782,0.0,-0.38833657036937524,-2.290503700469307,-0.5914272117934488,0.0,-0.4740665118603722,-2.217916882422508,-0.748409860686066,0.0,-0.3881465556179653,-1.205636918242539,-0.4181550439382892,0.0
0.0,0.0,0.0,0.0,0.5552243418525302,-0.2445205831178381,-0.3284512331302268,0.0,1.3639944707714864,-1.4034382503649967,-0.647215850899406,0.0,1.1536372739167902,-1.8899677919076088,-0.5941990195935233,0.0,0.7798198925089027,-1.712425677203458,-0.4391859459983366,0.0,0.986261042265477,-2.508467343716962,-0.3605473509080492,0.0,1.144865649497025,-2.4918536360438748,-0.9333521895321546,0.0,1.207371277348512,-1.9796083717145052,-1.5508518296421356,0.0,0.6632295416597834,-0.7843024158101808,-1.1434696825555088,0.0,0.4481996573805472,-2.6654779864549867,-0.26638173045388625,0.0,0.8530090520535821,-3.360577868161236,-1.1225255906932268,0.0,1.043185808156869,-3.3354176193200367,-2.1988051231848122,0.0,0.298936606892619,-0.6495164174106645,-0.8339582879306692,0.0,-0.0853817244950202,-2.4139595839294117,-0.23885148802035766,0.0,0.11994172855993111,-3.2642383062172797,-1.0990548624604537,0.0,0.015409832485639482,-2.5101204800478905,-1.3422361040107809,0.0,-0.032290187151451225,-0.5881406590653123,-0.4693487445797013,0.0,-0.48752288277730293,-1.8364632611096368,-0.21646092547766155,0.0,-0.4097438106988453,-2.244906414493257,-0.6327218008689719,0.0,-0.4712422501991453,-1.9573141756472388,-0.7480169426845493,0.0,-0.3712084215090076,-1.04435133600132,-0.43206877640069047,0.0
0.0,0.0,0.0,0.0,0.5572277326388695,-0.2229679079014748,-0.32527666279023665,0.0,1.3550630928944392,-1.36074398493345,-0.6402229557608639,0.0,1.1586825061987427,-1.853173762152151,-0.5928478256821105,0.0,0.7898305141377107,-1.6914976691251595,-0.44190820892582044,0.0,0.9799603528976417,-2.4602085489733856,-0.36712282759751247,0.0,1.1393982912406193,-2.4724577381538286,-0.9681970497718215,0.0,1.1771091602747692,-1.9123871836123807,-1.582840304001888,0.0,0.6492503575920828,-0.7391824635772166,-1.1658509036517717,0.0,0.44089480877858683,-2.6184525303265342,-0.2782287307185515,0.0,0.8520081424290271,-3.3488885610683474,-1.16310977259979,0.0,1.0533726187436454,-3.3173189163782966,-2.2755030307910666,0.0,0.30674957108645123,-0.646359248871011,-0.8725482361510621,0.0,-0.09329092292771954,-2.37545613527879,-0.25590401952294856,0.0,0.09746147424687601,-3.195877989111946,-1.1260879583984158,0.0,-0.015190303194619227,-2.405291284386835,-1.36638808756528,0.0,-0.04672163942774625,-0.5667921544993024,-0.49735046459970056,0.0,-0.49196206864233205,-1.8148968472469817,-0.2362254315086305,0.0,-0.4216517890873681,-2.2040220106649144,-0.6631248637175574,0.0,-0.4844422586129296,-1.8839719206890864,-0.7814045546841473,0.0,-0.3823813153510543,-1.008691001286997,-0.46903658486520333,0.0
0.0,0.0,0.0,0.0,0.555490452655682,-0.22933242039603985,-0.33706893389095105,0.0,1.3470329871298867,-1.350590182098495,-0.648438603583359,0.0,1.146379007933309,-1.8807293374457699,-0.6047274943159685,0.0,0.7476301871024339,-1.7467291692122644,-0.45213819018571033,0.0,1.063733464398382,-2.6219840411653212,-0.4300499812992749,0.0,1.11908294830832,-2.4140412968612024,-0.9581211148092167,0.0,1.1698190719957293,-1.9602173611235978,-1.6109344853358833,0.0,0.61952831245275,-0.7702378212353839,-1.1943747729845946,0.0,0.4793531892725718,-2.8375927212024203,-0.32834033019608183,0.0,0.7971776881723197,-3.1573040403296266,-1.0943623112332985,0.0,1.1526975274886733,-3.743730330788718,-2.503563122403519,0.0,0.3215734574041096,-0.7204952190525931,-0.9177515503641192,0.0,-0.10190387246162426,-2.4708973621983303,-0.27994844110169337,0.0,0.1098541765855248,-3.1600867919552145,-1.1043777568556616,0.0,0.0012403552264445422,-2.641441709993878,-1.4653326514516352,0.0,-0.043017631670423315,-0.6166777224982509,-0.5111807717103534,0.0,-0.4987634530364769,-1.8302619466261698,-0.24100786116120337,0.0,-0.40764068480162785,-2.246443402905011,-0.6624175270830772,0.0,-0.4784776042520269,-1.9801780939615252,-0.7948325728720567,0.0,-0.3749814922202634,-1.0602484890247954,-0.4707141411548707,0.0
0.0,0.0,0.0,0.0,0.5782852094115339,-0.2465817355078595,-0.3355373515724687,0.0,1.3579514639944412,-1.3501984101094504,-0.6412648598110504,0.0,1.1444267072222871,-1.8643125652341344,-0.5995750212959537,0.0,0.7447848039972559,-1.7245174533662955,-0.4513762540079303,0.0,1.0386035488507135,-2.573578537340872,-0.4000028509523892,0.0,1.1289806247898442,-2.4330424319028086,-0.9750270630865713,0.0,1.1558468318136228,-1.9263803940395026,-1.632837669837491,0.0,0.6095271216436294,-0.7459997699781892,-1.2088687715944357,0.0,0.4616935218376292,-2.7726952403074523,-0.3075798337997418,0.0,0.8211259838596731,-3.162667378063115,-1.1239693154371992,0.0,1.0881902367349818,-3.421557310081506,-2.405241405078654,0.0,0.3059330023601681,-0.6534822512978049,-0.9128842981380075,0.0,-0.10178659196238385,-2.4309726666970874,-0.27228383690368785,0.0,0.12879189088480178,-3.1698510291712223,-1.1420234984276294,0.0,0.02371916340980069,-2.54035887366103,-1.480589709014126,0.0,-0.030216101713292465,-0.5747265569640079,-0.5169577990877239,0.0,-0.4946818687988415,-1.8134603237436784,-0.2423066491339383,0.0,-0.3963082405039233,-2.248928087192582,-0.6795402755568707,0.0,-0.45906252597383473,-1.9918914169526325,-0.8228096693214931,0.0,-0.35325278518129377,-1.052861045793652,-0.48092349455682937,0.0
0.0,0.0,0.0,0.0,0.5677928370567606,-0.2636252215104366,-0.3050220940762109,0.0,1.3676898828322024,-1.374334862009795,-0.5719518053132177,0.0,1.1580361713551492,-1.8918652017004998,-0.5313097732137965,0.0,0.7523004420690301,-1.7521725406114546,-0.39723783430444876,0.0,1.0998981152725944,-2.6564616099253895,-0.32842241745547956,0.0,1.1477657418622018,-2.432512173337988,-0.8237763771909016,0.0,1.2569647085811795,-2.1241148703046915,-1.510557860693975,0.0,0.66525449078389,-0.8822055886769111,-1.1423757754434731,0.0,0.5223189420434404,-2.906493154806032,-0.24419298619963423,0.0,0.863863373553529,-3.2845056606027407,-0.9847708718028217,0.0,1.2217648957173501,-3.9224275878482175,-2.289885497632499,0.0,0.32863441126101073,-0.783592176923615,-0.8289188733722604,0.0,-0.07474593373613968,-2.53713399356438,-0.2190538356975699,0.0,0.14761982152286532,-3.247513417499288,-0.9974701860090041,0.0,0.04959188537404944,-2.721989133668474,-1.2997949720320243,0.0,-0.014578019530809271,-0.6764791089412192,-0.4448020044633456,0.0,-0.4878912589388991,-1.8607591193905182,-0.19908721819424902,0.0,-0.39699427586290326,-2.2631396699671287,-0.586710177935786,0.0,-0.44739300326921294,-1.9877347601725908,-0.6883812236590886,0.0,-0.3370197655544354,-1.0841672497668136,-0.39160492498592947,0.0
0.0,0.0,0.0,0.0,0.5810898471974227,-0.27217082782785934,-0.3126835349260924,0.0,1.3655323103723476,-1.3933842850515867,-0.5897783054527354,0.0,1.14535864955782,-1.8875191243015101,-0.5438034708722821,0.0,0.7460460753812052,-1.7602264697643046,-0.4124455680108434,0.0,1.0889545216317893,-2.7343660982903577,-0.38200319786742176,0.0,1.1054841445407724,-2.4334982629601383,-0.8727193471053138,0.0,1.2372229870317175,-2.1666054252313516,-1.59700822527241,0.0,0.6701520229398351,-0.9100935970479668,-1.1970131456036412,0.0,0.4928460379894449,-2.935348651138892,-0.2865881773840024,0.0,0.8162427546686882,-3.1741969042917337,-1.0483791185876172,0.0,1.0970564317820313,-3.6093329878022624,-2.3124429156274227,0.0,0.3174258764399479,-0.746301669662276,-0.8710854844549473,0.0,-0.10051061467344435,-2.523817495127104,-0.24955787032257268,0.0,0.16207905978760603,-3.222311775746989,-1.0795454315233755,0.0,0.05576429611855155,-2.7430202779191375,-1.4358422761577643,0.0,-0.017127555492400887,-0.670644186309687,-0.48647524179503315,0.0,-0.5013593531082658,-1.833517570561292,-0.2161243525334723,0.0,-0.3943679917887196,-2.305217401842427,-0.6465502858499236,0.0,-0.4423603121945413,-1.9991909901332643,-0.7637984882941432,0.0,-0.3293564896467703,-1.0814745317194023,-0.4401427176666412,0.0
0.0,0.0,0.0,0.0,0.5754507231891681,-0.2945168645461707,-0.2960698805316456,0.0,1.3633369072532813,-1.4300928361469565,-0.5542699658308574,0.0,1.150838352124419,-1.9196336542943884,-0.513475204095482,0.0,0.7459235400546174,-1.7839471790856927,-0.3895015089532498,0.0,1.0778073723751844,-2.854217773396722,-0.2995128479636796,0.0,1.1097110287412304,-2.480354588013955,-0.776745712410386,0.0,1.2827057215899933,-2.303062515524118,-1.5041200211937775,0.0,0.6997923433295545,-1.0030403188291253,-1.1520246272506682,0.0,0.4793013856598155,-3.0281479354857144,-0.20843269308589704,0.0,0.8328298833070176,-3.2661716476176514,-0.9421137643537895,0.0,1.1917017849194251,-3.9725198938797277,-2.2480986562263654,0.0,0.32702304734949017,-0.8314979051679451,-0.8291069753259174,0.0,-0.11903915099090721,-2.5821504816782985,-0.19024513981951513,0.0,0.17704894162042942,-3.281000327299065,-0.981203877976631,0.0,0.088576179247669,-3.0083598179874844,-1.3970350372299074,0.0,-0.020269962517925677,-0.7362407028843962,-0.4531953772504152,0.0,-0.5179644705365523,-1.8421626057323208,-0.1734254111750534,0.0,-0.3819514424734522,-2.3611871511913267,-0.586365707568658,0.0,-0.4328463996148553,-2.157642484276859,-0.7079616081569482,0.0,-0.33564663206723044,-1.1368749622781504,-0.3773009173432992,0.0
0.0,0.0,0.0,0.0,0.5778634544632972,-0.3129053380578633,-0.2933824892806639,0.0,1.3619516423326055,-1.4763573925255589,-0.5535701464070649,0.0,1.1359752176119902,-1.9367854447509647,-0.5077274211816392,0.0,0.7393673868229811,-1.7882768506338882,-0.385331051306647,0.0,1.0845882134411928,-2.871264948724094,-0.29471753080822277,0.0,1.09858013279332,-2.4690507148846312,-0.7550143808357646,0.0,1.2740714898120322,-2.3270542676208756,-1.4895044024307422,0.0,0.6878917590407592,-1.0014457690932845,-1.127475825014487,0.0,0.47577755596068727,-3.0705590857314826,-0.20425809639805032,0.0,0.8105692250542323,-3.266377333593053,-0.922324806295201,0.0,1.1890954405977108,-4.164149128348966,-2.2749057260007417,0.0,0.32978958511187634,-0.8595532216188065,-0.8162927002741853,0.0,-0.13418373710732368,-2.5975459739383147,-0.18471666612716184,0.0,0.15944326200348144,-3.319010692450847,-0.9715777457516568,0.0,0.06428848432596913,-2.990477073862752,-1.3470086703363118,0.0,-0.013370759890951683,-0.7198859173925464,-0.4297677858117386,0.0,-0.5261194714611406,-1.8528278478533964,-0.16907637161058314,0.0,-0.39329635749843234,-2.3610943908681685,-0.5684167096517643,0.0,-0.4603503330682103,-2.1341015268350296,-0.6776729326972042,0.0,-0.3574712669404145,-1.1284254039628927,-0.362902735416612,0.0
0.0,0.0,0.0,0.0,0.5696341927497246,-0.29939135836876285,-0.2861584898294784,0.0,1.363775478194199,-1.4277575805058427,-0.5283767107796845,0.0,1.1602733382660315,-1.9109004743262967,-0.48651167444278626,0.0,0.7563456500274397,-1.8037217403018118,-0.37413162158185054,0.0,1.1047660459335393,-2.851320268961693,-0.28831125678029546,0.0,1.104544237817622,-2.4710255841045785,-0.7336557196279431,0.0,1.314803171708331,-2.4063963448156245,-1.4765544887022046,0.0,0.7097600037879959,-1.0390634407794916,-1.1181055869769747,0.0,0.5128185860611415,-3.0628487407285716,-0.19635423137138353,0.0,0.849260806238453,-3.2834517801541163,-0.9057684009285901,0.0,1.20030505815254,-4.066111264610946,-2.178254557982461,0.0,0.3193016721794039,-0.8213832267960942,-0.7738076531460406,0.0,-0.09431171377915877,-2.6165654177338213,-0.1724544420354459,0.0,0.18850314744794572,-3.283869331771119,-0.9180922138544162,0.0,0.0790876900673914,-3.047995175550112,-1.300710211388603,0.0,-0.023140418643799197,-0.7189274982032038,-0.4018688552569995,0.0,-0.5024639176579929,-1.87594059600348,-0.1553821062532913,0.0,-0.37768462568635636,-2.3658129935536447,-0.5490230015136833,0.0,-0.44213792156099535,-2.1035558840668145,-0.6469203709862267,0.0,-0.3422881592100848,-1.0977008100836074,-0.33772283344532317,0.0
0.0,0.0,0.0,0.0,0.5639241684264095,-0.30302674611141134,-0.30501732291307826,0.0,1.3622519390809154,-1.4560900106949188,-0.5732152280787794,0.0,1.149634926691247,-1.9279815827239886,-0.5233319492163474,0.0,0.7508259001306101,-1.794562740148818,-0.39540942945987906,0.0,1.1072547427442287,-2.9095782274747566,-0.32173321403559973,0.0,1.0949344562499794,-2.4640621598344596,-0.767592675927221,0.0,1.3003930983630532,-2.4201667903272845,-1.521983494193807,0.0,0.7316675389182369,-1.1225399683265935,-1.1897660924184241,0.0,0.494553034865485,-3.0988730650642466,-0.21823489312098224,0.0,0.8228079865446531,-3.2561293524057926,-0.9535026202130022,0.0,1.1506484557060723,-3.9831082105190094,-2.246206004813293,0.0,0.3305053381769434,-0.8679841340303606,-0.8342004661201544,0.0,-0.11853217826007316,-2.605891768767226,-0.1866319830087042,0.0,0.1819310897127951,-3.299493543898374,-0.9821447597479728,0.0,0.07826540063832778,-2.9814830011030544,-1.3606900583185768,0.0,-0.01469437672321327,-0.7208913219491794,-0.42670818648665926,0.0,-0.5155294703461061,-1.854198384801298,-0.16413937025075492,0.0,-0.38315621619110724,-2.3824995318058972,-0.5804130327880989,0.0,-0.4462902213282351,-2.1249719783946066,-0.6847161255493311,0.0,-0.3449403858622291,-1.1385502237349086,-0.36500866111672436,0.0
0.0,0.0,0.0,0.0,0.5478107962535386,-0.2878912855027517,-0.29325839739921344,0.0,1.3502548540263188,-1.4569819790600689,-0.5576852116054432,0.0,1.142042332242198,-1.9452331354203947,-0.5089510960611296,0.0,0.7453764804128742,-1.7825862764180942,-0.3754355009348622,0.0,1.113440087337537,-2.9458467823340526,-0.2718833077466267,0.0,1.0700183621210537,-2.461520587918749,-0.6907408247553745,0.0,1.328378454839861,-2.531175995441522,-1.4508346390322668,0.0,0.734665185986498,-1.1772486072701802,-1.1304298691459835,0.0,0.49975946151346073,-3.1913648768855327,-0.17228202524266956,0.0,0.8023218273454407,-3.218854644150815,-0.8321457251696815,0.0,1.2625995531221559,-4.420191860896439,-2.1989449011328155,0.0,0.3249443014713587,-0.9366854817555641,-0.7601097644832692,0.0,-0.13611830082340218,-2.655063539681939,-0.14918049947866388,0.0,0.18192429398503474,-3.295645467239541,-0.8877565542304666,0.0,0.07782830496225353,-3.0562430979503903,-1.239413637229596,0.0,-0.03002167139610132,-0.7449658399373519,-0.36330744750159344,0.0,-0.5320275973052232,-1.8592243427075434,-0.13645187146954035,0.0,-0.37467379401642836,-2.424841946030377,-0.52771420088931,0.0,-0.44528299281105943,-2.1721855976954005,-0.6028599377444422,0.0,-0.35728132282594766,-1.1341453321587445,-0.28635777093330034,0.0
0.0,0.0,0.0,0.0,0.5446000067727031,-0.27518852634413443,-0.297716691635179,0.0,1.35496359586452,-1.4369595259640322,-0.5616737261130713,0.0,1.1362847053444092,-1.9220872436665961,-0.5064211373752774,0.0,0.7441338736173113,-1.755978351084193,-0.3709358073494087,0.0,1.1899925932153004,-3.026561967020987,-0.3061749722188358,0.0,1.0866649240560406,-2.459360270151714,-0.7148814557622729,0.0,1.3300077525075877,-2.5032570498286124,-1.4603619282933054,0.0,0.7511496031647031,-1.1925403588853398,-1.1502792932496535,0.0,0.5464392820564024,-3.342116216477441,-0.19960991578564447,0.0,0.7845859753964769,-3.135579390223898,-0.8323983751769107,0.0,1.2936231936558091,-4.495010008210454,-2.276108359774797,0.0,0.3401094840503989,-0.9684538489333016,-0.7888445362594483,0.0,-0.13319014706021468,-2.6903015483180166,-0.16165327755072725,0.0,0.18007633327392575,-3.256877514814908,-0.9033563267255696,0.0,0.07505295378619825,-2.9538981278710037,-1.23736796701515,0.0,-0.029951341560115047,-0.7413050692837658,-0.3671358888753584,0.0,-0.5289135052814952,-1.8482659766986187,-0.13804053074623823,0.0,-0.3623600663484273,-2.4059975047376145,-0.5162871908694512,0.0,-0.44282235398041614,-2.1616328765828117,-0.5759744407423136,0.0,-0.3626626177509957,-1.1546335344040608,-0.2626259044149409,0.0
0.0,0.0,0.0,0.0,0.5427244703592967,-0.28332760731199136,-0.289496733917908,0.0,1.3609986621391421,-1.4586213345214463,-0.5455414659217201,0.0,1.1516632095005233,-1.9584637782610046,-0.49751770229308234,0.0,0.7491898951705273,-1.7832021890250807,-0.3606292365597438,0.0,1.088384102467849,-2.961934521698013,-0.25028228652493195,0.0,1.0762666870527966,-2.4787085259079378,-0.6651125028809575,0.0,1.3730655750529,-2.621322312757892,-1.4340702501057458,0.0,0.756888059838782,-1.2067874837037782,-1.1108303489204008,0.0,0.47744711553250413,-3.1277034752548194,-0.14800203417150132,0.0,0.8109940518549057,-3.2097551600920693,-0.8004474924199689,0.0,1.3250560538681904,-4.523256547098841,-2.179875719219595,0.0,0.34738932224820634,-0.9174530311370266,-0.7317717105989946,0.0,-0.12829824107379564,-2.627872225952604,-0.1305000678189466,0.0,0.20610791700149375,-3.34457175096121,-0.876522021454034,0.0,0.1115671365470186,-3.043322838840032,-1.2058138155610807,0.0,-0.0062568660683408606,-0.7380145247765485,-0.35272996412806035,0.0,-0.5186992433513196,-1.8724879927692122,-0.1250893440785027,0.0,-0.35855291181817317,-2.479754051351198,-0.5302384223551455,0.0,-0.41821937589171976,-2.150444658098549,-0.5939040900348046,0.0,-0.3299356622919069,-1.1217313916000269,-0.28256946914119674,0.0
0.0,0.0,0.0,0.0,0.5332839451080063,-0.26700441487942067,-0.28167153642838944,0.0,1.354795985975093,-1.448187670393898,-0.5320145256086647,0.0,1.1449272856918487,-1.959418494407645,-0.484005304121789,0.0,0.7472837377582824,-1.7711141256500114,-0.34833015854391586,0.0,1.1836642303340912,-3.0579225480901986,-0.2621602399824353,0.0,1.0836494483102361,-2.453011270623534,-0.6495693953046692,0.0,1.3651985049835391,-2.589805838583965,-1.3884660781109726,0.0,0.7691245454283973,-1.2249136277591441,-1.0952135990241647,0.0,0.5429576233480133,-3.3552408431926857,-0.1555679711895786,0.0,0.7877447536358667,-3.1418003713847815,-0.7532149350689693,0.0,1.3870193346573543,-4.874417102942126,-2.231169736718437,0.0,0.3388036517309371,-0.972584877315302,-0.716538884623468,0.0,-0.13150034022644502,-2.713776743803819,-0.12738968535247194,0.0,0.18534172661157794,-3.2429694571990417,-0.8138677887369905,0.0,0.09964962973362175,-3.1735789869228395,-1.1802864457014215,0.0,-0.016135364956067,-0.7821470237573988,-0.33043305201821144,0.0,-0.5298095026012165,-1.8639464034476536,-0.11392418346157578,0.0,-0.3688174211062165,-2.413373632769227,-0.4778883668114241,0.0,-0.4379692279467242,-2.150020003622864,-0.5274731176202297,0.0,-0.35009865346985664,-1.1471267718798785,-0.23279984170619739,0.0
0.0,0.0,0.0,0.0,0.5338192882520879,-0.2575728506695195,-0.3032582752089025,0.0,1.3611949914138355,-1.410042122016235,-0.5851785836085153,0.0,1.1685959629891158,-1.9468358766839533,-0.5389419241068157,0.0,0.7630192614183762,-1.7597169966873383,-0.38729332739430816,0.0,1.214122968824904,-3.095518115567666,-0.3393340194031312,0.0,1.0931112572774213,-2.417198806998419,-0.7194505395847738,0.0,1.3631441417280032,-2.5226634691270573,-1.4829274914482675,0.0,0.7842393636584573,-1.259102791843359,-1.2043626312773574,0.0,0.5631398614398214,-3.375919791514501,-0.22584535427430322,0.0,0.802831281538225,-3.0673292386558484,-0.8361083373256466,0.0,1.4069708484807786,-4.576478653148802,-2.3682565665064415,0.0,0.369614678568768,-0.9879083739366857,-0.8203733242506781,0.0,-0.12450294578453784,-2.674727708955315,-0.17741031926098208,0.0,0.21607936342940287,-3.196168867466307,-0.9135876053420738,0.0,0.15728182848386732,-3.072226488786721,-1.3448340697999117,0.0,-0.0028287005378018464,-0.7352332853092928,-0.3911786888632263,0.0,-0.5181288964593087,-1.8327329502470122,-0.1462898083654604,0.0,-0.33122051720621476,-2.415599826651607,-0.5411166374126962,0.0,-0.40765340959819707,-2.2285340889731007,-0.6296538515163131,0.0,-0.3394024377948021,-1.1644108952115355,-0.29210315145492777,0.0
0.0,0.0,0.0,0.0,0.5336919271557115,-0.2648386057552009,-0.2801685926861351,0.0,1.3657609970876698,-1.4397503038881696,-0.5420610974335993,0.0,1.1737011280097804,-1.9607800968823346,-0.49932138283571037,0.0,0.7723008034907197,-1.7618443613717556,-0.3597039680748181,0.0,1.209293057936871,-3.0439470724958664,-0.2529825142099679,0.0,1.1144488360193032,-2.474871125059323,-0.6662034819230943,0.0,1.3838148697975952,-2.596850591014926,-1.419278750858687,0.0,0.7850296829353397,-1.2640476226017052,-1.1341385140469002,0.0,0.5886633149015217,-3.375540832242172,-0.15722532271679773,0.0,0.8103957204434888,-3.1499924391254224,-0.7730387690174044,0.0,1.4191628463395418,-4.853262546376308,-2.2696223210979407,0.0,0.35864136398938845,-1.0060077727680254,-0.7480755776978392,0.0,-0.10345354200869737,-2.7437080058121013,-0.13939062773870806,0.0,0.21295217721705045,-3.250049534677648,-0.8421765916401027,0.0,0.14723766222079226,-3.218113443603007,-1.225121949526283,0.0,0.0019108998922622365,-0.8090364149688415,-0.3439078868319311,0.0,-0.5135662224593267,-1.8776182124807808,-0.12905855179223585,0.0,-0.3381893495601374,-2.420394200908081,-0.4934339061150584,0.0,-0.4099912905076763,-2.246773436716388,-0.5548526327085224,0.0,-0.3368348926355079,-1.2262355115716324,-0.24554733408242924,0.0
0.0,0.0,0.0,0.0,0.527070417177696,-0.25688041361012587,-0.27669620586976956,0.0,1.356644933339532,-1.4018062622227283,-0.5190608815698662,0.0,1.1802732904357414,-1.9422872881755713,-0.4799226789913446,0.0,0.7777047971349954,-1.7686876125512967,-0.34588841054627983,0.0,1.248483251103808,-3.1247803805490117,-0.24777874176214806,0.0,1.094594439657619,-2.439996044001661,-0.6221474670741023,0.0,1.4308824048682802,-2.737474607017687,-1.3930275274274369,0.0,0.8273618343944646,-1.3831985604624986,-1.135943609653018,0.0,0.6118484108313064,-3.5117962981717286,-0.14804181231630778,0.0,0.7919150817132488,-3.0487115554708226,-0.7121332946510226,0.0,1.5760268761229093,-5.384080229827078,-2.380291738905503,0.0,0.37501943975884616,-1.0681553586560415,-0.7383691309538484,0.0,-0.118276396174176,-2.7622051706836124,-0.1250133497484328,0.0,0.21218641313764347,-3.1626597470010775,-0.7930314452712466,0.0,0.15434436977748084,-3.292550542432143,-1.2276448435737302,0.0,-0.0006757344355747235,-0.7976541547344237,-0.33362176745826694,0.0,-0.5272372616620065,-1.8439428841384562,-0.11276400476911079,0.0,-0.3424068258088279,-2.409823807191079,-0.48227755981729276,0.0,-0.41335640998872686,-2.199060699363877,-0.5451100918509313,0.0,-0.3335931259527861,-1.1699967928707042,-0.23948095342817347,0.0
0.0,0.0,0.0,0.0,0.5301466495275657,-0.25725919018872,-0.27148923457182916,0.0,1.3506740534968253,-1.3794696847799919,-0.5013503100460903,0.0,1.1871491409467685,-1.936249875509074,-0.47040109597179813,0.0,0.7868038817896126,-1.767262876802666,-0.34094977493530304,0.0,1.25050865384375,-3.123936109731784,-0.21742205516686852,0.0,1.1018677948212177,-2.4483444778728063,-0.5943315191892442,0.0,1.438974679848325,-2.6916752059201623,-1.325370799230195,0.0,0.8335434899040053,-1.3204959970828039,-1.064520999155811,0.0,0.6243533215316271,-3.527841815855955,-0.117436638122631,0.0,0.7942907141321583,-3.0795067171692176,-0.6791995904547533,0.0,1.5445676703247875,-5.331552381801565,-2.248976429867306,0.0,0.35297703886987847,-1.0071722800010694,-0.6727789765856101,0.0,-0.10984676977750299,-2.791954882185906,-0.10288367982571385,0.0,0.21211554077142478,-3.1773852798438464,-0.7433608472898304,0.0,0.14014560680489546,-3.3905489231547645,-1.1442926573526941,0.0,-0.0119816284998442,-0.8268527615370745,-0.2950553645022993,0.0,-0.5242748896802566,-1.8590465105947154,-0.09944042925920703,0.0,-0.338635470450819,-2.4015207204359883,-0.4388348968078477,0.0,-0.4181272046799463,-2.2464816873677727,-0.4840815432563387,0.0,-0.34835776025394866,-1.232432827106744,-0.19723837711044295,0.0
0.0,0.0,0.0,0.0,0.537970242887342,-0.2704202211142899,-0.2764637196235394,0.0,1.3573151276954114,-1.4099354265493358,-0.5212042586133093,0.0,1.180987136935329,-1.9135219716586493,-0.4849893122554889,0.0,0.7888497740993492,-1.7507529446918144,-0.3583578971502988,0.0,1.2208949730722447,-3.0523039843508664,-0.24394177135483083,0.0,1.0866041171063352,-2.4397396245043037,-0.6351947705364464,0.0,1.4053928942558576,-2.6409877946106417,-1.3920888959436222,0.0,0.8271201329295309,-1.3166768980182662,-1.1399632700405076,0.0,0.610138630179906,-3.4727663613171615,-0.16108894306933755,0.0,0.7866817640035848,-3.059681114243465,-0.7316009452060362,0.0,1.5371416178176316,-5.231200225592706,-2.3917760323356907,0.0,0.3515444667967687,-0.9864243779701262,-0.7341855871034515,0.0,-0.12355667667460309,-2.7590577364869144,-0.14710961177676624,0.0,0.1864528551747358,-3.129400268129463,-0.8123531762260735,0.0,0.1131438734076554,-3.209482038571764,-1.253514222375585,0.0,-0.02117637827801015,-0.754472522617636,-0.3499858190658983,0.0,-0.535739540783371,-1.833119782969991,-0.1341894047289448,0.0,-0.3637541938331406,-2.341752561693075,-0.4937984573498489,0.0,-0.4402403659633161,-2.166846724816938,-0.5657927023314934,0.0,-0.35602739388622545,-1.1488490299798217,-0.2586935811641884,0.0
0.0,0.0,0.0,0.0,0.532882098275139,-0.24971302467081086,-0.28475864775606385,0.0,1.368964578240557,-1.3944969271582452,-0.53770063802254,0.0,1.1848937110615558,-1.9138614799009757,-0.4935366033075359,0.0,0.7874977616839564,-1.741896455918919,-0.35957938099843084,0.0,1.278029781645897,-3.092835190832861,-0.2635354214540085,0.0,1.1317817681777267,-2.4684979364809845,-0.6711709945013644,0.0,1.4021281768750071,-2.5564900112629774,-1.4040575550825598,0.0,0.8220693112389161,-1.2761702068728755,-1.1514859997334863,0.0,0.6461727048015369,-3.496453083093194,-0.1638695209328675,0.0,0.8102401176005533,-3.075881000138817,-0.7493946922681244,0.0,1.5467605654692085,-5.099968991783485,-2.388663520564438,0.0,0.36321737047900426,-0.9909626189036397,-0.7595259584135058,0.0,-0.09553259169876752,-2.7538703520625605,-0.1393044085422434,0.0,0.21542815949076666,-3.1301513338042706,-0.8086421141117941,0.0,0.16455520789956374,-3.360128902890458,-1.2982413239125938,0.0,-0.012112455594561014,-0.8030421179577912,-0.3620468734651615,0.0,-0.5156672090742903,-1.8331520870858602,-0.12422690110905482,0.0,-0.3340629483411136,-2.3690350576299033,-0.48908473524022766,0.0,-0.40642336627035214,-2.2205399194998994,-0.568106832469456,0.0,-0.34015056804742644,-1.184110675611561,-0.25880507749780535,0.0
0.0,0.0,0.0,0.0,0.5477664229764597,-0.2786554636493241,-0.2765808720580853,0.0,1.3838353952590428,-1.4460782757409396,-0.5194547973224786,0.0,1.187145890261929,-1.956792968377546,-0.4812669146274899,0.0,0.7839158113442138,-1.7661721815610136,-0.3479153933862392,0.0,1.2165611298554493,-3.030339788052269,-0.19689104315804962,0.0,1.1198228670229962,-2.4799033068358156,-0.6266562392449645,0.0,1.4230519862960112,-2.628462450449247,-1.3796200273278498,0.0,0.8139439740125488,-1.2512035035021918,-1.1009751835245185,0.0,0.614095802608547,-3.393907231391868,-0.11163175348603484,0.0,0.8219881392835734,-3.0791044445004307,-0.7107145125773269,0.0,1.5791724781870045,-5.128218002414667,-2.303904216241785,0.0,0.37265152554237585,-0.9645219738696822,-0.7159534832617679,0.0,-0.08892224961510001,-2.7601550955648833,-0.11543143023497905,0.0,0.2216634296298773,-3.14654770811237,-0.7847108624970511,0.0,0.16240282855822086,-3.304468528799568,-1.2309122069185314,0.0,-0.0019835706366908546,-0.7700557734240032,-0.3314048350749244,0.0,-0.5094289959906845,-1.8702542093304555,-0.12066490413785683,0.0,-0.3283349260302902,-2.411520671192935,-0.49204570401768893,0.0,-0.4021995048753156,-2.215783008034378,-0.5572416266801794,0.0,-0.3325893553521633,-1.1756878984292587,-0.24733198324034986,0.0
0.0,0.0,0.0,0.0,0.5351771416100752,-0.26642754344427494,-0.2712706046421539,0.0,1.3637008997693798,-1.4043017739133745,-0.4994678521759222,0.0,1.1868975794998675,-1.9439127005887338,-0.4645618844310424,0.0,0.788848145433902,-1.7609420842045262,-0.33322293256414426,0.0,1.269313624044524,-3.1562221416216527,-0.19306649858445743,0.0,1.1098376373570515,-2.4845825944800675,-0.5781013162674016,0.0,1.4572103522486666,-2.750509779503714,-1.313900464865164,0.0,0.8362397770133669,-1.3339424580325603,-1.0526308085910563,0.0,0.6457933688697569,-3.565365335060146,-0.08901420777438472,0.0,0.8088907065796088,-3.1130578971627907,-0.6537907136405926,0.0,1.6050787330492002,-5.469907708843163,-2.2224433028294044,0.0,0.36060990343268023,-1.014874189575173,-0.659743666727687,0.0,-0.0933767900505436,-2.824457024817155,-0.08001578405537264,0.0,0.21912731919936015,-3.1613035979614095,-0.6966169958964926,0.0,0.16832274898562394,-3.587186427802556,-1.1252409509118224,0.0,-0.004675824863989943,-0.8751606407592447,-0.28202519602194454,0.0,-0.5159912067169439,-1.873542701195082,-0.08435194540515122,0.0,-0.32800787573726337,-2.4379485757516877,-0.4257917972175034,0.0,-0.4025426909935325,-2.2473232482516416,-0.461130040825562,0.0,-0.3377991553259063,-1.2234303346009827,-0.18275011520104117,0.0
0.0,0.0,0.0,0.0,0.5273341318655593,-0.2697473669199468,-0.2916822602275335,0.0,1.3513738730452975,-1.5036560442570632,-0.5735663475233485,0.0,1.12934570305046,-2.022777550205446,-0.5263078042384802,0.0,0.7329686129387245,-1.7735084526501514,-0.36773723073799114,0.0,1.135142952889475,-3.053991947770455,-0.23975796016782958,0.0,1.055928918660478,-2.451900944588888,-0.668553320714334,0.0,1.3118921502688905,-2.537872998553672,-1.4204226138274008,0.0,0.7601601844699183,-1.274518425635888,-1.1673521168413457,0.0,0.5061750055725379,-3.340225926617316,-0.1404884050066808,0.0,0.7536215070478675,-3.062416714964778,-0.7494384297056768,0.0,1.437113613054062,-5.054753546751881,-2.3673829045601864,0.0,0.350708685033074,-1.051470087453565,-0.7715869730169317,0.0,-0.15965387066649253,-2.706729287988828,-0.13235979251210866,0.0,0.16172518512847797,-3.210634823335498,-0.8524273043562498,0.0,0.09715437920890088,-3.114551810517844,-1.2388743400753475,0.0,-0.011326461857115177,-0.7699912452479661,-0.3431284260202372,0.0,-0.5486073851824463,-1.8565549972139441,-0.1313142466523226,0.0,-0.38364446541852,-2.4360474779012975,-0.5227696451540482,0.0,-0.4449666587174132,-2.170250176725906,-0.5786488472872194,0.0,-0.3505826595737738,-1.1836449992057008,-0.26239121755014044,0.0
0.0,0.0,0.0,0.0,0.5195902675535871,-0.25323410034885957,-0.2930553958011772,0.0,1.320790054614266,-1.4234655109195007,-0.5593800258184324,0.0,1.1250365956093251,-1.9666927661284612,-0.5196834405964821,0.0,0.739356858335373,-1.7605697248503458,-0.3733168627711994,0.0,1.1574038304289929,-3.0734363763220482,-0.2767881912667746,0.0,1.0634687742659308,-2.485338333410721,-0.6884828390344429,0.0,1.301697920933027,-2.582806774445455,-1.4407154839618233,0.0,0.741715299301942,-1.3103240184467209,-1.184332589924794,0.0,0.5213387184966498,-3.4449419099807286,-0.17571195913964355,0.0,0.7380825611453269,-3.126809316821092,-0.778287195909569,0.0,1.3150393971512795,-5.000684148114587,-2.366423391196939,0.0,0.31511463707827975,-1.0554224617644838,-0.7886328945226656,0.0,-0.1732015936689375,-2.7546935924084184,-0.14931079530095112,0.0,0.13579297328804096,-3.2130344582311565,-0.8337846472100685,0.0,0.04709728636495814,-3.316478449754117,-1.2446520423054899,0.0,-0.04193696925300287,-0.8404493541687169,-0.34664204513918895,0.0,-0.5634593682057881,-1.8507743222413364,-0.13557717713285644,0.0,-0.387618854171781,-2.438683077823843,-0.5037961149890166,0.0,-0.4681277802047728,-2.2226677668360075,-0.5478050175614003,0.0,-0.38751656952695734,-1.224869034522415,-0.24294019880296175,0.0
0.0,0.0,0.0,0.0,0.5285551517349112,-0.2596263323920715,-0.3014658257055015,0.0,1.3298889532264873,-1.433932806049694,-0.5727208497983262,0.0,1.110474482256299,-1.965245166436753,-0.5274536437956742,0.0,0.7180923345610813,-1.7679119684565565,-0.379093025092128,0.0,1.0860297438728161,-3.0811306116936548,-0.28249915706653306,0.0,1.0118547571178842,-2.446722909953593,-0.6906350798477218,0.0,1.2944464628155445,-2.549060360146724,-1.4676479900701902,0.0,0.7477984432141254,-1.2550034415285112,-1.196215339805604,0.0,0.44624415781292176,-3.302251678853914,-0.17715264588117244,0.0,0.708757495328148,-2.9827999746016642,-0.7665623082906974,0.0,1.419142906643442,-4.91810998469814,-2.435591390040331,0.0,0.35803736742263254,-1.0486134674442509,-0.8290404482557523,0.0,-0.2006090368357039,-2.6455176755609817,-0.15422123900766352,0.0,0.14429689658670639,-3.1798299778905896,-0.8877215601181411,0.0,0.10259947352016267,-3.080535182406282,-1.3202232408567944,0.0,-0.02101622357653704,-0.7354186236755645,-0.3737887881994476,0.0,-0.5766305277691253,-1.784504450442908,-0.13991499030201054,0.0,-0.40746536369468456,-2.421408623772119,-0.553655810604273,0.0,-0.45029026137561834,-2.1011192517566704,-0.6112265396564489,0.0,-0.35253061020688004,-1.089923762185393,-0.27903556536130586,0.0
0.0,0.0,0.0,0.0,0.5296454070859427,-0.26006547691838144,-0.3116550814022709,0.0,1.3158728098669659,-1.4099594386424714,-0.5805627398574601,0.0,1.0989895501218412,-1.925028924393477,-0.5313638941372096,0.0,0.7127693664109434,-1.7645493539264108,-0.39112688453548977,0.0,1.1305215744764643,-3.1046848458124536,-0.37206679748343,0.0,1.0495776432014727,-2.471478599594998,-0.771776029747225,0.0,1.2660493166811841,-2.485518109155043,-1.5155308280856719,0.0,0.725331915460679,-1.2525599063915855,-1.2406119515273897,0.0,0.4711954604036244,-3.416634473423953,-0.2650047500149803,0.0,0.7075320052439704,-3.055021032594038,-0.8668771298727908,0.0,1.2573557730893392,-4.744434941711283,-2.5209132811055066,0.0,0.31468781711305316,-1.0309493039369764,-0.8853808105883167,0.0,-0.20651071746245037,-2.688317886035839,-0.21046612380164406,0.0,0.11693347415672826,-3.200799049731756,-0.9462417073629181,0.0,0.024288740847407782,-3.169435209802941,-1.402522167511842,0.0,-0.06307851946501522,-0.7952753512068197,-0.4238505070916985,0.0,-0.5827305340052822,-1.7954967346183615,-0.17110044807373864,0.0,-0.411400603166146,-2.420473188242556,-0.578997173092631,0.0,-0.48210892747624634,-2.1326291601972027,-0.6434160784092324,0.0,-0.3985229221539122,-1.1418933945727419,-0.313602848136078,0.0
0.0,0.0,0.0,0.0,0.5164478986730592,-0.2572533403363428,-0.3089048545942132,0.0,1.3043263756802232,-1.38688227962488,-0.582362219070159,0.0,1.1219319810857875,-1.9614936430586787,-0.5487320098495181,0.0,0.729015287074324,-1.7791390609411628,-0.393994175438038,0.0,1.1044850521632372,-3.096987671073086,-0.3489277652800741,0.0,1.0024984036469922,-2.4188831266900155,-0.7173893966555149,0.0,1.2902415978647588,-2.5368029910461716,-1.4765591333202317,0.0,0.7585154951484654,-1.2628906871012893,-1.1863597543761706,0.0,0.46834261969239876,-3.3932784852515807,-0.24017100363873545,0.0,0.6838175943583367,-2.9811489743052957,-0.8079074228813095,0.0,1.3353660481098686,-4.929790975565082,-2.482955947266567,0.0,0.3537094118951273,-1.0845964636744923,-0.8362005768019112,0.0,-0.20297830070456488,-2.6932618664375547,-0.19193981749081898,0.0,0.12266680344502483,-3.1748774580571584,-0.9181154739148913,0.0,0.04851772879684709,-3.0259297408293895,-1.3090471321966846,0.0,-0.03173915010357611,-0.7641384537167991,-0.3754658502910458,0.0,-0.582758694983548,-1.7996542824440351,-0.15734079135285353,0.0,-0.4154168365441503,-2.394424041779666,-0.5462189849802541,0.0,-0.4859333771803317,-2.1181277983293225,-0.592072757866338,0.0,-0.3916669238258333,-1.1558126979289824,-0.2696192217594834,0.0
0.0,0.0,0.0,0.0,0.5243215008503374,-0.26457048981931697,-0.2983586999591092,0.0,1.3106231128073418,-1.4199908713522615,-0.5451754207081456,0.0,1.0954704747941506,-1.9397252153670377,-0.49665696143300453,0.0,0.71219334304111,-1.7758679677925826,-0.36217745114550515,0.0,1.16885161645132,-3.155226816372151,-0.3411703519726351,0.0,1.0252553779327118,-2.437625995684069,-0.6877533596685851,0.0,1.315045638853999,-2.643090701501837,-1.4447601155189365,0.0,0.7535696347402745,-1.288499799832386,-1.1458382673122558,0.0,0.5098093101599236,-3.5656173722990907,-0.2345555479134788,0.0,0.6848466659482938,-3.0247948154310293,-0.7779849989458416,0.0,1.321927175092211,-5.299811380429422,-2.5110390398085847,0.0,0.31898464303520124,-1.0304094507825416,-0.776503586452317,0.0,-0.21439458279356285,-2.7521718951305147,-0.17964435649724697,0.0,0.10137906605713927,-3.168183491277577,-0.8629086411464316,0.0,-0.005597725999688081,-3.1682909952161213,-1.2685894002530935,0.0,-0.05081280250662911,-0.7814420225665623,-0.36427727197973125,0.0,-0.5949392781292602,-1.7947179001201792,-0.14268277719747993,0.0,-0.4197648922571698,-2.3932095587382203,-0.5192043793964394,0.0,-0.5026795932259942,-2.1324092789463354,-0.5705863091242709,0.0,-0.40523935583668935,-1.1497547736168783,-0.2669921473306808,0.0
0.0,0.0,0.0,0.0,0.5200629869162938,-0.2644188283718248,-0.30567027028261157,0.0,1.319697994324649,-1.4389565948411975,-0.5778456757885986,0.0,1.1118987544039571,-1.9730646911566858,-0.5312166710629322,0.0,0.723607576525273,-1.7854530406415317,-0.3807169097521386,0.0,1.0889578442468708,-3.092925323272942,-0.3202206068173669,0.0,1.0065867576510432,-2.435603172004905,-0.7014496862414488,0.0,1.2948729066504625,-2.575926464323579,-1.4634636448118827,0.0,0.7666264719265986,-1.2793878192080241,-1.1828384972727695,0.0,0.44672782186825827,-3.324848618558429,-0.20604483786025002,0.0,0.6930250187960444,-3.0324978559876685,-0.8083505262898214,0.0,1.2878376383182932,-4.800086887358784,-2.4112278210315456,0.0,0.34836083592812983,-1.0394587621357485,-0.8220590872426381,0.0,-0.1991567935913536,-2.665886395312415,-0.1662119320031641,0.0,0.12544808031531465,-3.257809366756488,-0.919897160904701,0.0,0.05037711075590322,-2.9514528290903876,-1.265373179787719,0.0,-0.024667655528802547,-0.7461454499051662,-0.37232086577457185,0.0,-0.5735006361451224,-1.8163249901174463,-0.14212414985314936,0.0,-0.4176693892040445,-2.4223147436550607,-0.5380591069382974,0.0,-0.47455057626517866,-2.105793178064156,-0.5843760353435004,0.0,-0.3722320104900796,-1.1543463665474467,-0.271297893044787,0.0
0.0,0.0,0.0,0.0,0.5282817554792467,-0.27905879064788114,-0.3042082205419803,0.0,1.325681864925416,-1.4683949254875508,-0.5799064401037922,0.0,1.1055532099295355,-1.9766839246790533,-0.5313179929103155,0.0,0.719214320071883,-1.783228022631887,-0.3867989805724334,0.0,1.1083490190278378,-3.06726511892952,-0.32602340010737774,0.0,1.0309898086228686,-2.481346530121986,-0.7307466906286573,0.0,1.2953784491928904,-2.58939287952229,-1.4826644714563584,0.0,0.7731620721971025,-1.2969311562411607,-1.2137793562089998,0.0,0.46670984378911734,-3.3709438569000976,-0.22843782523021838,0.0,0.6959570086980246,-3.0876164226996194,-0.8460362916050971,0.0,1.2667405065405763,-4.835663290274717,-2.483180802576196,0.0,0.3361311209002181,-1.0020046204602162,-0.8403218932351588,0.0,-0.20428189609491765,-2.693111514691052,-0.1931817834831579,0.0,0.09768026772732592,-3.2560489006450455,-0.9400064662598536,0.0,0.03949804840747591,-3.192282107829366,-1.3701440310402224,0.0,-0.023040185326613116,-0.8066023958909417,-0.4156374283780818,0.0,-0.5850152192316392,-1.804178545942411,-0.16653627738648927,0.0,-0.43284694857464434,-2.392158958481811,-0.5668059660750532,0.0,-0.4784587350254775,-2.1496040307111572,-0.6430567944903849,0.0,-0.36901673141105773,-1.1873726868973873,-0.3252210718648723,0.0
0.0,0.0,0.0,0.0,0.5390374968289497,-0.2953236363871487,-0.30219082500703476,0.0,1.3373317927148989,-1.4652203089913471,-0.570725519223478,0.0,1.111347042368484,-1.9563762293241094,-0.5204259766584348,0.0,0.7192242408692714,-1.7759480810449948,-0.38164330048708345,0.0,1.1012515943702086,-3.102118933922163,-0.3560984240353619,0.0,1.0291042366052041,-2.4568960722123045,-0.7327771678120634,0.0,1.3116546783263405,-2.594947938442403,-1.5118680312801813,0.0,0.7536490560044031,-1.2536090020381339,-1.2052618992225115,0.0,0.4609270684627541,-3.334182102978187,-0.2532816680197219,0.0,0.7409449990526626,-3.1084902182602243,-0.876884266059817,0.0,1.2363616080909217,-4.491829902651134,-2.3856951106377045,0.0,0.3268336006526242,-0.9280969281817018,-0.8219916983725742,0.0,-0.1923356670266959,-2.672420123550338,-0.20765744044168782,0.0,0.13368525837951745,-3.2524798974224893,-0.9596667281591339,0.0,0.07201858512541487,-3.0820453857096557,-1.38194036403605,0.0,-0.006076947079778052,-0.7299860775450479,-0.4172791013474347,0.0,-0.5719883511449907,-1.8077225329344253,-0.17108049678615694,0.0,-0.40776666160183506,-2.402813460084796,-0.5764767362835013,0.0,-0.4665279860620569,-2.1606953590209876,-0.661445180621263,0.0,-0.3533444579553903,-1.1502798599086868,-0.332904778428326,0.0
0.0,0.0,0.0,0.0,0.5455353801372033,-0.30562697412941164,-0.31494446239427537,0.0,1.342118888102769,-1.4962660080618209,-0.6010475538549063,0.0,1.1053116636157128,-1.968891256179729,-0.5451804313836975,0.0,0.7162027859960715,-1.7810813336758256,-0.39978314220542877,0.0,1.128905267505529,-3.1517206874757555,-0.4108773176944156,0.0,1.0291305447469867,-2.506887297159875,-0.8004996720644331,0.0,1.2916235506493532,-2.5706897126931834,-1.5653531457880951,0.0,0.7788774474987618,-1.2835298274227807,-1.2624930461568742,0.0,0.4657490630163348,-3.4341910118979277,-0.30790712108374996,0.0,0.704895613492326,-3.11487018369668,-0.9450921271556871,0.0,1.1871196383658353,-4.40310015336246,-2.479052977963818,0.0,0.34370858824968625,-0.9468022118330265,-0.8871358974126861,0.0,-0.20635797261457534,-2.6885722121265854,-0.24487377108847397,0.0,0.11474907439418287,-3.2717769472758333,-1.027876553549782,0.0,0.07609085005053992,-3.208061030502276,-1.5094330485307423,0.0,0.0003657335407498871,-0.787093920571832,-0.46905715692858,0.0,-0.5781258111275153,-1.7991657788050137,-0.1956459047047616,0.0,-0.4071742948466531,-2.4123858617349985,-0.6146624897751495,0.0,-0.46416673078866966,-2.2520031685860977,-0.7332652739220533,0.0,-0.3553380922917686,-1.2304047070133606,-0.39184866740054514,0.0
0.0,0.0,0.0,0.0,0.5374724816494796,-0.3055194649892563,-0.2969576993098347,0.0,1.326445012082369,-1.4949023523656655,-0.5679667034791479,0.0,1.0961901897062436,-1.9705393478831101,-0.5157928309917327,0.0,0.7169482397949407,-1.7714852988624399,-0.37526116251463576,0.0,1.0797915973835974,-3.065038704499738,-0.339228511433454,0.0,1.0206699622056794,-2.508022550886434,-0.7349564812693574,0.0,1.2791366497772125,-2.5665454556054224,-1.4849968144354129,0.0,0.7346457175575689,-1.220832578661716,-1.1571324894887465,0.0,0.43925346860253534,-3.318840734733381,-0.2365687371034018,0.0,0.7260971650479575,-3.2061314984240483,-0.8765834550314046,0.0,1.155465856468167,-4.411361363476307,-2.2539061836605248,0.0,0.31360117976585816,-0.9421962836381694,-0.7775061625252067,0.0,-0.2053874919668945,-2.6813751146760896,-0.19281868838378657,0.0,0.09832445929424946,-3.3170097953574236,-0.9301602481361544,0.0,0.024298045449099998,-3.088830312986064,-1.2719216783462979,0.0,-0.013984890238357306,-0.7882731103884658,-0.3824910995757033,0.0,-0.5787450793324624,-1.837703743170723,-0.16244208878128963,0.0,-0.4331218400654364,-2.3971769552380082,-0.5364651725598282,0.0,-0.48893605309708543,-2.177858627487002,-0.6065566158406593,0.0,-0.36814188628555655,-1.2363841659350465,-0.3088745504351479,0.0
0.0,0.0,0.0,0.0,0.5319680328942618,-0.3083169752694445,-0.2911317462515835,0.0,1.3073685575804852,-1.4885847000268377,-0.5523828233425202,0.0,1.089999721265454,-1.9764842104865268,-0.5079710582598029,0.0,0.7121514168978259,-1.7822652194807358,-0.3715048744324798,0.0,1.1002991044885664,-3.1585089924329743,-0.3252254807481868,0.0,1.0253152250631896,-2.5484519070444875,-0.7274056003679559,0.0,1.255750197531816,-2.576981600820568,-1.462997717248467,0.0,0.704289669279015,-1.2128647270226827,-1.1335057066805054,0.0,0.44297223063953467,-3.4609245166277387,-0.22692944066085613,0.0,0.6889431578345521,-3.201137448799113,-0.8353968594979172,0.0,1.18507342209108,-4.840559849328053,-2.3449124879467678,0.0,0.30840895365727927,-1.0207994697018226,-0.784989730525894,0.0,-0.22699884731993358,-2.742693361548964,-0.18779777115583662,0.0,0.0727528131417129,-3.283948744381978,-0.8842948450407064,0.0,-0.003912511064880946,-3.3033577473656517,-1.2775292607945308,0.0,-0.03483676211254109,-0.8525842673844087,-0.37146660748781896,0.0,-0.5962202187008442,-1.8490743385230712,-0.1612879424511698,0.0,-0.44308757656283815,-2.3912785551703086,-0.5134931327805391,0.0,-0.5111845922889011,-2.255199559107487,-0.5810667358309944,0.0,-0.39372701303171276,-1.300993190052758,-0.2841698018220707,0.0
0.0,0.0,0.0,0.0,0.5246978300210081,-0.27903557071948176,-0.3356885882473591,0.0,1.307762623850774,-1.4572871517016455,-0.6589952473245344,0.0,1.094937984392923,-1.9590444980646444,-0.6038546781275298,0.0,0.7176049492043871,-1.7645760892591085,-0.439184813118116,0.0,1.0181276052684518,-2.997727723521072,-0.4103349888974989,0.0,1.0049678597644738,-2.4849442053267583,-0.8319955346389664,0.0,1.2093391979940449,-2.4212002973375784,-1.5917765876224597,0.0,0.6864809690398112,-1.158910793138302,-1.248598067126275,0.0,0.3935518060049236,-3.1360540152553975,-0.27936328896327994,0.0,0.7110744787888779,-3.1735075027739583,-0.973224794975058,0.0,1.1065697831303034,-4.288886670879403,-2.4540079244097024,0.0,0.3054054131937404,-0.9744538723055955,-0.8963185414762634,0.0,-0.2018142641348784,-2.594987191506005,-0.22043765561520023,0.0,0.10492511347917574,-3.3751383015626377,-1.0618114898216946,0.0,0.006275698421747736,-2.9545236040065608,-1.4068659958296261,0.0,-0.03843217550813647,-0.7583460525777002,-0.4499545594443775,0.0,-0.5693692392109049,-1.8286056201098368,-0.1802779351319627,0.0,-0.4307267989190091,-2.4299005714129955,-0.6096541864469023,0.0,-0.4942299769577835,-2.162141377781091,-0.7030101600041567,0.0,-0.38279832530954444,-1.1734063041870857,-0.37049769595452287,0.0
0.0,0.0,0.0,0.0,0.5309740487446987,-0.29333370018152416,-0.321274152650418,0.0,1.3085780104891545,-1.492452799487741,-0.6220762566433008,0.0,1.073919597512762,-1.9577890970526046,-0.564252180350321,0.0,0.7038449061047507,-1.7640933910874197,-0.4149207640394277,0.0,1.0311125133439134,-3.0498903561820785,-0.39140656114273215,0.0,1.0204162146194076,-2.511323276633937,-0.8214617525295576,0.0,1.1846377121961638,-2.4010950932161945,-1.5555003619000698,0.0,0.6691754868042016,-1.1572580301370254,-1.2340085150691116,0.0,0.39375335464210975,-3.2442208716718124,-0.2739955826356105,0.0,0.7096884985190295,-3.2380128459701725,-0.9537212788489129,0.0,1.0818854311267956,-4.387774568874934,-2.4146026564238716,0.0,0.28878133097307196,-0.9724026017871612,-0.8685126635839739,0.0,-0.2286602176012052,-2.6413442998633427,-0.22039434168116118,0.0,0.08654944319204436,-3.3435008623194813,-1.0083981858836566,0.0,-0.014648424866523579,-3.110698694090748,-1.3941300631575688,0.0,-0.05176644270276398,-0.7889711498830968,-0.4339182873605694,0.0,-0.5937873538367228,-1.8164044024799977,-0.18118767358797422,0.0,-0.44037468393044193,-2.4167026700037813,-0.5861495654707013,0.0,-0.5126233687203531,-2.19988672063757,-0.672628223295183,0.0,-0.40221585052583164,-1.1901094789392135,-0.3440913527068154,0.0
0.0,0.0,0.0,0.0,0.5250566712737753,-0.2947649344213421,-0.31637347824464007,0.0,1.2945873983184428,-1.4747772215325925,-0.6011122213441339,0.0,1.0723652156622132,-1.9529500343091613,-0.54596812433095,0.0,0.707643480533787,-1.765748238054779,-0.3985178665169972,0.0,1.0207458201920707,-3.051920326839367,-0.34344791897770266,0.0,0.9856599833189063,-2.5007697917901934,-0.7452598890769228,0.0,1.230745306189985,-2.5478512239757323,-1.5071068873634115,0.0,0.6808281464313971,-1.184608463460187,-1.161918230676271,0.0,0.39627025477474276,-3.251942939711058,-0.22692662989783802,0.0,0.6860564729929313,-3.1686286316000314,-0.8658154911100009,0.0,1.1115027351103304,-4.597872621242021,-2.357192616961892,0.0,0.2703950539585719,-0.956928870764623,-0.7916503926391144,0.0,-0.22200139194304663,-2.6657172549237815,-0.18354108745488096,0.0,0.07396936146789615,-3.2991170699529393,-0.9312192118251913,0.0,-0.0554472725592805,-3.029686372672907,-1.2767008355412848,0.0,-0.07453074971192186,-0.7600110877699964,-0.38310585967907856,0.0,-0.5908803269848711,-1.8503067173285541,-0.15724176822918526,0.0,-0.45269925950194234,-2.425739757720333,-0.5545420557011186,0.0,-0.5271540849472637,-2.130511882589348,-0.6187891888906756,0.0,-0.4146713116245732,-1.1446933523137306,-0.3050682739559715,0.0
0.0,0.0,0.0,0.0,0.5278286110282358,-0.2976520193491065,-0.3147898899555834,0.0,1.2906776016030985,-1.4910861216306008,-0.5981016009586744,0.0,1.0590529449782626,-1.9664829014548992,-0.5438610321928772,0.0,0.6977467595123499,-1.7647933302550736,-0.39626699192687787,0.0,1.0484327463819614,-3.12996856661055,-0.35231750599798256,0.0,0.9904210504848767,-2.4856629333978866,-0.7401054577455202,0.0,1.20720123902336,-2.529025566217018,-1.5006862043776052,0.0,0.6589605545589448,-1.1709277172012662,-1.1607042431744208,0.0,0.39585288315534783,-3.3792582805919995,-0.23249704426711926,0.0,0.6646488794089584,-3.129889473496074,-0.8348849553692715,0.0,1.1627100551751999,-5.090048411381915,-2.5214141741055314,0.0,0.27143627632171025,-1.02210273126773,-0.8133581542498867,0.0,-0.2539029258424435,-2.682438888633795,-0.18021720189912813,0.0,0.06996584490242556,-3.3028385728989265,-0.9195071971790052,0.0,-0.0687449476753254,-3.1413745175665615,-1.3016696469315356,0.0,-0.08314815478822926,-0.7835645460505926,-0.3884292757736608,0.0,-0.6112395804540627,-1.8163989646457712,-0.14849286268523912,0.0,-0.452298150159634,-2.4294950984896233,-0.5391770229032957,0.0,-0.5354776101273504,-2.1884123596093628,-0.6098613902146331,0.0,-0.4217103890813136,-1.1594697477871856,-0.29335369810442113,0.0
0.0,0.0,0.0,0.0,0.5127650092349815,-0.25689543247614216,-0.3173014434012678,0.0,1.3040050565652883,-1.4541665207761152,-0.6195846182247526,0.0,1.078706533010246,-1.9562117454936576,-0.5637231986545249,0.0,0.7251175136122503,-1.7312470540708278,-0.4029658070024028,0.0,1.0816225777557325,-3.083113618736649,-0.3808429501286178,0.0,1.0007152036012128,-2.4241872576781236,-0.7542170880431239,0.0,1.2393940972384925,-2.479821839332425,-1.5096585119908197,0.0,0.703260132881877,-1.2108710138850967,-1.206624487395434,0.0,0.43257976518655705,-3.3634509437296725,-0.26548322110185346,0.0,0.6838658472156484,-3.059573543243778,-0.8555590112235337,0.0,1.242366157353623,-4.9489521079955745,-2.5507554452426597,0.0,0.2972129546423798,-1.0377762712333076,-0.8342190715599297,0.0,-0.23057437492908023,-2.65896309127694,-0.20733086182688285,0.0,0.08357485460084112,-3.2448508442044663,-0.9649080353431508,0.0,-0.02735189523090799,-2.8617609860751076,-1.2934964474950774,0.0,-0.06215668667797981,-0.727624851613611,-0.3959154593858408,0.0,-0.5945864518681521,-1.8015087347760188,-0.16840949408496353,0.0,-0.43737951170772776,-2.3867236309161104,-0.5581630565012786,0.0,-0.5129091766700241,-2.1331199999509383,-0.6215638019339172,0.0,-0.4082440893620248,-1.1575719063259617,-0.2989584740382419,0.0
0.0,0.0,0.0,0.0,0.5280766777821366,-0.27769475362226836,-0.30172308564944716,0.0,1.3159736203362695,-1.4890854254691106,-0.5880222372987446,0.0,1.0887572151220528,-1.9617876856408072,-0.5331355195773917,0.0,0.7279934333536624,-1.7423094736350935,-0.3853511910773714,0.0,1.076061553925125,-3.0598876263869452,-0.326674936024476,0.0,1.0208108665937734,-2.485106702109754,-0.7313130075902139,0.0,1.2497493109726316,-2.5296323834717622,-1.4898888792649307,0.0,0.6900578254339538,-1.186532814822272,-1.1667762955373144,0.0,0.4319367211872946,-3.316743493129833,-0.21854315303913985,0.0,0.7061693213325143,-3.165591558492166,-0.8335688693788362,0.0,1.2511946286014137,-5.053913003427958,-2.4831003138591567,0.0,0.29396538164551983,-1.0050951457053565,-0.7953388846880666,0.0,-0.2172358608135076,-2.668425091938133,-0.17895602567604388,0.0,0.09089385011852781,-3.3035522959123718,-0.9240434308494434,0.0,-0.022115614199117593,-3.028597719055304,-1.2763421507299662,0.0,-0.05546585302309665,-0.7691940366031353,-0.3942975203948331,0.0,-0.583123832188371,-1.8361187269356933,-0.15413205037117758,0.0,-0.42479019614599195,-2.4202952907647615,-0.5403703743885416,0.0,-0.5001503732144046,-2.1936086530598096,-0.6155454535038348,0.0,-0.3941251141771292,-1.1707802446102233,-0.29942182239086157,0.0
0.0,0.0,0.0,0.0,0.49252152395873156,-0.29395668982663625,-0.25874988742958616,0.0,1.3058883736459375,-1.6556615197914213,-0.5338346088307359,0.0,1.0617350159812493,-2.0553712722978212,-0.46760628336329285,0.0,0.7674107872298868,-1.7219655961978075,-0.32197935430382757,0.0,0.9603010880391951,-3.0754209464428706,-0.18981587344275178,0.0,0.9673852804034558,-2.5605846728738615,-0.5787264934984646,0.0,1.3134559274318363,-2.8516229827600656,-1.309442223699974,0.0,0.7468071252836548,-1.3671634813462283,-1.0200789399004906,0.0,0.35625611353150816,-3.2543943912003166,-0.10447917858674878,0.0,0.6730222696296191,-3.3351887590212157,-0.6894982007975087,0.0,1.2464920802368753,-5.495922495191807,-2.104620938820385,0.0,0.28553296559706765,-1.104666530194843,-0.6252444349503976,0.0,-0.2500243210193592,-2.7217209196727468,-0.1084071318205108,0.0,0.03536120820384993,-3.401475148169861,-0.7851844288819845,0.0,-0.0560878478327246,-3.038560078393243,-0.9997653079036147,0.0,-0.05531557898502694,-0.8252385009445941,-0.2776038355201114,0.0,-0.617068095620507,-1.8863772236872276,-0.11715769869955767,0.0,-0.4854113357784643,-2.4320899261265008,-0.46142944768287053,0.0,-0.5346329829041735,-2.1776255422451753,-0.4908355591685842,0.0,-0.4089753345537668,-1.221205220936385,-0.21197300493072616,0.0
0.0,0.0,0.0,0.0,0.5117191609622296,-0.3342593250441267,-0.25861221787385386,0.0,1.3079019455278678,-1.6879611752030836,-0.5198092175408532,0.0,1.0593906321692348,-2.0650530112974463,-0.4606310844743721,0.0,0.7642781400609433,-1.7360448111673235,-0.31941851975557706,0.0,0.9269220858940899,-3.084255170258477,-0.1714416405516413,0.0,0.9709972456181295,-2.598682627452221,-0.5743733186181267,0.0,1.2948665302208655,-2.8105166870882647,-1.286649446809592,0.0,0.7227125046968403,-1.3019367440003617,-0.9898592645993678,0.0,0.3205123250212294,-3.2229460276504756,-0.0877465677167605,0.0,0.675191977356468,-3.4246655076174064,-0.6982114008024789,0.0,1.1360852266044734,-5.00780722432176,-1.9472151836533689,0.0,0.2694324213630122,-1.0232654814875675,-0.6142395434983609,0.0,-0.26500653592020523,-2.7034270869642607,-0.09386455672111906,0.0,0.02536067012848188,-3.4397011251291474,-0.7628777354527984,0.0,-0.06737528869435278,-3.138157337641672,-0.9868871405108174,0.0,-0.06700692843407273,-0.844065594700809,-0.2703756096887207,0.0,-0.6232647942571762,-1.891810418913984,-0.10795782080153607,0.0,-0.4947447694895895,-2.4378722121322762,-0.4439130448328363,0.0,-0.5414104935851396,-2.2637200331157104,-0.48161705981616615,0.0,-0.4174427838731833,-1.307992596621638,-0.20727595668013776,0.0
0.0,0.0,0.0,0.0,0.39680795574365946,0.21325678525211564,-0.440769081524973,0.0,0.837298524690947,0.44419268687859853,-1.0744462713427119,0.0,0.8461202597525944,0.7288793143384505,-1.4672001838738968,0.0,0.6718620936953129,0.7855502833641986,-1.4337320824481758,0.0,0.8525222358372402,-0.5985683947204704,-0.6911195203544825,0.0,1.1004092690248168,-0.4117537383847224,-1.5435977569322044,0.0,0.8936722192767403,0.39031215421027265,-2.0416134445044074,0.0,0.49624598956689875,0.7053875791979408,-1.6645417392816868,0.0,0.4380532650604786,-0.9042354836068586,-0.8426999227763228,0.0,0.5649321233428277,-0.933209032761923,-1.8775650766566276,0.0,0.5613599039651774,0.38000079641763446,-3.5744705924942215,0.0,0.16436815160276516,0.8202397322673741,-1.940132960149174,0.0,-0.096016212058262,-0.9490597429594053,-0.9620827488168903,0.0,-0.15491827651374585,-0.8969739825924578,-1.8526802618349103,0.0,-0.4607554313360239,0.29295883471363254,-2.82308442273283,0.0,-0.3301297313228816,0.7999383430690753,-1.5981096868789366,0.0,-0.53277922568367,-0.7359883457056705,-1.0305962865325662,0.0,-0.6369969682633245,-0.5881100545813268,-1.4262422401111914,0.0,-0.7918407147346745,-0.028720194901540725,-1.6003578416779434,0.0,-0.7445857481913976,0.3502704094053029,-1.409064611099225,0.0
0.0,0.0,0.0,0.0,0.5039962330298643,-0.3200687330274052,-0.2601859337164295,0.0,1.3402900830846791,-1.7095732553405507,-0.5314454679955053,0.0,1.072577366437699,-1.999339489435481,-0.4532872311450099,0.0,0.8230938315873223,-1.6683415549555818,-0.3191089227571761,0.0,0.9372959746087586,-3.1041177373165842,-0.20160200317948482,0.0,0.9735760875905978,-2.56075756318786,-0.5900200602896931,0.0,1.3340581713486217,-2.8188801684188776,-1.3124764864645275,0.0,0.7808973010498178,-1.3272433337077354,-1.023056668891675,0.0,0.31271741828870764,-3.218850526163844,-0.11769170035161747,0.0,0.6848817009511201,-3.3145654464297483,-0.7271552050731082,0.0,1.1764352167945762,-4.8662117948878425,-2.0233709445037475,0.0,0.28325260966820026,-0.9873360050253561,-0.6400338974823858,0.0,-0.27068818615474777,-2.6438035692090427,-0.11695153167710873,0.0,0.05587844093140262,-3.412618848446087,-0.8148630203921163,0.0,-0.04167291473265933,-2.9977569927182848,-1.034185672288234,0.0,-0.07014435037851642,-0.8166958763458966,-0.2983589999253473,0.0,-0.6178159908220928,-1.8377844104170036,-0.12244241613853256,0.0,-0.4751718573358047,-2.42951206326687,-0.47358764222994876,0.0,-0.5120837791824271,-2.1922270053481334,-0.5106053482633945,0.0,-0.39946294686954903,-1.231232480093562,-0.2258798693631518,0.0
0.0,0.0,0.0,0.0,0.4995085913122352,-0.30497935243441987,-0.27132669702671014,0.0,1.3337966914763097,-1.6665984634643045,-0.5655459155974636,0.0,1.0938477808422737,-1.9844717118937512,-0.4895159044934945,0.0,0.8343602691254239,-1.6590680825272885,-0.34481543168388556,0.0,0.9257690486668335,-2.9743651513117593,-0.22132038958870595,0.0,0.9934811548270773,-2.537580546390651,-0.6220125284012272,0.0,1.2884480665144347,-2.6581946429936787,-1.3395776120789267,0.0,0.7277458292774603,-1.2216475564517246,-1.0378943688818463,0.0,0.32298870063701746,-3.0643017093933556,-0.12674833520546552,0.0,0.7024317316152588,-3.3959715913506225,-0.7425206825450935,0.0,1.2043364483466577,-5.022779633822952,-2.060468555876456,0.0,0.29531203602992284,-1.0324159592457338,-0.6497501050907952,0.0,-0.24087903464671417,-2.5966554465239837,-0.1165242808376251,0.0,0.043446000535302454,-3.4268935339888458,-0.8009668372946216,0.0,-0.052158466697902674,-2.9669855517535155,-0.9932071099202796,0.0,-0.05964286435191775,-0.838958608435142,-0.2954964310949838,0.0,-0.5970225230651115,-1.8607846971734823,-0.11882922267216872,0.0,-0.48367886591124976,-2.4026335912704044,-0.4583064101666321,0.0,-0.5095001305479928,-2.1111696186678146,-0.48313444561363705,0.0,-0.3914896154444347,-1.2141223383262705,-0.21778640890668532,0.0
0.0,0.0,0.0,0.0,0.5024784735835601,-0.3004409056511465,-0.27449482475827663,0.0,1.3536105849770055,-1.6976174091858858,-0.5774301157902771,0.0,1.0928733407538267,-1.9785461238183046,-0.48769424114994586,0.0,0.848941429993137,-1.6387235195786425,-0.3404118855157229,0.0,0.9104028216322698,-2.8316659824547656,-0.21738836831146985,0.0,1.0158406306746715,-2.5399971784401685,-0.6332329677466524,0.0,1.3022788883256327,-2.631439040571371,-1.3489105151307303,0.0,0.727500309830604,-1.1738107302105014,-1.0195292997929892,0.0,0.3355344616269994,-2.9333810950630737,-0.12765565935430248,0.0,0.7373219791762617,-3.4904502135551847,-0.7860618937358456,0.0,1.0816332151220918,-4.414377522328476,-1.8749278078558196,0.0,0.29546037129365055,-0.9499672909309765,-0.6259774808241372,0.0,-0.2115029835416276,-2.5551142548677968,-0.11860646527486109,0.0,0.04224339194737015,-3.399956523368191,-0.8020677750229398,0.0,-0.04943664986843227,-2.8474177115779833,-0.9515426917108045,0.0,-0.04055815148965215,-0.8102482204375098,-0.28271814952608676,0.0,-0.5791727701819345,-1.870284306005934,-0.1226253733633024,0.0,-0.4847181772541248,-2.3630618511444803,-0.4655149213429235,0.0,-0.5071299381636329,-1.9963825802607642,-0.48166408325122595,0.0,-0.38117147147054126,-1.1524816270126408,-0.2244911887692966,0.0
0.0,0.0,0.0,0.0,0.5065422466186189,-0.3123968016347916,-0.2728634429671501,0.0,1.3526503725438794,-1.718078695682118,-0.5673448514469642,0.0,1.0839105828201618,-1.9772955776012777,-0.47690446886735927,0.0,0.8471189110972588,-1.6439940109233993,-0.3347382968029049,0.0,0.9092991429783152,-2.870333673329441,-0.2303130661509092,0.0,0.9930461164915183,-2.533242946943121,-0.6308162370100581,0.0,1.3089896831404577,-2.712128741552864,-1.373654140925219,0.0,0.7324486457459709,-1.2251989057966501,-1.0363024903926565,0.0,0.3248908188474699,-2.9766212190370336,-0.14321802718894325,0.0,0.699490284635019,-3.4008080970963617,-0.777768332643585,0.0,1.1349927968712774,-4.846155224239189,-2.052144069044077,0.0,0.2965183978517162,-1.0042926247159005,-0.6511730889543953,0.0,-0.228640422786656,-2.568967795475659,-0.13409150180539708,0.0,0.031795285742641656,-3.468544268690807,-0.8532713232223296,0.0,-0.05696756492314803,-2.7394660716150976,-0.9728827277570816,0.0,-0.03815601313014807,-0.7720440788338038,-0.300504967581215,0.0,-0.5895183716703456,-1.866841971981239,-0.13498499192797522,0.0,-0.49110168126825526,-2.378845701995371,-0.4858089765242109,0.0,-0.5143675031950079,-1.9949949733562637,-0.5071744865847784,0.0,-0.38355608121320467,-1.1323778854754256,-0.24578850305209612,0.0
0.0,0.0,0.0,0.0,0.5004614787003554,-0.3011262187972167,-0.2878038457914495,0.0,1.3314382354873877,-1.6818209105932045,-0.6047250287340455,0.0,1.068834288234451,-1.9866953987257572,-0.5152358049339645,0.0,0.8157480863200235,-1.6504657450337237,-0.3583563516867627,0.0,0.9131226233947098,-2.9524891593189206,-0.22416071621798764,0.0,0.9737740121496756,-2.5470100637622943,-0.6361754282579394,0.0,1.2955527446405868,-2.7088627509362957,-1.3659504822014037,0.0,0.7519330547854957,-1.267159878809709,-1.0518338111052017,0.0,0.31957474520131407,-3.0607177239035055,-0.12407907725619773,0.0,0.6871212586268888,-3.3698149174396828,-0.7666477256318335,0.0,1.1121578401150531,-4.5888314404591934,-1.9710965253208337,0.0,0.2874213471496468,-0.9684636897127377,-0.6360374112753379,0.0,-0.24619772171397977,-2.5916615621341133,-0.11336486888371537,0.0,0.03787654025560942,-3.430026868595757,-0.8466130411596577,0.0,-0.051500399496890024,-2.7524815606880577,-0.9913952236990714,0.0,-0.05080618268456365,-0.7643858509033,-0.2913714437417288,0.0,-0.6021861001369627,-1.8477501441122592,-0.1159313692489529,0.0,-0.47376959669661883,-2.4083137500855427,-0.4684056553439711,0.0,-0.5191156226954237,-2.1206324186933223,-0.49541979870100944,0.0,-0.40447465404410515,-1.1956970379914535,-0.2164589281141256,0.0
0.0,0.0,0.0,0.0,0.4964049363090494,-0.29447048667683473,-0.27782645741998757,0.0,1.3453192607204403,-1.693458384307105,-0.5927982054310938,0.0,1.0874794627139632,-2.0024212989540864,-0.5053389048599649,0.0,0.8277523489196746,-1.65985982010067,-0.34921160819609137,0.0,0.8759375159867016,-2.8557626506829195,-0.2041602904410667,0.0,0.9966385797476257,-2.5426083882346395,-0.62335296819204,0.0,1.2965803028664082,-2.6255443396642333,-1.3290034647782136,0.0,0.7481037391966158,-1.2119389829331515,-1.0258787597146442,0.0,0.30843023500867756,-2.9089183942309886,-0.11006542146528162,0.0,0.7280375769719852,-3.4809798280958084,-0.761163968643995,0.0,1.1396520877857084,-4.520129960026368,-1.874963800040266,0.0,0.3149000706225648,-0.9985365437414939,-0.6281728928115154,0.0,-0.22085901504867322,-2.538571322089684,-0.10321761262876734,0.0,0.06332762002631634,-3.507477345238689,-0.8232184512998166,0.0,-0.017146717984182623,-2.713582306705595,-0.9179602907134149,0.0,-0.031077988338453613,-0.7656184870152251,-0.26713611499172357,0.0,-0.5816497904676562,-1.8700352693435893,-0.1117358881444096,0.0,-0.46778738101402856,-2.4433201772127666,-0.46236486144892214,0.0,-0.49622032689164836,-2.0445951785358103,-0.4622016475636614,0.0,-0.388783123034481,-1.152627420452069,-0.195551669667249,0.0
0.0,0.0,0.0,0.0,0.5015567964253461,-0.30148496079484555,-0.2824898086730695,0.0,1.323325977425029,-1.6909521981378473,-0.5846627077494324,0.0,1.055907049928816,-1.9989109033272028,-0.49187576138490713,0.0,0.8012249500694171,-1.6685988721288167,-0.33863289145699127,0.0,0.9009055296615102,-2.929493085009152,-0.2414316280228591,0.0,0.9676839762606964,-2.544882918403872,-0.6243613429536101,0.0,1.297533181473224,-2.763919630793383,-1.3512029732834838,0.0,0.7321139901665812,-1.2848444446986924,-1.032407456874545,0.0,0.31826776014601116,-3.042841823650312,-0.13797766594583066,0.0,0.6901924335947718,-3.484405198325942,-0.7819503250694426,0.0,1.0292345611943894,-4.501764770372256,-1.8862386579881922,0.0,0.26513419330411236,-0.9732825662652922,-0.6234708855653821,0.0,-0.2373420011429668,-2.6213730942755014,-0.11723529821036889,0.0,0.010273430616959907,-3.4643725232263067,-0.813278668517359,0.0,-0.08295640790694567,-2.8279635707053385,-0.943423285311903,0.0,-0.06149225392783939,-0.7944900624408024,-0.2789442824786057,0.0,-0.598551509085463,-1.8940961395816465,-0.11382537584653546,0.0,-0.5029406923024423,-2.4025946194438936,-0.459430344566274,0.0,-0.5330146259845748,-2.0627886573292233,-0.480923924629355,0.0,-0.40709358897068426,-1.1844234748336178,-0.22420238964476943,0.0
0.0,0.0,0.0,0.0,0.5028825958174563,-0.3003284453972458,-0.28332378398855607,0.0,1.3216256325911588,-1.6707270936275056,-0.5773218161099151,0.0,1.0557772297756913,-2.014971464990286,-0.4960953728147946,0.0,0.8023132030136718,-1.6758225963035698,-0.339728490574214,0.0,0.8893986039250271,-2.951314546346777,-0.2386843563723937,0.0,0.9745573263933163,-2.537758093457713,-0.6299853854695971,0.0,1.2935172510877835,-2.7348758380923193,-1.3614602543985448,0.0,0.718617399522979,-1.262799208118088,-1.030049144202655,0.0,0.2927140750882795,-3.0218780023198857,-0.13656258626104156,0.0,0.6871371186723733,-3.3852318148449863,-0.7674192134774813,0.0,1.1018887244312907,-4.859951089312232,-2.0283112034226014,0.0,0.27969145580208715,-1.0546540134165332,-0.6510045528307189,0.0,-0.2517061854721552,-2.585162266172835,-0.1208950490506243,0.0,0.037594900890953464,-3.500072201207896,-0.8537312147293469,0.0,-0.06719141546048216,-2.7592974435225086,-0.9629506219930659,0.0,-0.05105864360742422,-0.7843305505136366,-0.2848457224358186,0.0,-0.6036947495863747,-1.8729521313782147,-0.12096173933397247,0.0,-0.4865913348196953,-2.4569251554734888,-0.4867793955004239,0.0,-0.5251506351382208,-2.049822241654299,-0.4983945477244057,0.0,-0.40470736591035106,-1.1508500287946588,-0.22801039406393847,0.0
0.0,0.0,0.0,0.0,0.5111012640097629,-0.31903572666972196,-0.29650623069834214,0.0,1.310312671321015,-1.690584027427908,-0.6165458630860615,0.0,1.040175480322584,-2.013347370397867,-0.5289717726471045,0.0,0.7775921487431479,-1.6795997446392388,-0.36697851918854363,0.0,0.9089374710508459,-2.985675173026397,-0.26347431641246805,0.0,0.9569047600610832,-2.547826290045269,-0.6691201116938579,0.0,1.245465327840193,-2.681000996909523,-1.4022185074153661,0.0,0.7086069033465955,-1.2716830257500678,-1.086470791240421,0.0,0.3129140199559711,-3.119880362427836,-0.15482863824191162,0.0,0.6579339949219182,-3.420161880626146,-0.8296194143162119,0.0,0.9612423001276413,-4.400024196257531,-2.0091375010287114,0.0,0.24468352628447937,-0.9721570726483236,-0.6854503430226498,0.0,-0.2536309135872058,-2.6482413264535505,-0.13094018305720334,0.0,0.009262133698634323,-3.4994331946242645,-0.8880489670851476,0.0,-0.10644309569559715,-2.8055247307682114,-1.03153363727182,0.0,-0.08448804207131717,-0.8047641695133595,-0.31633940823110984,0.0,-0.6069704149026228,-1.8927211539646482,-0.12342573247044701,0.0,-0.4944913102892277,-2.4474908272107947,-0.4837556715303404,0.0,-0.5477758655704209,-2.1377498549212506,-0.5083014106036666,0.0,-0.4341145734668116,-1.2300684296560098,-0.2322829877025039,0.0
0.0,0.0,0.0,0.0,0.5166006914708172,-0.3202014597688195,-0.2811616303074635,0.0,1.3209864439754713,-1.6992070939026527,-0.5736331145272691,0.0,1.0434466834210294,-2.0265229084386043,-0.4920481630744077,0.0,0.7872619595710436,-1.6823543765722018,-0.33705786879247923,0.0,0.8734542701959966,-2.9225891032082614,-0.21618424424395002,0.0,0.9774853358983437,-2.5570865519577235,-0.6306651966474357,0.0,1.2690146209888606,-2.671267672436496,-1.3406297420309534,0.0,0.7047423936839964,-1.234152596551884,-1.0196956182688093,0.0,0.2870698153915615,-3.0116166761266023,-0.1196229397540791,0.0,0.6842607874507921,-3.4520734678084786,-0.7785515295378511,0.0,1.0286189656751874,-4.49046123017885,-1.9012983830158563,0.0,0.26859759078078715,-1.0090385539025417,-0.6396753108457168,0.0,-0.2530070315103595,-2.5928137882830415,-0.10929786098990023,0.0,0.018842051109285052,-3.5139151226418006,-0.8488838879327911,0.0,-0.08028224832507802,-2.7504007236454178,-0.9520318628583366,0.0,-0.06732599143008461,-0.8076453180969455,-0.28298355093252126,0.0,-0.6048749395134208,-1.886026013082875,-0.11366831747803845,0.0,-0.4920459000684157,-2.463912431633908,-0.47500943995149664,0.0,-0.5301601268325925,-2.066372960555085,-0.4811222521553807,0.0,-0.41699637523940963,-1.1641921634631642,-0.20804969217095842,0.0
0.0,0.0,0.0,0.0,0.5128465532886783,-0.3272884977448257,-0.2882947969438386,0.0,1.306437794248971,-1.7279129350700553,-0.5936680940141704,0.0,1.0121645644292216,-2.041265124855755,-0.5062578473035716,0.0,0.7620008610670174,-1.6858927126890442,-0.3472501924277046,0.0,0.8707215962094599,-2.919688294333725,-0.24486702198147453,0.0,0.9534099829215162,-2.5717761570157656,-0.6629888519838881,0.0,1.2307741059573711,-2.662127600555024,-1.3678876007503853,0.0,0.6964712517445798,-1.2116445637769069,-1.0408637764148105,0.0,0.2853334113539466,-3.054003377664819,-0.1470572980513719,0.0,0.6609721971686914,-3.5098945364431864,-0.8328370124884937,0.0,0.9327046861293611,-4.308107655095145,-1.9149424359523266,0.0,0.2354555388188878,-0.898128840985461,-0.6361172116854177,0.0,-0.2662292024985344,-2.6237288487229087,-0.131189154697803,0.0,-0.026779165505401475,-3.5306563798878385,-0.8753773915043915,0.0,-0.1321946475163146,-2.7518315157679214,-0.9775390078555816,0.0,-0.08841751980627349,-0.7673723262180374,-0.29507149402544064,0.0,-0.6197003580690335,-1.8949765770153255,-0.13040641691837226,0.0,-0.5278193246751103,-2.4192202940386416,-0.4825890123726169,0.0,-0.5687779529320676,-2.0852273637119896,-0.5033051005505326,0.0,-0.4498052312301217,-1.224318990551765,-0.24048688690327003,0.0
0.0,0.0,0.0,0.0,0.5189949874166121,-0.32313907957414023,-0.2755695520394108,0.0,1.3216714775200773,-1.7298563568909282,-0.5671338105472571,0.0,1.0220223729645972,-2.0439235238237727,-0.4834563268737153,0.0,0.771185073105498,-1.684179919631155,-0.3315614861238861,0.0,0.8567800986444281,-2.919574179162197,-0.21134288783581384,0.0,0.97179552033044,-2.575695263179546,-0.6312764469653573,0.0,1.260692268956331,-2.6690525060413313,-1.3314093911590354,0.0,0.7150826196130159,-1.238123669681625,-1.022976568897425,0.0,0.27037479787620006,-2.997729393364998,-0.12060426231899499,0.0,0.6853296607917816,-3.476762767223821,-0.7695866085615375,0.0,1.0426053237299862,-4.572987872993067,-1.89610662004546,0.0,0.2627862263754099,-0.9973908526434876,-0.6263268717887718,0.0,-0.26458245758738846,-2.584522154264292,-0.11542740029303854,0.0,0.010991204514402537,-3.517842165206903,-0.8432950491042422,0.0,-0.08277373585060199,-2.744717094217387,-0.9441872640190597,0.0,-0.064074078064512,-0.7822402197055213,-0.2796170948200075,0.0,-0.6149977997378925,-1.8820007210654734,-0.12322784954892037,0.0,-0.5215653744797566,-2.42700908528656,-0.4818020552388928,0.0,-0.5352295165938855,-2.014895458871863,-0.4891070833199878,0.0,-0.40729898967085637,-1.1556097149725497,-0.225610581229067,0.0
0.0,0.0,0.0,0.0,0.49848126237399343,-0.25518879669949496,-0.28590385860985923,0.0,1.3031237609282194,-1.5943019482530232,-0.6007570230238853,0.0,1.0434007281460576,-1.9687796714282657,-0.5210411941103448,0.0,0.7764408492761228,-1.6525414119981632,-0.36570355443070607,0.0,0.9032989424350704,-2.8856719274029654,-0.2904872993359371,0.0,0.9470639599832079,-2.431053741414669,-0.6961897142969798,0.0,1.1881492272033527,-2.4056568681353045,-1.4161452558287484,0.0,0.6504916449922151,-1.0759949376501008,-1.1058982576814156,0.0,0.3145740407343282,-3.05955814503439,-0.2018587922339133,0.0,0.6321962450006906,-3.180225849342946,-0.8179125880167258,0.0,1.0845856074637041,-4.785520374125082,-2.3031718076497003,0.0,0.22600830234877956,-0.9909594928177051,-0.7490786418419784,0.0,-0.2569234538677591,-2.606787596751396,-0.18607517859678743,0.0,0.02065206241943259,-3.4251828966293187,-0.9386261304121674,0.0,-0.11056389666356961,-2.74904693274091,-1.0929574333425882,0.0,-0.12917866073569026,-0.8172026327649708,-0.34837088337246086,0.0,-0.6137354522751459,-1.8633716274423486,-0.17789042825529822,0.0,-0.5121390057660359,-2.435441452810653,-0.5466446391637853,0.0,-0.5406354361909051,-1.9004102628850845,-0.5137162149607181,0.0,-0.4572734616442899,-1.0875361325291952,-0.23690978058243797,0.0
0.0,0.0,0.0,0.0,0.5019898752032153,-0.24372161636617487,-0.27710101073014354,0.0,1.3101614751527983,-1.5996941084608847,-0.5803407788944119,0.0,1.0342494993427866,-1.941502393856856,-0.48976403891050985,0.0,0.7694005730626797,-1.6384739338932695,-0.3439653153972948,0.0,0.9001515121606042,-2.8708194436615395,-0.28106470978108655,0.0,0.9639140988566021,-2.451228934140232,-0.6962732559396565,0.0,1.185503139281731,-2.3726360558236332,-1.397865339359338,0.0,0.6310765587180283,-1.0356172650075623,-1.0782541107643757,0.0,0.31522661939183666,-3.0345171564017512,-0.1909788711760888,0.0,0.6387224948222348,-3.137501577286744,-0.7872207394008738,0.0,1.1166345705942093,-4.837496344195697,-2.2792090232160476,0.0,0.21528099671771744,-0.9630106677231103,-0.7232699909874798,0.0,-0.25320122721954397,-2.5956218674556335,-0.1740816857847817,0.0,0.022233799047930984,-3.417695618730066,-0.9140068825765915,0.0,-0.1208865419471247,-2.696779034896698,-1.0443168128095066,0.0,-0.14399143035221348,-0.7956183720825756,-0.3287213776950063,0.0,-0.6116473052859919,-1.857168153616204,-0.16547201283059285,0.0,-0.5062271049887519,-2.4526287339108883,-0.5344207374347626,0.0,-0.5298711289254915,-1.8655756094633449,-0.4907549739061484,0.0,-0.4522852286665172,-1.0351027915522666,-0.2174539013234819,0.0
0.0,0.0,0.0,0.0,0.4594904374619736,-0.31665619638080306,-0.1965803144614592,0.0,1.2326071058953045,-1.4711288133794662,-0.41121914007212995,0.0,1.2229491329602016,-1.9329963126088396,-0.4336943384920708,0.0,0.9568835161080678,-1.824490154103272,-0.3758580275085338,0.0,1.1266769551298081,-3.688708159841489,-0.22379777029287987,0.0,0.7345969171607987,-2.8035986725379995,-0.546440342220183,0.0,1.2096059490380728,-3.5649334630524425,-1.3316064236972875,0.0,1.1295246253285425,-2.599613537321402,-1.4437255553718058,0.0,0.4104201983376199,-4.368786889939476,-0.24741086300604412,0.0,0.44054570691173006,-3.3756913683241057,-0.664377188177641,0.0,1.7977704260401222,-8.744367635494767,-3.0233916876170976,0.0,0.6613379581676831,-2.57955800273203,-1.2717681747415854,0.0,-0.34484244790042407,-3.106770908837943,-0.27530717606273,0.0,-0.042018969800127856,-3.4312898496454096,-0.7993543186982912,0.0,0.1337315838228829,-5.698333582381405,-1.678945596704627,0.0,0.009437819468499777,-2.0068968609596842,-0.6229865951570336,0.0,-0.6529132743779328,-1.861013592710347,-0.26798973101708534,0.0,-0.46269016713623073,-2.720771566897982,-0.6360830275414847,0.0,-0.45946525526234827,-2.8062966931533193,-0.7323406829356107,0.0,-0.38351432640433303,-1.7887246476736238,-0.4479536654541304,0.0
